[
    {
        "can_end_second": 6000,
        "id": 101,
        "movie_id": 30004
    },
    {
        "can_end_second": 6000,
        "id": 102,
        "movie_id": 30006
    },
    {
        "can_end_second": 6000,
        "id": 103,
        "movie_id": 30008
    },
    {
        "can_end_second": 11800,
        "id": 104,
        "movie_id": 30010
    },
    {
        "can_end_second": 6000,
        "id": 105,
        "movie_id": 30012
    },
    {
        "can_end_second": 6000,
        "id": 106,
        "movie_id": 30014
    },
    {
        "can_end_second": 6000,
        "id": 107,
        "movie_id": 30016
    },
    {
        "can_end_second": 6000,
        "id": 108,
        "movie_id": 30018
    },
    {
        "can_end_second": 17400,
        "id": 109,
        "movie_id": 30020
    },
    {
        "can_end_second": 8400,
        "id": 110,
        "movie_id": 30022
    },
    {
        "can_end_second": 6000,
        "id": 111,
        "movie_id": 30024
    },
    {
        "can_end_second": 16433,
        "id": 112,
        "movie_id": 30026
    },
    {
        "can_end_second": 6000,
        "id": 113,
        "movie_id": 30028
    },
    {
        "can_end_second": 7800,
        "id": 114,
        "movie_id": 30030
    },
    {
        "can_end_second": 18000,
        "id": 115,
        "movie_id": 30032
    },
    {
        "can_end_second": 9200,
        "id": 116,
        "movie_id": 30034
    },
    {
        "can_end_second": 7400,
        "id": 117,
        "movie_id": 30036
    },
    {
        "can_end_second": 7100,
        "id": 118,
        "movie_id": 30038
    }
]