[
    {
        "announce_id": 101,
        "announce_type": 1,
        "end_date": 1656903599,
        "id": 30004,
        "priority": 1,
        "start_date": 1656298800
    },
    {
        "announce_id": 501,
        "announce_type": 2,
        "end_date": 1656903599,
        "id": 30005,
        "priority": 2,
        "start_date": 1656298800
    },
    {
        "announce_id": 102,
        "announce_type": 1,
        "end_date": 1657681199,
        "id": 30006,
        "priority": 1,
        "start_date": 1656903600
    },
    {
        "announce_id": 502,
        "announce_type": 2,
        "end_date": 1657681199,
        "id": 30007,
        "priority": 2,
        "start_date": 1656903600
    },
    {
        "announce_id": 103,
        "announce_type": 1,
        "end_date": 1658717999,
        "id": 30008,
        "priority": 1,
        "start_date": 1657681200
    },
    {
        "announce_id": 503,
        "announce_type": 2,
        "end_date": 1658717999,
        "id": 30009,
        "priority": 2,
        "start_date": 1657681200
    },
    {
        "announce_id": 104,
        "announce_type": 1,
        "end_date": 1660100399,
        "id": 30010,
        "priority": 1,
        "start_date": 1658718000
    },
    {
        "announce_id": 504,
        "announce_type": 2,
        "end_date": 1660100399,
        "id": 30011,
        "priority": 2,
        "start_date": 1658718000
    },
    {
        "announce_id": 105,
        "announce_type": 1,
        "end_date": 1660791599,
        "id": 30012,
        "priority": 1,
        "start_date": 1660100400
    },
    {
        "announce_id": 505,
        "announce_type": 2,
        "end_date": 1660791599,
        "id": 30013,
        "priority": 2,
        "start_date": 1660100400
    },
    {
        "announce_id": 106,
        "announce_type": 1,
        "end_date": 1661482799,
        "id": 30014,
        "priority": 1,
        "start_date": 1660791600
    },
    {
        "announce_id": 506,
        "announce_type": 2,
        "end_date": 1661482799,
        "id": 30015,
        "priority": 2,
        "start_date": 1660791600
    },
    {
        "announce_id": 107,
        "announce_type": 1,
        "end_date": 1662346799,
        "id": 30016,
        "priority": 1,
        "start_date": 1661482800
    },
    {
        "announce_id": 108,
        "announce_type": 1,
        "end_date": 1663210799,
        "id": 30018,
        "priority": 1,
        "start_date": 1662346800
    },
    {
        "announce_id": 507,
        "announce_type": 2,
        "end_date": 1663210799,
        "id": 30019,
        "priority": 2,
        "start_date": 1662346800
    },
    {
        "announce_id": 109,
        "announce_type": 1,
        "end_date": 1664333999,
        "id": 30020,
        "priority": 1,
        "start_date": 1663210800
    },
    {
        "announce_id": 508,
        "announce_type": 2,
        "end_date": 1664333999,
        "id": 30021,
        "priority": 2,
        "start_date": 1663210800
    },
    {
        "announce_id": 110,
        "announce_type": 1,
        "end_date": 1665457199,
        "id": 30022,
        "priority": 1,
        "start_date": 1664334000
    },
    {
        "announce_id": 111,
        "announce_type": 1,
        "end_date": 1666061999,
        "id": 30024,
        "priority": 1,
        "start_date": 1665457200
    },
    {
        "announce_id": 509,
        "announce_type": 2,
        "end_date": 1666061999,
        "id": 30025,
        "priority": 1,
        "start_date": 1665457200
    },
    {
        "announce_id": 112,
        "announce_type": 1,
        "end_date": 1667185199,
        "id": 30026,
        "priority": 1,
        "start_date": 1666062000
    },
    {
        "announce_id": 510,
        "announce_type": 2,
        "end_date": 1667185199,
        "id": 30027,
        "priority": 2,
        "start_date": 1666062000
    },
    {
        "announce_id": 113,
        "announce_type": 1,
        "end_date": 1667789999,
        "id": 30028,
        "priority": 1,
        "start_date": 1667185200
    },
    {
        "announce_id": 511,
        "announce_type": 2,
        "end_date": 1667789999,
        "id": 30029,
        "priority": 2,
        "start_date": 1667185200
    },
    {
        "announce_id": 114,
        "announce_type": 1,
        "end_date": 1668481199,
        "id": 30030,
        "priority": 1,
        "start_date": 1667790000
    },
    {
        "announce_id": 115,
        "announce_type": 1,
        "end_date": 1669604399,
        "id": 30032,
        "priority": 1,
        "start_date": 1668481200
    },
    {
        "announce_id": 512,
        "announce_type": 2,
        "end_date": 1669604399,
        "id": 30033,
        "priority": 2,
        "start_date": 1668481200
    },
    {
        "announce_id": 116,
        "announce_type": 1,
        "end_date": 1670295599,
        "id": 30034,
        "priority": 1,
        "start_date": 1669604400
    },
    {
        "announce_id": 117,
        "announce_type": 1,
        "end_date": 1671073199,
        "id": 30036,
        "priority": 1,
        "start_date": 1670295600
    },
    {
        "announce_id": 513,
        "announce_type": 2,
        "end_date": 1671073199,
        "id": 30037,
        "priority": 1,
        "start_date": 1670295600
    },
    {
        "announce_id": 118,
        "announce_type": 1,
        "end_date": 1672023599,
        "id": 30038,
        "priority": 1,
        "start_date": 1671073200
    },
    {
        "announce_id": 514,
        "announce_type": 2,
        "end_date": 1672023599,
        "id": 30039,
        "priority": 2,
        "start_date": 1671073200
    }
]