[
    {
        "cuts_pattern": 2,
        "id": 501,
        "support_card_id_a": 30024,
        "support_card_id_b": 20023,
        "support_card_id_c": 0,
        "type": 1
    },
    {
        "cuts_pattern": 2,
        "id": 502,
        "support_card_id_a": 30026,
        "support_card_id_b": 20024,
        "support_card_id_c": 0,
        "type": 1
    },
    {
        "cuts_pattern": 2,
        "id": 503,
        "support_card_id_a": 30027,
        "support_card_id_b": 20025,
        "support_card_id_c": 0,
        "type": 1
    },
    {
        "cuts_pattern": 2,
        "id": 504,
        "support_card_id_a": 30028,
        "support_card_id_b": 30029,
        "support_card_id_c": 0,
        "type": 3
    },
    {
        "cuts_pattern": 2,
        "id": 505,
        "support_card_id_a": 30031,
        "support_card_id_b": 20027,
        "support_card_id_c": 0,
        "type": 1
    },
    {
        "cuts_pattern": 2,
        "id": 506,
        "support_card_id_a": 30032,
        "support_card_id_b": 20028,
        "support_card_id_c": 0,
        "type": 1
    },
    {
        "cuts_pattern": 2,
        "id": 507,
        "support_card_id_a": 30038,
        "support_card_id_b": 20029,
        "support_card_id_c": 0,
        "type": 1
    },
    {
        "cuts_pattern": 2,
        "id": 508,
        "support_card_id_a": 30039,
        "support_card_id_b": 30040,
        "support_card_id_c": 0,
        "type": 1
    },
    {
        "cuts_pattern": 2,
        "id": 509,
        "support_card_id_a": 30042,
        "support_card_id_b": 20031,
        "support_card_id_c": 0,
        "type": 1
    },
    {
        "cuts_pattern": 2,
        "id": 510,
        "support_card_id_a": 30055,
        "support_card_id_b": 30056,
        "support_card_id_c": 0,
        "type": 1
    },
    {
        "cuts_pattern": 2,
        "id": 511,
        "support_card_id_a": 30048,
        "support_card_id_b": 20034,
        "support_card_id_c": 0,
        "type": 1
    },
    {
        "cuts_pattern": 2,
        "id": 512,
        "support_card_id_a": 30045,
        "support_card_id_b": 30046,
        "support_card_id_c": 0,
        "type": 1
    },
    {
        "cuts_pattern": 2,
        "id": 513,
        "support_card_id_a": 30054,
        "support_card_id_b": 20035,
        "support_card_id_c": 0,
        "type": 1
    },
    {
        "cuts_pattern": 2,
        "id": 514,
        "support_card_id_a": 30034,
        "support_card_id_b": 30036,
        "support_card_id_c": 0,
        "type": 1
    }
]