[
    {
        "cue_name": "snd_voi_event_090004_0112",
        "cue_sheet_name": "snd_voi_event_090004",
        "end_date": 1668481199,
        "id": 1,
        "start_date": 1665457200,
        "voice_text_asset": 1
    },
    {
        "cue_name": "snd_voi_event_090002_0112",
        "cue_sheet_name": "snd_voi_event_090002",
        "end_date": 1668481199,
        "id": 2,
        "start_date": 1665457200,
        "voice_text_asset": 1
    },
    {
        "cue_name": "snd_voi_event_090005_0111",
        "cue_sheet_name": "snd_voi_event_090005",
        "end_date": 1668481199,
        "id": 3,
        "start_date": 1668394800,
        "voice_text_asset": 1
    }
]