[
    {
        "available_skill_set_id": 100101,
        "id": 1,
        "need_rank": 0,
        "skill_id": 200512
    },
    {
        "available_skill_set_id": 100101,
        "id": 2,
        "need_rank": 0,
        "skill_id": 201352
    },
    {
        "available_skill_set_id": 100101,
        "id": 3,
        "need_rank": 0,
        "skill_id": 200732
    },
    {
        "available_skill_set_id": 100101,
        "id": 11,
        "need_rank": 2,
        "skill_id": 200162
    },
    {
        "available_skill_set_id": 100101,
        "id": 12,
        "need_rank": 3,
        "skill_id": 201351
    },
    {
        "available_skill_set_id": 100101,
        "id": 13,
        "need_rank": 4,
        "skill_id": 200612
    },
    {
        "available_skill_set_id": 100101,
        "id": 14,
        "need_rank": 5,
        "skill_id": 200511
    },
    {
        "available_skill_set_id": 100201,
        "id": 15,
        "need_rank": 0,
        "skill_id": 200432
    },
    {
        "available_skill_set_id": 100201,
        "id": 16,
        "need_rank": 0,
        "skill_id": 200552
    },
    {
        "available_skill_set_id": 100201,
        "id": 17,
        "need_rank": 0,
        "skill_id": 200712
    },
    {
        "available_skill_set_id": 100201,
        "id": 25,
        "need_rank": 2,
        "skill_id": 200022
    },
    {
        "available_skill_set_id": 100201,
        "id": 26,
        "need_rank": 3,
        "skill_id": 200431
    },
    {
        "available_skill_set_id": 100201,
        "id": 27,
        "need_rank": 4,
        "skill_id": 200542
    },
    {
        "available_skill_set_id": 100201,
        "id": 28,
        "need_rank": 5,
        "skill_id": 200551
    },
    {
        "available_skill_set_id": 100301,
        "id": 29,
        "need_rank": 0,
        "skill_id": 200452
    },
    {
        "available_skill_set_id": 100301,
        "id": 30,
        "need_rank": 0,
        "skill_id": 201132
    },
    {
        "available_skill_set_id": 100301,
        "id": 31,
        "need_rank": 0,
        "skill_id": 201332
    },
    {
        "available_skill_set_id": 100301,
        "id": 39,
        "need_rank": 2,
        "skill_id": 200502
    },
    {
        "available_skill_set_id": 100301,
        "id": 40,
        "need_rank": 3,
        "skill_id": 201331
    },
    {
        "available_skill_set_id": 100301,
        "id": 41,
        "need_rank": 4,
        "skill_id": 201142
    },
    {
        "available_skill_set_id": 100301,
        "id": 42,
        "need_rank": 5,
        "skill_id": 201131
    },
    {
        "available_skill_set_id": 100401,
        "id": 43,
        "need_rank": 0,
        "skill_id": 200362
    },
    {
        "available_skill_set_id": 100401,
        "id": 44,
        "need_rank": 0,
        "skill_id": 201052
    },
    {
        "available_skill_set_id": 100401,
        "id": 45,
        "need_rank": 0,
        "skill_id": 200532
    },
    {
        "available_skill_set_id": 100401,
        "id": 53,
        "need_rank": 2,
        "skill_id": 201062
    },
    {
        "available_skill_set_id": 100401,
        "id": 54,
        "need_rank": 3,
        "skill_id": 201051
    },
    {
        "available_skill_set_id": 100401,
        "id": 55,
        "need_rank": 4,
        "skill_id": 200432
    },
    {
        "available_skill_set_id": 100401,
        "id": 56,
        "need_rank": 5,
        "skill_id": 201061
    },
    {
        "available_skill_set_id": 100501,
        "id": 57,
        "need_rank": 0,
        "skill_id": 200771
    },
    {
        "available_skill_set_id": 100501,
        "id": 58,
        "need_rank": 0,
        "skill_id": 201072
    },
    {
        "available_skill_set_id": 100501,
        "id": 59,
        "need_rank": 0,
        "skill_id": 200572
    },
    {
        "available_skill_set_id": 100501,
        "id": 67,
        "need_rank": 2,
        "skill_id": 201052
    },
    {
        "available_skill_set_id": 100501,
        "id": 68,
        "need_rank": 3,
        "skill_id": 201071
    },
    {
        "available_skill_set_id": 100501,
        "id": 69,
        "need_rank": 4,
        "skill_id": 201042
    },
    {
        "available_skill_set_id": 100501,
        "id": 70,
        "need_rank": 5,
        "skill_id": 200571
    },
    {
        "available_skill_set_id": 100601,
        "id": 71,
        "need_rank": 0,
        "skill_id": 200342
    },
    {
        "available_skill_set_id": 100601,
        "id": 72,
        "need_rank": 0,
        "skill_id": 201062
    },
    {
        "available_skill_set_id": 100601,
        "id": 73,
        "need_rank": 0,
        "skill_id": 201352
    },
    {
        "available_skill_set_id": 100601,
        "id": 81,
        "need_rank": 2,
        "skill_id": 200222
    },
    {
        "available_skill_set_id": 100601,
        "id": 82,
        "need_rank": 3,
        "skill_id": 201351
    },
    {
        "available_skill_set_id": 100601,
        "id": 83,
        "need_rank": 4,
        "skill_id": 200492
    },
    {
        "available_skill_set_id": 100601,
        "id": 84,
        "need_rank": 5,
        "skill_id": 200341
    },
    {
        "available_skill_set_id": 100701,
        "id": 85,
        "need_rank": 0,
        "skill_id": 201591
    },
    {
        "available_skill_set_id": 100701,
        "id": 86,
        "need_rank": 0,
        "skill_id": 201212
    },
    {
        "available_skill_set_id": 100701,
        "id": 87,
        "need_rank": 0,
        "skill_id": 201472
    },
    {
        "available_skill_set_id": 100701,
        "id": 95,
        "need_rank": 2,
        "skill_id": 201482
    },
    {
        "available_skill_set_id": 100701,
        "id": 96,
        "need_rank": 3,
        "skill_id": 201471
    },
    {
        "available_skill_set_id": 100701,
        "id": 97,
        "need_rank": 4,
        "skill_id": 200622
    },
    {
        "available_skill_set_id": 100701,
        "id": 98,
        "need_rank": 5,
        "skill_id": 201481
    },
    {
        "available_skill_set_id": 100801,
        "id": 99,
        "need_rank": 0,
        "skill_id": 200382
    },
    {
        "available_skill_set_id": 100801,
        "id": 100,
        "need_rank": 0,
        "skill_id": 200702
    },
    {
        "available_skill_set_id": 100801,
        "id": 101,
        "need_rank": 0,
        "skill_id": 200602
    },
    {
        "available_skill_set_id": 100801,
        "id": 109,
        "need_rank": 2,
        "skill_id": 200372
    },
    {
        "available_skill_set_id": 100801,
        "id": 110,
        "need_rank": 3,
        "skill_id": 200381
    },
    {
        "available_skill_set_id": 100801,
        "id": 111,
        "need_rank": 4,
        "skill_id": 201032
    },
    {
        "available_skill_set_id": 100801,
        "id": 112,
        "need_rank": 5,
        "skill_id": 200701
    },
    {
        "available_skill_set_id": 100901,
        "id": 113,
        "need_rank": 0,
        "skill_id": 200282
    },
    {
        "available_skill_set_id": 100901,
        "id": 114,
        "need_rank": 0,
        "skill_id": 200722
    },
    {
        "available_skill_set_id": 100901,
        "id": 115,
        "need_rank": 0,
        "skill_id": 200572
    },
    {
        "available_skill_set_id": 100901,
        "id": 123,
        "need_rank": 2,
        "skill_id": 200562
    },
    {
        "available_skill_set_id": 100901,
        "id": 124,
        "need_rank": 3,
        "skill_id": 200721
    },
    {
        "available_skill_set_id": 100901,
        "id": 125,
        "need_rank": 4,
        "skill_id": 200582
    },
    {
        "available_skill_set_id": 100901,
        "id": 126,
        "need_rank": 5,
        "skill_id": 200571
    },
    {
        "available_skill_set_id": 101001,
        "id": 127,
        "need_rank": 0,
        "skill_id": 200362
    },
    {
        "available_skill_set_id": 101001,
        "id": 128,
        "need_rank": 0,
        "skill_id": 201052
    },
    {
        "available_skill_set_id": 101001,
        "id": 129,
        "need_rank": 0,
        "skill_id": 201532
    },
    {
        "available_skill_set_id": 101001,
        "id": 137,
        "need_rank": 2,
        "skill_id": 200682
    },
    {
        "available_skill_set_id": 101001,
        "id": 138,
        "need_rank": 3,
        "skill_id": 201051
    },
    {
        "available_skill_set_id": 101001,
        "id": 139,
        "need_rank": 4,
        "skill_id": 201032
    },
    {
        "available_skill_set_id": 101001,
        "id": 140,
        "need_rank": 5,
        "skill_id": 200681
    },
    {
        "available_skill_set_id": 101101,
        "id": 141,
        "need_rank": 0,
        "skill_id": 200871
    },
    {
        "available_skill_set_id": 101101,
        "id": 142,
        "need_rank": 0,
        "skill_id": 201152
    },
    {
        "available_skill_set_id": 101101,
        "id": 143,
        "need_rank": 0,
        "skill_id": 200602
    },
    {
        "available_skill_set_id": 101101,
        "id": 151,
        "need_rank": 2,
        "skill_id": 200512
    },
    {
        "available_skill_set_id": 101101,
        "id": 152,
        "need_rank": 3,
        "skill_id": 201151
    },
    {
        "available_skill_set_id": 101101,
        "id": 153,
        "need_rank": 4,
        "skill_id": 200592
    },
    {
        "available_skill_set_id": 101101,
        "id": 154,
        "need_rank": 5,
        "skill_id": 200601
    },
    {
        "available_skill_set_id": 101201,
        "id": 155,
        "need_rank": 0,
        "skill_id": 200502
    },
    {
        "available_skill_set_id": 101201,
        "id": 156,
        "need_rank": 0,
        "skill_id": 200632
    },
    {
        "available_skill_set_id": 101201,
        "id": 157,
        "need_rank": 0,
        "skill_id": 200732
    },
    {
        "available_skill_set_id": 101201,
        "id": 165,
        "need_rank": 2,
        "skill_id": 201452
    },
    {
        "available_skill_set_id": 101201,
        "id": 166,
        "need_rank": 3,
        "skill_id": 200731
    },
    {
        "available_skill_set_id": 101201,
        "id": 167,
        "need_rank": 4,
        "skill_id": 201462
    },
    {
        "available_skill_set_id": 101201,
        "id": 168,
        "need_rank": 5,
        "skill_id": 200631
    },
    {
        "available_skill_set_id": 101301,
        "id": 169,
        "need_rank": 0,
        "skill_id": 200172
    },
    {
        "available_skill_set_id": 101301,
        "id": 170,
        "need_rank": 0,
        "skill_id": 200562
    },
    {
        "available_skill_set_id": 101301,
        "id": 171,
        "need_rank": 0,
        "skill_id": 201192
    },
    {
        "available_skill_set_id": 101301,
        "id": 179,
        "need_rank": 2,
        "skill_id": 201182
    },
    {
        "available_skill_set_id": 101301,
        "id": 180,
        "need_rank": 3,
        "skill_id": 201191
    },
    {
        "available_skill_set_id": 101301,
        "id": 181,
        "need_rank": 4,
        "skill_id": 201352
    },
    {
        "available_skill_set_id": 101301,
        "id": 182,
        "need_rank": 5,
        "skill_id": 200561
    },
    {
        "available_skill_set_id": 101401,
        "id": 183,
        "need_rank": 0,
        "skill_id": 200362
    },
    {
        "available_skill_set_id": 101401,
        "id": 184,
        "need_rank": 0,
        "skill_id": 201122
    },
    {
        "available_skill_set_id": 101401,
        "id": 185,
        "need_rank": 0,
        "skill_id": 201312
    },
    {
        "available_skill_set_id": 101401,
        "id": 193,
        "need_rank": 2,
        "skill_id": 200562
    },
    {
        "available_skill_set_id": 101401,
        "id": 194,
        "need_rank": 3,
        "skill_id": 201121
    },
    {
        "available_skill_set_id": 101401,
        "id": 195,
        "need_rank": 4,
        "skill_id": 200722
    },
    {
        "available_skill_set_id": 101401,
        "id": 196,
        "need_rank": 5,
        "skill_id": 200561
    },
    {
        "available_skill_set_id": 101501,
        "id": 197,
        "need_rank": 0,
        "skill_id": 200582
    },
    {
        "available_skill_set_id": 101501,
        "id": 198,
        "need_rank": 0,
        "skill_id": 200722
    },
    {
        "available_skill_set_id": 101501,
        "id": 199,
        "need_rank": 0,
        "skill_id": 200142
    },
    {
        "available_skill_set_id": 101501,
        "id": 207,
        "need_rank": 2,
        "skill_id": 200362
    },
    {
        "available_skill_set_id": 101501,
        "id": 208,
        "need_rank": 3,
        "skill_id": 200581
    },
    {
        "available_skill_set_id": 101501,
        "id": 209,
        "need_rank": 4,
        "skill_id": 200562
    },
    {
        "available_skill_set_id": 101501,
        "id": 210,
        "need_rank": 5,
        "skill_id": 200721
    },
    {
        "available_skill_set_id": 101701,
        "id": 211,
        "need_rank": 0,
        "skill_id": 200332
    },
    {
        "available_skill_set_id": 101701,
        "id": 212,
        "need_rank": 0,
        "skill_id": 201152
    },
    {
        "available_skill_set_id": 101701,
        "id": 213,
        "need_rank": 0,
        "skill_id": 200572
    },
    {
        "available_skill_set_id": 101701,
        "id": 221,
        "need_rank": 2,
        "skill_id": 200891
    },
    {
        "available_skill_set_id": 101701,
        "id": 222,
        "need_rank": 3,
        "skill_id": 201151
    },
    {
        "available_skill_set_id": 101701,
        "id": 223,
        "need_rank": 4,
        "skill_id": 201322
    },
    {
        "available_skill_set_id": 101701,
        "id": 224,
        "need_rank": 5,
        "skill_id": 200331
    },
    {
        "available_skill_set_id": 101801,
        "id": 225,
        "need_rank": 0,
        "skill_id": 200502
    },
    {
        "available_skill_set_id": 101801,
        "id": 226,
        "need_rank": 0,
        "skill_id": 200722
    },
    {
        "available_skill_set_id": 101801,
        "id": 227,
        "need_rank": 0,
        "skill_id": 201372
    },
    {
        "available_skill_set_id": 101801,
        "id": 235,
        "need_rank": 2,
        "skill_id": 200941
    },
    {
        "available_skill_set_id": 101801,
        "id": 236,
        "need_rank": 3,
        "skill_id": 201371
    },
    {
        "available_skill_set_id": 101801,
        "id": 237,
        "need_rank": 4,
        "skill_id": 200931
    },
    {
        "available_skill_set_id": 101801,
        "id": 238,
        "need_rank": 5,
        "skill_id": 200501
    },
    {
        "available_skill_set_id": 102001,
        "id": 239,
        "need_rank": 0,
        "skill_id": 200881
    },
    {
        "available_skill_set_id": 102001,
        "id": 240,
        "need_rank": 0,
        "skill_id": 201192
    },
    {
        "available_skill_set_id": 102001,
        "id": 241,
        "need_rank": 0,
        "skill_id": 200542
    },
    {
        "available_skill_set_id": 102001,
        "id": 249,
        "need_rank": 2,
        "skill_id": 201522
    },
    {
        "available_skill_set_id": 102001,
        "id": 250,
        "need_rank": 3,
        "skill_id": 201191
    },
    {
        "available_skill_set_id": 102001,
        "id": 251,
        "need_rank": 4,
        "skill_id": 201611
    },
    {
        "available_skill_set_id": 102001,
        "id": 252,
        "need_rank": 5,
        "skill_id": 200541
    },
    {
        "available_skill_set_id": 102401,
        "id": 253,
        "need_rank": 0,
        "skill_id": 200382
    },
    {
        "available_skill_set_id": 102401,
        "id": 254,
        "need_rank": 0,
        "skill_id": 201272
    },
    {
        "available_skill_set_id": 102401,
        "id": 255,
        "need_rank": 0,
        "skill_id": 200742
    },
    {
        "available_skill_set_id": 102401,
        "id": 263,
        "need_rank": 2,
        "skill_id": 200492
    },
    {
        "available_skill_set_id": 102401,
        "id": 264,
        "need_rank": 3,
        "skill_id": 200381
    },
    {
        "available_skill_set_id": 102401,
        "id": 265,
        "need_rank": 4,
        "skill_id": 200502
    },
    {
        "available_skill_set_id": 102401,
        "id": 266,
        "need_rank": 5,
        "skill_id": 200491
    },
    {
        "available_skill_set_id": 102701,
        "id": 267,
        "need_rank": 0,
        "skill_id": 200232
    },
    {
        "available_skill_set_id": 102701,
        "id": 268,
        "need_rank": 0,
        "skill_id": 200722
    },
    {
        "available_skill_set_id": 102701,
        "id": 269,
        "need_rank": 0,
        "skill_id": 200612
    },
    {
        "available_skill_set_id": 102701,
        "id": 277,
        "need_rank": 2,
        "skill_id": 200472
    },
    {
        "available_skill_set_id": 102701,
        "id": 278,
        "need_rank": 3,
        "skill_id": 200721
    },
    {
        "available_skill_set_id": 102701,
        "id": 279,
        "need_rank": 4,
        "skill_id": 201102
    },
    {
        "available_skill_set_id": 102701,
        "id": 280,
        "need_rank": 5,
        "skill_id": 200611
    },
    {
        "available_skill_set_id": 103001,
        "id": 281,
        "need_rank": 0,
        "skill_id": 200861
    },
    {
        "available_skill_set_id": 103001,
        "id": 282,
        "need_rank": 0,
        "skill_id": 201342
    },
    {
        "available_skill_set_id": 103001,
        "id": 283,
        "need_rank": 0,
        "skill_id": 200742
    },
    {
        "available_skill_set_id": 103001,
        "id": 291,
        "need_rank": 2,
        "skill_id": 201581
    },
    {
        "available_skill_set_id": 103001,
        "id": 292,
        "need_rank": 3,
        "skill_id": 201341
    },
    {
        "available_skill_set_id": 103001,
        "id": 293,
        "need_rank": 4,
        "skill_id": 201352
    },
    {
        "available_skill_set_id": 103001,
        "id": 294,
        "need_rank": 5,
        "skill_id": 200741
    },
    {
        "available_skill_set_id": 103201,
        "id": 295,
        "need_rank": 0,
        "skill_id": 200132
    },
    {
        "available_skill_set_id": 103201,
        "id": 296,
        "need_rank": 0,
        "skill_id": 201152
    },
    {
        "available_skill_set_id": 103201,
        "id": 297,
        "need_rank": 0,
        "skill_id": 200572
    },
    {
        "available_skill_set_id": 103201,
        "id": 305,
        "need_rank": 2,
        "skill_id": 201102
    },
    {
        "available_skill_set_id": 103201,
        "id": 306,
        "need_rank": 3,
        "skill_id": 201151
    },
    {
        "available_skill_set_id": 103201,
        "id": 307,
        "need_rank": 4,
        "skill_id": 201112
    },
    {
        "available_skill_set_id": 103201,
        "id": 308,
        "need_rank": 5,
        "skill_id": 200571
    },
    {
        "available_skill_set_id": 103501,
        "id": 309,
        "need_rank": 0,
        "skill_id": 200152
    },
    {
        "available_skill_set_id": 103501,
        "id": 310,
        "need_rank": 0,
        "skill_id": 200732
    },
    {
        "available_skill_set_id": 103501,
        "id": 311,
        "need_rank": 0,
        "skill_id": 201402
    },
    {
        "available_skill_set_id": 103501,
        "id": 319,
        "need_rank": 2,
        "skill_id": 200592
    },
    {
        "available_skill_set_id": 103501,
        "id": 320,
        "need_rank": 3,
        "skill_id": 201401
    },
    {
        "available_skill_set_id": 103501,
        "id": 321,
        "need_rank": 4,
        "skill_id": 201392
    },
    {
        "available_skill_set_id": 103501,
        "id": 322,
        "need_rank": 5,
        "skill_id": 200591
    },
    {
        "available_skill_set_id": 104001,
        "id": 323,
        "need_rank": 0,
        "skill_id": 200052
    },
    {
        "available_skill_set_id": 104001,
        "id": 324,
        "need_rank": 0,
        "skill_id": 200692
    },
    {
        "available_skill_set_id": 104001,
        "id": 325,
        "need_rank": 0,
        "skill_id": 200602
    },
    {
        "available_skill_set_id": 104001,
        "id": 333,
        "need_rank": 2,
        "skill_id": 201651
    },
    {
        "available_skill_set_id": 104001,
        "id": 334,
        "need_rank": 3,
        "skill_id": 200691
    },
    {
        "available_skill_set_id": 104001,
        "id": 335,
        "need_rank": 4,
        "skill_id": 201062
    },
    {
        "available_skill_set_id": 104001,
        "id": 336,
        "need_rank": 5,
        "skill_id": 200601
    },
    {
        "available_skill_set_id": 104101,
        "id": 337,
        "need_rank": 0,
        "skill_id": 200841
    },
    {
        "available_skill_set_id": 104101,
        "id": 338,
        "need_rank": 0,
        "skill_id": 201312
    },
    {
        "available_skill_set_id": 104101,
        "id": 339,
        "need_rank": 0,
        "skill_id": 200652
    },
    {
        "available_skill_set_id": 104101,
        "id": 347,
        "need_rank": 2,
        "skill_id": 200982
    },
    {
        "available_skill_set_id": 104101,
        "id": 348,
        "need_rank": 3,
        "skill_id": 200651
    },
    {
        "available_skill_set_id": 104101,
        "id": 349,
        "need_rank": 4,
        "skill_id": 200992
    },
    {
        "available_skill_set_id": 104101,
        "id": 350,
        "need_rank": 5,
        "skill_id": 200981
    },
    {
        "available_skill_set_id": 104501,
        "id": 351,
        "need_rank": 0,
        "skill_id": 200352
    },
    {
        "available_skill_set_id": 104501,
        "id": 352,
        "need_rank": 0,
        "skill_id": 200742
    },
    {
        "available_skill_set_id": 104501,
        "id": 353,
        "need_rank": 0,
        "skill_id": 201372
    },
    {
        "available_skill_set_id": 104501,
        "id": 361,
        "need_rank": 2,
        "skill_id": 200462
    },
    {
        "available_skill_set_id": 104501,
        "id": 362,
        "need_rank": 3,
        "skill_id": 201371
    },
    {
        "available_skill_set_id": 104501,
        "id": 363,
        "need_rank": 4,
        "skill_id": 200881
    },
    {
        "available_skill_set_id": 104501,
        "id": 364,
        "need_rank": 5,
        "skill_id": 200351
    },
    {
        "available_skill_set_id": 105201,
        "id": 365,
        "need_rank": 0,
        "skill_id": 200442
    },
    {
        "available_skill_set_id": 105201,
        "id": 366,
        "need_rank": 0,
        "skill_id": 200652
    },
    {
        "available_skill_set_id": 105201,
        "id": 367,
        "need_rank": 0,
        "skill_id": 201412
    },
    {
        "available_skill_set_id": 105201,
        "id": 375,
        "need_rank": 2,
        "skill_id": 200472
    },
    {
        "available_skill_set_id": 105201,
        "id": 376,
        "need_rank": 3,
        "skill_id": 200441
    },
    {
        "available_skill_set_id": 105201,
        "id": 377,
        "need_rank": 4,
        "skill_id": 200302
    },
    {
        "available_skill_set_id": 105201,
        "id": 378,
        "need_rank": 5,
        "skill_id": 200471
    },
    {
        "available_skill_set_id": 105601,
        "id": 379,
        "need_rank": 0,
        "skill_id": 201562
    },
    {
        "available_skill_set_id": 105601,
        "id": 380,
        "need_rank": 0,
        "skill_id": 201422
    },
    {
        "available_skill_set_id": 105601,
        "id": 381,
        "need_rank": 0,
        "skill_id": 201232
    },
    {
        "available_skill_set_id": 105601,
        "id": 389,
        "need_rank": 2,
        "skill_id": 201571
    },
    {
        "available_skill_set_id": 105601,
        "id": 390,
        "need_rank": 3,
        "skill_id": 201231
    },
    {
        "available_skill_set_id": 105601,
        "id": 391,
        "need_rank": 4,
        "skill_id": 200781
    },
    {
        "available_skill_set_id": 105601,
        "id": 392,
        "need_rank": 5,
        "skill_id": 201561
    },
    {
        "available_skill_set_id": 106001,
        "id": 393,
        "need_rank": 0,
        "skill_id": 200122
    },
    {
        "available_skill_set_id": 106001,
        "id": 394,
        "need_rank": 0,
        "skill_id": 201162
    },
    {
        "available_skill_set_id": 106001,
        "id": 395,
        "need_rank": 0,
        "skill_id": 201442
    },
    {
        "available_skill_set_id": 106001,
        "id": 403,
        "need_rank": 2,
        "skill_id": 200911
    },
    {
        "available_skill_set_id": 106001,
        "id": 404,
        "need_rank": 3,
        "skill_id": 201161
    },
    {
        "available_skill_set_id": 106001,
        "id": 405,
        "need_rank": 4,
        "skill_id": 201422
    },
    {
        "available_skill_set_id": 106001,
        "id": 406,
        "need_rank": 5,
        "skill_id": 201441
    },
    {
        "available_skill_set_id": 106101,
        "id": 407,
        "need_rank": 0,
        "skill_id": 200262
    },
    {
        "available_skill_set_id": 106101,
        "id": 408,
        "need_rank": 0,
        "skill_id": 200672
    },
    {
        "available_skill_set_id": 106101,
        "id": 409,
        "need_rank": 0,
        "skill_id": 201432
    },
    {
        "available_skill_set_id": 106101,
        "id": 417,
        "need_rank": 2,
        "skill_id": 201142
    },
    {
        "available_skill_set_id": 106101,
        "id": 418,
        "need_rank": 3,
        "skill_id": 200671
    },
    {
        "available_skill_set_id": 106101,
        "id": 419,
        "need_rank": 4,
        "skill_id": 201072
    },
    {
        "available_skill_set_id": 106101,
        "id": 420,
        "need_rank": 5,
        "skill_id": 201431
    },
    {
        "available_skill_set_id": 102301,
        "id": 491,
        "need_rank": 0,
        "skill_id": 200162
    },
    {
        "available_skill_set_id": 102301,
        "id": 492,
        "need_rank": 0,
        "skill_id": 200742
    },
    {
        "available_skill_set_id": 102301,
        "id": 493,
        "need_rank": 0,
        "skill_id": 200562
    },
    {
        "available_skill_set_id": 102301,
        "id": 501,
        "need_rank": 2,
        "skill_id": 200262
    },
    {
        "available_skill_set_id": 102301,
        "id": 502,
        "need_rank": 3,
        "skill_id": 200561
    },
    {
        "available_skill_set_id": 102301,
        "id": 503,
        "need_rank": 4,
        "skill_id": 200821
    },
    {
        "available_skill_set_id": 102301,
        "id": 504,
        "need_rank": 5,
        "skill_id": 200741
    },
    {
        "available_skill_set_id": 104601,
        "id": 533,
        "need_rank": 0,
        "skill_id": 200452
    },
    {
        "available_skill_set_id": 104601,
        "id": 534,
        "need_rank": 0,
        "skill_id": 201522
    },
    {
        "available_skill_set_id": 104601,
        "id": 535,
        "need_rank": 0,
        "skill_id": 201672
    },
    {
        "available_skill_set_id": 104601,
        "id": 543,
        "need_rank": 2,
        "skill_id": 200162
    },
    {
        "available_skill_set_id": 104601,
        "id": 544,
        "need_rank": 3,
        "skill_id": 200451
    },
    {
        "available_skill_set_id": 104601,
        "id": 545,
        "need_rank": 4,
        "skill_id": 200952
    },
    {
        "available_skill_set_id": 104601,
        "id": 546,
        "need_rank": 5,
        "skill_id": 201671
    },
    {
        "available_skill_set_id": 105001,
        "id": 617,
        "need_rank": 0,
        "skill_id": 201641
    },
    {
        "available_skill_set_id": 105001,
        "id": 618,
        "need_rank": 0,
        "skill_id": 200622
    },
    {
        "available_skill_set_id": 105001,
        "id": 619,
        "need_rank": 0,
        "skill_id": 201162
    },
    {
        "available_skill_set_id": 105001,
        "id": 627,
        "need_rank": 2,
        "skill_id": 200642
    },
    {
        "available_skill_set_id": 105001,
        "id": 628,
        "need_rank": 3,
        "skill_id": 200621
    },
    {
        "available_skill_set_id": 105001,
        "id": 629,
        "need_rank": 4,
        "skill_id": 201452
    },
    {
        "available_skill_set_id": 105001,
        "id": 630,
        "need_rank": 5,
        "skill_id": 200641
    },
    {
        "available_skill_set_id": 102601,
        "id": 645,
        "need_rank": 0,
        "skill_id": 200232
    },
    {
        "available_skill_set_id": 102601,
        "id": 646,
        "need_rank": 0,
        "skill_id": 200532
    },
    {
        "available_skill_set_id": 102601,
        "id": 647,
        "need_rank": 0,
        "skill_id": 200712
    },
    {
        "available_skill_set_id": 102601,
        "id": 655,
        "need_rank": 2,
        "skill_id": 201242
    },
    {
        "available_skill_set_id": 102601,
        "id": 656,
        "need_rank": 3,
        "skill_id": 200531
    },
    {
        "available_skill_set_id": 102601,
        "id": 657,
        "need_rank": 4,
        "skill_id": 201252
    },
    {
        "available_skill_set_id": 102601,
        "id": 658,
        "need_rank": 5,
        "skill_id": 200711
    },
    {
        "available_skill_set_id": 100302,
        "id": 659,
        "need_rank": 0,
        "skill_id": 200452
    },
    {
        "available_skill_set_id": 100302,
        "id": 660,
        "need_rank": 0,
        "skill_id": 201142
    },
    {
        "available_skill_set_id": 100302,
        "id": 661,
        "need_rank": 0,
        "skill_id": 200572
    },
    {
        "available_skill_set_id": 100302,
        "id": 662,
        "need_rank": 2,
        "skill_id": 200172
    },
    {
        "available_skill_set_id": 100302,
        "id": 663,
        "need_rank": 3,
        "skill_id": 200571
    },
    {
        "available_skill_set_id": 100302,
        "id": 664,
        "need_rank": 4,
        "skill_id": 200352
    },
    {
        "available_skill_set_id": 100302,
        "id": 665,
        "need_rank": 5,
        "skill_id": 201141
    },
    {
        "available_skill_set_id": 101302,
        "id": 666,
        "need_rank": 0,
        "skill_id": 200362
    },
    {
        "available_skill_set_id": 101302,
        "id": 667,
        "need_rank": 0,
        "skill_id": 200562
    },
    {
        "available_skill_set_id": 101302,
        "id": 668,
        "need_rank": 0,
        "skill_id": 200742
    },
    {
        "available_skill_set_id": 101302,
        "id": 669,
        "need_rank": 2,
        "skill_id": 200192
    },
    {
        "available_skill_set_id": 101302,
        "id": 670,
        "need_rank": 3,
        "skill_id": 200741
    },
    {
        "available_skill_set_id": 101302,
        "id": 671,
        "need_rank": 4,
        "skill_id": 200462
    },
    {
        "available_skill_set_id": 101302,
        "id": 672,
        "need_rank": 5,
        "skill_id": 200361
    },
    {
        "available_skill_set_id": 103801,
        "id": 673,
        "need_rank": 0,
        "skill_id": 200462
    },
    {
        "available_skill_set_id": 103801,
        "id": 674,
        "need_rank": 0,
        "skill_id": 201372
    },
    {
        "available_skill_set_id": 103801,
        "id": 675,
        "need_rank": 0,
        "skill_id": 201012
    },
    {
        "available_skill_set_id": 103801,
        "id": 676,
        "need_rank": 2,
        "skill_id": 201002
    },
    {
        "available_skill_set_id": 103801,
        "id": 677,
        "need_rank": 3,
        "skill_id": 201371
    },
    {
        "available_skill_set_id": 103801,
        "id": 678,
        "need_rank": 4,
        "skill_id": 200582
    },
    {
        "available_skill_set_id": 103801,
        "id": 679,
        "need_rank": 5,
        "skill_id": 201011
    },
    {
        "available_skill_set_id": 101601,
        "id": 680,
        "need_rank": 0,
        "skill_id": 200362
    },
    {
        "available_skill_set_id": 101601,
        "id": 681,
        "need_rank": 0,
        "skill_id": 201102
    },
    {
        "available_skill_set_id": 101601,
        "id": 682,
        "need_rank": 0,
        "skill_id": 200572
    },
    {
        "available_skill_set_id": 101601,
        "id": 683,
        "need_rank": 2,
        "skill_id": 200512
    },
    {
        "available_skill_set_id": 101601,
        "id": 684,
        "need_rank": 3,
        "skill_id": 200361
    },
    {
        "available_skill_set_id": 101601,
        "id": 685,
        "need_rank": 4,
        "skill_id": 201641
    },
    {
        "available_skill_set_id": 101601,
        "id": 686,
        "need_rank": 5,
        "skill_id": 200511
    },
    {
        "available_skill_set_id": 102402,
        "id": 687,
        "need_rank": 0,
        "skill_id": 200352
    },
    {
        "available_skill_set_id": 102402,
        "id": 688,
        "need_rank": 0,
        "skill_id": 201332
    },
    {
        "available_skill_set_id": 102402,
        "id": 689,
        "need_rank": 0,
        "skill_id": 201162
    },
    {
        "available_skill_set_id": 102402,
        "id": 690,
        "need_rank": 2,
        "skill_id": 200432
    },
    {
        "available_skill_set_id": 102402,
        "id": 691,
        "need_rank": 3,
        "skill_id": 201161
    },
    {
        "available_skill_set_id": 102402,
        "id": 692,
        "need_rank": 4,
        "skill_id": 200332
    },
    {
        "available_skill_set_id": 102402,
        "id": 693,
        "need_rank": 5,
        "skill_id": 200351
    },
    {
        "available_skill_set_id": 101802,
        "id": 694,
        "need_rank": 0,
        "skill_id": 200342
    },
    {
        "available_skill_set_id": 101802,
        "id": 695,
        "need_rank": 0,
        "skill_id": 201072
    },
    {
        "available_skill_set_id": 101802,
        "id": 696,
        "need_rank": 0,
        "skill_id": 201322
    },
    {
        "available_skill_set_id": 101802,
        "id": 697,
        "need_rank": 2,
        "skill_id": 201532
    },
    {
        "available_skill_set_id": 101802,
        "id": 698,
        "need_rank": 3,
        "skill_id": 201071
    },
    {
        "available_skill_set_id": 101802,
        "id": 699,
        "need_rank": 4,
        "skill_id": 200462
    },
    {
        "available_skill_set_id": 101802,
        "id": 700,
        "need_rank": 5,
        "skill_id": 200341
    },
    {
        "available_skill_set_id": 101102,
        "id": 701,
        "need_rank": 0,
        "skill_id": 200472
    },
    {
        "available_skill_set_id": 101102,
        "id": 702,
        "need_rank": 0,
        "skill_id": 200742
    },
    {
        "available_skill_set_id": 101102,
        "id": 703,
        "need_rank": 0,
        "skill_id": 201422
    },
    {
        "available_skill_set_id": 101102,
        "id": 704,
        "need_rank": 2,
        "skill_id": 200771
    },
    {
        "available_skill_set_id": 101102,
        "id": 705,
        "need_rank": 3,
        "skill_id": 200741
    },
    {
        "available_skill_set_id": 101102,
        "id": 706,
        "need_rank": 4,
        "skill_id": 201542
    },
    {
        "available_skill_set_id": 101102,
        "id": 707,
        "need_rank": 5,
        "skill_id": 201421
    },
    {
        "available_skill_set_id": 101402,
        "id": 708,
        "need_rank": 0,
        "skill_id": 200512
    },
    {
        "available_skill_set_id": 101402,
        "id": 709,
        "need_rank": 0,
        "skill_id": 200702
    },
    {
        "available_skill_set_id": 101402,
        "id": 710,
        "need_rank": 0,
        "skill_id": 200612
    },
    {
        "available_skill_set_id": 101402,
        "id": 711,
        "need_rank": 2,
        "skill_id": 201072
    },
    {
        "available_skill_set_id": 101402,
        "id": 712,
        "need_rank": 3,
        "skill_id": 200701
    },
    {
        "available_skill_set_id": 101402,
        "id": 713,
        "need_rank": 4,
        "skill_id": 201412
    },
    {
        "available_skill_set_id": 101402,
        "id": 714,
        "need_rank": 5,
        "skill_id": 200611
    },
    {
        "available_skill_set_id": 100102,
        "id": 715,
        "need_rank": 0,
        "skill_id": 200462
    },
    {
        "available_skill_set_id": 100102,
        "id": 716,
        "need_rank": 0,
        "skill_id": 200592
    },
    {
        "available_skill_set_id": 100102,
        "id": 717,
        "need_rank": 0,
        "skill_id": 201132
    },
    {
        "available_skill_set_id": 100102,
        "id": 718,
        "need_rank": 2,
        "skill_id": 200212
    },
    {
        "available_skill_set_id": 100102,
        "id": 719,
        "need_rank": 3,
        "skill_id": 200591
    },
    {
        "available_skill_set_id": 100102,
        "id": 720,
        "need_rank": 4,
        "skill_id": 201611
    },
    {
        "available_skill_set_id": 100102,
        "id": 721,
        "need_rank": 5,
        "skill_id": 200461
    },
    {
        "available_skill_set_id": 100402,
        "id": 722,
        "need_rank": 0,
        "skill_id": 200352
    },
    {
        "available_skill_set_id": 100402,
        "id": 723,
        "need_rank": 0,
        "skill_id": 200682
    },
    {
        "available_skill_set_id": 100402,
        "id": 724,
        "need_rank": 0,
        "skill_id": 201282
    },
    {
        "available_skill_set_id": 100402,
        "id": 725,
        "need_rank": 2,
        "skill_id": 201571
    },
    {
        "available_skill_set_id": 100402,
        "id": 726,
        "need_rank": 3,
        "skill_id": 201281
    },
    {
        "available_skill_set_id": 100402,
        "id": 727,
        "need_rank": 4,
        "skill_id": 201082
    },
    {
        "available_skill_set_id": 100402,
        "id": 728,
        "need_rank": 5,
        "skill_id": 200681
    },
    {
        "available_skill_set_id": 105801,
        "id": 729,
        "need_rank": 0,
        "skill_id": 200472
    },
    {
        "available_skill_set_id": 105801,
        "id": 730,
        "need_rank": 0,
        "skill_id": 201112
    },
    {
        "available_skill_set_id": 105801,
        "id": 731,
        "need_rank": 0,
        "skill_id": 200582
    },
    {
        "available_skill_set_id": 105801,
        "id": 732,
        "need_rank": 2,
        "skill_id": 200142
    },
    {
        "available_skill_set_id": 105801,
        "id": 733,
        "need_rank": 3,
        "skill_id": 200581
    },
    {
        "available_skill_set_id": 105801,
        "id": 734,
        "need_rank": 4,
        "skill_id": 200861
    },
    {
        "available_skill_set_id": 105801,
        "id": 735,
        "need_rank": 5,
        "skill_id": 200471
    },
    {
        "available_skill_set_id": 103701,
        "id": 736,
        "need_rank": 0,
        "skill_id": 200502
    },
    {
        "available_skill_set_id": 103701,
        "id": 737,
        "need_rank": 0,
        "skill_id": 201542
    },
    {
        "available_skill_set_id": 103701,
        "id": 738,
        "need_rank": 0,
        "skill_id": 201112
    },
    {
        "available_skill_set_id": 103701,
        "id": 739,
        "need_rank": 2,
        "skill_id": 200512
    },
    {
        "available_skill_set_id": 103701,
        "id": 740,
        "need_rank": 3,
        "skill_id": 200501
    },
    {
        "available_skill_set_id": 103701,
        "id": 741,
        "need_rank": 4,
        "skill_id": 200432
    },
    {
        "available_skill_set_id": 103701,
        "id": 742,
        "need_rank": 5,
        "skill_id": 200511
    },
    {
        "available_skill_set_id": 105602,
        "id": 743,
        "need_rank": 0,
        "skill_id": 200012
    },
    {
        "available_skill_set_id": 105602,
        "id": 744,
        "need_rank": 0,
        "skill_id": 200602
    },
    {
        "available_skill_set_id": 105602,
        "id": 745,
        "need_rank": 0,
        "skill_id": 201212
    },
    {
        "available_skill_set_id": 105602,
        "id": 746,
        "need_rank": 2,
        "skill_id": 200752
    },
    {
        "available_skill_set_id": 105602,
        "id": 747,
        "need_rank": 3,
        "skill_id": 201211
    },
    {
        "available_skill_set_id": 105602,
        "id": 748,
        "need_rank": 4,
        "skill_id": 200062
    },
    {
        "available_skill_set_id": 105602,
        "id": 749,
        "need_rank": 5,
        "skill_id": 200751
    }
]