[
    {
        "banner_id": 130002,
        "condition_value": 0,
        "end_date": "2022/06/27 11:59:59",
        "group_id": 1,
        "id": 1,
        "priority": 10,
        "start_date": "2018/03/01 15:00:00",
        "transition": 30002,
        "type": 1
    },
    {
        "banner_id": 900001,
        "condition_value": 0,
        "end_date": "2050/01/01",
        "group_id": 3,
        "id": 2,
        "priority": 1,
        "start_date": "2022/06/20",
        "transition": 9999,
        "type": 3
    },
    {
        "banner_id": 130003,
        "condition_value": 0,
        "end_date": "2022/06/27 11:59:59",
        "group_id": 1,
        "id": 3,
        "priority": 9,
        "start_date": "2018/03/01 15:00:00",
        "transition": 30003,
        "type": 1
    },
    {
        "banner_id": 130004,
        "condition_value": 0,
        "end_date": "2022/07/04 11:59:59",
        "group_id": 1,
        "id": 4,
        "priority": 9,
        "start_date": "2022/06/27 12:00:00",
        "transition": 30004,
        "type": 1
    },
    {
        "banner_id": 130005,
        "condition_value": 0,
        "end_date": "2022/07/04 11:59:59",
        "group_id": 1,
        "id": 5,
        "priority": 9,
        "start_date": "2022/06/27 12:00:00",
        "transition": 30005,
        "type": 1
    },
    {
        "banner_id": 130006,
        "condition_value": 0,
        "end_date": "2022/07/13 11:59:59",
        "group_id": 1,
        "id": 6,
        "priority": 9,
        "start_date": "2022/07/04 12:00:00",
        "transition": 30006,
        "type": 1
    },
    {
        "banner_id": 130007,
        "condition_value": 0,
        "end_date": "2022/07/13 11:59:59",
        "group_id": 1,
        "id": 7,
        "priority": 9,
        "start_date": "2022/07/04 12:00:00",
        "transition": 30007,
        "type": 1
    },
    {
        "banner_id": 130008,
        "condition_value": 0,
        "end_date": "2022/07/25 11:59:59",
        "group_id": 1,
        "id": 8,
        "priority": 9,
        "start_date": "2022/07/13 12:00:00",
        "transition": 30008,
        "type": 1
    },
    {
        "banner_id": 130009,
        "condition_value": 0,
        "end_date": "2022/07/25 11:59:59",
        "group_id": 1,
        "id": 9,
        "priority": 9,
        "start_date": "2022/07/13 12:00:00",
        "transition": 30009,
        "type": 1
    },
    {
        "banner_id": 511051,
        "condition_value": 0,
        "end_date": "2022/09/04 11:59:59",
        "group_id": 5,
        "id": 11,
        "priority": 3,
        "start_date": "2022/08/29 12:00:00",
        "transition": 0,
        "type": 5
    },
    {
        "banner_id": 1,
        "condition_value": 0,
        "end_date": "2022/06/24 11:59:59",
        "group_id": 6,
        "id": 12,
        "priority": 2,
        "start_date": "2018/03/01 15:00:00",
        "transition": 100001,
        "type": 6
    },
    {
        "banner_id": 500001,
        "condition_value": 1001,
        "end_date": "2022/06/27 11:59:59",
        "group_id": 7,
        "id": 13,
        "priority": 4,
        "start_date": "2022/06/23 12:00:00",
        "transition": 100003,
        "type": 6
    },
    {
        "banner_id": 5,
        "condition_value": 0,
        "end_date": "2022/07/09 11:59:59",
        "group_id": 6,
        "id": 14,
        "priority": 2,
        "start_date": "2022/07/05 12:00:00",
        "transition": 100005,
        "type": 6
    },
    {
        "banner_id": 201014,
        "condition_value": 0,
        "end_date": "2022/07/14 4:59:59",
        "group_id": 4,
        "id": 15,
        "priority": 3,
        "start_date": "2022/07/11 12:00:00",
        "transition": 20002,
        "type": 4
    },
    {
        "banner_id": 201001,
        "condition_value": 0,
        "end_date": "2022/07/17 4:59:59",
        "group_id": 4,
        "id": 16,
        "priority": 3,
        "start_date": "2022/07/14 5:00:00",
        "transition": 20002,
        "type": 4
    },
    {
        "banner_id": 201017,
        "condition_value": 0,
        "end_date": "2022/07/20 4:59:59",
        "group_id": 4,
        "id": 17,
        "priority": 3,
        "start_date": "2022/07/17 5:00:00",
        "transition": 20002,
        "type": 4
    },
    {
        "banner_id": 510051,
        "condition_value": 0,
        "end_date": "2022/08/29 11:59:59",
        "group_id": 5,
        "id": 18,
        "priority": 3,
        "start_date": "2022/08/25 12:00:00",
        "transition": 0,
        "type": 5
    },
    {
        "banner_id": 130010,
        "condition_value": 0,
        "end_date": "2022/08/10 11:59:59",
        "group_id": 1,
        "id": 19,
        "priority": 9,
        "start_date": "2022/07/25 12:00:00",
        "transition": 30010,
        "type": 1
    },
    {
        "banner_id": 130011,
        "condition_value": 0,
        "end_date": "2022/08/10 11:59:59",
        "group_id": 1,
        "id": 20,
        "priority": 9,
        "start_date": "2022/07/25 12:00:00",
        "transition": 30011,
        "type": 1
    },
    {
        "banner_id": 130012,
        "condition_value": 0,
        "end_date": "2022/08/18 11:59:59",
        "group_id": 1,
        "id": 21,
        "priority": 9,
        "start_date": "2022/08/10 12:00:00",
        "transition": 30012,
        "type": 1
    },
    {
        "banner_id": 130013,
        "condition_value": 0,
        "end_date": "2022/08/18 11:59:59",
        "group_id": 1,
        "id": 22,
        "priority": 9,
        "start_date": "2022/08/10 12:00:00",
        "transition": 30013,
        "type": 1
    },
    {
        "banner_id": 500002,
        "condition_value": 1002,
        "end_date": "2022/07/25 11:59:59",
        "group_id": 7,
        "id": 23,
        "priority": 4,
        "start_date": "2022/07/21 12:00:00",
        "transition": 100007,
        "type": 6
    },
    {
        "banner_id": 201061,
        "condition_value": 0,
        "end_date": "2022/08/15 4:59:59",
        "group_id": 4,
        "id": 24,
        "priority": 3,
        "start_date": "2022/08/12 12:00:00",
        "transition": 20002,
        "type": 4
    },
    {
        "banner_id": 201010,
        "condition_value": 0,
        "end_date": "2022/08/18 4:59:59",
        "group_id": 4,
        "id": 25,
        "priority": 3,
        "start_date": "2022/08/15 5:00:00",
        "transition": 20002,
        "type": 4
    },
    {
        "banner_id": 201041,
        "condition_value": 0,
        "end_date": "2022/08/21 4:59:59",
        "group_id": 4,
        "id": 26,
        "priority": 3,
        "start_date": "2022/08/18 5:00:00",
        "transition": 20002,
        "type": 4
    },
    {
        "banner_id": 13,
        "condition_value": 0,
        "end_date": "2022/08/25 4:59:59",
        "group_id": 6,
        "id": 27,
        "priority": 2,
        "start_date": "2022/07/28 12:00:00",
        "transition": 100013,
        "type": 6
    },
    {
        "banner_id": 500003,
        "condition_value": 1003,
        "end_date": "2022/09/28 11:59:59",
        "group_id": 7,
        "id": 28,
        "priority": 4,
        "start_date": "2022/09/15 12:00:00",
        "transition": 100008,
        "type": 6
    },
    {
        "banner_id": 130014,
        "condition_value": 0,
        "end_date": "2022/08/26 11:59:59",
        "group_id": 1,
        "id": 29,
        "priority": 9,
        "start_date": "2022/08/18 12:00:00",
        "transition": 30014,
        "type": 1
    },
    {
        "banner_id": 201038,
        "condition_value": 0,
        "end_date": "2022/08/24 4:59:59",
        "group_id": 4,
        "id": 30,
        "priority": 3,
        "start_date": "2022/08/21 5:00:00",
        "transition": 20002,
        "type": 4
    },
    {
        "banner_id": 130015,
        "condition_value": 0,
        "end_date": "2022/08/26 11:59:59",
        "group_id": 1,
        "id": 31,
        "priority": 9,
        "start_date": "2022/08/18 12:00:00",
        "transition": 30015,
        "type": 1
    },
    {
        "banner_id": 201035,
        "condition_value": 0,
        "end_date": "2022/09/08 4:59:59",
        "group_id": 4,
        "id": 32,
        "priority": 3,
        "start_date": "2022/09/05 12:00:00",
        "transition": 20002,
        "type": 4
    },
    {
        "banner_id": 201008,
        "condition_value": 0,
        "end_date": "2022/09/11 4:59:59",
        "group_id": 4,
        "id": 33,
        "priority": 3,
        "start_date": "2022/09/08 5:00:00",
        "transition": 20002,
        "type": 4
    },
    {
        "banner_id": 201003,
        "condition_value": 0,
        "end_date": "2022/09/14 4:59:59",
        "group_id": 4,
        "id": 34,
        "priority": 3,
        "start_date": "2022/09/11 5:00:00",
        "transition": 20002,
        "type": 4
    },
    {
        "banner_id": 130016,
        "condition_value": 0,
        "end_date": "2022/09/05 11:59:59",
        "group_id": 1,
        "id": 35,
        "priority": 9,
        "start_date": "2022/08/26 12:00:00",
        "transition": 30016,
        "type": 1
    },
    {
        "banner_id": 130017,
        "condition_value": 0,
        "end_date": "2022/09/05 11:59:59",
        "group_id": 1,
        "id": 36,
        "priority": 9,
        "start_date": "2022/08/26 12:00:00",
        "transition": 30017,
        "type": 1
    },
    {
        "banner_id": 130018,
        "condition_value": 0,
        "end_date": "2022/09/15 11:59:59",
        "group_id": 1,
        "id": 37,
        "priority": 9,
        "start_date": "2022/09/05 12:00:00",
        "transition": 30018,
        "type": 1
    },
    {
        "banner_id": 130019,
        "condition_value": 0,
        "end_date": "2022/09/15 11:59:59",
        "group_id": 1,
        "id": 38,
        "priority": 9,
        "start_date": "2022/09/05 12:00:00",
        "transition": 30019,
        "type": 1
    },
    {
        "banner_id": 11,
        "condition_value": 0,
        "end_date": "2022/11/03 4:59:59",
        "group_id": 6,
        "id": 39,
        "priority": 2,
        "start_date": "2022/09/08 12:00:00",
        "transition": 100011,
        "type": 6
    },
    {
        "banner_id": 60,
        "condition_value": 0,
        "end_date": "2022/09/04 4:59:59",
        "group_id": 6,
        "id": 40,
        "priority": 2,
        "start_date": "2022/08/20 12:00:00",
        "transition": 9999,
        "type": 3
    },
    {
        "banner_id": 130021,
        "condition_value": 0,
        "end_date": "2022/09/28 11:59:59",
        "group_id": 1,
        "id": 43,
        "priority": 9,
        "start_date": "2022/09/15 12:00:00",
        "transition": 30021,
        "type": 1
    },
    {
        "banner_id": 510061,
        "condition_value": 0,
        "end_date": "2022/10/03 11:59:59",
        "group_id": 5,
        "id": 44,
        "priority": 3,
        "start_date": "2022/09/29 12:00:00",
        "transition": 0,
        "type": 5
    },
    {
        "banner_id": 511061,
        "condition_value": 0,
        "end_date": "2022/10/09 11:59:59",
        "group_id": 5,
        "id": 45,
        "priority": 3,
        "start_date": "2022/10/03 12:00:00",
        "transition": 0,
        "type": 5
    },
    {
        "banner_id": 201024,
        "condition_value": 0,
        "end_date": "2022/10/09 4:59:59",
        "group_id": 4,
        "id": 46,
        "priority": 3,
        "start_date": "2022/10/06 12:00:00",
        "transition": 20002,
        "type": 4
    },
    {
        "banner_id": 201013,
        "condition_value": 0,
        "end_date": "2022/10/12 4:59:59",
        "group_id": 4,
        "id": 47,
        "priority": 3,
        "start_date": "2022/10/09 5:00:00",
        "transition": 20002,
        "type": 4
    },
    {
        "banner_id": 201015,
        "condition_value": 0,
        "end_date": "2022/10/15 4:59:59",
        "group_id": 4,
        "id": 48,
        "priority": 3,
        "start_date": "2022/10/12 5:00:00",
        "transition": 20002,
        "type": 4
    },
    {
        "banner_id": 201045,
        "condition_value": 0,
        "end_date": "2022/10/18 4:59:59",
        "group_id": 4,
        "id": 49,
        "priority": 3,
        "start_date": "2022/10/15 5:00:00",
        "transition": 20002,
        "type": 4
    },
    {
        "banner_id": 130023,
        "condition_value": 0,
        "end_date": "2022/10/11 11:59:59",
        "group_id": 1,
        "id": 51,
        "priority": 9,
        "start_date": "2022/09/28 12:00:00",
        "transition": 30023,
        "type": 1
    },
    {
        "banner_id": 130025,
        "condition_value": 0,
        "end_date": "2022/10/18 11:59:59",
        "group_id": 1,
        "id": 53,
        "priority": 9,
        "start_date": "2022/10/11 12:00:00",
        "transition": 30025,
        "type": 1
    },
    {
        "banner_id": 500005,
        "condition_value": 1005,
        "end_date": "2022/11/28 11:59:59",
        "group_id": 7,
        "id": 54,
        "priority": 4,
        "start_date": "2022/11/15 12:00:00",
        "transition": 3,
        "type": 7
    },
    {
        "banner_id": 130027,
        "condition_value": 0,
        "end_date": "2022/10/31 11:59:59",
        "group_id": 1,
        "id": 56,
        "priority": 9,
        "start_date": "2022/10/18 12:00:00",
        "transition": 30027,
        "type": 1
    },
    {
        "banner_id": 500004,
        "condition_value": 1004,
        "end_date": "2022/10/31 11:59:59",
        "group_id": 7,
        "id": 57,
        "priority": 4,
        "start_date": "2022/10/18 12:00:00",
        "transition": 100012,
        "type": 6
    },
    {
        "banner_id": 510071,
        "condition_value": 0,
        "end_date": "2022/11/08 11:59:59",
        "group_id": 5,
        "id": 58,
        "priority": 3,
        "start_date": "2022/11/05 12:00:00",
        "transition": 0,
        "type": 5
    },
    {
        "banner_id": 511071,
        "condition_value": 0,
        "end_date": "2022/11/14 11:59:59",
        "group_id": 5,
        "id": 59,
        "priority": 3,
        "start_date": "2022/11/08 12:00:00",
        "transition": 0,
        "type": 5
    },
    {
        "banner_id": 130029,
        "condition_value": 0,
        "end_date": "2022/11/07 11:59:59",
        "group_id": 1,
        "id": 61,
        "priority": 9,
        "start_date": "2022/10/31 12:00:00",
        "transition": 30029,
        "type": 1
    },
    {
        "banner_id": 510081,
        "condition_value": 0,
        "end_date": "2022/12/09 11:59:59",
        "group_id": 5,
        "id": 62,
        "priority": 3,
        "start_date": "2022/12/06 12:00:00",
        "transition": 0,
        "type": 5
    },
    {
        "banner_id": 511081,
        "condition_value": 0,
        "end_date": "2022/12/15 11:59:59",
        "group_id": 5,
        "id": 63,
        "priority": 3,
        "start_date": "2022/12/09 12:00:00",
        "transition": 0,
        "type": 5
    },
    {
        "banner_id": 130031,
        "condition_value": 0,
        "end_date": "2022/11/15 11:59:59",
        "group_id": 1,
        "id": 67,
        "priority": 9,
        "start_date": "2022/11/07 12:00:00",
        "transition": 30031,
        "type": 1
    },
    {
        "banner_id": 130033,
        "condition_value": 0,
        "end_date": "2022/11/28 11:59:59",
        "group_id": 1,
        "id": 69,
        "priority": 9,
        "start_date": "2022/11/15 12:00:00",
        "transition": 30033,
        "type": 1
    },
    {
        "banner_id": 201027,
        "condition_value": 0,
        "end_date": "2022/12/02 4:59:59",
        "group_id": 4,
        "id": 70,
        "priority": 3,
        "start_date": "2022/11/29 12:00:00",
        "transition": 20002,
        "type": 4
    },
    {
        "banner_id": 201002,
        "condition_value": 0,
        "end_date": "2022/12/05 4:59:59",
        "group_id": 4,
        "id": 71,
        "priority": 3,
        "start_date": "2022/12/02 5:00:00",
        "transition": 20002,
        "type": 4
    },
    {
        "banner_id": 201007,
        "condition_value": 0,
        "end_date": "2022/12/08 4:59:59",
        "group_id": 4,
        "id": 72,
        "priority": 3,
        "start_date": "2022/12/05 5:00:00",
        "transition": 20002,
        "type": 4
    },
    {
        "banner_id": 130035,
        "condition_value": 0,
        "end_date": "2022/12/06 11:59:59",
        "group_id": 1,
        "id": 74,
        "priority": 9,
        "start_date": "2022/11/28 12:00:00",
        "transition": 30035,
        "type": 1
    },
    {
        "banner_id": 130037,
        "condition_value": 0,
        "end_date": "2022/12/15 11:59:59",
        "group_id": 1,
        "id": 76,
        "priority": 9,
        "start_date": "2022/12/06 12:00:00",
        "transition": 30037,
        "type": 1
    },
    {
        "banner_id": 600001,
        "condition_value": 0,
        "end_date": "2023/01/17 11:59:59",
        "group_id": 6,
        "id": 83,
        "priority": 2,
        "start_date": "2022/12/03 12:00:00",
        "transition": 100014,
        "type": 6
    },
    {
        "banner_id": 600002,
        "condition_value": 0,
        "end_date": "2023/01/17 11:59:59",
        "group_id": 6,
        "id": 84,
        "priority": 2,
        "start_date": "2022/12/11 12:00:00",
        "transition": 100015,
        "type": 6
    },
    {
        "banner_id": 600003,
        "condition_value": 0,
        "end_date": "2023/01/17 11:59:59",
        "group_id": 6,
        "id": 85,
        "priority": 2,
        "start_date": "2022/12/15 12:00:00",
        "transition": 100016,
        "type": 6
    },
    {
        "banner_id": 130039,
        "condition_value": 0,
        "end_date": "2022/12/26 11:59:59",
        "group_id": 1,
        "id": 91,
        "priority": 9,
        "start_date": "2022/12/15 12:00:00",
        "transition": 30039,
        "type": 1
    }
]