[
    {
        "campaign_id": 1,
        "disp_order": 0,
        "effect_type_1": 1,
        "effect_value_1": 200,
        "end_time": 1673233199,
        "image_change": 0,
        "image_icon_id": 1,
        "logo_type": 0,
        "start_time": 1655668800,
        "target_id": 0,
        "target_type": 1,
        "transition_type": 10001,
        "user_show": 1
    },
    {
        "campaign_id": 2,
        "disp_order": 0,
        "effect_type_1": 2,
        "effect_value_1": 3,
        "end_time": 1658087999,
        "image_change": 0,
        "image_icon_id": 2,
        "logo_type": 0,
        "start_time": 1657051200,
        "target_id": 0,
        "target_type": 2,
        "transition_type": 20003,
        "user_show": 1
    },
    {
        "campaign_id": 3,
        "disp_order": 0,
        "effect_type_1": 0,
        "effect_value_1": 0,
        "end_time": 1658717999,
        "image_change": 0,
        "image_icon_id": 0,
        "logo_type": 0,
        "start_time": 1657940400,
        "target_id": 0,
        "target_type": 4,
        "transition_type": 0,
        "user_show": 0
    },
    {
        "campaign_id": 4,
        "disp_order": 500,
        "effect_type_1": 0,
        "effect_value_1": 0,
        "end_time": 2556043199,
        "image_change": 0,
        "image_icon_id": 0,
        "logo_type": 1,
        "start_time": 1655668800,
        "target_id": 0,
        "target_type": 6,
        "transition_type": 0,
        "user_show": 0
    },
    {
        "campaign_id": 5,
        "disp_order": 501,
        "effect_type_1": 0,
        "effect_value_1": 0,
        "end_time": 2556043199,
        "image_change": 0,
        "image_icon_id": 0,
        "logo_type": 1,
        "start_time": 1656990000,
        "target_id": 0,
        "target_type": 6,
        "transition_type": 0,
        "user_show": 0
    },
    {
        "campaign_id": 6,
        "disp_order": 0,
        "effect_type_1": 0,
        "effect_value_1": 0,
        "end_time": 1656903599,
        "image_change": 0,
        "image_icon_id": 0,
        "logo_type": 0,
        "start_time": 1656298800,
        "target_id": 0,
        "target_type": 5,
        "transition_type": 0,
        "user_show": 0
    },
    {
        "campaign_id": 7,
        "disp_order": 0,
        "effect_type_1": 0,
        "effect_value_1": 0,
        "end_time": 1657681199,
        "image_change": 0,
        "image_icon_id": 0,
        "logo_type": 0,
        "start_time": 1656903600,
        "target_id": 0,
        "target_type": 5,
        "transition_type": 0,
        "user_show": 0
    },
    {
        "campaign_id": 8,
        "disp_order": 0,
        "effect_type_1": 0,
        "effect_value_1": 0,
        "end_time": 1658717999,
        "image_change": 0,
        "image_icon_id": 0,
        "logo_type": 0,
        "start_time": 1657681200,
        "target_id": 0,
        "target_type": 5,
        "transition_type": 0,
        "user_show": 0
    },
    {
        "campaign_id": 9,
        "disp_order": 0,
        "effect_type_1": 0,
        "effect_value_1": 0,
        "end_time": 1660100399,
        "image_change": 0,
        "image_icon_id": 0,
        "logo_type": 0,
        "start_time": 1658718000,
        "target_id": 0,
        "target_type": 5,
        "transition_type": 0,
        "user_show": 0
    },
    {
        "campaign_id": 10,
        "disp_order": 0,
        "effect_type_1": 0,
        "effect_value_1": 0,
        "end_time": 1660100399,
        "image_change": 0,
        "image_icon_id": 0,
        "logo_type": 0,
        "start_time": 1658718000,
        "target_id": 0,
        "target_type": 5,
        "transition_type": 0,
        "user_show": 0
    },
    {
        "campaign_id": 11,
        "disp_order": 0,
        "effect_type_1": 0,
        "effect_value_1": 0,
        "end_time": 1663185599,
        "image_change": 0,
        "image_icon_id": 0,
        "logo_type": 0,
        "start_time": 1662606000,
        "target_id": 0,
        "target_type": 4,
        "transition_type": 0,
        "user_show": 0
    },
    {
        "campaign_id": 12,
        "disp_order": 0,
        "effect_type_1": 0,
        "effect_value_1": 0,
        "end_time": 1660791599,
        "image_change": 0,
        "image_icon_id": 0,
        "logo_type": 0,
        "start_time": 1660100400,
        "target_id": 0,
        "target_type": 5,
        "transition_type": 0,
        "user_show": 0
    },
    {
        "campaign_id": 13,
        "disp_order": 0,
        "effect_type_1": 0,
        "effect_value_1": 0,
        "end_time": 1659556799,
        "image_change": 0,
        "image_icon_id": 0,
        "logo_type": 0,
        "start_time": 1658977200,
        "target_id": 0,
        "target_type": 4,
        "transition_type": 0,
        "user_show": 0
    },
    {
        "campaign_id": 15,
        "disp_order": 0,
        "effect_type_1": 2,
        "effect_value_1": 3,
        "end_time": 1660766399,
        "image_change": 0,
        "image_icon_id": 2,
        "logo_type": 0,
        "start_time": 1660161600,
        "target_id": 0,
        "target_type": 2,
        "transition_type": 20003,
        "user_show": 1
    },
    {
        "campaign_id": 16,
        "disp_order": 0,
        "effect_type_1": 0,
        "effect_value_1": 0,
        "end_time": 1660161599,
        "image_change": 0,
        "image_icon_id": 0,
        "logo_type": 0,
        "start_time": 1659556800,
        "target_id": 0,
        "target_type": 4,
        "transition_type": 0,
        "user_show": 0
    },
    {
        "campaign_id": 17,
        "disp_order": 0,
        "effect_type_1": 0,
        "effect_value_1": 0,
        "end_time": 1662235199,
        "image_change": 0,
        "image_icon_id": 0,
        "logo_type": 0,
        "start_time": 1660964400,
        "target_id": 0,
        "target_type": 4,
        "transition_type": 0,
        "user_show": 0
    },
    {
        "campaign_id": 18,
        "disp_order": 0,
        "effect_type_1": 0,
        "effect_value_1": 0,
        "end_time": 1661371199,
        "image_change": 0,
        "image_icon_id": 0,
        "logo_type": 0,
        "start_time": 1660766400,
        "target_id": 0,
        "target_type": 4,
        "transition_type": 0,
        "user_show": 0
    },
    {
        "campaign_id": 19,
        "disp_order": 0,
        "effect_type_1": 0,
        "effect_value_1": 0,
        "end_time": 1661482799,
        "image_change": 0,
        "image_icon_id": 0,
        "logo_type": 0,
        "start_time": 1660791600,
        "target_id": 0,
        "target_type": 5,
        "transition_type": 0,
        "user_show": 0
    },
    {
        "campaign_id": 20,
        "disp_order": 0,
        "effect_type_1": 0,
        "effect_value_1": 0,
        "end_time": 1662346799,
        "image_change": 0,
        "image_icon_id": 0,
        "logo_type": 0,
        "start_time": 1661482800,
        "target_id": 0,
        "target_type": 5,
        "transition_type": 0,
        "user_show": 0
    },
    {
        "campaign_id": 21,
        "disp_order": 0,
        "effect_type_1": 0,
        "effect_value_1": 0,
        "end_time": 1663210799,
        "image_change": 0,
        "image_icon_id": 0,
        "logo_type": 0,
        "start_time": 1662346800,
        "target_id": 0,
        "target_type": 5,
        "transition_type": 0,
        "user_show": 0
    },
    {
        "campaign_id": 24,
        "disp_order": 0,
        "effect_type_1": 2,
        "effect_value_1": 3,
        "end_time": 1665345599,
        "image_change": 0,
        "image_icon_id": 2,
        "logo_type": 0,
        "start_time": 1664481600,
        "target_id": 0,
        "target_type": 2,
        "transition_type": 20003,
        "user_show": 1
    },
    {
        "campaign_id": 26,
        "disp_order": 0,
        "effect_type_1": 2,
        "effect_value_1": 3,
        "end_time": 1671393599,
        "image_change": 0,
        "image_icon_id": 2,
        "logo_type": 0,
        "start_time": 1670616000,
        "target_id": 0,
        "target_type": 2,
        "transition_type": 20003,
        "user_show": 1
    },
    {
        "campaign_id": 30,
        "disp_order": 0,
        "effect_type_1": 0,
        "effect_value_1": 0,
        "end_time": 1663790399,
        "image_change": 0,
        "image_icon_id": 0,
        "logo_type": 0,
        "start_time": 1663185600,
        "target_id": 0,
        "target_type": 4,
        "transition_type": 0,
        "user_show": 0
    },
    {
        "campaign_id": 35,
        "disp_order": 0,
        "effect_type_1": 0,
        "effect_value_1": 0,
        "end_time": 1664395199,
        "image_change": 0,
        "image_icon_id": 0,
        "logo_type": 0,
        "start_time": 1663790400,
        "target_id": 0,
        "target_type": 4,
        "transition_type": 0,
        "user_show": 0
    },
    {
        "campaign_id": 40,
        "disp_order": 0,
        "effect_type_1": 0,
        "effect_value_1": 0,
        "end_time": 1664999999,
        "image_change": 0,
        "image_icon_id": 0,
        "logo_type": 0,
        "start_time": 1664395200,
        "target_id": 0,
        "target_type": 4,
        "transition_type": 0,
        "user_show": 0
    },
    {
        "campaign_id": 45,
        "disp_order": 503,
        "effect_type_1": 0,
        "effect_value_1": 0,
        "end_time": 1665604799,
        "image_change": 0,
        "image_icon_id": 0,
        "logo_type": 0,
        "start_time": 1665000000,
        "target_id": 0,
        "target_type": 4,
        "transition_type": 0,
        "user_show": 0
    },
    {
        "campaign_id": 47,
        "disp_order": 504,
        "effect_type_1": 0,
        "effect_value_1": 0,
        "end_time": 1667419199,
        "image_change": 0,
        "image_icon_id": 0,
        "logo_type": 1,
        "start_time": 1666814400,
        "target_id": 0,
        "target_type": 4,
        "transition_type": 0,
        "user_show": 0
    },
    {
        "campaign_id": 49,
        "disp_order": 502,
        "effect_type_1": 0,
        "effect_value_1": 0,
        "end_time": 2556043199,
        "image_change": 0,
        "image_icon_id": 0,
        "logo_type": 1,
        "start_time": 1655668800,
        "target_id": 0,
        "target_type": 6,
        "transition_type": 0,
        "user_show": 0
    },
    {
        "campaign_id": 50,
        "disp_order": 0,
        "effect_type_1": 0,
        "effect_value_1": 0,
        "end_time": 2507313599,
        "image_change": 0,
        "image_icon_id": 0,
        "logo_type": 1,
        "start_time": 2507252400,
        "target_id": 0,
        "target_type": 4,
        "transition_type": 0,
        "user_show": 0
    },
    {
        "campaign_id": 61,
        "disp_order": 0,
        "effect_type_1": 3,
        "effect_value_1": 1000,
        "end_time": 1661914799,
        "image_change": 1,
        "image_icon_id": 4,
        "logo_type": 0,
        "start_time": 1660964400,
        "target_id": 1,
        "target_type": 1,
        "transition_type": 10001,
        "user_show": 1
    },
    {
        "campaign_id": 70,
        "disp_order": 0,
        "effect_type_1": 0,
        "effect_value_1": 0,
        "end_time": 1664333999,
        "image_change": 0,
        "image_icon_id": 0,
        "logo_type": 0,
        "start_time": 1663210800,
        "target_id": 0,
        "target_type": 5,
        "transition_type": 0,
        "user_show": 0
    },
    {
        "campaign_id": 71,
        "disp_order": 0,
        "effect_type_1": 0,
        "effect_value_1": 0,
        "end_time": 1664333999,
        "image_change": 0,
        "image_icon_id": 0,
        "logo_type": 0,
        "start_time": 1663210800,
        "target_id": 0,
        "target_type": 5,
        "transition_type": 0,
        "user_show": 0
    },
    {
        "campaign_id": 72,
        "disp_order": 0,
        "effect_type_1": 0,
        "effect_value_1": 0,
        "end_time": 1665457199,
        "image_change": 0,
        "image_icon_id": 0,
        "logo_type": 0,
        "start_time": 1664334000,
        "target_id": 0,
        "target_type": 5,
        "transition_type": 0,
        "user_show": 0
    },
    {
        "campaign_id": 73,
        "disp_order": 0,
        "effect_type_1": 0,
        "effect_value_1": 0,
        "end_time": 1666061999,
        "image_change": 0,
        "image_icon_id": 0,
        "logo_type": 0,
        "start_time": 1665457200,
        "target_id": 0,
        "target_type": 5,
        "transition_type": 0,
        "user_show": 0
    },
    {
        "campaign_id": 74,
        "disp_order": 0,
        "effect_type_1": 0,
        "effect_value_1": 0,
        "end_time": 1667185199,
        "image_change": 0,
        "image_icon_id": 0,
        "logo_type": 0,
        "start_time": 1666062000,
        "target_id": 0,
        "target_type": 5,
        "transition_type": 0,
        "user_show": 0
    },
    {
        "campaign_id": 75,
        "disp_order": 0,
        "effect_type_1": 0,
        "effect_value_1": 0,
        "end_time": 1667185199,
        "image_change": 0,
        "image_icon_id": 0,
        "logo_type": 0,
        "start_time": 1666062000,
        "target_id": 0,
        "target_type": 5,
        "transition_type": 0,
        "user_show": 0
    },
    {
        "campaign_id": 76,
        "disp_order": 0,
        "effect_type_1": 0,
        "effect_value_1": 0,
        "end_time": 1667789999,
        "image_change": 0,
        "image_icon_id": 0,
        "logo_type": 0,
        "start_time": 1667185200,
        "target_id": 0,
        "target_type": 5,
        "transition_type": 0,
        "user_show": 0
    },
    {
        "campaign_id": 77,
        "disp_order": 0,
        "effect_type_1": 0,
        "effect_value_1": 0,
        "end_time": 1668481199,
        "image_change": 0,
        "image_icon_id": 0,
        "logo_type": 0,
        "start_time": 1667790000,
        "target_id": 0,
        "target_type": 5,
        "transition_type": 0,
        "user_show": 0
    },
    {
        "campaign_id": 78,
        "disp_order": 0,
        "effect_type_1": 0,
        "effect_value_1": 0,
        "end_time": 1669604399,
        "image_change": 0,
        "image_icon_id": 0,
        "logo_type": 0,
        "start_time": 1668481200,
        "target_id": 0,
        "target_type": 5,
        "transition_type": 0,
        "user_show": 0
    },
    {
        "campaign_id": 79,
        "disp_order": 0,
        "effect_type_1": 0,
        "effect_value_1": 0,
        "end_time": 1669604399,
        "image_change": 0,
        "image_icon_id": 0,
        "logo_type": 0,
        "start_time": 1668481200,
        "target_id": 0,
        "target_type": 5,
        "transition_type": 0,
        "user_show": 0
    },
    {
        "campaign_id": 80,
        "disp_order": 0,
        "effect_type_1": 0,
        "effect_value_1": 0,
        "end_time": 1670295599,
        "image_change": 0,
        "image_icon_id": 0,
        "logo_type": 0,
        "start_time": 1669604400,
        "target_id": 0,
        "target_type": 5,
        "transition_type": 0,
        "user_show": 0
    },
    {
        "campaign_id": 81,
        "disp_order": 0,
        "effect_type_1": 0,
        "effect_value_1": 0,
        "end_time": 1671073199,
        "image_change": 0,
        "image_icon_id": 0,
        "logo_type": 0,
        "start_time": 1670295600,
        "target_id": 0,
        "target_type": 5,
        "transition_type": 0,
        "user_show": 0
    },
    {
        "campaign_id": 82,
        "disp_order": 0,
        "effect_type_1": 0,
        "effect_value_1": 0,
        "end_time": 1672023599,
        "image_change": 0,
        "image_icon_id": 0,
        "logo_type": 0,
        "start_time": 1671073200,
        "target_id": 0,
        "target_type": 5,
        "transition_type": 0,
        "user_show": 0
    },
    {
        "campaign_id": 90,
        "disp_order": 600,
        "effect_type_1": 0,
        "effect_value_1": 0,
        "end_time": 1668628799,
        "image_change": 0,
        "image_icon_id": 0,
        "logo_type": 1,
        "start_time": 1667790000,
        "target_id": 0,
        "target_type": 4,
        "transition_type": 0,
        "user_show": 0
    },
    {
        "campaign_id": 91,
        "disp_order": 0,
        "effect_type_1": 2,
        "effect_value_1": 3,
        "end_time": 1668628799,
        "image_change": 0,
        "image_icon_id": 2,
        "logo_type": 0,
        "start_time": 1667851200,
        "target_id": 0,
        "target_type": 2,
        "transition_type": 20003,
        "user_show": 1
    },
    {
        "campaign_id": 100,
        "disp_order": 700,
        "effect_type_1": 0,
        "effect_value_1": 0,
        "end_time": 1673899199,
        "image_change": 1,
        "image_icon_id": 0,
        "logo_type": 1,
        "start_time": 1670036400,
        "target_id": 0,
        "target_type": 4,
        "transition_type": 0,
        "user_show": 0
    },
    {
        "campaign_id": 101,
        "disp_order": 701,
        "effect_type_1": 0,
        "effect_value_1": 0,
        "end_time": 1673899199,
        "image_change": 0,
        "image_icon_id": 0,
        "logo_type": 1,
        "start_time": 1670727600,
        "target_id": 0,
        "target_type": 4,
        "transition_type": 0,
        "user_show": 0
    },
    {
        "campaign_id": 102,
        "disp_order": 702,
        "effect_type_1": 0,
        "effect_value_1": 0,
        "end_time": 1673899199,
        "image_change": 0,
        "image_icon_id": 0,
        "logo_type": 1,
        "start_time": 1671073200,
        "target_id": 0,
        "target_type": 4,
        "transition_type": 0,
        "user_show": 0
    }
]