[
    {
        "campaign_id": 6,
        "chara_id": 1015,
        "story_id": 41015001
    },
    {
        "campaign_id": 6,
        "chara_id": 1015,
        "story_id": 41015002
    },
    {
        "campaign_id": 6,
        "chara_id": 1015,
        "story_id": 41015003
    },
    {
        "campaign_id": 6,
        "chara_id": 1015,
        "story_id": 41015004
    },
    {
        "campaign_id": 7,
        "chara_id": 1026,
        "story_id": 41026001
    },
    {
        "campaign_id": 7,
        "chara_id": 1026,
        "story_id": 41026002
    },
    {
        "campaign_id": 7,
        "chara_id": 1026,
        "story_id": 41026003
    },
    {
        "campaign_id": 7,
        "chara_id": 1026,
        "story_id": 41026004
    },
    {
        "campaign_id": 8,
        "chara_id": 1023,
        "story_id": 41023001
    },
    {
        "campaign_id": 8,
        "chara_id": 1023,
        "story_id": 41023002
    },
    {
        "campaign_id": 8,
        "chara_id": 1023,
        "story_id": 41023003
    },
    {
        "campaign_id": 8,
        "chara_id": 1023,
        "story_id": 41023004
    },
    {
        "campaign_id": 9,
        "chara_id": 1003,
        "story_id": 41003001
    },
    {
        "campaign_id": 9,
        "chara_id": 1003,
        "story_id": 41003002
    },
    {
        "campaign_id": 9,
        "chara_id": 1003,
        "story_id": 41003003
    },
    {
        "campaign_id": 9,
        "chara_id": 1003,
        "story_id": 41003004
    },
    {
        "campaign_id": 10,
        "chara_id": 1013,
        "story_id": 41013001
    },
    {
        "campaign_id": 10,
        "chara_id": 1013,
        "story_id": 41013002
    },
    {
        "campaign_id": 10,
        "chara_id": 1013,
        "story_id": 41013003
    },
    {
        "campaign_id": 10,
        "chara_id": 1013,
        "story_id": 41013004
    },
    {
        "campaign_id": 12,
        "chara_id": 1038,
        "story_id": 41038001
    },
    {
        "campaign_id": 12,
        "chara_id": 1038,
        "story_id": 41038002
    },
    {
        "campaign_id": 12,
        "chara_id": 1038,
        "story_id": 41038003
    },
    {
        "campaign_id": 12,
        "chara_id": 1038,
        "story_id": 41038004
    },
    {
        "campaign_id": 19,
        "chara_id": 1050,
        "story_id": 41050001
    },
    {
        "campaign_id": 19,
        "chara_id": 1050,
        "story_id": 41050002
    },
    {
        "campaign_id": 19,
        "chara_id": 1050,
        "story_id": 41050003
    },
    {
        "campaign_id": 19,
        "chara_id": 1050,
        "story_id": 41050004
    },
    {
        "campaign_id": 20,
        "chara_id": 1046,
        "story_id": 41046001
    },
    {
        "campaign_id": 20,
        "chara_id": 1046,
        "story_id": 41046002
    },
    {
        "campaign_id": 20,
        "chara_id": 1046,
        "story_id": 41046003
    },
    {
        "campaign_id": 20,
        "chara_id": 1046,
        "story_id": 41046004
    },
    {
        "campaign_id": 21,
        "chara_id": 1016,
        "story_id": 41016001
    },
    {
        "campaign_id": 21,
        "chara_id": 1016,
        "story_id": 41016002
    },
    {
        "campaign_id": 21,
        "chara_id": 1016,
        "story_id": 41016003
    },
    {
        "campaign_id": 21,
        "chara_id": 1016,
        "story_id": 41016004
    },
    {
        "campaign_id": 70,
        "chara_id": 1018,
        "story_id": 41018001
    },
    {
        "campaign_id": 70,
        "chara_id": 1018,
        "story_id": 41018002
    },
    {
        "campaign_id": 70,
        "chara_id": 1018,
        "story_id": 41018003
    },
    {
        "campaign_id": 70,
        "chara_id": 1018,
        "story_id": 41018004
    },
    {
        "campaign_id": 71,
        "chara_id": 1024,
        "story_id": 41024001
    },
    {
        "campaign_id": 71,
        "chara_id": 1024,
        "story_id": 41024002
    },
    {
        "campaign_id": 71,
        "chara_id": 1024,
        "story_id": 41024003
    },
    {
        "campaign_id": 71,
        "chara_id": 1024,
        "story_id": 41024004
    },
    {
        "campaign_id": 72,
        "chara_id": 1020,
        "story_id": 41020001
    },
    {
        "campaign_id": 72,
        "chara_id": 1020,
        "story_id": 41020002
    },
    {
        "campaign_id": 72,
        "chara_id": 1020,
        "story_id": 41020003
    },
    {
        "campaign_id": 72,
        "chara_id": 1020,
        "story_id": 41020004
    },
    {
        "campaign_id": 73,
        "chara_id": 1012,
        "story_id": 41012001
    },
    {
        "campaign_id": 73,
        "chara_id": 1012,
        "story_id": 41012002
    },
    {
        "campaign_id": 73,
        "chara_id": 1012,
        "story_id": 41012003
    },
    {
        "campaign_id": 73,
        "chara_id": 1012,
        "story_id": 41012004
    },
    {
        "campaign_id": 74,
        "chara_id": 1011,
        "story_id": 41011001
    },
    {
        "campaign_id": 74,
        "chara_id": 1011,
        "story_id": 41011002
    },
    {
        "campaign_id": 74,
        "chara_id": 1011,
        "story_id": 41011003
    },
    {
        "campaign_id": 74,
        "chara_id": 1011,
        "story_id": 41011004
    },
    {
        "campaign_id": 75,
        "chara_id": 1014,
        "story_id": 41014001
    },
    {
        "campaign_id": 75,
        "chara_id": 1014,
        "story_id": 41014002
    },
    {
        "campaign_id": 75,
        "chara_id": 1014,
        "story_id": 41014003
    },
    {
        "campaign_id": 75,
        "chara_id": 1014,
        "story_id": 41014004
    },
    {
        "campaign_id": 76,
        "chara_id": 1005,
        "story_id": 41005001
    },
    {
        "campaign_id": 76,
        "chara_id": 1005,
        "story_id": 41005002
    },
    {
        "campaign_id": 76,
        "chara_id": 1005,
        "story_id": 41005003
    },
    {
        "campaign_id": 76,
        "chara_id": 1005,
        "story_id": 41005004
    },
    {
        "campaign_id": 77,
        "chara_id": 1040,
        "story_id": 41040001
    },
    {
        "campaign_id": 77,
        "chara_id": 1040,
        "story_id": 41040002
    },
    {
        "campaign_id": 77,
        "chara_id": 1040,
        "story_id": 41040003
    },
    {
        "campaign_id": 77,
        "chara_id": 1040,
        "story_id": 41040004
    },
    {
        "campaign_id": 78,
        "chara_id": 1001,
        "story_id": 41001001
    },
    {
        "campaign_id": 78,
        "chara_id": 1001,
        "story_id": 41001002
    },
    {
        "campaign_id": 78,
        "chara_id": 1001,
        "story_id": 41001003
    },
    {
        "campaign_id": 78,
        "chara_id": 1001,
        "story_id": 41001004
    },
    {
        "campaign_id": 79,
        "chara_id": 1004,
        "story_id": 41004001
    },
    {
        "campaign_id": 79,
        "chara_id": 1004,
        "story_id": 41004002
    },
    {
        "campaign_id": 79,
        "chara_id": 1004,
        "story_id": 41004003
    },
    {
        "campaign_id": 79,
        "chara_id": 1004,
        "story_id": 41004004
    },
    {
        "campaign_id": 80,
        "chara_id": 1058,
        "story_id": 41058001
    },
    {
        "campaign_id": 80,
        "chara_id": 1058,
        "story_id": 41058002
    },
    {
        "campaign_id": 80,
        "chara_id": 1058,
        "story_id": 41058003
    },
    {
        "campaign_id": 80,
        "chara_id": 1058,
        "story_id": 41058004
    },
    {
        "campaign_id": 81,
        "chara_id": 1037,
        "story_id": 41037001
    },
    {
        "campaign_id": 81,
        "chara_id": 1037,
        "story_id": 41037002
    },
    {
        "campaign_id": 81,
        "chara_id": 1037,
        "story_id": 41037003
    },
    {
        "campaign_id": 81,
        "chara_id": 1037,
        "story_id": 41037004
    },
    {
        "campaign_id": 82,
        "chara_id": 1056,
        "story_id": 41056001
    },
    {
        "campaign_id": 82,
        "chara_id": 1056,
        "story_id": 41056002
    },
    {
        "campaign_id": 82,
        "chara_id": 1056,
        "story_id": 41056003
    },
    {
        "campaign_id": 82,
        "chara_id": 1056,
        "story_id": 41056004
    }
]