[
    {
        "available_skill_set_id": 100101,
        "bg_id": 8,
        "chara_id": 1001,
        "default_rarity": 3,
        "get_piece_id": 100101,
        "id": 100101,
        "limited_chara": 0,
        "running_style": 3,
        "talent_group_id": 100101,
        "talent_guts": 0,
        "talent_pow": 0,
        "talent_speed": 0,
        "talent_stamina": 20,
        "talent_wiz": 10
    },
    {
        "available_skill_set_id": 100201,
        "bg_id": 30,
        "chara_id": 1002,
        "default_rarity": 3,
        "get_piece_id": 100201,
        "id": 100201,
        "limited_chara": 0,
        "running_style": 1,
        "talent_group_id": 100201,
        "talent_guts": 10,
        "talent_pow": 0,
        "talent_speed": 20,
        "talent_stamina": 0,
        "talent_wiz": 0
    },
    {
        "available_skill_set_id": 100301,
        "bg_id": 21,
        "chara_id": 1003,
        "default_rarity": 3,
        "get_piece_id": 100301,
        "id": 100301,
        "limited_chara": 0,
        "running_style": 2,
        "talent_group_id": 100301,
        "talent_guts": 0,
        "talent_pow": 0,
        "talent_speed": 20,
        "talent_stamina": 10,
        "talent_wiz": 0
    },
    {
        "available_skill_set_id": 100302,
        "bg_id": 132,
        "chara_id": 1003,
        "default_rarity": 3,
        "get_piece_id": 100302,
        "id": 100302,
        "limited_chara": 0,
        "running_style": 2,
        "talent_group_id": 100302,
        "talent_guts": 10,
        "talent_pow": 0,
        "talent_speed": 10,
        "talent_stamina": 10,
        "talent_wiz": 0
    },
    {
        "available_skill_set_id": 100401,
        "bg_id": 12,
        "chara_id": 1004,
        "default_rarity": 3,
        "get_piece_id": 100401,
        "id": 100401,
        "limited_chara": 0,
        "running_style": 1,
        "talent_group_id": 100401,
        "talent_guts": 0,
        "talent_pow": 0,
        "talent_speed": 10,
        "talent_stamina": 0,
        "talent_wiz": 20
    },
    {
        "available_skill_set_id": 100601,
        "bg_id": 21,
        "chara_id": 1006,
        "default_rarity": 3,
        "get_piece_id": 100601,
        "id": 100601,
        "limited_chara": 0,
        "running_style": 3,
        "talent_group_id": 100601,
        "talent_guts": 0,
        "talent_pow": 10,
        "talent_speed": 20,
        "talent_stamina": 0,
        "talent_wiz": 0
    },
    {
        "available_skill_set_id": 100701,
        "bg_id": 55,
        "chara_id": 1007,
        "default_rarity": 2,
        "get_piece_id": 100701,
        "id": 100701,
        "limited_chara": 0,
        "running_style": 4,
        "talent_group_id": 100701,
        "talent_guts": 0,
        "talent_pow": 10,
        "talent_speed": 0,
        "talent_stamina": 20,
        "talent_wiz": 0
    },
    {
        "available_skill_set_id": 100801,
        "bg_id": 55,
        "chara_id": 1008,
        "default_rarity": 2,
        "get_piece_id": 100801,
        "id": 100801,
        "limited_chara": 0,
        "running_style": 3,
        "talent_group_id": 100801,
        "talent_guts": 0,
        "talent_pow": 20,
        "talent_speed": 10,
        "talent_stamina": 0,
        "talent_wiz": 0
    },
    {
        "available_skill_set_id": 100901,
        "bg_id": 1,
        "chara_id": 1009,
        "default_rarity": 2,
        "get_piece_id": 100901,
        "id": 100901,
        "limited_chara": 0,
        "running_style": 2,
        "talent_group_id": 100901,
        "talent_guts": 20,
        "talent_pow": 0,
        "talent_speed": 10,
        "talent_stamina": 0,
        "talent_wiz": 0
    },
    {
        "available_skill_set_id": 101001,
        "bg_id": 8,
        "chara_id": 1010,
        "default_rarity": 3,
        "get_piece_id": 101001,
        "id": 101001,
        "limited_chara": 0,
        "running_style": 2,
        "talent_group_id": 101001,
        "talent_guts": 0,
        "talent_pow": 0,
        "talent_speed": 20,
        "talent_stamina": 0,
        "talent_wiz": 10
    },
    {
        "available_skill_set_id": 101101,
        "bg_id": 21,
        "chara_id": 1011,
        "default_rarity": 2,
        "get_piece_id": 101101,
        "id": 101101,
        "limited_chara": 0,
        "running_style": 3,
        "talent_group_id": 101101,
        "talent_guts": 0,
        "talent_pow": 10,
        "talent_speed": 20,
        "talent_stamina": 0,
        "talent_wiz": 0
    },
    {
        "available_skill_set_id": 101301,
        "bg_id": 30,
        "chara_id": 1013,
        "default_rarity": 3,
        "get_piece_id": 101301,
        "id": 101301,
        "limited_chara": 0,
        "running_style": 2,
        "talent_group_id": 101301,
        "talent_guts": 0,
        "talent_pow": 0,
        "talent_speed": 0,
        "talent_stamina": 20,
        "talent_wiz": 10
    },
    {
        "available_skill_set_id": 101302,
        "bg_id": 132,
        "chara_id": 1013,
        "default_rarity": 3,
        "get_piece_id": 101302,
        "id": 101302,
        "limited_chara": 0,
        "running_style": 2,
        "talent_group_id": 101302,
        "talent_guts": 0,
        "talent_pow": 10,
        "talent_speed": 0,
        "talent_stamina": 10,
        "talent_wiz": 10
    },
    {
        "available_skill_set_id": 101401,
        "bg_id": 8,
        "chara_id": 1014,
        "default_rarity": 2,
        "get_piece_id": 101401,
        "id": 101401,
        "limited_chara": 0,
        "running_style": 2,
        "talent_group_id": 101401,
        "talent_guts": 0,
        "talent_pow": 0,
        "talent_speed": 20,
        "talent_stamina": 0,
        "talent_wiz": 10
    },
    {
        "available_skill_set_id": 101501,
        "bg_id": 55,
        "chara_id": 1015,
        "default_rarity": 3,
        "get_piece_id": 101501,
        "id": 101501,
        "limited_chara": 0,
        "running_style": 2,
        "talent_group_id": 101501,
        "talent_guts": 0,
        "talent_pow": 0,
        "talent_speed": 0,
        "talent_stamina": 20,
        "talent_wiz": 10
    },
    {
        "available_skill_set_id": 101601,
        "bg_id": 152,
        "chara_id": 1016,
        "default_rarity": 3,
        "get_piece_id": 101601,
        "id": 101601,
        "limited_chara": 0,
        "running_style": 2,
        "talent_group_id": 101601,
        "talent_guts": 0,
        "talent_pow": 0,
        "talent_speed": 10,
        "talent_stamina": 20,
        "talent_wiz": 0
    },
    {
        "available_skill_set_id": 101701,
        "bg_id": 69,
        "chara_id": 1017,
        "default_rarity": 3,
        "get_piece_id": 101701,
        "id": 101701,
        "limited_chara": 0,
        "running_style": 2,
        "talent_group_id": 101701,
        "talent_guts": 10,
        "talent_pow": 0,
        "talent_speed": 0,
        "talent_stamina": 20,
        "talent_wiz": 0
    },
    {
        "available_skill_set_id": 101801,
        "bg_id": 69,
        "chara_id": 1018,
        "default_rarity": 2,
        "get_piece_id": 101801,
        "id": 101801,
        "limited_chara": 0,
        "running_style": 2,
        "talent_group_id": 101801,
        "talent_guts": 0,
        "talent_pow": 20,
        "talent_speed": 10,
        "talent_stamina": 0,
        "talent_wiz": 0
    },
    {
        "available_skill_set_id": 102301,
        "bg_id": 155,
        "chara_id": 1023,
        "default_rarity": 3,
        "get_piece_id": 102301,
        "id": 102301,
        "limited_chara": 0,
        "running_style": 2,
        "talent_group_id": 102301,
        "talent_guts": 10,
        "talent_pow": 0,
        "talent_speed": 0,
        "talent_stamina": 0,
        "talent_wiz": 20
    },
    {
        "available_skill_set_id": 102401,
        "bg_id": 12,
        "chara_id": 1024,
        "default_rarity": 2,
        "get_piece_id": 102401,
        "id": 102401,
        "limited_chara": 0,
        "running_style": 1,
        "talent_group_id": 102401,
        "talent_guts": 10,
        "talent_pow": 0,
        "talent_speed": 0,
        "talent_stamina": 20,
        "talent_wiz": 0
    },
    {
        "available_skill_set_id": 102601,
        "bg_id": 53,
        "chara_id": 1026,
        "default_rarity": 3,
        "get_piece_id": 102601,
        "id": 102601,
        "limited_chara": 0,
        "running_style": 1,
        "talent_group_id": 102601,
        "talent_guts": 0,
        "talent_pow": 10,
        "talent_speed": 0,
        "talent_stamina": 20,
        "talent_wiz": 0
    },
    {
        "available_skill_set_id": 102701,
        "bg_id": 53,
        "chara_id": 1027,
        "default_rarity": 1,
        "get_piece_id": 102701,
        "id": 102701,
        "limited_chara": 0,
        "running_style": 3,
        "talent_group_id": 102701,
        "talent_guts": 0,
        "talent_pow": 20,
        "talent_speed": 0,
        "talent_stamina": 0,
        "talent_wiz": 10
    },
    {
        "available_skill_set_id": 103001,
        "bg_id": 30,
        "chara_id": 1030,
        "default_rarity": 3,
        "get_piece_id": 103001,
        "id": 103001,
        "limited_chara": 0,
        "running_style": 2,
        "talent_group_id": 103001,
        "talent_guts": 20,
        "talent_pow": 0,
        "talent_speed": 0,
        "talent_stamina": 10,
        "talent_wiz": 0
    },
    {
        "available_skill_set_id": 103201,
        "bg_id": 61,
        "chara_id": 1032,
        "default_rarity": 1,
        "get_piece_id": 103201,
        "id": 103201,
        "limited_chara": 0,
        "running_style": 2,
        "talent_group_id": 103201,
        "talent_guts": 10,
        "talent_pow": 0,
        "talent_speed": 20,
        "talent_stamina": 0,
        "talent_wiz": 0
    },
    {
        "available_skill_set_id": 103501,
        "bg_id": 8,
        "chara_id": 1035,
        "default_rarity": 1,
        "get_piece_id": 103501,
        "id": 103501,
        "limited_chara": 0,
        "running_style": 3,
        "talent_group_id": 103501,
        "talent_guts": 0,
        "talent_pow": 20,
        "talent_speed": 0,
        "talent_stamina": 10,
        "talent_wiz": 0
    },
    {
        "available_skill_set_id": 103801,
        "bg_id": 1,
        "chara_id": 1038,
        "default_rarity": 3,
        "get_piece_id": 103801,
        "id": 103801,
        "limited_chara": 0,
        "running_style": 2,
        "talent_group_id": 103801,
        "talent_guts": 0,
        "talent_pow": 20,
        "talent_speed": 10,
        "talent_stamina": 0,
        "talent_wiz": 0
    },
    {
        "available_skill_set_id": 104101,
        "bg_id": 30,
        "chara_id": 1041,
        "default_rarity": 1,
        "get_piece_id": 104101,
        "id": 104101,
        "limited_chara": 0,
        "running_style": 2,
        "talent_group_id": 104101,
        "talent_guts": 0,
        "talent_pow": 0,
        "talent_speed": 20,
        "talent_stamina": 0,
        "talent_wiz": 10
    },
    {
        "available_skill_set_id": 104501,
        "bg_id": 21,
        "chara_id": 1045,
        "default_rarity": 2,
        "get_piece_id": 104501,
        "id": 104501,
        "limited_chara": 0,
        "running_style": 2,
        "talent_group_id": 104501,
        "talent_guts": 0,
        "talent_pow": 0,
        "talent_speed": 0,
        "talent_stamina": 10,
        "talent_wiz": 20
    },
    {
        "available_skill_set_id": 104601,
        "bg_id": 41,
        "chara_id": 1046,
        "default_rarity": 3,
        "get_piece_id": 104601,
        "id": 104601,
        "limited_chara": 0,
        "running_style": 1,
        "talent_group_id": 104601,
        "talent_guts": 0,
        "talent_pow": 10,
        "talent_speed": 20,
        "talent_stamina": 0,
        "talent_wiz": 0
    },
    {
        "available_skill_set_id": 105001,
        "bg_id": 55,
        "chara_id": 1050,
        "default_rarity": 3,
        "get_piece_id": 105001,
        "id": 105001,
        "limited_chara": 0,
        "running_style": 4,
        "talent_group_id": 105001,
        "talent_guts": 20,
        "talent_pow": 0,
        "talent_speed": 10,
        "talent_stamina": 0,
        "talent_wiz": 0
    },
    {
        "available_skill_set_id": 105201,
        "bg_id": 8,
        "chara_id": 1052,
        "default_rarity": 1,
        "get_piece_id": 105201,
        "id": 105201,
        "limited_chara": 0,
        "running_style": 3,
        "talent_group_id": 105201,
        "talent_guts": 20,
        "talent_pow": 10,
        "talent_speed": 0,
        "talent_stamina": 0,
        "talent_wiz": 0
    },
    {
        "available_skill_set_id": 105601,
        "bg_id": 30,
        "chara_id": 1056,
        "default_rarity": 1,
        "get_piece_id": 105601,
        "id": 105601,
        "limited_chara": 0,
        "running_style": 3,
        "talent_group_id": 105601,
        "talent_guts": 0,
        "talent_pow": 10,
        "talent_speed": 0,
        "talent_stamina": 20,
        "talent_wiz": 0
    },
    {
        "available_skill_set_id": 106001,
        "bg_id": 48,
        "chara_id": 1060,
        "default_rarity": 1,
        "get_piece_id": 106001,
        "id": 106001,
        "limited_chara": 0,
        "running_style": 3,
        "talent_group_id": 106001,
        "talent_guts": 0,
        "talent_pow": 20,
        "talent_speed": 0,
        "talent_stamina": 0,
        "talent_wiz": 10
    },
    {
        "available_skill_set_id": 106101,
        "bg_id": 51,
        "chara_id": 1061,
        "default_rarity": 1,
        "get_piece_id": 106101,
        "id": 106101,
        "limited_chara": 0,
        "running_style": 3,
        "talent_group_id": 106101,
        "talent_guts": 10,
        "talent_pow": 20,
        "talent_speed": 0,
        "talent_stamina": 0,
        "talent_wiz": 0
    }
]