[
    {
        "big_flag": 0,
        "chara_id": 1001,
        "id": 1,
        "round_id": 1
    },
    {
        "big_flag": 0,
        "chara_id": 1001,
        "id": 2,
        "round_id": 1
    },
    {
        "big_flag": 0,
        "chara_id": 1001,
        "id": 3,
        "round_id": 1
    },
    {
        "big_flag": 0,
        "chara_id": 1002,
        "id": 4,
        "round_id": 1
    },
    {
        "big_flag": 0,
        "chara_id": 1002,
        "id": 5,
        "round_id": 1
    },
    {
        "big_flag": 0,
        "chara_id": 1002,
        "id": 6,
        "round_id": 1
    },
    {
        "big_flag": 0,
        "chara_id": 1003,
        "id": 7,
        "round_id": 1
    },
    {
        "big_flag": 0,
        "chara_id": 1003,
        "id": 8,
        "round_id": 1
    },
    {
        "big_flag": 0,
        "chara_id": 1003,
        "id": 9,
        "round_id": 1
    },
    {
        "big_flag": 0,
        "chara_id": 1004,
        "id": 10,
        "round_id": 1
    },
    {
        "big_flag": 0,
        "chara_id": 1004,
        "id": 11,
        "round_id": 1
    },
    {
        "big_flag": 0,
        "chara_id": 1004,
        "id": 12,
        "round_id": 1
    },
    {
        "big_flag": 0,
        "chara_id": 1005,
        "id": 13,
        "round_id": 1
    },
    {
        "big_flag": 0,
        "chara_id": 1005,
        "id": 14,
        "round_id": 1
    },
    {
        "big_flag": 0,
        "chara_id": 1005,
        "id": 15,
        "round_id": 1
    },
    {
        "big_flag": 0,
        "chara_id": 1006,
        "id": 16,
        "round_id": 1
    },
    {
        "big_flag": 0,
        "chara_id": 1006,
        "id": 17,
        "round_id": 1
    },
    {
        "big_flag": 0,
        "chara_id": 1006,
        "id": 18,
        "round_id": 1
    },
    {
        "big_flag": 0,
        "chara_id": 1007,
        "id": 19,
        "round_id": 1
    },
    {
        "big_flag": 0,
        "chara_id": 1007,
        "id": 20,
        "round_id": 1
    },
    {
        "big_flag": 0,
        "chara_id": 1007,
        "id": 21,
        "round_id": 1
    },
    {
        "big_flag": 0,
        "chara_id": 1008,
        "id": 22,
        "round_id": 1
    },
    {
        "big_flag": 0,
        "chara_id": 1008,
        "id": 23,
        "round_id": 1
    },
    {
        "big_flag": 0,
        "chara_id": 1008,
        "id": 24,
        "round_id": 1
    },
    {
        "big_flag": 0,
        "chara_id": 1009,
        "id": 25,
        "round_id": 1
    },
    {
        "big_flag": 0,
        "chara_id": 1009,
        "id": 26,
        "round_id": 1
    },
    {
        "big_flag": 0,
        "chara_id": 1009,
        "id": 27,
        "round_id": 1
    },
    {
        "big_flag": 0,
        "chara_id": 1010,
        "id": 28,
        "round_id": 1
    },
    {
        "big_flag": 0,
        "chara_id": 1010,
        "id": 29,
        "round_id": 1
    },
    {
        "big_flag": 0,
        "chara_id": 1010,
        "id": 30,
        "round_id": 1
    },
    {
        "big_flag": 0,
        "chara_id": 1011,
        "id": 31,
        "round_id": 1
    },
    {
        "big_flag": 0,
        "chara_id": 1011,
        "id": 32,
        "round_id": 1
    },
    {
        "big_flag": 0,
        "chara_id": 1011,
        "id": 33,
        "round_id": 1
    },
    {
        "big_flag": 0,
        "chara_id": 1012,
        "id": 34,
        "round_id": 1
    },
    {
        "big_flag": 0,
        "chara_id": 1012,
        "id": 35,
        "round_id": 1
    },
    {
        "big_flag": 0,
        "chara_id": 1012,
        "id": 36,
        "round_id": 1
    },
    {
        "big_flag": 0,
        "chara_id": 1013,
        "id": 37,
        "round_id": 1
    },
    {
        "big_flag": 0,
        "chara_id": 1013,
        "id": 38,
        "round_id": 1
    },
    {
        "big_flag": 0,
        "chara_id": 1013,
        "id": 39,
        "round_id": 1
    },
    {
        "big_flag": 0,
        "chara_id": 1014,
        "id": 40,
        "round_id": 1
    },
    {
        "big_flag": 0,
        "chara_id": 1014,
        "id": 41,
        "round_id": 1
    },
    {
        "big_flag": 0,
        "chara_id": 1014,
        "id": 42,
        "round_id": 1
    },
    {
        "big_flag": 0,
        "chara_id": 1015,
        "id": 43,
        "round_id": 1
    },
    {
        "big_flag": 0,
        "chara_id": 1015,
        "id": 44,
        "round_id": 1
    },
    {
        "big_flag": 0,
        "chara_id": 1015,
        "id": 45,
        "round_id": 1
    },
    {
        "big_flag": 0,
        "chara_id": 1016,
        "id": 46,
        "round_id": 1
    },
    {
        "big_flag": 0,
        "chara_id": 1016,
        "id": 47,
        "round_id": 1
    },
    {
        "big_flag": 0,
        "chara_id": 1016,
        "id": 48,
        "round_id": 1
    },
    {
        "big_flag": 0,
        "chara_id": 1017,
        "id": 49,
        "round_id": 1
    },
    {
        "big_flag": 0,
        "chara_id": 1017,
        "id": 50,
        "round_id": 1
    },
    {
        "big_flag": 0,
        "chara_id": 1017,
        "id": 51,
        "round_id": 1
    },
    {
        "big_flag": 0,
        "chara_id": 1018,
        "id": 52,
        "round_id": 1
    },
    {
        "big_flag": 0,
        "chara_id": 1018,
        "id": 53,
        "round_id": 1
    },
    {
        "big_flag": 0,
        "chara_id": 1018,
        "id": 54,
        "round_id": 1
    },
    {
        "big_flag": 0,
        "chara_id": 1020,
        "id": 58,
        "round_id": 1
    },
    {
        "big_flag": 0,
        "chara_id": 1020,
        "id": 59,
        "round_id": 1
    },
    {
        "big_flag": 0,
        "chara_id": 1020,
        "id": 60,
        "round_id": 1
    },
    {
        "big_flag": 0,
        "chara_id": 1023,
        "id": 67,
        "round_id": 1
    },
    {
        "big_flag": 0,
        "chara_id": 1023,
        "id": 68,
        "round_id": 1
    },
    {
        "big_flag": 0,
        "chara_id": 1023,
        "id": 69,
        "round_id": 1
    },
    {
        "big_flag": 0,
        "chara_id": 1024,
        "id": 70,
        "round_id": 1
    },
    {
        "big_flag": 0,
        "chara_id": 1024,
        "id": 71,
        "round_id": 1
    },
    {
        "big_flag": 0,
        "chara_id": 1024,
        "id": 72,
        "round_id": 1
    },
    {
        "big_flag": 0,
        "chara_id": 1026,
        "id": 76,
        "round_id": 1
    },
    {
        "big_flag": 0,
        "chara_id": 1026,
        "id": 77,
        "round_id": 1
    },
    {
        "big_flag": 0,
        "chara_id": 1026,
        "id": 78,
        "round_id": 1
    },
    {
        "big_flag": 0,
        "chara_id": 1027,
        "id": 79,
        "round_id": 1
    },
    {
        "big_flag": 0,
        "chara_id": 1027,
        "id": 80,
        "round_id": 1
    },
    {
        "big_flag": 0,
        "chara_id": 1027,
        "id": 81,
        "round_id": 1
    },
    {
        "big_flag": 0,
        "chara_id": 1030,
        "id": 88,
        "round_id": 1
    },
    {
        "big_flag": 0,
        "chara_id": 1030,
        "id": 89,
        "round_id": 1
    },
    {
        "big_flag": 0,
        "chara_id": 1030,
        "id": 90,
        "round_id": 1
    },
    {
        "big_flag": 0,
        "chara_id": 1032,
        "id": 94,
        "round_id": 1
    },
    {
        "big_flag": 0,
        "chara_id": 1032,
        "id": 95,
        "round_id": 1
    },
    {
        "big_flag": 0,
        "chara_id": 1032,
        "id": 96,
        "round_id": 1
    },
    {
        "big_flag": 0,
        "chara_id": 1035,
        "id": 103,
        "round_id": 1
    },
    {
        "big_flag": 0,
        "chara_id": 1035,
        "id": 104,
        "round_id": 1
    },
    {
        "big_flag": 0,
        "chara_id": 1035,
        "id": 105,
        "round_id": 1
    },
    {
        "big_flag": 0,
        "chara_id": 1037,
        "id": 109,
        "round_id": 1
    },
    {
        "big_flag": 0,
        "chara_id": 1037,
        "id": 110,
        "round_id": 1
    },
    {
        "big_flag": 0,
        "chara_id": 1037,
        "id": 111,
        "round_id": 1
    },
    {
        "big_flag": 0,
        "chara_id": 1038,
        "id": 112,
        "round_id": 1
    },
    {
        "big_flag": 0,
        "chara_id": 1038,
        "id": 113,
        "round_id": 1
    },
    {
        "big_flag": 0,
        "chara_id": 1038,
        "id": 114,
        "round_id": 1
    },
    {
        "big_flag": 0,
        "chara_id": 1040,
        "id": 118,
        "round_id": 1
    },
    {
        "big_flag": 0,
        "chara_id": 1040,
        "id": 119,
        "round_id": 1
    },
    {
        "big_flag": 0,
        "chara_id": 1040,
        "id": 120,
        "round_id": 1
    },
    {
        "big_flag": 0,
        "chara_id": 1041,
        "id": 121,
        "round_id": 1
    },
    {
        "big_flag": 0,
        "chara_id": 1041,
        "id": 122,
        "round_id": 1
    },
    {
        "big_flag": 0,
        "chara_id": 1041,
        "id": 123,
        "round_id": 1
    },
    {
        "big_flag": 0,
        "chara_id": 1045,
        "id": 133,
        "round_id": 1
    },
    {
        "big_flag": 0,
        "chara_id": 1045,
        "id": 134,
        "round_id": 1
    },
    {
        "big_flag": 0,
        "chara_id": 1045,
        "id": 135,
        "round_id": 1
    },
    {
        "big_flag": 0,
        "chara_id": 1046,
        "id": 136,
        "round_id": 1
    },
    {
        "big_flag": 0,
        "chara_id": 1046,
        "id": 137,
        "round_id": 1
    },
    {
        "big_flag": 0,
        "chara_id": 1046,
        "id": 138,
        "round_id": 1
    },
    {
        "big_flag": 0,
        "chara_id": 1050,
        "id": 148,
        "round_id": 1
    },
    {
        "big_flag": 0,
        "chara_id": 1050,
        "id": 149,
        "round_id": 1
    },
    {
        "big_flag": 0,
        "chara_id": 1050,
        "id": 150,
        "round_id": 1
    },
    {
        "big_flag": 0,
        "chara_id": 1052,
        "id": 154,
        "round_id": 1
    },
    {
        "big_flag": 0,
        "chara_id": 1052,
        "id": 155,
        "round_id": 1
    },
    {
        "big_flag": 0,
        "chara_id": 1052,
        "id": 156,
        "round_id": 1
    },
    {
        "big_flag": 0,
        "chara_id": 1056,
        "id": 166,
        "round_id": 1
    },
    {
        "big_flag": 0,
        "chara_id": 1056,
        "id": 167,
        "round_id": 1
    },
    {
        "big_flag": 0,
        "chara_id": 1056,
        "id": 168,
        "round_id": 1
    },
    {
        "big_flag": 0,
        "chara_id": 1058,
        "id": 172,
        "round_id": 1
    },
    {
        "big_flag": 0,
        "chara_id": 1058,
        "id": 173,
        "round_id": 1
    },
    {
        "big_flag": 0,
        "chara_id": 1058,
        "id": 174,
        "round_id": 1
    },
    {
        "big_flag": 0,
        "chara_id": 1060,
        "id": 178,
        "round_id": 1
    },
    {
        "big_flag": 0,
        "chara_id": 1060,
        "id": 179,
        "round_id": 1
    },
    {
        "big_flag": 0,
        "chara_id": 1060,
        "id": 180,
        "round_id": 1
    },
    {
        "big_flag": 0,
        "chara_id": 1061,
        "id": 181,
        "round_id": 1
    },
    {
        "big_flag": 0,
        "chara_id": 1061,
        "id": 182,
        "round_id": 1
    },
    {
        "big_flag": 0,
        "chara_id": 1061,
        "id": 183,
        "round_id": 1
    },
    {
        "big_flag": 0,
        "chara_id": 1001,
        "id": 184,
        "round_id": 2
    },
    {
        "big_flag": 0,
        "chara_id": 1001,
        "id": 185,
        "round_id": 2
    },
    {
        "big_flag": 0,
        "chara_id": 1001,
        "id": 186,
        "round_id": 2
    },
    {
        "big_flag": 0,
        "chara_id": 1002,
        "id": 187,
        "round_id": 2
    },
    {
        "big_flag": 0,
        "chara_id": 1002,
        "id": 188,
        "round_id": 2
    },
    {
        "big_flag": 0,
        "chara_id": 1002,
        "id": 189,
        "round_id": 2
    },
    {
        "big_flag": 0,
        "chara_id": 1003,
        "id": 190,
        "round_id": 2
    },
    {
        "big_flag": 0,
        "chara_id": 1003,
        "id": 191,
        "round_id": 2
    },
    {
        "big_flag": 0,
        "chara_id": 1003,
        "id": 192,
        "round_id": 2
    },
    {
        "big_flag": 0,
        "chara_id": 1004,
        "id": 193,
        "round_id": 2
    },
    {
        "big_flag": 0,
        "chara_id": 1004,
        "id": 194,
        "round_id": 2
    },
    {
        "big_flag": 0,
        "chara_id": 1004,
        "id": 195,
        "round_id": 2
    },
    {
        "big_flag": 0,
        "chara_id": 1005,
        "id": 196,
        "round_id": 2
    },
    {
        "big_flag": 0,
        "chara_id": 1005,
        "id": 197,
        "round_id": 2
    },
    {
        "big_flag": 0,
        "chara_id": 1005,
        "id": 198,
        "round_id": 2
    },
    {
        "big_flag": 0,
        "chara_id": 1006,
        "id": 199,
        "round_id": 2
    },
    {
        "big_flag": 0,
        "chara_id": 1006,
        "id": 200,
        "round_id": 2
    },
    {
        "big_flag": 0,
        "chara_id": 1006,
        "id": 201,
        "round_id": 2
    },
    {
        "big_flag": 0,
        "chara_id": 1007,
        "id": 202,
        "round_id": 2
    },
    {
        "big_flag": 0,
        "chara_id": 1007,
        "id": 203,
        "round_id": 2
    },
    {
        "big_flag": 0,
        "chara_id": 1007,
        "id": 204,
        "round_id": 2
    },
    {
        "big_flag": 0,
        "chara_id": 1008,
        "id": 205,
        "round_id": 2
    },
    {
        "big_flag": 0,
        "chara_id": 1008,
        "id": 206,
        "round_id": 2
    },
    {
        "big_flag": 0,
        "chara_id": 1008,
        "id": 207,
        "round_id": 2
    },
    {
        "big_flag": 0,
        "chara_id": 1009,
        "id": 208,
        "round_id": 2
    },
    {
        "big_flag": 0,
        "chara_id": 1009,
        "id": 209,
        "round_id": 2
    },
    {
        "big_flag": 0,
        "chara_id": 1009,
        "id": 210,
        "round_id": 2
    },
    {
        "big_flag": 0,
        "chara_id": 1010,
        "id": 211,
        "round_id": 2
    },
    {
        "big_flag": 0,
        "chara_id": 1010,
        "id": 212,
        "round_id": 2
    },
    {
        "big_flag": 0,
        "chara_id": 1010,
        "id": 213,
        "round_id": 2
    },
    {
        "big_flag": 0,
        "chara_id": 1011,
        "id": 214,
        "round_id": 2
    },
    {
        "big_flag": 0,
        "chara_id": 1011,
        "id": 215,
        "round_id": 2
    },
    {
        "big_flag": 0,
        "chara_id": 1011,
        "id": 216,
        "round_id": 2
    },
    {
        "big_flag": 0,
        "chara_id": 1012,
        "id": 217,
        "round_id": 2
    },
    {
        "big_flag": 0,
        "chara_id": 1012,
        "id": 218,
        "round_id": 2
    },
    {
        "big_flag": 0,
        "chara_id": 1012,
        "id": 219,
        "round_id": 2
    },
    {
        "big_flag": 0,
        "chara_id": 1013,
        "id": 220,
        "round_id": 2
    },
    {
        "big_flag": 0,
        "chara_id": 1013,
        "id": 221,
        "round_id": 2
    },
    {
        "big_flag": 0,
        "chara_id": 1013,
        "id": 222,
        "round_id": 2
    },
    {
        "big_flag": 0,
        "chara_id": 1014,
        "id": 223,
        "round_id": 2
    },
    {
        "big_flag": 0,
        "chara_id": 1014,
        "id": 224,
        "round_id": 2
    },
    {
        "big_flag": 0,
        "chara_id": 1014,
        "id": 225,
        "round_id": 2
    },
    {
        "big_flag": 0,
        "chara_id": 1015,
        "id": 226,
        "round_id": 2
    },
    {
        "big_flag": 0,
        "chara_id": 1015,
        "id": 227,
        "round_id": 2
    },
    {
        "big_flag": 0,
        "chara_id": 1015,
        "id": 228,
        "round_id": 2
    },
    {
        "big_flag": 0,
        "chara_id": 1016,
        "id": 229,
        "round_id": 2
    },
    {
        "big_flag": 0,
        "chara_id": 1016,
        "id": 230,
        "round_id": 2
    },
    {
        "big_flag": 0,
        "chara_id": 1016,
        "id": 231,
        "round_id": 2
    },
    {
        "big_flag": 0,
        "chara_id": 1017,
        "id": 232,
        "round_id": 2
    },
    {
        "big_flag": 0,
        "chara_id": 1017,
        "id": 233,
        "round_id": 2
    },
    {
        "big_flag": 0,
        "chara_id": 1017,
        "id": 234,
        "round_id": 2
    },
    {
        "big_flag": 0,
        "chara_id": 1018,
        "id": 235,
        "round_id": 2
    },
    {
        "big_flag": 0,
        "chara_id": 1018,
        "id": 236,
        "round_id": 2
    },
    {
        "big_flag": 0,
        "chara_id": 1018,
        "id": 237,
        "round_id": 2
    },
    {
        "big_flag": 0,
        "chara_id": 1020,
        "id": 241,
        "round_id": 2
    },
    {
        "big_flag": 0,
        "chara_id": 1020,
        "id": 242,
        "round_id": 2
    },
    {
        "big_flag": 0,
        "chara_id": 1020,
        "id": 243,
        "round_id": 2
    },
    {
        "big_flag": 0,
        "chara_id": 1023,
        "id": 250,
        "round_id": 2
    },
    {
        "big_flag": 0,
        "chara_id": 1023,
        "id": 251,
        "round_id": 2
    },
    {
        "big_flag": 0,
        "chara_id": 1023,
        "id": 252,
        "round_id": 2
    },
    {
        "big_flag": 0,
        "chara_id": 1024,
        "id": 253,
        "round_id": 2
    },
    {
        "big_flag": 0,
        "chara_id": 1024,
        "id": 254,
        "round_id": 2
    },
    {
        "big_flag": 0,
        "chara_id": 1024,
        "id": 255,
        "round_id": 2
    },
    {
        "big_flag": 0,
        "chara_id": 1026,
        "id": 259,
        "round_id": 2
    },
    {
        "big_flag": 0,
        "chara_id": 1026,
        "id": 260,
        "round_id": 2
    },
    {
        "big_flag": 0,
        "chara_id": 1026,
        "id": 261,
        "round_id": 2
    },
    {
        "big_flag": 0,
        "chara_id": 1027,
        "id": 262,
        "round_id": 2
    },
    {
        "big_flag": 0,
        "chara_id": 1027,
        "id": 263,
        "round_id": 2
    },
    {
        "big_flag": 0,
        "chara_id": 1027,
        "id": 264,
        "round_id": 2
    },
    {
        "big_flag": 0,
        "chara_id": 1030,
        "id": 271,
        "round_id": 2
    },
    {
        "big_flag": 0,
        "chara_id": 1030,
        "id": 272,
        "round_id": 2
    },
    {
        "big_flag": 0,
        "chara_id": 1030,
        "id": 273,
        "round_id": 2
    },
    {
        "big_flag": 0,
        "chara_id": 1032,
        "id": 277,
        "round_id": 2
    },
    {
        "big_flag": 0,
        "chara_id": 1032,
        "id": 278,
        "round_id": 2
    },
    {
        "big_flag": 0,
        "chara_id": 1032,
        "id": 279,
        "round_id": 2
    },
    {
        "big_flag": 0,
        "chara_id": 1035,
        "id": 286,
        "round_id": 2
    },
    {
        "big_flag": 0,
        "chara_id": 1035,
        "id": 287,
        "round_id": 2
    },
    {
        "big_flag": 0,
        "chara_id": 1035,
        "id": 288,
        "round_id": 2
    },
    {
        "big_flag": 0,
        "chara_id": 1037,
        "id": 292,
        "round_id": 2
    },
    {
        "big_flag": 0,
        "chara_id": 1037,
        "id": 293,
        "round_id": 2
    },
    {
        "big_flag": 0,
        "chara_id": 1037,
        "id": 294,
        "round_id": 2
    },
    {
        "big_flag": 0,
        "chara_id": 1038,
        "id": 295,
        "round_id": 2
    },
    {
        "big_flag": 0,
        "chara_id": 1038,
        "id": 296,
        "round_id": 2
    },
    {
        "big_flag": 0,
        "chara_id": 1038,
        "id": 297,
        "round_id": 2
    },
    {
        "big_flag": 0,
        "chara_id": 1040,
        "id": 301,
        "round_id": 2
    },
    {
        "big_flag": 0,
        "chara_id": 1040,
        "id": 302,
        "round_id": 2
    },
    {
        "big_flag": 0,
        "chara_id": 1040,
        "id": 303,
        "round_id": 2
    },
    {
        "big_flag": 0,
        "chara_id": 1041,
        "id": 304,
        "round_id": 2
    },
    {
        "big_flag": 0,
        "chara_id": 1041,
        "id": 305,
        "round_id": 2
    },
    {
        "big_flag": 0,
        "chara_id": 1041,
        "id": 306,
        "round_id": 2
    },
    {
        "big_flag": 0,
        "chara_id": 1045,
        "id": 316,
        "round_id": 2
    },
    {
        "big_flag": 0,
        "chara_id": 1045,
        "id": 317,
        "round_id": 2
    },
    {
        "big_flag": 0,
        "chara_id": 1045,
        "id": 318,
        "round_id": 2
    },
    {
        "big_flag": 0,
        "chara_id": 1046,
        "id": 319,
        "round_id": 2
    },
    {
        "big_flag": 0,
        "chara_id": 1046,
        "id": 320,
        "round_id": 2
    },
    {
        "big_flag": 0,
        "chara_id": 1046,
        "id": 321,
        "round_id": 2
    },
    {
        "big_flag": 0,
        "chara_id": 1050,
        "id": 331,
        "round_id": 2
    },
    {
        "big_flag": 0,
        "chara_id": 1050,
        "id": 332,
        "round_id": 2
    },
    {
        "big_flag": 0,
        "chara_id": 1050,
        "id": 333,
        "round_id": 2
    },
    {
        "big_flag": 0,
        "chara_id": 1052,
        "id": 337,
        "round_id": 2
    },
    {
        "big_flag": 0,
        "chara_id": 1052,
        "id": 338,
        "round_id": 2
    },
    {
        "big_flag": 0,
        "chara_id": 1052,
        "id": 339,
        "round_id": 2
    },
    {
        "big_flag": 0,
        "chara_id": 1056,
        "id": 349,
        "round_id": 2
    },
    {
        "big_flag": 0,
        "chara_id": 1056,
        "id": 350,
        "round_id": 2
    },
    {
        "big_flag": 0,
        "chara_id": 1056,
        "id": 351,
        "round_id": 2
    },
    {
        "big_flag": 0,
        "chara_id": 1058,
        "id": 355,
        "round_id": 2
    },
    {
        "big_flag": 0,
        "chara_id": 1058,
        "id": 356,
        "round_id": 2
    },
    {
        "big_flag": 0,
        "chara_id": 1058,
        "id": 357,
        "round_id": 2
    },
    {
        "big_flag": 0,
        "chara_id": 1060,
        "id": 361,
        "round_id": 2
    },
    {
        "big_flag": 0,
        "chara_id": 1060,
        "id": 362,
        "round_id": 2
    },
    {
        "big_flag": 0,
        "chara_id": 1060,
        "id": 363,
        "round_id": 2
    },
    {
        "big_flag": 0,
        "chara_id": 1061,
        "id": 364,
        "round_id": 2
    },
    {
        "big_flag": 0,
        "chara_id": 1061,
        "id": 365,
        "round_id": 2
    },
    {
        "big_flag": 0,
        "chara_id": 1061,
        "id": 366,
        "round_id": 2
    },
    {
        "big_flag": 0,
        "chara_id": 1001,
        "id": 367,
        "round_id": 3
    },
    {
        "big_flag": 0,
        "chara_id": 1001,
        "id": 368,
        "round_id": 3
    },
    {
        "big_flag": 0,
        "chara_id": 1001,
        "id": 369,
        "round_id": 3
    },
    {
        "big_flag": 0,
        "chara_id": 1002,
        "id": 370,
        "round_id": 3
    },
    {
        "big_flag": 0,
        "chara_id": 1002,
        "id": 371,
        "round_id": 3
    },
    {
        "big_flag": 0,
        "chara_id": 1002,
        "id": 372,
        "round_id": 3
    },
    {
        "big_flag": 0,
        "chara_id": 1003,
        "id": 373,
        "round_id": 3
    },
    {
        "big_flag": 0,
        "chara_id": 1003,
        "id": 374,
        "round_id": 3
    },
    {
        "big_flag": 0,
        "chara_id": 1003,
        "id": 375,
        "round_id": 3
    },
    {
        "big_flag": 0,
        "chara_id": 1004,
        "id": 376,
        "round_id": 3
    },
    {
        "big_flag": 0,
        "chara_id": 1004,
        "id": 377,
        "round_id": 3
    },
    {
        "big_flag": 0,
        "chara_id": 1004,
        "id": 378,
        "round_id": 3
    },
    {
        "big_flag": 0,
        "chara_id": 1005,
        "id": 379,
        "round_id": 3
    },
    {
        "big_flag": 0,
        "chara_id": 1005,
        "id": 380,
        "round_id": 3
    },
    {
        "big_flag": 0,
        "chara_id": 1005,
        "id": 381,
        "round_id": 3
    },
    {
        "big_flag": 0,
        "chara_id": 1006,
        "id": 382,
        "round_id": 3
    },
    {
        "big_flag": 0,
        "chara_id": 1006,
        "id": 383,
        "round_id": 3
    },
    {
        "big_flag": 0,
        "chara_id": 1006,
        "id": 384,
        "round_id": 3
    },
    {
        "big_flag": 0,
        "chara_id": 1007,
        "id": 385,
        "round_id": 3
    },
    {
        "big_flag": 0,
        "chara_id": 1007,
        "id": 386,
        "round_id": 3
    },
    {
        "big_flag": 0,
        "chara_id": 1007,
        "id": 387,
        "round_id": 3
    },
    {
        "big_flag": 0,
        "chara_id": 1008,
        "id": 388,
        "round_id": 3
    },
    {
        "big_flag": 0,
        "chara_id": 1008,
        "id": 389,
        "round_id": 3
    },
    {
        "big_flag": 0,
        "chara_id": 1008,
        "id": 390,
        "round_id": 3
    },
    {
        "big_flag": 0,
        "chara_id": 1009,
        "id": 391,
        "round_id": 3
    },
    {
        "big_flag": 0,
        "chara_id": 1009,
        "id": 392,
        "round_id": 3
    },
    {
        "big_flag": 0,
        "chara_id": 1009,
        "id": 393,
        "round_id": 3
    },
    {
        "big_flag": 0,
        "chara_id": 1010,
        "id": 394,
        "round_id": 3
    },
    {
        "big_flag": 0,
        "chara_id": 1010,
        "id": 395,
        "round_id": 3
    },
    {
        "big_flag": 0,
        "chara_id": 1010,
        "id": 396,
        "round_id": 3
    },
    {
        "big_flag": 0,
        "chara_id": 1011,
        "id": 397,
        "round_id": 3
    },
    {
        "big_flag": 0,
        "chara_id": 1011,
        "id": 398,
        "round_id": 3
    },
    {
        "big_flag": 0,
        "chara_id": 1011,
        "id": 399,
        "round_id": 3
    },
    {
        "big_flag": 0,
        "chara_id": 1012,
        "id": 400,
        "round_id": 3
    },
    {
        "big_flag": 0,
        "chara_id": 1012,
        "id": 401,
        "round_id": 3
    },
    {
        "big_flag": 0,
        "chara_id": 1012,
        "id": 402,
        "round_id": 3
    },
    {
        "big_flag": 0,
        "chara_id": 1013,
        "id": 403,
        "round_id": 3
    },
    {
        "big_flag": 0,
        "chara_id": 1013,
        "id": 404,
        "round_id": 3
    },
    {
        "big_flag": 0,
        "chara_id": 1013,
        "id": 405,
        "round_id": 3
    },
    {
        "big_flag": 0,
        "chara_id": 1014,
        "id": 406,
        "round_id": 3
    },
    {
        "big_flag": 0,
        "chara_id": 1014,
        "id": 407,
        "round_id": 3
    },
    {
        "big_flag": 0,
        "chara_id": 1014,
        "id": 408,
        "round_id": 3
    },
    {
        "big_flag": 0,
        "chara_id": 1015,
        "id": 409,
        "round_id": 3
    },
    {
        "big_flag": 0,
        "chara_id": 1015,
        "id": 410,
        "round_id": 3
    },
    {
        "big_flag": 0,
        "chara_id": 1015,
        "id": 411,
        "round_id": 3
    },
    {
        "big_flag": 0,
        "chara_id": 1016,
        "id": 412,
        "round_id": 3
    },
    {
        "big_flag": 0,
        "chara_id": 1016,
        "id": 413,
        "round_id": 3
    },
    {
        "big_flag": 0,
        "chara_id": 1016,
        "id": 414,
        "round_id": 3
    },
    {
        "big_flag": 0,
        "chara_id": 1017,
        "id": 415,
        "round_id": 3
    },
    {
        "big_flag": 0,
        "chara_id": 1017,
        "id": 416,
        "round_id": 3
    },
    {
        "big_flag": 0,
        "chara_id": 1017,
        "id": 417,
        "round_id": 3
    },
    {
        "big_flag": 0,
        "chara_id": 1018,
        "id": 418,
        "round_id": 3
    },
    {
        "big_flag": 0,
        "chara_id": 1018,
        "id": 419,
        "round_id": 3
    },
    {
        "big_flag": 0,
        "chara_id": 1018,
        "id": 420,
        "round_id": 3
    },
    {
        "big_flag": 0,
        "chara_id": 1020,
        "id": 424,
        "round_id": 3
    },
    {
        "big_flag": 0,
        "chara_id": 1020,
        "id": 425,
        "round_id": 3
    },
    {
        "big_flag": 0,
        "chara_id": 1020,
        "id": 426,
        "round_id": 3
    },
    {
        "big_flag": 0,
        "chara_id": 1023,
        "id": 433,
        "round_id": 3
    },
    {
        "big_flag": 0,
        "chara_id": 1023,
        "id": 434,
        "round_id": 3
    },
    {
        "big_flag": 0,
        "chara_id": 1023,
        "id": 435,
        "round_id": 3
    },
    {
        "big_flag": 0,
        "chara_id": 1024,
        "id": 436,
        "round_id": 3
    },
    {
        "big_flag": 0,
        "chara_id": 1024,
        "id": 437,
        "round_id": 3
    },
    {
        "big_flag": 0,
        "chara_id": 1024,
        "id": 438,
        "round_id": 3
    },
    {
        "big_flag": 0,
        "chara_id": 1026,
        "id": 442,
        "round_id": 3
    },
    {
        "big_flag": 0,
        "chara_id": 1026,
        "id": 443,
        "round_id": 3
    },
    {
        "big_flag": 0,
        "chara_id": 1026,
        "id": 444,
        "round_id": 3
    },
    {
        "big_flag": 0,
        "chara_id": 1027,
        "id": 445,
        "round_id": 3
    },
    {
        "big_flag": 0,
        "chara_id": 1027,
        "id": 446,
        "round_id": 3
    },
    {
        "big_flag": 0,
        "chara_id": 1027,
        "id": 447,
        "round_id": 3
    },
    {
        "big_flag": 0,
        "chara_id": 1030,
        "id": 454,
        "round_id": 3
    },
    {
        "big_flag": 0,
        "chara_id": 1030,
        "id": 455,
        "round_id": 3
    },
    {
        "big_flag": 0,
        "chara_id": 1030,
        "id": 456,
        "round_id": 3
    },
    {
        "big_flag": 0,
        "chara_id": 1032,
        "id": 460,
        "round_id": 3
    },
    {
        "big_flag": 0,
        "chara_id": 1032,
        "id": 461,
        "round_id": 3
    },
    {
        "big_flag": 0,
        "chara_id": 1032,
        "id": 462,
        "round_id": 3
    },
    {
        "big_flag": 0,
        "chara_id": 1035,
        "id": 469,
        "round_id": 3
    },
    {
        "big_flag": 0,
        "chara_id": 1035,
        "id": 470,
        "round_id": 3
    },
    {
        "big_flag": 0,
        "chara_id": 1035,
        "id": 471,
        "round_id": 3
    },
    {
        "big_flag": 0,
        "chara_id": 1037,
        "id": 475,
        "round_id": 3
    },
    {
        "big_flag": 0,
        "chara_id": 1037,
        "id": 476,
        "round_id": 3
    },
    {
        "big_flag": 0,
        "chara_id": 1037,
        "id": 477,
        "round_id": 3
    },
    {
        "big_flag": 0,
        "chara_id": 1038,
        "id": 478,
        "round_id": 3
    },
    {
        "big_flag": 0,
        "chara_id": 1038,
        "id": 479,
        "round_id": 3
    },
    {
        "big_flag": 0,
        "chara_id": 1038,
        "id": 480,
        "round_id": 3
    },
    {
        "big_flag": 0,
        "chara_id": 1040,
        "id": 484,
        "round_id": 3
    },
    {
        "big_flag": 0,
        "chara_id": 1040,
        "id": 485,
        "round_id": 3
    },
    {
        "big_flag": 0,
        "chara_id": 1040,
        "id": 486,
        "round_id": 3
    },
    {
        "big_flag": 0,
        "chara_id": 1041,
        "id": 487,
        "round_id": 3
    },
    {
        "big_flag": 0,
        "chara_id": 1041,
        "id": 488,
        "round_id": 3
    },
    {
        "big_flag": 0,
        "chara_id": 1041,
        "id": 489,
        "round_id": 3
    },
    {
        "big_flag": 0,
        "chara_id": 1045,
        "id": 499,
        "round_id": 3
    },
    {
        "big_flag": 0,
        "chara_id": 1045,
        "id": 500,
        "round_id": 3
    },
    {
        "big_flag": 0,
        "chara_id": 1045,
        "id": 501,
        "round_id": 3
    },
    {
        "big_flag": 0,
        "chara_id": 1046,
        "id": 502,
        "round_id": 3
    },
    {
        "big_flag": 0,
        "chara_id": 1046,
        "id": 503,
        "round_id": 3
    },
    {
        "big_flag": 0,
        "chara_id": 1046,
        "id": 504,
        "round_id": 3
    },
    {
        "big_flag": 0,
        "chara_id": 1050,
        "id": 514,
        "round_id": 3
    },
    {
        "big_flag": 0,
        "chara_id": 1050,
        "id": 515,
        "round_id": 3
    },
    {
        "big_flag": 0,
        "chara_id": 1050,
        "id": 516,
        "round_id": 3
    },
    {
        "big_flag": 0,
        "chara_id": 1052,
        "id": 520,
        "round_id": 3
    },
    {
        "big_flag": 0,
        "chara_id": 1052,
        "id": 521,
        "round_id": 3
    },
    {
        "big_flag": 0,
        "chara_id": 1052,
        "id": 522,
        "round_id": 3
    },
    {
        "big_flag": 0,
        "chara_id": 1056,
        "id": 532,
        "round_id": 3
    },
    {
        "big_flag": 0,
        "chara_id": 1056,
        "id": 533,
        "round_id": 3
    },
    {
        "big_flag": 0,
        "chara_id": 1056,
        "id": 534,
        "round_id": 3
    },
    {
        "big_flag": 0,
        "chara_id": 1058,
        "id": 538,
        "round_id": 3
    },
    {
        "big_flag": 0,
        "chara_id": 1058,
        "id": 539,
        "round_id": 3
    },
    {
        "big_flag": 0,
        "chara_id": 1058,
        "id": 540,
        "round_id": 3
    },
    {
        "big_flag": 0,
        "chara_id": 1060,
        "id": 544,
        "round_id": 3
    },
    {
        "big_flag": 0,
        "chara_id": 1060,
        "id": 545,
        "round_id": 3
    },
    {
        "big_flag": 0,
        "chara_id": 1060,
        "id": 546,
        "round_id": 3
    },
    {
        "big_flag": 0,
        "chara_id": 1061,
        "id": 547,
        "round_id": 3
    },
    {
        "big_flag": 0,
        "chara_id": 1061,
        "id": 548,
        "round_id": 3
    },
    {
        "big_flag": 0,
        "chara_id": 1061,
        "id": 549,
        "round_id": 3
    },
    {
        "big_flag": 0,
        "chara_id": 1001,
        "id": 550,
        "round_id": 4
    },
    {
        "big_flag": 0,
        "chara_id": 1001,
        "id": 551,
        "round_id": 4
    },
    {
        "big_flag": 0,
        "chara_id": 1002,
        "id": 552,
        "round_id": 4
    },
    {
        "big_flag": 0,
        "chara_id": 1002,
        "id": 553,
        "round_id": 4
    },
    {
        "big_flag": 0,
        "chara_id": 1003,
        "id": 554,
        "round_id": 4
    },
    {
        "big_flag": 0,
        "chara_id": 1003,
        "id": 555,
        "round_id": 4
    },
    {
        "big_flag": 0,
        "chara_id": 1004,
        "id": 556,
        "round_id": 4
    },
    {
        "big_flag": 0,
        "chara_id": 1004,
        "id": 557,
        "round_id": 4
    },
    {
        "big_flag": 0,
        "chara_id": 1005,
        "id": 558,
        "round_id": 4
    },
    {
        "big_flag": 0,
        "chara_id": 1005,
        "id": 559,
        "round_id": 4
    },
    {
        "big_flag": 0,
        "chara_id": 1006,
        "id": 560,
        "round_id": 4
    },
    {
        "big_flag": 0,
        "chara_id": 1006,
        "id": 561,
        "round_id": 4
    },
    {
        "big_flag": 0,
        "chara_id": 1007,
        "id": 562,
        "round_id": 4
    },
    {
        "big_flag": 0,
        "chara_id": 1007,
        "id": 563,
        "round_id": 4
    },
    {
        "big_flag": 0,
        "chara_id": 1008,
        "id": 564,
        "round_id": 4
    },
    {
        "big_flag": 0,
        "chara_id": 1008,
        "id": 565,
        "round_id": 4
    },
    {
        "big_flag": 0,
        "chara_id": 1009,
        "id": 566,
        "round_id": 4
    },
    {
        "big_flag": 0,
        "chara_id": 1009,
        "id": 567,
        "round_id": 4
    },
    {
        "big_flag": 0,
        "chara_id": 1010,
        "id": 568,
        "round_id": 4
    },
    {
        "big_flag": 0,
        "chara_id": 1010,
        "id": 569,
        "round_id": 4
    },
    {
        "big_flag": 0,
        "chara_id": 1011,
        "id": 570,
        "round_id": 4
    },
    {
        "big_flag": 0,
        "chara_id": 1011,
        "id": 571,
        "round_id": 4
    },
    {
        "big_flag": 0,
        "chara_id": 1012,
        "id": 572,
        "round_id": 4
    },
    {
        "big_flag": 0,
        "chara_id": 1012,
        "id": 573,
        "round_id": 4
    },
    {
        "big_flag": 0,
        "chara_id": 1013,
        "id": 574,
        "round_id": 4
    },
    {
        "big_flag": 0,
        "chara_id": 1013,
        "id": 575,
        "round_id": 4
    },
    {
        "big_flag": 0,
        "chara_id": 1014,
        "id": 576,
        "round_id": 4
    },
    {
        "big_flag": 0,
        "chara_id": 1014,
        "id": 577,
        "round_id": 4
    },
    {
        "big_flag": 0,
        "chara_id": 1015,
        "id": 578,
        "round_id": 4
    },
    {
        "big_flag": 0,
        "chara_id": 1015,
        "id": 579,
        "round_id": 4
    },
    {
        "big_flag": 0,
        "chara_id": 1016,
        "id": 580,
        "round_id": 4
    },
    {
        "big_flag": 0,
        "chara_id": 1016,
        "id": 581,
        "round_id": 4
    },
    {
        "big_flag": 0,
        "chara_id": 1017,
        "id": 582,
        "round_id": 4
    },
    {
        "big_flag": 0,
        "chara_id": 1017,
        "id": 583,
        "round_id": 4
    },
    {
        "big_flag": 0,
        "chara_id": 1018,
        "id": 584,
        "round_id": 4
    },
    {
        "big_flag": 0,
        "chara_id": 1018,
        "id": 585,
        "round_id": 4
    },
    {
        "big_flag": 0,
        "chara_id": 1020,
        "id": 588,
        "round_id": 4
    },
    {
        "big_flag": 0,
        "chara_id": 1020,
        "id": 589,
        "round_id": 4
    },
    {
        "big_flag": 0,
        "chara_id": 1023,
        "id": 594,
        "round_id": 4
    },
    {
        "big_flag": 0,
        "chara_id": 1023,
        "id": 595,
        "round_id": 4
    },
    {
        "big_flag": 0,
        "chara_id": 1024,
        "id": 596,
        "round_id": 4
    },
    {
        "big_flag": 0,
        "chara_id": 1024,
        "id": 597,
        "round_id": 4
    },
    {
        "big_flag": 0,
        "chara_id": 1026,
        "id": 600,
        "round_id": 4
    },
    {
        "big_flag": 0,
        "chara_id": 1026,
        "id": 601,
        "round_id": 4
    },
    {
        "big_flag": 0,
        "chara_id": 1027,
        "id": 602,
        "round_id": 4
    },
    {
        "big_flag": 0,
        "chara_id": 1027,
        "id": 603,
        "round_id": 4
    },
    {
        "big_flag": 0,
        "chara_id": 1030,
        "id": 608,
        "round_id": 4
    },
    {
        "big_flag": 0,
        "chara_id": 1030,
        "id": 609,
        "round_id": 4
    },
    {
        "big_flag": 0,
        "chara_id": 1032,
        "id": 612,
        "round_id": 4
    },
    {
        "big_flag": 0,
        "chara_id": 1032,
        "id": 613,
        "round_id": 4
    },
    {
        "big_flag": 0,
        "chara_id": 1035,
        "id": 618,
        "round_id": 4
    },
    {
        "big_flag": 0,
        "chara_id": 1035,
        "id": 619,
        "round_id": 4
    },
    {
        "big_flag": 0,
        "chara_id": 1037,
        "id": 622,
        "round_id": 4
    },
    {
        "big_flag": 0,
        "chara_id": 1037,
        "id": 623,
        "round_id": 4
    },
    {
        "big_flag": 0,
        "chara_id": 1038,
        "id": 624,
        "round_id": 4
    },
    {
        "big_flag": 0,
        "chara_id": 1038,
        "id": 625,
        "round_id": 4
    },
    {
        "big_flag": 0,
        "chara_id": 1040,
        "id": 628,
        "round_id": 4
    },
    {
        "big_flag": 0,
        "chara_id": 1040,
        "id": 629,
        "round_id": 4
    },
    {
        "big_flag": 0,
        "chara_id": 1041,
        "id": 630,
        "round_id": 4
    },
    {
        "big_flag": 0,
        "chara_id": 1041,
        "id": 631,
        "round_id": 4
    },
    {
        "big_flag": 0,
        "chara_id": 1045,
        "id": 638,
        "round_id": 4
    },
    {
        "big_flag": 0,
        "chara_id": 1045,
        "id": 639,
        "round_id": 4
    },
    {
        "big_flag": 0,
        "chara_id": 1046,
        "id": 640,
        "round_id": 4
    },
    {
        "big_flag": 0,
        "chara_id": 1046,
        "id": 641,
        "round_id": 4
    },
    {
        "big_flag": 0,
        "chara_id": 1050,
        "id": 648,
        "round_id": 4
    },
    {
        "big_flag": 0,
        "chara_id": 1050,
        "id": 649,
        "round_id": 4
    },
    {
        "big_flag": 0,
        "chara_id": 1052,
        "id": 652,
        "round_id": 4
    },
    {
        "big_flag": 0,
        "chara_id": 1052,
        "id": 653,
        "round_id": 4
    },
    {
        "big_flag": 0,
        "chara_id": 1056,
        "id": 660,
        "round_id": 4
    },
    {
        "big_flag": 0,
        "chara_id": 1056,
        "id": 661,
        "round_id": 4
    },
    {
        "big_flag": 0,
        "chara_id": 1058,
        "id": 664,
        "round_id": 4
    },
    {
        "big_flag": 0,
        "chara_id": 1058,
        "id": 665,
        "round_id": 4
    },
    {
        "big_flag": 0,
        "chara_id": 1060,
        "id": 668,
        "round_id": 4
    },
    {
        "big_flag": 0,
        "chara_id": 1060,
        "id": 669,
        "round_id": 4
    },
    {
        "big_flag": 0,
        "chara_id": 1061,
        "id": 670,
        "round_id": 4
    },
    {
        "big_flag": 0,
        "chara_id": 1061,
        "id": 671,
        "round_id": 4
    },
    {
        "big_flag": 0,
        "chara_id": 1001,
        "id": 672,
        "round_id": 5
    },
    {
        "big_flag": 0,
        "chara_id": 1001,
        "id": 673,
        "round_id": 5
    },
    {
        "big_flag": 0,
        "chara_id": 1002,
        "id": 674,
        "round_id": 5
    },
    {
        "big_flag": 0,
        "chara_id": 1002,
        "id": 675,
        "round_id": 5
    },
    {
        "big_flag": 0,
        "chara_id": 1003,
        "id": 676,
        "round_id": 5
    },
    {
        "big_flag": 0,
        "chara_id": 1003,
        "id": 677,
        "round_id": 5
    },
    {
        "big_flag": 0,
        "chara_id": 1004,
        "id": 678,
        "round_id": 5
    },
    {
        "big_flag": 0,
        "chara_id": 1004,
        "id": 679,
        "round_id": 5
    },
    {
        "big_flag": 0,
        "chara_id": 1005,
        "id": 680,
        "round_id": 5
    },
    {
        "big_flag": 0,
        "chara_id": 1005,
        "id": 681,
        "round_id": 5
    },
    {
        "big_flag": 0,
        "chara_id": 1006,
        "id": 682,
        "round_id": 5
    },
    {
        "big_flag": 0,
        "chara_id": 1006,
        "id": 683,
        "round_id": 5
    },
    {
        "big_flag": 0,
        "chara_id": 1007,
        "id": 684,
        "round_id": 5
    },
    {
        "big_flag": 0,
        "chara_id": 1007,
        "id": 685,
        "round_id": 5
    },
    {
        "big_flag": 0,
        "chara_id": 1008,
        "id": 686,
        "round_id": 5
    },
    {
        "big_flag": 0,
        "chara_id": 1008,
        "id": 687,
        "round_id": 5
    },
    {
        "big_flag": 0,
        "chara_id": 1009,
        "id": 688,
        "round_id": 5
    },
    {
        "big_flag": 0,
        "chara_id": 1009,
        "id": 689,
        "round_id": 5
    },
    {
        "big_flag": 0,
        "chara_id": 1010,
        "id": 690,
        "round_id": 5
    },
    {
        "big_flag": 0,
        "chara_id": 1010,
        "id": 691,
        "round_id": 5
    },
    {
        "big_flag": 0,
        "chara_id": 1011,
        "id": 692,
        "round_id": 5
    },
    {
        "big_flag": 0,
        "chara_id": 1011,
        "id": 693,
        "round_id": 5
    },
    {
        "big_flag": 0,
        "chara_id": 1012,
        "id": 694,
        "round_id": 5
    },
    {
        "big_flag": 0,
        "chara_id": 1012,
        "id": 695,
        "round_id": 5
    },
    {
        "big_flag": 0,
        "chara_id": 1013,
        "id": 696,
        "round_id": 5
    },
    {
        "big_flag": 0,
        "chara_id": 1013,
        "id": 697,
        "round_id": 5
    },
    {
        "big_flag": 0,
        "chara_id": 1014,
        "id": 698,
        "round_id": 5
    },
    {
        "big_flag": 0,
        "chara_id": 1014,
        "id": 699,
        "round_id": 5
    },
    {
        "big_flag": 0,
        "chara_id": 1015,
        "id": 700,
        "round_id": 5
    },
    {
        "big_flag": 0,
        "chara_id": 1015,
        "id": 701,
        "round_id": 5
    },
    {
        "big_flag": 0,
        "chara_id": 1016,
        "id": 702,
        "round_id": 5
    },
    {
        "big_flag": 0,
        "chara_id": 1016,
        "id": 703,
        "round_id": 5
    },
    {
        "big_flag": 0,
        "chara_id": 1017,
        "id": 704,
        "round_id": 5
    },
    {
        "big_flag": 0,
        "chara_id": 1017,
        "id": 705,
        "round_id": 5
    },
    {
        "big_flag": 0,
        "chara_id": 1018,
        "id": 706,
        "round_id": 5
    },
    {
        "big_flag": 0,
        "chara_id": 1018,
        "id": 707,
        "round_id": 5
    },
    {
        "big_flag": 0,
        "chara_id": 1020,
        "id": 710,
        "round_id": 5
    },
    {
        "big_flag": 0,
        "chara_id": 1020,
        "id": 711,
        "round_id": 5
    },
    {
        "big_flag": 0,
        "chara_id": 1023,
        "id": 716,
        "round_id": 5
    },
    {
        "big_flag": 0,
        "chara_id": 1023,
        "id": 717,
        "round_id": 5
    },
    {
        "big_flag": 0,
        "chara_id": 1024,
        "id": 718,
        "round_id": 5
    },
    {
        "big_flag": 0,
        "chara_id": 1024,
        "id": 719,
        "round_id": 5
    },
    {
        "big_flag": 0,
        "chara_id": 1026,
        "id": 722,
        "round_id": 5
    },
    {
        "big_flag": 0,
        "chara_id": 1026,
        "id": 723,
        "round_id": 5
    },
    {
        "big_flag": 0,
        "chara_id": 1027,
        "id": 724,
        "round_id": 5
    },
    {
        "big_flag": 0,
        "chara_id": 1027,
        "id": 725,
        "round_id": 5
    },
    {
        "big_flag": 0,
        "chara_id": 1030,
        "id": 730,
        "round_id": 5
    },
    {
        "big_flag": 0,
        "chara_id": 1030,
        "id": 731,
        "round_id": 5
    },
    {
        "big_flag": 0,
        "chara_id": 1032,
        "id": 734,
        "round_id": 5
    },
    {
        "big_flag": 0,
        "chara_id": 1032,
        "id": 735,
        "round_id": 5
    },
    {
        "big_flag": 0,
        "chara_id": 1035,
        "id": 740,
        "round_id": 5
    },
    {
        "big_flag": 0,
        "chara_id": 1035,
        "id": 741,
        "round_id": 5
    },
    {
        "big_flag": 0,
        "chara_id": 1037,
        "id": 744,
        "round_id": 5
    },
    {
        "big_flag": 0,
        "chara_id": 1037,
        "id": 745,
        "round_id": 5
    },
    {
        "big_flag": 0,
        "chara_id": 1038,
        "id": 746,
        "round_id": 5
    },
    {
        "big_flag": 0,
        "chara_id": 1038,
        "id": 747,
        "round_id": 5
    },
    {
        "big_flag": 0,
        "chara_id": 1040,
        "id": 750,
        "round_id": 5
    },
    {
        "big_flag": 0,
        "chara_id": 1040,
        "id": 751,
        "round_id": 5
    },
    {
        "big_flag": 0,
        "chara_id": 1041,
        "id": 752,
        "round_id": 5
    },
    {
        "big_flag": 0,
        "chara_id": 1041,
        "id": 753,
        "round_id": 5
    },
    {
        "big_flag": 0,
        "chara_id": 1045,
        "id": 760,
        "round_id": 5
    },
    {
        "big_flag": 0,
        "chara_id": 1045,
        "id": 761,
        "round_id": 5
    },
    {
        "big_flag": 0,
        "chara_id": 1046,
        "id": 762,
        "round_id": 5
    },
    {
        "big_flag": 0,
        "chara_id": 1046,
        "id": 763,
        "round_id": 5
    },
    {
        "big_flag": 0,
        "chara_id": 1050,
        "id": 770,
        "round_id": 5
    },
    {
        "big_flag": 0,
        "chara_id": 1050,
        "id": 771,
        "round_id": 5
    },
    {
        "big_flag": 0,
        "chara_id": 1052,
        "id": 774,
        "round_id": 5
    },
    {
        "big_flag": 0,
        "chara_id": 1052,
        "id": 775,
        "round_id": 5
    },
    {
        "big_flag": 0,
        "chara_id": 1056,
        "id": 782,
        "round_id": 5
    },
    {
        "big_flag": 0,
        "chara_id": 1056,
        "id": 783,
        "round_id": 5
    },
    {
        "big_flag": 0,
        "chara_id": 1058,
        "id": 786,
        "round_id": 5
    },
    {
        "big_flag": 0,
        "chara_id": 1058,
        "id": 787,
        "round_id": 5
    },
    {
        "big_flag": 0,
        "chara_id": 1060,
        "id": 790,
        "round_id": 5
    },
    {
        "big_flag": 0,
        "chara_id": 1060,
        "id": 791,
        "round_id": 5
    },
    {
        "big_flag": 0,
        "chara_id": 1061,
        "id": 792,
        "round_id": 5
    },
    {
        "big_flag": 0,
        "chara_id": 1061,
        "id": 793,
        "round_id": 5
    },
    {
        "big_flag": 0,
        "chara_id": 0,
        "id": 794,
        "round_id": 1
    },
    {
        "big_flag": 0,
        "chara_id": 0,
        "id": 795,
        "round_id": 2
    },
    {
        "big_flag": 0,
        "chara_id": 0,
        "id": 796,
        "round_id": 3
    },
    {
        "big_flag": 0,
        "chara_id": 0,
        "id": 797,
        "round_id": 4
    },
    {
        "big_flag": 0,
        "chara_id": 0,
        "id": 798,
        "round_id": 5
    }
]