[
    {
        "champions_bg_id": 24,
        "champions_bg_position_x": 5500000,
        "champions_bg_sub_id": 111,
        "champions_finish_bg_id": 0,
        "champions_finish_bg_position_x": 0,
        "champions_finish_bg_sub_id": 130,
        "champions_league_select_bg_sub_id": 110,
        "end_date": 1662260399,
        "id": 1,
        "info_detail": 0,
        "info_detail_1": 100006,
        "info_detail_2": 100002,
        "notice_date": -32400,
        "resource_id": 5,
        "start_date": 1661396400
    },
    {
        "champions_bg_id": 79,
        "champions_bg_position_x": -6000000,
        "champions_bg_sub_id": 111,
        "champions_finish_bg_id": 0,
        "champions_finish_bg_position_x": 0,
        "champions_finish_bg_sub_id": 134,
        "champions_league_select_bg_sub_id": 110,
        "end_date": 1665284399,
        "id": 2,
        "info_detail": 0,
        "info_detail_1": 100007,
        "info_detail_2": 100008,
        "notice_date": -32400,
        "resource_id": 6,
        "start_date": 1664420400
    },
    {
        "champions_bg_id": 24,
        "champions_bg_position_x": 5500000,
        "champions_bg_sub_id": 111,
        "champions_finish_bg_id": 0,
        "champions_finish_bg_position_x": 0,
        "champions_finish_bg_sub_id": 130,
        "champions_league_select_bg_sub_id": 110,
        "end_date": 1668394799,
        "id": 3,
        "info_detail": 0,
        "info_detail_1": 500001,
        "info_detail_2": 500002,
        "notice_date": -32400,
        "resource_id": 7,
        "start_date": 1667617200
    },
    {
        "champions_bg_id": 78,
        "champions_bg_position_x": -6000000,
        "champions_bg_sub_id": 111,
        "champions_finish_bg_id": 0,
        "champions_finish_bg_position_x": 0,
        "champions_finish_bg_sub_id": 130,
        "champions_league_select_bg_sub_id": 110,
        "end_date": 1671073199,
        "id": 4,
        "info_detail": 0,
        "info_detail_1": 500003,
        "info_detail_2": 500004,
        "notice_date": -32400,
        "resource_id": 8,
        "start_date": 1670295600
    }
]