[
    {
        "breakthrough_number_1": 0,
        "breakthrough_number_2": 0,
        "champions_id": 1,
        "entry_number": 0,
        "free_entry_number": 0,
        "id": 1,
        "league_type": 1,
        "round": 0,
        "round_id": 0,
        "round_number": 0,
        "tier": 0
    },
    {
        "breakthrough_number_1": 3,
        "breakthrough_number_2": 0,
        "champions_id": 1,
        "entry_number": 3,
        "free_entry_number": 1,
        "id": 2,
        "league_type": 1,
        "round": 1,
        "round_id": 1,
        "round_number": 5,
        "tier": 2
    },
    {
        "breakthrough_number_1": 3,
        "breakthrough_number_2": 0,
        "champions_id": 1,
        "entry_number": 3,
        "free_entry_number": 1,
        "id": 3,
        "league_type": 1,
        "round": 2,
        "round_id": 2,
        "round_number": 5,
        "tier": 1
    },
    {
        "breakthrough_number_1": 3,
        "breakthrough_number_2": 2,
        "champions_id": 1,
        "entry_number": 3,
        "free_entry_number": 1,
        "id": 4,
        "league_type": 1,
        "round": 2,
        "round_id": 3,
        "round_number": 5,
        "tier": 2
    },
    {
        "breakthrough_number_1": 0,
        "breakthrough_number_2": 0,
        "champions_id": 1,
        "entry_number": 0,
        "free_entry_number": 1,
        "id": 5,
        "league_type": 1,
        "round": 3,
        "round_id": 4,
        "round_number": 1,
        "tier": 1
    },
    {
        "breakthrough_number_1": 0,
        "breakthrough_number_2": 0,
        "champions_id": 1,
        "entry_number": 0,
        "free_entry_number": 1,
        "id": 6,
        "league_type": 1,
        "round": 3,
        "round_id": 5,
        "round_number": 1,
        "tier": 2
    },
    {
        "breakthrough_number_1": 0,
        "breakthrough_number_2": 0,
        "champions_id": 1,
        "entry_number": 0,
        "free_entry_number": 0,
        "id": 7,
        "league_type": 1,
        "round": 3,
        "round_id": 6,
        "round_number": 0,
        "tier": 0
    },
    {
        "breakthrough_number_1": 0,
        "breakthrough_number_2": 0,
        "champions_id": 1,
        "entry_number": 0,
        "free_entry_number": 0,
        "id": 8,
        "league_type": 2,
        "round": 0,
        "round_id": 0,
        "round_number": 0,
        "tier": 0
    },
    {
        "breakthrough_number_1": 3,
        "breakthrough_number_2": 0,
        "champions_id": 1,
        "entry_number": 3,
        "free_entry_number": 1,
        "id": 9,
        "league_type": 2,
        "round": 1,
        "round_id": 1,
        "round_number": 5,
        "tier": 2
    },
    {
        "breakthrough_number_1": 3,
        "breakthrough_number_2": 0,
        "champions_id": 1,
        "entry_number": 3,
        "free_entry_number": 1,
        "id": 10,
        "league_type": 2,
        "round": 2,
        "round_id": 2,
        "round_number": 5,
        "tier": 1
    },
    {
        "breakthrough_number_1": 3,
        "breakthrough_number_2": 2,
        "champions_id": 1,
        "entry_number": 3,
        "free_entry_number": 1,
        "id": 11,
        "league_type": 2,
        "round": 2,
        "round_id": 3,
        "round_number": 5,
        "tier": 2
    },
    {
        "breakthrough_number_1": 0,
        "breakthrough_number_2": 0,
        "champions_id": 1,
        "entry_number": 0,
        "free_entry_number": 1,
        "id": 12,
        "league_type": 2,
        "round": 3,
        "round_id": 4,
        "round_number": 1,
        "tier": 1
    },
    {
        "breakthrough_number_1": 0,
        "breakthrough_number_2": 0,
        "champions_id": 1,
        "entry_number": 0,
        "free_entry_number": 1,
        "id": 13,
        "league_type": 2,
        "round": 3,
        "round_id": 5,
        "round_number": 1,
        "tier": 2
    },
    {
        "breakthrough_number_1": 0,
        "breakthrough_number_2": 0,
        "champions_id": 1,
        "entry_number": 0,
        "free_entry_number": 0,
        "id": 14,
        "league_type": 2,
        "round": 3,
        "round_id": 6,
        "round_number": 0,
        "tier": 0
    },
    {
        "breakthrough_number_1": 0,
        "breakthrough_number_2": 0,
        "champions_id": 2,
        "entry_number": 0,
        "free_entry_number": 0,
        "id": 15,
        "league_type": 1,
        "round": 0,
        "round_id": 0,
        "round_number": 0,
        "tier": 0
    },
    {
        "breakthrough_number_1": 3,
        "breakthrough_number_2": 0,
        "champions_id": 2,
        "entry_number": 3,
        "free_entry_number": 1,
        "id": 16,
        "league_type": 1,
        "round": 1,
        "round_id": 1,
        "round_number": 5,
        "tier": 2
    },
    {
        "breakthrough_number_1": 1,
        "breakthrough_number_2": 0,
        "champions_id": 2,
        "entry_number": 3,
        "free_entry_number": 1,
        "id": 17,
        "league_type": 1,
        "round": 2,
        "round_id": 2,
        "round_number": 5,
        "tier": 1
    },
    {
        "breakthrough_number_1": 3,
        "breakthrough_number_2": 1,
        "champions_id": 2,
        "entry_number": 3,
        "free_entry_number": 1,
        "id": 18,
        "league_type": 1,
        "round": 2,
        "round_id": 3,
        "round_number": 5,
        "tier": 2
    },
    {
        "breakthrough_number_1": 0,
        "breakthrough_number_2": 0,
        "champions_id": 2,
        "entry_number": 0,
        "free_entry_number": 1,
        "id": 19,
        "league_type": 1,
        "round": 3,
        "round_id": 4,
        "round_number": 1,
        "tier": 1
    },
    {
        "breakthrough_number_1": 0,
        "breakthrough_number_2": 0,
        "champions_id": 2,
        "entry_number": 0,
        "free_entry_number": 1,
        "id": 20,
        "league_type": 1,
        "round": 3,
        "round_id": 5,
        "round_number": 1,
        "tier": 2
    },
    {
        "breakthrough_number_1": 0,
        "breakthrough_number_2": 0,
        "champions_id": 2,
        "entry_number": 0,
        "free_entry_number": 0,
        "id": 21,
        "league_type": 1,
        "round": 3,
        "round_id": 6,
        "round_number": 0,
        "tier": 0
    },
    {
        "breakthrough_number_1": 0,
        "breakthrough_number_2": 0,
        "champions_id": 2,
        "entry_number": 0,
        "free_entry_number": 0,
        "id": 22,
        "league_type": 2,
        "round": 0,
        "round_id": 0,
        "round_number": 0,
        "tier": 0
    },
    {
        "breakthrough_number_1": 3,
        "breakthrough_number_2": 0,
        "champions_id": 2,
        "entry_number": 3,
        "free_entry_number": 1,
        "id": 23,
        "league_type": 2,
        "round": 1,
        "round_id": 1,
        "round_number": 5,
        "tier": 2
    },
    {
        "breakthrough_number_1": 1,
        "breakthrough_number_2": 0,
        "champions_id": 2,
        "entry_number": 3,
        "free_entry_number": 1,
        "id": 24,
        "league_type": 2,
        "round": 2,
        "round_id": 2,
        "round_number": 5,
        "tier": 1
    },
    {
        "breakthrough_number_1": 3,
        "breakthrough_number_2": 1,
        "champions_id": 2,
        "entry_number": 3,
        "free_entry_number": 1,
        "id": 25,
        "league_type": 2,
        "round": 2,
        "round_id": 3,
        "round_number": 5,
        "tier": 2
    },
    {
        "breakthrough_number_1": 0,
        "breakthrough_number_2": 0,
        "champions_id": 2,
        "entry_number": 0,
        "free_entry_number": 1,
        "id": 26,
        "league_type": 2,
        "round": 3,
        "round_id": 4,
        "round_number": 1,
        "tier": 1
    },
    {
        "breakthrough_number_1": 0,
        "breakthrough_number_2": 0,
        "champions_id": 2,
        "entry_number": 0,
        "free_entry_number": 1,
        "id": 27,
        "league_type": 2,
        "round": 3,
        "round_id": 5,
        "round_number": 1,
        "tier": 2
    },
    {
        "breakthrough_number_1": 0,
        "breakthrough_number_2": 0,
        "champions_id": 2,
        "entry_number": 0,
        "free_entry_number": 0,
        "id": 28,
        "league_type": 2,
        "round": 3,
        "round_id": 6,
        "round_number": 0,
        "tier": 0
    },
    {
        "breakthrough_number_1": 0,
        "breakthrough_number_2": 0,
        "champions_id": 3,
        "entry_number": 0,
        "free_entry_number": 0,
        "id": 29,
        "league_type": 1,
        "round": 0,
        "round_id": 0,
        "round_number": 0,
        "tier": 0
    },
    {
        "breakthrough_number_1": 3,
        "breakthrough_number_2": 0,
        "champions_id": 3,
        "entry_number": 3,
        "free_entry_number": 1,
        "id": 30,
        "league_type": 1,
        "round": 1,
        "round_id": 1,
        "round_number": 5,
        "tier": 2
    },
    {
        "breakthrough_number_1": 1,
        "breakthrough_number_2": 0,
        "champions_id": 3,
        "entry_number": 3,
        "free_entry_number": 1,
        "id": 31,
        "league_type": 1,
        "round": 2,
        "round_id": 2,
        "round_number": 5,
        "tier": 1
    },
    {
        "breakthrough_number_1": 3,
        "breakthrough_number_2": 1,
        "champions_id": 3,
        "entry_number": 3,
        "free_entry_number": 1,
        "id": 32,
        "league_type": 1,
        "round": 2,
        "round_id": 3,
        "round_number": 5,
        "tier": 2
    },
    {
        "breakthrough_number_1": 0,
        "breakthrough_number_2": 0,
        "champions_id": 3,
        "entry_number": 0,
        "free_entry_number": 1,
        "id": 33,
        "league_type": 1,
        "round": 3,
        "round_id": 4,
        "round_number": 1,
        "tier": 1
    },
    {
        "breakthrough_number_1": 0,
        "breakthrough_number_2": 0,
        "champions_id": 3,
        "entry_number": 0,
        "free_entry_number": 1,
        "id": 34,
        "league_type": 1,
        "round": 3,
        "round_id": 5,
        "round_number": 1,
        "tier": 2
    },
    {
        "breakthrough_number_1": 0,
        "breakthrough_number_2": 0,
        "champions_id": 3,
        "entry_number": 0,
        "free_entry_number": 0,
        "id": 35,
        "league_type": 1,
        "round": 3,
        "round_id": 6,
        "round_number": 0,
        "tier": 0
    },
    {
        "breakthrough_number_1": 0,
        "breakthrough_number_2": 0,
        "champions_id": 3,
        "entry_number": 0,
        "free_entry_number": 0,
        "id": 36,
        "league_type": 2,
        "round": 0,
        "round_id": 0,
        "round_number": 0,
        "tier": 0
    },
    {
        "breakthrough_number_1": 3,
        "breakthrough_number_2": 0,
        "champions_id": 3,
        "entry_number": 3,
        "free_entry_number": 1,
        "id": 37,
        "league_type": 2,
        "round": 1,
        "round_id": 1,
        "round_number": 5,
        "tier": 2
    },
    {
        "breakthrough_number_1": 1,
        "breakthrough_number_2": 0,
        "champions_id": 3,
        "entry_number": 3,
        "free_entry_number": 1,
        "id": 38,
        "league_type": 2,
        "round": 2,
        "round_id": 2,
        "round_number": 5,
        "tier": 1
    },
    {
        "breakthrough_number_1": 3,
        "breakthrough_number_2": 1,
        "champions_id": 3,
        "entry_number": 3,
        "free_entry_number": 1,
        "id": 39,
        "league_type": 2,
        "round": 2,
        "round_id": 3,
        "round_number": 5,
        "tier": 2
    },
    {
        "breakthrough_number_1": 0,
        "breakthrough_number_2": 0,
        "champions_id": 3,
        "entry_number": 0,
        "free_entry_number": 1,
        "id": 40,
        "league_type": 2,
        "round": 3,
        "round_id": 4,
        "round_number": 1,
        "tier": 1
    },
    {
        "breakthrough_number_1": 0,
        "breakthrough_number_2": 0,
        "champions_id": 3,
        "entry_number": 0,
        "free_entry_number": 1,
        "id": 41,
        "league_type": 2,
        "round": 3,
        "round_id": 5,
        "round_number": 1,
        "tier": 2
    },
    {
        "breakthrough_number_1": 0,
        "breakthrough_number_2": 0,
        "champions_id": 3,
        "entry_number": 0,
        "free_entry_number": 0,
        "id": 42,
        "league_type": 2,
        "round": 3,
        "round_id": 6,
        "round_number": 0,
        "tier": 0
    },
    {
        "breakthrough_number_1": 0,
        "breakthrough_number_2": 0,
        "champions_id": 4,
        "entry_number": 0,
        "free_entry_number": 0,
        "id": 43,
        "league_type": 1,
        "round": 0,
        "round_id": 0,
        "round_number": 0,
        "tier": 0
    },
    {
        "breakthrough_number_1": 3,
        "breakthrough_number_2": 0,
        "champions_id": 4,
        "entry_number": 3,
        "free_entry_number": 1,
        "id": 44,
        "league_type": 1,
        "round": 1,
        "round_id": 1,
        "round_number": 5,
        "tier": 2
    },
    {
        "breakthrough_number_1": 1,
        "breakthrough_number_2": 0,
        "champions_id": 4,
        "entry_number": 3,
        "free_entry_number": 1,
        "id": 45,
        "league_type": 1,
        "round": 2,
        "round_id": 2,
        "round_number": 5,
        "tier": 1
    },
    {
        "breakthrough_number_1": 3,
        "breakthrough_number_2": 1,
        "champions_id": 4,
        "entry_number": 3,
        "free_entry_number": 1,
        "id": 46,
        "league_type": 1,
        "round": 2,
        "round_id": 3,
        "round_number": 5,
        "tier": 2
    },
    {
        "breakthrough_number_1": 0,
        "breakthrough_number_2": 0,
        "champions_id": 4,
        "entry_number": 0,
        "free_entry_number": 1,
        "id": 47,
        "league_type": 1,
        "round": 3,
        "round_id": 4,
        "round_number": 1,
        "tier": 1
    },
    {
        "breakthrough_number_1": 0,
        "breakthrough_number_2": 0,
        "champions_id": 4,
        "entry_number": 0,
        "free_entry_number": 1,
        "id": 48,
        "league_type": 1,
        "round": 3,
        "round_id": 5,
        "round_number": 1,
        "tier": 2
    },
    {
        "breakthrough_number_1": 0,
        "breakthrough_number_2": 0,
        "champions_id": 4,
        "entry_number": 0,
        "free_entry_number": 0,
        "id": 49,
        "league_type": 1,
        "round": 3,
        "round_id": 6,
        "round_number": 0,
        "tier": 0
    },
    {
        "breakthrough_number_1": 0,
        "breakthrough_number_2": 0,
        "champions_id": 4,
        "entry_number": 0,
        "free_entry_number": 0,
        "id": 50,
        "league_type": 2,
        "round": 0,
        "round_id": 0,
        "round_number": 0,
        "tier": 0
    },
    {
        "breakthrough_number_1": 3,
        "breakthrough_number_2": 0,
        "champions_id": 4,
        "entry_number": 3,
        "free_entry_number": 1,
        "id": 51,
        "league_type": 2,
        "round": 1,
        "round_id": 1,
        "round_number": 5,
        "tier": 2
    },
    {
        "breakthrough_number_1": 1,
        "breakthrough_number_2": 0,
        "champions_id": 4,
        "entry_number": 3,
        "free_entry_number": 1,
        "id": 52,
        "league_type": 2,
        "round": 2,
        "round_id": 2,
        "round_number": 5,
        "tier": 1
    },
    {
        "breakthrough_number_1": 3,
        "breakthrough_number_2": 1,
        "champions_id": 4,
        "entry_number": 3,
        "free_entry_number": 1,
        "id": 53,
        "league_type": 2,
        "round": 2,
        "round_id": 3,
        "round_number": 5,
        "tier": 2
    },
    {
        "breakthrough_number_1": 0,
        "breakthrough_number_2": 0,
        "champions_id": 4,
        "entry_number": 0,
        "free_entry_number": 1,
        "id": 54,
        "league_type": 2,
        "round": 3,
        "round_id": 4,
        "round_number": 1,
        "tier": 1
    },
    {
        "breakthrough_number_1": 0,
        "breakthrough_number_2": 0,
        "champions_id": 4,
        "entry_number": 0,
        "free_entry_number": 1,
        "id": 55,
        "league_type": 2,
        "round": 3,
        "round_id": 5,
        "round_number": 1,
        "tier": 2
    },
    {
        "breakthrough_number_1": 0,
        "breakthrough_number_2": 0,
        "champions_id": 4,
        "entry_number": 0,
        "free_entry_number": 0,
        "id": 56,
        "league_type": 2,
        "round": 3,
        "round_id": 6,
        "round_number": 0,
        "tier": 0
    }
]