[
    {
        "id": 100,
        "resource_id": 0,
        "text_number": 1,
        "trainer_text_group": 1
    },
    {
        "id": 101,
        "resource_id": 0,
        "text_number": 1,
        "trainer_text_group": 1
    },
    {
        "id": 200,
        "resource_id": 0,
        "text_number": 2,
        "trainer_text_group": 1
    },
    {
        "id": 201,
        "resource_id": 0,
        "text_number": 2,
        "trainer_text_group": 1
    },
    {
        "id": 300,
        "resource_id": 0,
        "text_number": 3,
        "trainer_text_group": 1
    },
    {
        "id": 301,
        "resource_id": 0,
        "text_number": 3,
        "trainer_text_group": 1
    },
    {
        "id": 302,
        "resource_id": 0,
        "text_number": 3,
        "trainer_text_group": 1
    },
    {
        "id": 1000,
        "resource_id": 0,
        "text_number": 1,
        "trainer_text_group": 10
    },
    {
        "id": 1001,
        "resource_id": 0,
        "text_number": 1,
        "trainer_text_group": 10
    },
    {
        "id": 1100,
        "resource_id": 0,
        "text_number": 2,
        "trainer_text_group": 10
    },
    {
        "id": 1101,
        "resource_id": 0,
        "text_number": 2,
        "trainer_text_group": 10
    },
    {
        "id": 1102,
        "resource_id": 0,
        "text_number": 2,
        "trainer_text_group": 10
    },
    {
        "id": 1103,
        "resource_id": 0,
        "text_number": 2,
        "trainer_text_group": 10
    },
    {
        "id": 1200,
        "resource_id": 0,
        "text_number": 3,
        "trainer_text_group": 10
    },
    {
        "id": 1201,
        "resource_id": 0,
        "text_number": 3,
        "trainer_text_group": 10
    },
    {
        "id": 2000,
        "resource_id": 0,
        "text_number": 1,
        "trainer_text_group": 20
    },
    {
        "id": 2001,
        "resource_id": 0,
        "text_number": 1,
        "trainer_text_group": 20
    },
    {
        "id": 2100,
        "resource_id": 0,
        "text_number": 2,
        "trainer_text_group": 20
    },
    {
        "id": 2101,
        "resource_id": 0,
        "text_number": 2,
        "trainer_text_group": 20
    },
    {
        "id": 2200,
        "resource_id": 0,
        "text_number": 3,
        "trainer_text_group": 20
    },
    {
        "id": 2201,
        "resource_id": 0,
        "text_number": 3,
        "trainer_text_group": 20
    },
    {
        "id": 2202,
        "resource_id": 0,
        "text_number": 3,
        "trainer_text_group": 20
    },
    {
        "id": 3000,
        "resource_id": 0,
        "text_number": 1,
        "trainer_text_group": 30
    },
    {
        "id": 3001,
        "resource_id": 0,
        "text_number": 1,
        "trainer_text_group": 30
    },
    {
        "id": 3100,
        "resource_id": 0,
        "text_number": 2,
        "trainer_text_group": 30
    },
    {
        "id": 3101,
        "resource_id": 0,
        "text_number": 2,
        "trainer_text_group": 30
    },
    {
        "id": 3200,
        "resource_id": 0,
        "text_number": 3,
        "trainer_text_group": 30
    },
    {
        "id": 3201,
        "resource_id": 0,
        "text_number": 3,
        "trainer_text_group": 30
    },
    {
        "id": 4000,
        "resource_id": 0,
        "text_number": 1,
        "trainer_text_group": 40
    },
    {
        "id": 4001,
        "resource_id": 0,
        "text_number": 1,
        "trainer_text_group": 40
    },
    {
        "id": 4100,
        "resource_id": 0,
        "text_number": 2,
        "trainer_text_group": 40
    },
    {
        "id": 4101,
        "resource_id": 0,
        "text_number": 2,
        "trainer_text_group": 40
    },
    {
        "id": 4200,
        "resource_id": 0,
        "text_number": 3,
        "trainer_text_group": 40
    },
    {
        "id": 4201,
        "resource_id": 0,
        "text_number": 3,
        "trainer_text_group": 40
    },
    {
        "id": 5000,
        "resource_id": 0,
        "text_number": 1,
        "trainer_text_group": 50
    },
    {
        "id": 5001,
        "resource_id": 0,
        "text_number": 1,
        "trainer_text_group": 50
    },
    {
        "id": 5100,
        "resource_id": 0,
        "text_number": 2,
        "trainer_text_group": 50
    },
    {
        "id": 5101,
        "resource_id": 0,
        "text_number": 2,
        "trainer_text_group": 50
    },
    {
        "id": 5200,
        "resource_id": 0,
        "text_number": 3,
        "trainer_text_group": 50
    },
    {
        "id": 5201,
        "resource_id": 0,
        "text_number": 3,
        "trainer_text_group": 50
    },
    {
        "id": 5202,
        "resource_id": 0,
        "text_number": 3,
        "trainer_text_group": 50
    },
    {
        "id": 6000,
        "resource_id": 0,
        "text_number": 1,
        "trainer_text_group": 60
    },
    {
        "id": 6001,
        "resource_id": 0,
        "text_number": 1,
        "trainer_text_group": 60
    },
    {
        "id": 6100,
        "resource_id": 0,
        "text_number": 2,
        "trainer_text_group": 60
    },
    {
        "id": 6101,
        "resource_id": 0,
        "text_number": 2,
        "trainer_text_group": 60
    },
    {
        "id": 6200,
        "resource_id": 0,
        "text_number": 3,
        "trainer_text_group": 60
    },
    {
        "id": 6201,
        "resource_id": 0,
        "text_number": 3,
        "trainer_text_group": 60
    },
    {
        "id": 7000,
        "resource_id": 0,
        "text_number": 1,
        "trainer_text_group": 70
    },
    {
        "id": 7001,
        "resource_id": 0,
        "text_number": 1,
        "trainer_text_group": 70
    },
    {
        "id": 7002,
        "resource_id": 0,
        "text_number": 1,
        "trainer_text_group": 70
    },
    {
        "id": 7100,
        "resource_id": 0,
        "text_number": 2,
        "trainer_text_group": 70
    },
    {
        "id": 7101,
        "resource_id": 0,
        "text_number": 2,
        "trainer_text_group": 70
    },
    {
        "id": 7102,
        "resource_id": 0,
        "text_number": 2,
        "trainer_text_group": 70
    },
    {
        "id": 7200,
        "resource_id": 0,
        "text_number": 3,
        "trainer_text_group": 70
    },
    {
        "id": 7201,
        "resource_id": 0,
        "text_number": 3,
        "trainer_text_group": 70
    },
    {
        "id": 7202,
        "resource_id": 0,
        "text_number": 3,
        "trainer_text_group": 70
    },
    {
        "id": 10000,
        "resource_id": 0,
        "text_number": 1,
        "trainer_text_group": 100
    },
    {
        "id": 10001,
        "resource_id": 0,
        "text_number": 1,
        "trainer_text_group": 100
    },
    {
        "id": 10002,
        "resource_id": 0,
        "text_number": 1,
        "trainer_text_group": 100
    },
    {
        "id": 10003,
        "resource_id": 0,
        "text_number": 1,
        "trainer_text_group": 100
    },
    {
        "id": 10100,
        "resource_id": 0,
        "text_number": 2,
        "trainer_text_group": 100
    },
    {
        "id": 10101,
        "resource_id": 0,
        "text_number": 2,
        "trainer_text_group": 100
    },
    {
        "id": 10102,
        "resource_id": 0,
        "text_number": 2,
        "trainer_text_group": 100
    },
    {
        "id": 10103,
        "resource_id": 0,
        "text_number": 2,
        "trainer_text_group": 100
    },
    {
        "id": 10200,
        "resource_id": 0,
        "text_number": 3,
        "trainer_text_group": 100
    },
    {
        "id": 10201,
        "resource_id": 0,
        "text_number": 3,
        "trainer_text_group": 100
    },
    {
        "id": 10202,
        "resource_id": 0,
        "text_number": 3,
        "trainer_text_group": 100
    },
    {
        "id": 10203,
        "resource_id": 0,
        "text_number": 3,
        "trainer_text_group": 100
    },
    {
        "id": 10204,
        "resource_id": 0,
        "text_number": 3,
        "trainer_text_group": 100
    },
    {
        "id": 11000,
        "resource_id": 0,
        "text_number": 1,
        "trainer_text_group": 110
    },
    {
        "id": 11001,
        "resource_id": 0,
        "text_number": 1,
        "trainer_text_group": 110
    },
    {
        "id": 11002,
        "resource_id": 0,
        "text_number": 1,
        "trainer_text_group": 110
    },
    {
        "id": 11100,
        "resource_id": 0,
        "text_number": 2,
        "trainer_text_group": 110
    },
    {
        "id": 11101,
        "resource_id": 0,
        "text_number": 2,
        "trainer_text_group": 110
    },
    {
        "id": 11102,
        "resource_id": 0,
        "text_number": 2,
        "trainer_text_group": 110
    },
    {
        "id": 11200,
        "resource_id": 0,
        "text_number": 3,
        "trainer_text_group": 110
    },
    {
        "id": 11201,
        "resource_id": 0,
        "text_number": 3,
        "trainer_text_group": 110
    },
    {
        "id": 11202,
        "resource_id": 0,
        "text_number": 3,
        "trainer_text_group": 110
    },
    {
        "id": 12000,
        "resource_id": 0,
        "text_number": 1,
        "trainer_text_group": 120
    },
    {
        "id": 12001,
        "resource_id": 0,
        "text_number": 1,
        "trainer_text_group": 120
    },
    {
        "id": 12002,
        "resource_id": 0,
        "text_number": 1,
        "trainer_text_group": 120
    },
    {
        "id": 12100,
        "resource_id": 0,
        "text_number": 2,
        "trainer_text_group": 120
    },
    {
        "id": 12101,
        "resource_id": 0,
        "text_number": 2,
        "trainer_text_group": 120
    },
    {
        "id": 12102,
        "resource_id": 0,
        "text_number": 2,
        "trainer_text_group": 120
    },
    {
        "id": 12200,
        "resource_id": 0,
        "text_number": 3,
        "trainer_text_group": 120
    },
    {
        "id": 12201,
        "resource_id": 0,
        "text_number": 3,
        "trainer_text_group": 120
    },
    {
        "id": 12202,
        "resource_id": 0,
        "text_number": 3,
        "trainer_text_group": 120
    },
    {
        "id": 13000,
        "resource_id": 0,
        "text_number": 1,
        "trainer_text_group": 130
    },
    {
        "id": 13001,
        "resource_id": 0,
        "text_number": 1,
        "trainer_text_group": 130
    },
    {
        "id": 13002,
        "resource_id": 0,
        "text_number": 1,
        "trainer_text_group": 130
    },
    {
        "id": 13100,
        "resource_id": 0,
        "text_number": 2,
        "trainer_text_group": 130
    },
    {
        "id": 13101,
        "resource_id": 0,
        "text_number": 2,
        "trainer_text_group": 130
    },
    {
        "id": 13102,
        "resource_id": 0,
        "text_number": 2,
        "trainer_text_group": 130
    },
    {
        "id": 13200,
        "resource_id": 0,
        "text_number": 3,
        "trainer_text_group": 130
    },
    {
        "id": 13201,
        "resource_id": 0,
        "text_number": 3,
        "trainer_text_group": 130
    },
    {
        "id": 13202,
        "resource_id": 0,
        "text_number": 3,
        "trainer_text_group": 130
    },
    {
        "id": 14000,
        "resource_id": 0,
        "text_number": 1,
        "trainer_text_group": 140
    },
    {
        "id": 14001,
        "resource_id": 0,
        "text_number": 1,
        "trainer_text_group": 140
    },
    {
        "id": 14002,
        "resource_id": 0,
        "text_number": 1,
        "trainer_text_group": 140
    },
    {
        "id": 14100,
        "resource_id": 0,
        "text_number": 2,
        "trainer_text_group": 140
    },
    {
        "id": 14101,
        "resource_id": 0,
        "text_number": 2,
        "trainer_text_group": 140
    },
    {
        "id": 14102,
        "resource_id": 0,
        "text_number": 2,
        "trainer_text_group": 140
    },
    {
        "id": 14200,
        "resource_id": 0,
        "text_number": 3,
        "trainer_text_group": 140
    },
    {
        "id": 14201,
        "resource_id": 0,
        "text_number": 3,
        "trainer_text_group": 140
    },
    {
        "id": 14202,
        "resource_id": 0,
        "text_number": 3,
        "trainer_text_group": 140
    },
    {
        "id": 15000,
        "resource_id": 0,
        "text_number": 1,
        "trainer_text_group": 150
    },
    {
        "id": 15001,
        "resource_id": 0,
        "text_number": 1,
        "trainer_text_group": 150
    },
    {
        "id": 15002,
        "resource_id": 0,
        "text_number": 1,
        "trainer_text_group": 150
    },
    {
        "id": 15100,
        "resource_id": 0,
        "text_number": 2,
        "trainer_text_group": 150
    },
    {
        "id": 15101,
        "resource_id": 0,
        "text_number": 2,
        "trainer_text_group": 150
    },
    {
        "id": 15102,
        "resource_id": 0,
        "text_number": 2,
        "trainer_text_group": 150
    },
    {
        "id": 15200,
        "resource_id": 0,
        "text_number": 3,
        "trainer_text_group": 150
    },
    {
        "id": 15201,
        "resource_id": 0,
        "text_number": 3,
        "trainer_text_group": 150
    },
    {
        "id": 15202,
        "resource_id": 0,
        "text_number": 3,
        "trainer_text_group": 150
    },
    {
        "id": 100000,
        "resource_id": 0,
        "text_number": 1,
        "trainer_text_group": 1000
    },
    {
        "id": 100001,
        "resource_id": 0,
        "text_number": 1,
        "trainer_text_group": 1000
    },
    {
        "id": 100100,
        "resource_id": 0,
        "text_number": 2,
        "trainer_text_group": 1000
    },
    {
        "id": 100101,
        "resource_id": 0,
        "text_number": 2,
        "trainer_text_group": 1000
    },
    {
        "id": 100200,
        "resource_id": 0,
        "text_number": 3,
        "trainer_text_group": 1000
    },
    {
        "id": 100201,
        "resource_id": 0,
        "text_number": 3,
        "trainer_text_group": 1000
    },
    {
        "id": 110000,
        "resource_id": 0,
        "text_number": 1,
        "trainer_text_group": 1100
    },
    {
        "id": 110001,
        "resource_id": 0,
        "text_number": 1,
        "trainer_text_group": 1100
    },
    {
        "id": 110100,
        "resource_id": 0,
        "text_number": 2,
        "trainer_text_group": 1100
    },
    {
        "id": 110101,
        "resource_id": 0,
        "text_number": 2,
        "trainer_text_group": 1100
    },
    {
        "id": 110200,
        "resource_id": 0,
        "text_number": 3,
        "trainer_text_group": 1100
    },
    {
        "id": 110201,
        "resource_id": 0,
        "text_number": 3,
        "trainer_text_group": 1100
    }
]