[
    {
        "champions_id": 1,
        "end_date": 1661741999,
        "id": 1,
        "interval_end_time": 1661741999,
        "interval_start_time": 1661741999,
        "round": 0,
        "round_detail": 0,
        "start_date": 1661396400
    },
    {
        "champions_id": 1,
        "end_date": 1661914799,
        "id": 2,
        "interval_end_time": 1661915699,
        "interval_start_time": 1661914800,
        "round": 1,
        "round_detail": 0,
        "start_date": 1661742000
    },
    {
        "champions_id": 1,
        "end_date": 1662087599,
        "id": 3,
        "interval_end_time": 1662088499,
        "interval_start_time": 1662087600,
        "round": 2,
        "round_detail": 0,
        "start_date": 1661914800
    },
    {
        "champions_id": 1,
        "end_date": 1662130799,
        "id": 4,
        "interval_end_time": 1662130799,
        "interval_start_time": 1662130799,
        "round": 3,
        "round_detail": 1,
        "start_date": 1662087600
    },
    {
        "champions_id": 1,
        "end_date": 1662173999,
        "id": 5,
        "interval_end_time": 1662173999,
        "interval_start_time": 1662173999,
        "round": 3,
        "round_detail": 2,
        "start_date": 1662130800
    },
    {
        "champions_id": 1,
        "end_date": 1662260399,
        "id": 6,
        "interval_end_time": 1662260399,
        "interval_start_time": 1662260399,
        "round": 3,
        "round_detail": 3,
        "start_date": 1662174000
    },
    {
        "champions_id": 2,
        "end_date": 1664765999,
        "id": 7,
        "interval_end_time": 1664765999,
        "interval_start_time": 1664765999,
        "round": 0,
        "round_detail": 0,
        "start_date": 1664420400
    },
    {
        "champions_id": 2,
        "end_date": 1664938799,
        "id": 8,
        "interval_end_time": 1664939699,
        "interval_start_time": 1664938800,
        "round": 1,
        "round_detail": 0,
        "start_date": 1664766000
    },
    {
        "champions_id": 2,
        "end_date": 1665111599,
        "id": 9,
        "interval_end_time": 1665112499,
        "interval_start_time": 1665111600,
        "round": 2,
        "round_detail": 0,
        "start_date": 1664938800
    },
    {
        "champions_id": 2,
        "end_date": 1665154799,
        "id": 10,
        "interval_end_time": 1665154799,
        "interval_start_time": 1665154799,
        "round": 3,
        "round_detail": 1,
        "start_date": 1665111600
    },
    {
        "champions_id": 2,
        "end_date": 1665197999,
        "id": 11,
        "interval_end_time": 1665197999,
        "interval_start_time": 1665197999,
        "round": 3,
        "round_detail": 2,
        "start_date": 1665154800
    },
    {
        "champions_id": 2,
        "end_date": 1665284399,
        "id": 12,
        "interval_end_time": 1665284399,
        "interval_start_time": 1665284399,
        "round": 3,
        "round_detail": 3,
        "start_date": 1665198000
    },
    {
        "champions_id": 3,
        "end_date": 1667876399,
        "id": 13,
        "interval_end_time": 1667876399,
        "interval_start_time": 1667876399,
        "round": 0,
        "round_detail": 0,
        "start_date": 1667617200
    },
    {
        "champions_id": 3,
        "end_date": 1668049199,
        "id": 14,
        "interval_end_time": 1668050099,
        "interval_start_time": 1668049200,
        "round": 1,
        "round_detail": 0,
        "start_date": 1667876400
    },
    {
        "champions_id": 3,
        "end_date": 1668221999,
        "id": 15,
        "interval_end_time": 1668222899,
        "interval_start_time": 1668222000,
        "round": 2,
        "round_detail": 0,
        "start_date": 1668049200
    },
    {
        "champions_id": 3,
        "end_date": 1668265199,
        "id": 16,
        "interval_end_time": 1668265199,
        "interval_start_time": 1668265199,
        "round": 3,
        "round_detail": 1,
        "start_date": 1668222000
    },
    {
        "champions_id": 3,
        "end_date": 1668308399,
        "id": 17,
        "interval_end_time": 1668308399,
        "interval_start_time": 1668308399,
        "round": 3,
        "round_detail": 2,
        "start_date": 1668265200
    },
    {
        "champions_id": 3,
        "end_date": 1668394799,
        "id": 18,
        "interval_end_time": 1668394799,
        "interval_start_time": 1668394799,
        "round": 3,
        "round_detail": 3,
        "start_date": 1668308400
    },
    {
        "champions_id": 4,
        "end_date": 1670554799,
        "id": 19,
        "interval_end_time": 1670554799,
        "interval_start_time": 1670554799,
        "round": 0,
        "round_detail": 0,
        "start_date": 1670295600
    },
    {
        "champions_id": 4,
        "end_date": 1670727599,
        "id": 20,
        "interval_end_time": 1670728499,
        "interval_start_time": 1670727600,
        "round": 1,
        "round_detail": 0,
        "start_date": 1670554800
    },
    {
        "champions_id": 4,
        "end_date": 1670900399,
        "id": 21,
        "interval_end_time": 1670901299,
        "interval_start_time": 1670900400,
        "round": 2,
        "round_detail": 0,
        "start_date": 1670727600
    },
    {
        "champions_id": 4,
        "end_date": 1670943599,
        "id": 22,
        "interval_end_time": 1670943599,
        "interval_start_time": 1670943599,
        "round": 3,
        "round_detail": 1,
        "start_date": 1670900400
    },
    {
        "champions_id": 4,
        "end_date": 1670986799,
        "id": 23,
        "interval_end_time": 1670986799,
        "interval_start_time": 1670986799,
        "round": 3,
        "round_detail": 2,
        "start_date": 1670943600
    },
    {
        "champions_id": 4,
        "end_date": 1671073199,
        "id": 24,
        "interval_end_time": 1671073199,
        "interval_start_time": 1671073199,
        "round": 3,
        "round_detail": 3,
        "start_date": 1670986800
    }
]