[
    {
        "id": 1,
        "resource_id": 0,
        "round_id": 1,
        "sub_title": 0,
        "title": 0,
        "win_percent_type": 1
    },
    {
        "id": 2,
        "resource_id": 0,
        "round_id": 1,
        "sub_title": 1,
        "title": 1,
        "win_percent_type": 1
    },
    {
        "id": 3,
        "resource_id": 0,
        "round_id": 1,
        "sub_title": 2,
        "title": 2,
        "win_percent_type": 1
    },
    {
        "id": 4,
        "resource_id": 0,
        "round_id": 1,
        "sub_title": 3,
        "title": 3,
        "win_percent_type": 1
    },
    {
        "id": 5,
        "resource_id": 0,
        "round_id": 1,
        "sub_title": 4,
        "title": 4,
        "win_percent_type": 1
    },
    {
        "id": 6,
        "resource_id": 0,
        "round_id": 1,
        "sub_title": 5,
        "title": 5,
        "win_percent_type": 1
    },
    {
        "id": 7,
        "resource_id": 0,
        "round_id": 1,
        "sub_title": 6,
        "title": 6,
        "win_percent_type": 1
    },
    {
        "id": 10,
        "resource_id": 5,
        "round_id": 1,
        "sub_title": 11,
        "title": 7,
        "win_percent_type": 1
    },
    {
        "id": 11,
        "resource_id": 6,
        "round_id": 1,
        "sub_title": 13,
        "title": 7,
        "win_percent_type": 1
    },
    {
        "id": 12,
        "resource_id": 7,
        "round_id": 1,
        "sub_title": 15,
        "title": 7,
        "win_percent_type": 1
    },
    {
        "id": 13,
        "resource_id": 8,
        "round_id": 1,
        "sub_title": 17,
        "title": 7,
        "win_percent_type": 1
    },
    {
        "id": 20,
        "resource_id": 0,
        "round_id": 1,
        "sub_title": 6,
        "title": 8,
        "win_percent_type": 1
    },
    {
        "id": 21,
        "resource_id": 0,
        "round_id": 1,
        "sub_title": 31,
        "title": 9,
        "win_percent_type": 1
    },
    {
        "id": 22,
        "resource_id": 0,
        "round_id": 1,
        "sub_title": 32,
        "title": 10,
        "win_percent_type": 1
    },
    {
        "id": 23,
        "resource_id": 0,
        "round_id": 1,
        "sub_title": 33,
        "title": 11,
        "win_percent_type": 1
    },
    {
        "id": 24,
        "resource_id": 0,
        "round_id": 1,
        "sub_title": 34,
        "title": 12,
        "win_percent_type": 1
    },
    {
        "id": 25,
        "resource_id": 0,
        "round_id": 1,
        "sub_title": 35,
        "title": 13,
        "win_percent_type": 1
    },
    {
        "id": 26,
        "resource_id": 0,
        "round_id": 1,
        "sub_title": 35,
        "title": 14,
        "win_percent_type": 1
    },
    {
        "id": 29,
        "resource_id": 5,
        "round_id": 1,
        "sub_title": 11,
        "title": 15,
        "win_percent_type": 1
    },
    {
        "id": 30,
        "resource_id": 6,
        "round_id": 1,
        "sub_title": 13,
        "title": 15,
        "win_percent_type": 1
    },
    {
        "id": 31,
        "resource_id": 7,
        "round_id": 1,
        "sub_title": 15,
        "title": 15,
        "win_percent_type": 1
    },
    {
        "id": 32,
        "resource_id": 8,
        "round_id": 1,
        "sub_title": 17,
        "title": 15,
        "win_percent_type": 1
    },
    {
        "id": 39,
        "resource_id": 0,
        "round_id": 1,
        "sub_title": 36,
        "title": 16,
        "win_percent_type": 1
    },
    {
        "id": 40,
        "resource_id": 0,
        "round_id": 1,
        "sub_title": 37,
        "title": 17,
        "win_percent_type": 1
    },
    {
        "id": 41,
        "resource_id": 0,
        "round_id": 1,
        "sub_title": 38,
        "title": 18,
        "win_percent_type": 1
    },
    {
        "id": 42,
        "resource_id": 0,
        "round_id": 1,
        "sub_title": 39,
        "title": 19,
        "win_percent_type": 1
    },
    {
        "id": 43,
        "resource_id": 0,
        "round_id": 1,
        "sub_title": 100,
        "title": 7,
        "win_percent_type": 2
    },
    {
        "id": 44,
        "resource_id": 0,
        "round_id": 1,
        "sub_title": 101,
        "title": 101,
        "win_percent_type": 2
    },
    {
        "id": 45,
        "resource_id": 0,
        "round_id": 1,
        "sub_title": 102,
        "title": 102,
        "win_percent_type": 2
    },
    {
        "id": 46,
        "resource_id": 0,
        "round_id": 1,
        "sub_title": 103,
        "title": 103,
        "win_percent_type": 2
    },
    {
        "id": 47,
        "resource_id": 0,
        "round_id": 1,
        "sub_title": 104,
        "title": 104,
        "win_percent_type": 2
    },
    {
        "id": 48,
        "resource_id": 0,
        "round_id": 1,
        "sub_title": 104,
        "title": 105,
        "win_percent_type": 2
    },
    {
        "id": 49,
        "resource_id": 0,
        "round_id": 1,
        "sub_title": 105,
        "title": 106,
        "win_percent_type": 2
    },
    {
        "id": 50,
        "resource_id": 0,
        "round_id": 1,
        "sub_title": 106,
        "title": 107,
        "win_percent_type": 2
    },
    {
        "id": 51,
        "resource_id": 7,
        "round_id": 1,
        "sub_title": 107,
        "title": 108,
        "win_percent_type": 2
    },
    {
        "id": 52,
        "resource_id": 0,
        "round_id": 1,
        "sub_title": 108,
        "title": 109,
        "win_percent_type": 2
    },
    {
        "id": 53,
        "resource_id": 0,
        "round_id": 1,
        "sub_title": 101,
        "title": 110,
        "win_percent_type": 2
    },
    {
        "id": 54,
        "resource_id": 0,
        "round_id": 1,
        "sub_title": 109,
        "title": 111,
        "win_percent_type": 2
    },
    {
        "id": 55,
        "resource_id": 0,
        "round_id": 1,
        "sub_title": 101,
        "title": 112,
        "win_percent_type": 2
    },
    {
        "id": 56,
        "resource_id": 0,
        "round_id": 1,
        "sub_title": 110,
        "title": 113,
        "win_percent_type": 2
    },
    {
        "id": 57,
        "resource_id": 0,
        "round_id": 1,
        "sub_title": 111,
        "title": 114,
        "win_percent_type": 2
    },
    {
        "id": 58,
        "resource_id": 8,
        "round_id": 1,
        "sub_title": 112,
        "title": 115,
        "win_percent_type": 2
    },
    {
        "id": 59,
        "resource_id": 0,
        "round_id": 1,
        "sub_title": 113,
        "title": 116,
        "win_percent_type": 2
    },
    {
        "id": 60,
        "resource_id": 0,
        "round_id": 1,
        "sub_title": 114,
        "title": 117,
        "win_percent_type": 2
    },
    {
        "id": 61,
        "resource_id": 0,
        "round_id": 1,
        "sub_title": 115,
        "title": 118,
        "win_percent_type": 2
    },
    {
        "id": 62,
        "resource_id": 0,
        "round_id": 1,
        "sub_title": 116,
        "title": 119,
        "win_percent_type": 2
    },
    {
        "id": 63,
        "resource_id": 0,
        "round_id": 1,
        "sub_title": 117,
        "title": 120,
        "win_percent_type": 2
    },
    {
        "id": 64,
        "resource_id": 0,
        "round_id": 1,
        "sub_title": 118,
        "title": 121,
        "win_percent_type": 2
    },
    {
        "id": 67,
        "resource_id": 5,
        "round_id": 1,
        "sub_title": 119,
        "title": 124,
        "win_percent_type": 2
    },
    {
        "id": 68,
        "resource_id": 6,
        "round_id": 1,
        "sub_title": 119,
        "title": 125,
        "win_percent_type": 2
    },
    {
        "id": 69,
        "resource_id": 7,
        "round_id": 1,
        "sub_title": 119,
        "title": 126,
        "win_percent_type": 2
    },
    {
        "id": 70,
        "resource_id": 8,
        "round_id": 1,
        "sub_title": 119,
        "title": 127,
        "win_percent_type": 2
    },
    {
        "id": 77,
        "resource_id": 0,
        "round_id": 1,
        "sub_title": 121,
        "title": 134,
        "win_percent_type": 2
    },
    {
        "id": 78,
        "resource_id": 0,
        "round_id": 1,
        "sub_title": 122,
        "title": 135,
        "win_percent_type": 2
    },
    {
        "id": 79,
        "resource_id": 0,
        "round_id": 1,
        "sub_title": 123,
        "title": 136,
        "win_percent_type": 2
    },
    {
        "id": 80,
        "resource_id": 0,
        "round_id": 1,
        "sub_title": 124,
        "title": 137,
        "win_percent_type": 2
    },
    {
        "id": 81,
        "resource_id": 0,
        "round_id": 2,
        "sub_title": 0,
        "title": 0,
        "win_percent_type": 1
    },
    {
        "id": 82,
        "resource_id": 0,
        "round_id": 2,
        "sub_title": 1,
        "title": 1,
        "win_percent_type": 1
    },
    {
        "id": 83,
        "resource_id": 0,
        "round_id": 2,
        "sub_title": 2,
        "title": 2,
        "win_percent_type": 1
    },
    {
        "id": 84,
        "resource_id": 0,
        "round_id": 2,
        "sub_title": 3,
        "title": 3,
        "win_percent_type": 1
    },
    {
        "id": 85,
        "resource_id": 0,
        "round_id": 2,
        "sub_title": 4,
        "title": 4,
        "win_percent_type": 1
    },
    {
        "id": 86,
        "resource_id": 0,
        "round_id": 2,
        "sub_title": 5,
        "title": 5,
        "win_percent_type": 1
    },
    {
        "id": 87,
        "resource_id": 0,
        "round_id": 2,
        "sub_title": 6,
        "title": 6,
        "win_percent_type": 1
    },
    {
        "id": 90,
        "resource_id": 5,
        "round_id": 2,
        "sub_title": 12,
        "title": 7,
        "win_percent_type": 1
    },
    {
        "id": 91,
        "resource_id": 6,
        "round_id": 2,
        "sub_title": 14,
        "title": 7,
        "win_percent_type": 1
    },
    {
        "id": 92,
        "resource_id": 7,
        "round_id": 2,
        "sub_title": 16,
        "title": 7,
        "win_percent_type": 1
    },
    {
        "id": 93,
        "resource_id": 8,
        "round_id": 2,
        "sub_title": 18,
        "title": 7,
        "win_percent_type": 1
    },
    {
        "id": 100,
        "resource_id": 0,
        "round_id": 2,
        "sub_title": 6,
        "title": 8,
        "win_percent_type": 1
    },
    {
        "id": 101,
        "resource_id": 0,
        "round_id": 2,
        "sub_title": 31,
        "title": 9,
        "win_percent_type": 1
    },
    {
        "id": 102,
        "resource_id": 0,
        "round_id": 2,
        "sub_title": 32,
        "title": 10,
        "win_percent_type": 1
    },
    {
        "id": 103,
        "resource_id": 0,
        "round_id": 2,
        "sub_title": 33,
        "title": 11,
        "win_percent_type": 1
    },
    {
        "id": 104,
        "resource_id": 0,
        "round_id": 2,
        "sub_title": 34,
        "title": 12,
        "win_percent_type": 1
    },
    {
        "id": 105,
        "resource_id": 0,
        "round_id": 2,
        "sub_title": 35,
        "title": 13,
        "win_percent_type": 1
    },
    {
        "id": 106,
        "resource_id": 0,
        "round_id": 2,
        "sub_title": 35,
        "title": 14,
        "win_percent_type": 1
    },
    {
        "id": 109,
        "resource_id": 5,
        "round_id": 2,
        "sub_title": 12,
        "title": 15,
        "win_percent_type": 1
    },
    {
        "id": 110,
        "resource_id": 6,
        "round_id": 2,
        "sub_title": 14,
        "title": 15,
        "win_percent_type": 1
    },
    {
        "id": 111,
        "resource_id": 7,
        "round_id": 2,
        "sub_title": 16,
        "title": 15,
        "win_percent_type": 1
    },
    {
        "id": 112,
        "resource_id": 8,
        "round_id": 2,
        "sub_title": 18,
        "title": 15,
        "win_percent_type": 1
    },
    {
        "id": 119,
        "resource_id": 0,
        "round_id": 2,
        "sub_title": 36,
        "title": 16,
        "win_percent_type": 1
    },
    {
        "id": 120,
        "resource_id": 0,
        "round_id": 2,
        "sub_title": 37,
        "title": 17,
        "win_percent_type": 1
    },
    {
        "id": 121,
        "resource_id": 0,
        "round_id": 2,
        "sub_title": 38,
        "title": 18,
        "win_percent_type": 1
    },
    {
        "id": 122,
        "resource_id": 0,
        "round_id": 2,
        "sub_title": 39,
        "title": 19,
        "win_percent_type": 1
    },
    {
        "id": 123,
        "resource_id": 0,
        "round_id": 2,
        "sub_title": 100,
        "title": 7,
        "win_percent_type": 2
    },
    {
        "id": 124,
        "resource_id": 0,
        "round_id": 2,
        "sub_title": 101,
        "title": 101,
        "win_percent_type": 2
    },
    {
        "id": 125,
        "resource_id": 0,
        "round_id": 2,
        "sub_title": 102,
        "title": 102,
        "win_percent_type": 2
    },
    {
        "id": 126,
        "resource_id": 0,
        "round_id": 2,
        "sub_title": 103,
        "title": 103,
        "win_percent_type": 2
    },
    {
        "id": 127,
        "resource_id": 0,
        "round_id": 2,
        "sub_title": 104,
        "title": 104,
        "win_percent_type": 2
    },
    {
        "id": 128,
        "resource_id": 0,
        "round_id": 2,
        "sub_title": 104,
        "title": 105,
        "win_percent_type": 2
    },
    {
        "id": 129,
        "resource_id": 0,
        "round_id": 2,
        "sub_title": 105,
        "title": 106,
        "win_percent_type": 2
    },
    {
        "id": 130,
        "resource_id": 0,
        "round_id": 2,
        "sub_title": 106,
        "title": 107,
        "win_percent_type": 2
    },
    {
        "id": 131,
        "resource_id": 7,
        "round_id": 2,
        "sub_title": 107,
        "title": 108,
        "win_percent_type": 2
    },
    {
        "id": 132,
        "resource_id": 0,
        "round_id": 2,
        "sub_title": 108,
        "title": 109,
        "win_percent_type": 2
    },
    {
        "id": 133,
        "resource_id": 0,
        "round_id": 2,
        "sub_title": 101,
        "title": 110,
        "win_percent_type": 2
    },
    {
        "id": 134,
        "resource_id": 0,
        "round_id": 2,
        "sub_title": 109,
        "title": 111,
        "win_percent_type": 2
    },
    {
        "id": 135,
        "resource_id": 0,
        "round_id": 2,
        "sub_title": 101,
        "title": 112,
        "win_percent_type": 2
    },
    {
        "id": 136,
        "resource_id": 0,
        "round_id": 2,
        "sub_title": 110,
        "title": 113,
        "win_percent_type": 2
    },
    {
        "id": 137,
        "resource_id": 0,
        "round_id": 2,
        "sub_title": 111,
        "title": 114,
        "win_percent_type": 2
    },
    {
        "id": 138,
        "resource_id": 8,
        "round_id": 2,
        "sub_title": 112,
        "title": 115,
        "win_percent_type": 2
    },
    {
        "id": 139,
        "resource_id": 0,
        "round_id": 2,
        "sub_title": 113,
        "title": 116,
        "win_percent_type": 2
    },
    {
        "id": 140,
        "resource_id": 0,
        "round_id": 2,
        "sub_title": 114,
        "title": 117,
        "win_percent_type": 2
    },
    {
        "id": 141,
        "resource_id": 0,
        "round_id": 2,
        "sub_title": 115,
        "title": 118,
        "win_percent_type": 2
    },
    {
        "id": 142,
        "resource_id": 0,
        "round_id": 2,
        "sub_title": 116,
        "title": 119,
        "win_percent_type": 2
    },
    {
        "id": 143,
        "resource_id": 0,
        "round_id": 2,
        "sub_title": 117,
        "title": 120,
        "win_percent_type": 2
    },
    {
        "id": 144,
        "resource_id": 0,
        "round_id": 2,
        "sub_title": 118,
        "title": 121,
        "win_percent_type": 2
    },
    {
        "id": 147,
        "resource_id": 5,
        "round_id": 2,
        "sub_title": 120,
        "title": 124,
        "win_percent_type": 2
    },
    {
        "id": 148,
        "resource_id": 6,
        "round_id": 2,
        "sub_title": 120,
        "title": 125,
        "win_percent_type": 2
    },
    {
        "id": 149,
        "resource_id": 7,
        "round_id": 2,
        "sub_title": 120,
        "title": 126,
        "win_percent_type": 2
    },
    {
        "id": 150,
        "resource_id": 8,
        "round_id": 2,
        "sub_title": 120,
        "title": 127,
        "win_percent_type": 2
    },
    {
        "id": 157,
        "resource_id": 0,
        "round_id": 2,
        "sub_title": 121,
        "title": 134,
        "win_percent_type": 2
    },
    {
        "id": 158,
        "resource_id": 0,
        "round_id": 2,
        "sub_title": 122,
        "title": 135,
        "win_percent_type": 2
    },
    {
        "id": 159,
        "resource_id": 0,
        "round_id": 2,
        "sub_title": 123,
        "title": 136,
        "win_percent_type": 2
    },
    {
        "id": 160,
        "resource_id": 0,
        "round_id": 2,
        "sub_title": 124,
        "title": 137,
        "win_percent_type": 2
    },
    {
        "id": 161,
        "resource_id": 0,
        "round_id": 3,
        "sub_title": 0,
        "title": 0,
        "win_percent_type": 1
    },
    {
        "id": 162,
        "resource_id": 0,
        "round_id": 3,
        "sub_title": 1,
        "title": 1,
        "win_percent_type": 1
    },
    {
        "id": 163,
        "resource_id": 0,
        "round_id": 3,
        "sub_title": 2,
        "title": 2,
        "win_percent_type": 1
    },
    {
        "id": 164,
        "resource_id": 0,
        "round_id": 3,
        "sub_title": 3,
        "title": 3,
        "win_percent_type": 1
    },
    {
        "id": 165,
        "resource_id": 0,
        "round_id": 3,
        "sub_title": 4,
        "title": 4,
        "win_percent_type": 1
    },
    {
        "id": 166,
        "resource_id": 0,
        "round_id": 3,
        "sub_title": 5,
        "title": 5,
        "win_percent_type": 1
    },
    {
        "id": 167,
        "resource_id": 0,
        "round_id": 3,
        "sub_title": 6,
        "title": 6,
        "win_percent_type": 1
    },
    {
        "id": 170,
        "resource_id": 5,
        "round_id": 3,
        "sub_title": 12,
        "title": 7,
        "win_percent_type": 1
    },
    {
        "id": 171,
        "resource_id": 6,
        "round_id": 3,
        "sub_title": 14,
        "title": 7,
        "win_percent_type": 1
    },
    {
        "id": 172,
        "resource_id": 7,
        "round_id": 3,
        "sub_title": 16,
        "title": 7,
        "win_percent_type": 1
    },
    {
        "id": 173,
        "resource_id": 8,
        "round_id": 3,
        "sub_title": 18,
        "title": 7,
        "win_percent_type": 1
    },
    {
        "id": 180,
        "resource_id": 0,
        "round_id": 3,
        "sub_title": 6,
        "title": 8,
        "win_percent_type": 1
    },
    {
        "id": 181,
        "resource_id": 0,
        "round_id": 3,
        "sub_title": 31,
        "title": 9,
        "win_percent_type": 1
    },
    {
        "id": 182,
        "resource_id": 0,
        "round_id": 3,
        "sub_title": 32,
        "title": 10,
        "win_percent_type": 1
    },
    {
        "id": 183,
        "resource_id": 0,
        "round_id": 3,
        "sub_title": 33,
        "title": 11,
        "win_percent_type": 1
    },
    {
        "id": 184,
        "resource_id": 0,
        "round_id": 3,
        "sub_title": 34,
        "title": 12,
        "win_percent_type": 1
    },
    {
        "id": 185,
        "resource_id": 0,
        "round_id": 3,
        "sub_title": 35,
        "title": 13,
        "win_percent_type": 1
    },
    {
        "id": 186,
        "resource_id": 0,
        "round_id": 3,
        "sub_title": 35,
        "title": 14,
        "win_percent_type": 1
    },
    {
        "id": 189,
        "resource_id": 5,
        "round_id": 3,
        "sub_title": 12,
        "title": 15,
        "win_percent_type": 1
    },
    {
        "id": 190,
        "resource_id": 6,
        "round_id": 3,
        "sub_title": 14,
        "title": 15,
        "win_percent_type": 1
    },
    {
        "id": 191,
        "resource_id": 7,
        "round_id": 3,
        "sub_title": 16,
        "title": 15,
        "win_percent_type": 1
    },
    {
        "id": 192,
        "resource_id": 8,
        "round_id": 3,
        "sub_title": 18,
        "title": 15,
        "win_percent_type": 1
    },
    {
        "id": 199,
        "resource_id": 0,
        "round_id": 3,
        "sub_title": 36,
        "title": 16,
        "win_percent_type": 1
    },
    {
        "id": 200,
        "resource_id": 0,
        "round_id": 3,
        "sub_title": 37,
        "title": 17,
        "win_percent_type": 1
    },
    {
        "id": 201,
        "resource_id": 0,
        "round_id": 3,
        "sub_title": 38,
        "title": 18,
        "win_percent_type": 1
    },
    {
        "id": 202,
        "resource_id": 0,
        "round_id": 3,
        "sub_title": 39,
        "title": 19,
        "win_percent_type": 1
    },
    {
        "id": 203,
        "resource_id": 0,
        "round_id": 3,
        "sub_title": 100,
        "title": 7,
        "win_percent_type": 2
    },
    {
        "id": 204,
        "resource_id": 0,
        "round_id": 3,
        "sub_title": 101,
        "title": 101,
        "win_percent_type": 2
    },
    {
        "id": 205,
        "resource_id": 0,
        "round_id": 3,
        "sub_title": 102,
        "title": 102,
        "win_percent_type": 2
    },
    {
        "id": 206,
        "resource_id": 0,
        "round_id": 3,
        "sub_title": 103,
        "title": 103,
        "win_percent_type": 2
    },
    {
        "id": 207,
        "resource_id": 0,
        "round_id": 3,
        "sub_title": 104,
        "title": 104,
        "win_percent_type": 2
    },
    {
        "id": 208,
        "resource_id": 0,
        "round_id": 3,
        "sub_title": 104,
        "title": 105,
        "win_percent_type": 2
    },
    {
        "id": 209,
        "resource_id": 0,
        "round_id": 3,
        "sub_title": 105,
        "title": 106,
        "win_percent_type": 2
    },
    {
        "id": 210,
        "resource_id": 0,
        "round_id": 3,
        "sub_title": 106,
        "title": 107,
        "win_percent_type": 2
    },
    {
        "id": 211,
        "resource_id": 7,
        "round_id": 3,
        "sub_title": 107,
        "title": 108,
        "win_percent_type": 2
    },
    {
        "id": 212,
        "resource_id": 0,
        "round_id": 3,
        "sub_title": 108,
        "title": 109,
        "win_percent_type": 2
    },
    {
        "id": 213,
        "resource_id": 0,
        "round_id": 3,
        "sub_title": 101,
        "title": 110,
        "win_percent_type": 2
    },
    {
        "id": 214,
        "resource_id": 0,
        "round_id": 3,
        "sub_title": 109,
        "title": 111,
        "win_percent_type": 2
    },
    {
        "id": 215,
        "resource_id": 0,
        "round_id": 3,
        "sub_title": 101,
        "title": 112,
        "win_percent_type": 2
    },
    {
        "id": 216,
        "resource_id": 0,
        "round_id": 3,
        "sub_title": 110,
        "title": 113,
        "win_percent_type": 2
    },
    {
        "id": 217,
        "resource_id": 0,
        "round_id": 3,
        "sub_title": 111,
        "title": 114,
        "win_percent_type": 2
    },
    {
        "id": 218,
        "resource_id": 8,
        "round_id": 3,
        "sub_title": 112,
        "title": 115,
        "win_percent_type": 2
    },
    {
        "id": 219,
        "resource_id": 0,
        "round_id": 3,
        "sub_title": 113,
        "title": 116,
        "win_percent_type": 2
    },
    {
        "id": 220,
        "resource_id": 0,
        "round_id": 3,
        "sub_title": 114,
        "title": 117,
        "win_percent_type": 2
    },
    {
        "id": 221,
        "resource_id": 0,
        "round_id": 3,
        "sub_title": 115,
        "title": 118,
        "win_percent_type": 2
    },
    {
        "id": 222,
        "resource_id": 0,
        "round_id": 3,
        "sub_title": 116,
        "title": 119,
        "win_percent_type": 2
    },
    {
        "id": 223,
        "resource_id": 0,
        "round_id": 3,
        "sub_title": 117,
        "title": 120,
        "win_percent_type": 2
    },
    {
        "id": 224,
        "resource_id": 0,
        "round_id": 3,
        "sub_title": 118,
        "title": 121,
        "win_percent_type": 2
    },
    {
        "id": 227,
        "resource_id": 5,
        "round_id": 3,
        "sub_title": 120,
        "title": 124,
        "win_percent_type": 2
    },
    {
        "id": 228,
        "resource_id": 6,
        "round_id": 3,
        "sub_title": 120,
        "title": 125,
        "win_percent_type": 2
    },
    {
        "id": 229,
        "resource_id": 7,
        "round_id": 3,
        "sub_title": 120,
        "title": 126,
        "win_percent_type": 2
    },
    {
        "id": 230,
        "resource_id": 8,
        "round_id": 3,
        "sub_title": 120,
        "title": 127,
        "win_percent_type": 2
    },
    {
        "id": 237,
        "resource_id": 0,
        "round_id": 3,
        "sub_title": 121,
        "title": 134,
        "win_percent_type": 2
    },
    {
        "id": 238,
        "resource_id": 0,
        "round_id": 3,
        "sub_title": 122,
        "title": 135,
        "win_percent_type": 2
    },
    {
        "id": 239,
        "resource_id": 0,
        "round_id": 3,
        "sub_title": 123,
        "title": 136,
        "win_percent_type": 2
    },
    {
        "id": 240,
        "resource_id": 0,
        "round_id": 3,
        "sub_title": 124,
        "title": 137,
        "win_percent_type": 2
    },
    {
        "id": 243,
        "resource_id": 5,
        "round_id": 4,
        "sub_title": 202,
        "title": 200,
        "win_percent_type": 3
    },
    {
        "id": 244,
        "resource_id": 6,
        "round_id": 4,
        "sub_title": 203,
        "title": 200,
        "win_percent_type": 3
    },
    {
        "id": 245,
        "resource_id": 7,
        "round_id": 4,
        "sub_title": 204,
        "title": 200,
        "win_percent_type": 3
    },
    {
        "id": 246,
        "resource_id": 8,
        "round_id": 4,
        "sub_title": 205,
        "title": 200,
        "win_percent_type": 3
    },
    {
        "id": 253,
        "resource_id": 8,
        "round_id": 4,
        "sub_title": 212,
        "title": 201,
        "win_percent_type": 3
    },
    {
        "id": 255,
        "resource_id": 7,
        "round_id": 4,
        "sub_title": 258,
        "title": 201,
        "win_percent_type": 3
    },
    {
        "id": 256,
        "resource_id": 6,
        "round_id": 4,
        "sub_title": 259,
        "title": 201,
        "win_percent_type": 3
    },
    {
        "id": 260,
        "resource_id": 5,
        "round_id": 4,
        "sub_title": 215,
        "title": 202,
        "win_percent_type": 3
    },
    {
        "id": 261,
        "resource_id": 6,
        "round_id": 4,
        "sub_title": 216,
        "title": 202,
        "win_percent_type": 3
    },
    {
        "id": 262,
        "resource_id": 7,
        "round_id": 4,
        "sub_title": 217,
        "title": 202,
        "win_percent_type": 3
    },
    {
        "id": 263,
        "resource_id": 8,
        "round_id": 4,
        "sub_title": 218,
        "title": 202,
        "win_percent_type": 3
    },
    {
        "id": 270,
        "resource_id": 0,
        "round_id": 4,
        "sub_title": 225,
        "title": 203,
        "win_percent_type": 3
    },
    {
        "id": 271,
        "resource_id": 0,
        "round_id": 4,
        "sub_title": 226,
        "title": 204,
        "win_percent_type": 3
    },
    {
        "id": 272,
        "resource_id": 0,
        "round_id": 4,
        "sub_title": 227,
        "title": 205,
        "win_percent_type": 3
    },
    {
        "id": 275,
        "resource_id": 5,
        "round_id": 4,
        "sub_title": 230,
        "title": 206,
        "win_percent_type": 3
    },
    {
        "id": 276,
        "resource_id": 6,
        "round_id": 4,
        "sub_title": 231,
        "title": 206,
        "win_percent_type": 3
    },
    {
        "id": 277,
        "resource_id": 7,
        "round_id": 4,
        "sub_title": 232,
        "title": 206,
        "win_percent_type": 3
    },
    {
        "id": 278,
        "resource_id": 8,
        "round_id": 4,
        "sub_title": 233,
        "title": 206,
        "win_percent_type": 3
    },
    {
        "id": 287,
        "resource_id": 5,
        "round_id": 4,
        "sub_title": 215,
        "title": 207,
        "win_percent_type": 3
    },
    {
        "id": 288,
        "resource_id": 6,
        "round_id": 4,
        "sub_title": 216,
        "title": 207,
        "win_percent_type": 3
    },
    {
        "id": 289,
        "resource_id": 7,
        "round_id": 4,
        "sub_title": 217,
        "title": 207,
        "win_percent_type": 3
    },
    {
        "id": 290,
        "resource_id": 8,
        "round_id": 4,
        "sub_title": 218,
        "title": 207,
        "win_percent_type": 3
    },
    {
        "id": 297,
        "resource_id": 0,
        "round_id": 4,
        "sub_title": 226,
        "title": 208,
        "win_percent_type": 3
    },
    {
        "id": 298,
        "resource_id": 0,
        "round_id": 4,
        "sub_title": 240,
        "title": 209,
        "win_percent_type": 3
    },
    {
        "id": 299,
        "resource_id": 0,
        "round_id": 4,
        "sub_title": 241,
        "title": 210,
        "win_percent_type": 3
    },
    {
        "id": 300,
        "resource_id": 0,
        "round_id": 4,
        "sub_title": 242,
        "title": 211,
        "win_percent_type": 3
    },
    {
        "id": 301,
        "resource_id": 0,
        "round_id": 4,
        "sub_title": 243,
        "title": 212,
        "win_percent_type": 3
    },
    {
        "id": 302,
        "resource_id": 0,
        "round_id": 4,
        "sub_title": 244,
        "title": 213,
        "win_percent_type": 3
    },
    {
        "id": 303,
        "resource_id": 0,
        "round_id": 4,
        "sub_title": 245,
        "title": 214,
        "win_percent_type": 3
    },
    {
        "id": 304,
        "resource_id": 0,
        "round_id": 4,
        "sub_title": 246,
        "title": 215,
        "win_percent_type": 3
    },
    {
        "id": 305,
        "resource_id": 0,
        "round_id": 4,
        "sub_title": 247,
        "title": 216,
        "win_percent_type": 3
    },
    {
        "id": 308,
        "resource_id": 5,
        "round_id": 4,
        "sub_title": 215,
        "title": 217,
        "win_percent_type": 3
    },
    {
        "id": 309,
        "resource_id": 6,
        "round_id": 4,
        "sub_title": 216,
        "title": 217,
        "win_percent_type": 3
    },
    {
        "id": 310,
        "resource_id": 7,
        "round_id": 4,
        "sub_title": 217,
        "title": 217,
        "win_percent_type": 3
    },
    {
        "id": 311,
        "resource_id": 8,
        "round_id": 4,
        "sub_title": 218,
        "title": 217,
        "win_percent_type": 3
    },
    {
        "id": 318,
        "resource_id": 0,
        "round_id": 4,
        "sub_title": 248,
        "title": 218,
        "win_percent_type": 3
    },
    {
        "id": 319,
        "resource_id": 0,
        "round_id": 4,
        "sub_title": 249,
        "title": 219,
        "win_percent_type": 3
    },
    {
        "id": 320,
        "resource_id": 0,
        "round_id": 4,
        "sub_title": 250,
        "title": 220,
        "win_percent_type": 3
    },
    {
        "id": 321,
        "resource_id": 0,
        "round_id": 4,
        "sub_title": 251,
        "title": 221,
        "win_percent_type": 3
    },
    {
        "id": 322,
        "resource_id": 0,
        "round_id": 4,
        "sub_title": 226,
        "title": 222,
        "win_percent_type": 3
    },
    {
        "id": 323,
        "resource_id": 0,
        "round_id": 4,
        "sub_title": 252,
        "title": 223,
        "win_percent_type": 3
    },
    {
        "id": 326,
        "resource_id": 5,
        "round_id": 4,
        "sub_title": 215,
        "title": 224,
        "win_percent_type": 3
    },
    {
        "id": 327,
        "resource_id": 6,
        "round_id": 4,
        "sub_title": 216,
        "title": 224,
        "win_percent_type": 3
    },
    {
        "id": 328,
        "resource_id": 7,
        "round_id": 4,
        "sub_title": 217,
        "title": 224,
        "win_percent_type": 3
    },
    {
        "id": 329,
        "resource_id": 8,
        "round_id": 4,
        "sub_title": 218,
        "title": 224,
        "win_percent_type": 3
    },
    {
        "id": 336,
        "resource_id": 0,
        "round_id": 4,
        "sub_title": 253,
        "title": 225,
        "win_percent_type": 3
    },
    {
        "id": 337,
        "resource_id": 0,
        "round_id": 4,
        "sub_title": 254,
        "title": 226,
        "win_percent_type": 3
    },
    {
        "id": 338,
        "resource_id": 0,
        "round_id": 4,
        "sub_title": 255,
        "title": 227,
        "win_percent_type": 3
    },
    {
        "id": 339,
        "resource_id": 0,
        "round_id": 4,
        "sub_title": 256,
        "title": 228,
        "win_percent_type": 3
    },
    {
        "id": 342,
        "resource_id": 5,
        "round_id": 5,
        "sub_title": 202,
        "title": 200,
        "win_percent_type": 3
    },
    {
        "id": 343,
        "resource_id": 6,
        "round_id": 5,
        "sub_title": 203,
        "title": 200,
        "win_percent_type": 3
    },
    {
        "id": 344,
        "resource_id": 7,
        "round_id": 5,
        "sub_title": 204,
        "title": 200,
        "win_percent_type": 3
    },
    {
        "id": 345,
        "resource_id": 8,
        "round_id": 5,
        "sub_title": 205,
        "title": 200,
        "win_percent_type": 3
    },
    {
        "id": 352,
        "resource_id": 8,
        "round_id": 5,
        "sub_title": 212,
        "title": 201,
        "win_percent_type": 3
    },
    {
        "id": 354,
        "resource_id": 7,
        "round_id": 5,
        "sub_title": 258,
        "title": 201,
        "win_percent_type": 3
    },
    {
        "id": 355,
        "resource_id": 6,
        "round_id": 5,
        "sub_title": 259,
        "title": 201,
        "win_percent_type": 3
    },
    {
        "id": 359,
        "resource_id": 5,
        "round_id": 5,
        "sub_title": 215,
        "title": 202,
        "win_percent_type": 3
    },
    {
        "id": 360,
        "resource_id": 6,
        "round_id": 5,
        "sub_title": 216,
        "title": 202,
        "win_percent_type": 3
    },
    {
        "id": 361,
        "resource_id": 7,
        "round_id": 5,
        "sub_title": 217,
        "title": 202,
        "win_percent_type": 3
    },
    {
        "id": 362,
        "resource_id": 8,
        "round_id": 5,
        "sub_title": 218,
        "title": 202,
        "win_percent_type": 3
    },
    {
        "id": 369,
        "resource_id": 0,
        "round_id": 5,
        "sub_title": 225,
        "title": 203,
        "win_percent_type": 3
    },
    {
        "id": 370,
        "resource_id": 0,
        "round_id": 5,
        "sub_title": 226,
        "title": 204,
        "win_percent_type": 3
    },
    {
        "id": 371,
        "resource_id": 0,
        "round_id": 5,
        "sub_title": 227,
        "title": 205,
        "win_percent_type": 3
    },
    {
        "id": 374,
        "resource_id": 5,
        "round_id": 5,
        "sub_title": 230,
        "title": 206,
        "win_percent_type": 3
    },
    {
        "id": 375,
        "resource_id": 6,
        "round_id": 5,
        "sub_title": 231,
        "title": 206,
        "win_percent_type": 3
    },
    {
        "id": 376,
        "resource_id": 7,
        "round_id": 5,
        "sub_title": 232,
        "title": 206,
        "win_percent_type": 3
    },
    {
        "id": 377,
        "resource_id": 8,
        "round_id": 5,
        "sub_title": 233,
        "title": 206,
        "win_percent_type": 3
    },
    {
        "id": 386,
        "resource_id": 5,
        "round_id": 5,
        "sub_title": 215,
        "title": 207,
        "win_percent_type": 3
    },
    {
        "id": 387,
        "resource_id": 6,
        "round_id": 5,
        "sub_title": 216,
        "title": 207,
        "win_percent_type": 3
    },
    {
        "id": 388,
        "resource_id": 7,
        "round_id": 5,
        "sub_title": 217,
        "title": 207,
        "win_percent_type": 3
    },
    {
        "id": 389,
        "resource_id": 8,
        "round_id": 5,
        "sub_title": 218,
        "title": 207,
        "win_percent_type": 3
    },
    {
        "id": 396,
        "resource_id": 0,
        "round_id": 5,
        "sub_title": 226,
        "title": 208,
        "win_percent_type": 3
    },
    {
        "id": 397,
        "resource_id": 0,
        "round_id": 5,
        "sub_title": 240,
        "title": 209,
        "win_percent_type": 3
    },
    {
        "id": 398,
        "resource_id": 0,
        "round_id": 5,
        "sub_title": 241,
        "title": 210,
        "win_percent_type": 3
    },
    {
        "id": 399,
        "resource_id": 0,
        "round_id": 5,
        "sub_title": 242,
        "title": 211,
        "win_percent_type": 3
    },
    {
        "id": 400,
        "resource_id": 0,
        "round_id": 5,
        "sub_title": 243,
        "title": 212,
        "win_percent_type": 3
    },
    {
        "id": 401,
        "resource_id": 0,
        "round_id": 5,
        "sub_title": 244,
        "title": 213,
        "win_percent_type": 3
    },
    {
        "id": 402,
        "resource_id": 0,
        "round_id": 5,
        "sub_title": 245,
        "title": 214,
        "win_percent_type": 3
    },
    {
        "id": 403,
        "resource_id": 0,
        "round_id": 5,
        "sub_title": 246,
        "title": 215,
        "win_percent_type": 3
    },
    {
        "id": 404,
        "resource_id": 0,
        "round_id": 5,
        "sub_title": 247,
        "title": 216,
        "win_percent_type": 3
    },
    {
        "id": 407,
        "resource_id": 5,
        "round_id": 5,
        "sub_title": 215,
        "title": 217,
        "win_percent_type": 3
    },
    {
        "id": 408,
        "resource_id": 6,
        "round_id": 5,
        "sub_title": 216,
        "title": 217,
        "win_percent_type": 3
    },
    {
        "id": 409,
        "resource_id": 7,
        "round_id": 5,
        "sub_title": 217,
        "title": 217,
        "win_percent_type": 3
    },
    {
        "id": 410,
        "resource_id": 8,
        "round_id": 5,
        "sub_title": 218,
        "title": 217,
        "win_percent_type": 3
    },
    {
        "id": 417,
        "resource_id": 0,
        "round_id": 5,
        "sub_title": 248,
        "title": 218,
        "win_percent_type": 3
    },
    {
        "id": 418,
        "resource_id": 0,
        "round_id": 5,
        "sub_title": 249,
        "title": 219,
        "win_percent_type": 3
    },
    {
        "id": 419,
        "resource_id": 0,
        "round_id": 5,
        "sub_title": 250,
        "title": 220,
        "win_percent_type": 3
    },
    {
        "id": 420,
        "resource_id": 0,
        "round_id": 5,
        "sub_title": 251,
        "title": 221,
        "win_percent_type": 3
    },
    {
        "id": 421,
        "resource_id": 0,
        "round_id": 5,
        "sub_title": 226,
        "title": 222,
        "win_percent_type": 3
    },
    {
        "id": 422,
        "resource_id": 0,
        "round_id": 5,
        "sub_title": 252,
        "title": 223,
        "win_percent_type": 3
    },
    {
        "id": 425,
        "resource_id": 5,
        "round_id": 5,
        "sub_title": 215,
        "title": 224,
        "win_percent_type": 3
    },
    {
        "id": 426,
        "resource_id": 6,
        "round_id": 5,
        "sub_title": 216,
        "title": 224,
        "win_percent_type": 3
    },
    {
        "id": 427,
        "resource_id": 7,
        "round_id": 5,
        "sub_title": 217,
        "title": 224,
        "win_percent_type": 3
    },
    {
        "id": 428,
        "resource_id": 8,
        "round_id": 5,
        "sub_title": 218,
        "title": 224,
        "win_percent_type": 3
    },
    {
        "id": 435,
        "resource_id": 0,
        "round_id": 5,
        "sub_title": 253,
        "title": 225,
        "win_percent_type": 3
    },
    {
        "id": 436,
        "resource_id": 0,
        "round_id": 5,
        "sub_title": 254,
        "title": 226,
        "win_percent_type": 3
    },
    {
        "id": 437,
        "resource_id": 0,
        "round_id": 5,
        "sub_title": 255,
        "title": 227,
        "win_percent_type": 3
    },
    {
        "id": 438,
        "resource_id": 0,
        "round_id": 5,
        "sub_title": 256,
        "title": 228,
        "win_percent_type": 3
    }
]