[
    {
        "box_grade": 0,
        "champions_id": 1,
        "id": 1,
        "league_type": 1,
        "ranking": 0,
        "rate": 10000,
        "reward_set_id": 101,
        "round_id": 1,
        "win_count": 0
    },
    {
        "box_grade": 1,
        "champions_id": 1,
        "id": 2,
        "league_type": 1,
        "ranking": 0,
        "rate": 10000,
        "reward_set_id": 102,
        "round_id": 1,
        "win_count": 1
    },
    {
        "box_grade": 2,
        "champions_id": 1,
        "id": 3,
        "league_type": 1,
        "ranking": 0,
        "rate": 10000,
        "reward_set_id": 103,
        "round_id": 1,
        "win_count": 2
    },
    {
        "box_grade": 3,
        "champions_id": 1,
        "id": 4,
        "league_type": 1,
        "ranking": 0,
        "rate": 10000,
        "reward_set_id": 104,
        "round_id": 1,
        "win_count": 3
    },
    {
        "box_grade": 4,
        "champions_id": 1,
        "id": 5,
        "league_type": 1,
        "ranking": 0,
        "rate": 10000,
        "reward_set_id": 105,
        "round_id": 1,
        "win_count": 4
    },
    {
        "box_grade": 5,
        "champions_id": 1,
        "id": 6,
        "league_type": 1,
        "ranking": 0,
        "rate": 10000,
        "reward_set_id": 106,
        "round_id": 1,
        "win_count": 5
    },
    {
        "box_grade": 0,
        "champions_id": 1,
        "id": 7,
        "league_type": 1,
        "ranking": 0,
        "rate": 10000,
        "reward_set_id": 107,
        "round_id": 2,
        "win_count": 0
    },
    {
        "box_grade": 1,
        "champions_id": 1,
        "id": 8,
        "league_type": 1,
        "ranking": 0,
        "rate": 10000,
        "reward_set_id": 108,
        "round_id": 2,
        "win_count": 1
    },
    {
        "box_grade": 2,
        "champions_id": 1,
        "id": 9,
        "league_type": 1,
        "ranking": 0,
        "rate": 10000,
        "reward_set_id": 109,
        "round_id": 2,
        "win_count": 2
    },
    {
        "box_grade": 3,
        "champions_id": 1,
        "id": 10,
        "league_type": 1,
        "ranking": 0,
        "rate": 10000,
        "reward_set_id": 110,
        "round_id": 2,
        "win_count": 3
    },
    {
        "box_grade": 4,
        "champions_id": 1,
        "id": 11,
        "league_type": 1,
        "ranking": 0,
        "rate": 10000,
        "reward_set_id": 111,
        "round_id": 2,
        "win_count": 4
    },
    {
        "box_grade": 5,
        "champions_id": 1,
        "id": 12,
        "league_type": 1,
        "ranking": 0,
        "rate": 10000,
        "reward_set_id": 112,
        "round_id": 2,
        "win_count": 5
    },
    {
        "box_grade": 0,
        "champions_id": 1,
        "id": 13,
        "league_type": 1,
        "ranking": 0,
        "rate": 10000,
        "reward_set_id": 113,
        "round_id": 3,
        "win_count": 0
    },
    {
        "box_grade": 1,
        "champions_id": 1,
        "id": 14,
        "league_type": 1,
        "ranking": 0,
        "rate": 10000,
        "reward_set_id": 114,
        "round_id": 3,
        "win_count": 1
    },
    {
        "box_grade": 2,
        "champions_id": 1,
        "id": 15,
        "league_type": 1,
        "ranking": 0,
        "rate": 10000,
        "reward_set_id": 115,
        "round_id": 3,
        "win_count": 2
    },
    {
        "box_grade": 3,
        "champions_id": 1,
        "id": 16,
        "league_type": 1,
        "ranking": 0,
        "rate": 10000,
        "reward_set_id": 116,
        "round_id": 3,
        "win_count": 3
    },
    {
        "box_grade": 4,
        "champions_id": 1,
        "id": 17,
        "league_type": 1,
        "ranking": 0,
        "rate": 10000,
        "reward_set_id": 117,
        "round_id": 3,
        "win_count": 4
    },
    {
        "box_grade": 5,
        "champions_id": 1,
        "id": 18,
        "league_type": 1,
        "ranking": 0,
        "rate": 10000,
        "reward_set_id": 118,
        "round_id": 3,
        "win_count": 5
    },
    {
        "box_grade": 6,
        "champions_id": 1,
        "id": 19,
        "league_type": 1,
        "ranking": 3,
        "rate": 10000,
        "reward_set_id": 119,
        "round_id": 4,
        "win_count": 0
    },
    {
        "box_grade": 7,
        "champions_id": 1,
        "id": 20,
        "league_type": 1,
        "ranking": 2,
        "rate": 10000,
        "reward_set_id": 120,
        "round_id": 4,
        "win_count": 0
    },
    {
        "box_grade": 8,
        "champions_id": 1,
        "id": 21,
        "league_type": 1,
        "ranking": 1,
        "rate": 10000,
        "reward_set_id": 121,
        "round_id": 4,
        "win_count": 0
    },
    {
        "box_grade": 6,
        "champions_id": 1,
        "id": 22,
        "league_type": 1,
        "ranking": 3,
        "rate": 10000,
        "reward_set_id": 122,
        "round_id": 5,
        "win_count": 0
    },
    {
        "box_grade": 7,
        "champions_id": 1,
        "id": 23,
        "league_type": 1,
        "ranking": 2,
        "rate": 10000,
        "reward_set_id": 123,
        "round_id": 5,
        "win_count": 0
    },
    {
        "box_grade": 8,
        "champions_id": 1,
        "id": 24,
        "league_type": 1,
        "ranking": 1,
        "rate": 10000,
        "reward_set_id": 124,
        "round_id": 5,
        "win_count": 0
    },
    {
        "box_grade": 0,
        "champions_id": 1,
        "id": 25,
        "league_type": 2,
        "ranking": 0,
        "rate": 10000,
        "reward_set_id": 151,
        "round_id": 1,
        "win_count": 0
    },
    {
        "box_grade": 1,
        "champions_id": 1,
        "id": 26,
        "league_type": 2,
        "ranking": 0,
        "rate": 10000,
        "reward_set_id": 152,
        "round_id": 1,
        "win_count": 1
    },
    {
        "box_grade": 2,
        "champions_id": 1,
        "id": 27,
        "league_type": 2,
        "ranking": 0,
        "rate": 10000,
        "reward_set_id": 153,
        "round_id": 1,
        "win_count": 2
    },
    {
        "box_grade": 3,
        "champions_id": 1,
        "id": 28,
        "league_type": 2,
        "ranking": 0,
        "rate": 10000,
        "reward_set_id": 154,
        "round_id": 1,
        "win_count": 3
    },
    {
        "box_grade": 4,
        "champions_id": 1,
        "id": 29,
        "league_type": 2,
        "ranking": 0,
        "rate": 10000,
        "reward_set_id": 155,
        "round_id": 1,
        "win_count": 4
    },
    {
        "box_grade": 5,
        "champions_id": 1,
        "id": 30,
        "league_type": 2,
        "ranking": 0,
        "rate": 10000,
        "reward_set_id": 156,
        "round_id": 1,
        "win_count": 5
    },
    {
        "box_grade": 0,
        "champions_id": 1,
        "id": 31,
        "league_type": 2,
        "ranking": 0,
        "rate": 10000,
        "reward_set_id": 157,
        "round_id": 2,
        "win_count": 0
    },
    {
        "box_grade": 1,
        "champions_id": 1,
        "id": 32,
        "league_type": 2,
        "ranking": 0,
        "rate": 10000,
        "reward_set_id": 158,
        "round_id": 2,
        "win_count": 1
    },
    {
        "box_grade": 2,
        "champions_id": 1,
        "id": 33,
        "league_type": 2,
        "ranking": 0,
        "rate": 10000,
        "reward_set_id": 159,
        "round_id": 2,
        "win_count": 2
    },
    {
        "box_grade": 3,
        "champions_id": 1,
        "id": 34,
        "league_type": 2,
        "ranking": 0,
        "rate": 10000,
        "reward_set_id": 160,
        "round_id": 2,
        "win_count": 3
    },
    {
        "box_grade": 4,
        "champions_id": 1,
        "id": 35,
        "league_type": 2,
        "ranking": 0,
        "rate": 10000,
        "reward_set_id": 161,
        "round_id": 2,
        "win_count": 4
    },
    {
        "box_grade": 5,
        "champions_id": 1,
        "id": 36,
        "league_type": 2,
        "ranking": 0,
        "rate": 10000,
        "reward_set_id": 162,
        "round_id": 2,
        "win_count": 5
    },
    {
        "box_grade": 0,
        "champions_id": 1,
        "id": 37,
        "league_type": 2,
        "ranking": 0,
        "rate": 10000,
        "reward_set_id": 163,
        "round_id": 3,
        "win_count": 0
    },
    {
        "box_grade": 1,
        "champions_id": 1,
        "id": 38,
        "league_type": 2,
        "ranking": 0,
        "rate": 10000,
        "reward_set_id": 164,
        "round_id": 3,
        "win_count": 1
    },
    {
        "box_grade": 2,
        "champions_id": 1,
        "id": 39,
        "league_type": 2,
        "ranking": 0,
        "rate": 10000,
        "reward_set_id": 165,
        "round_id": 3,
        "win_count": 2
    },
    {
        "box_grade": 3,
        "champions_id": 1,
        "id": 40,
        "league_type": 2,
        "ranking": 0,
        "rate": 10000,
        "reward_set_id": 166,
        "round_id": 3,
        "win_count": 3
    },
    {
        "box_grade": 4,
        "champions_id": 1,
        "id": 41,
        "league_type": 2,
        "ranking": 0,
        "rate": 10000,
        "reward_set_id": 167,
        "round_id": 3,
        "win_count": 4
    },
    {
        "box_grade": 5,
        "champions_id": 1,
        "id": 42,
        "league_type": 2,
        "ranking": 0,
        "rate": 10000,
        "reward_set_id": 168,
        "round_id": 3,
        "win_count": 5
    },
    {
        "box_grade": 6,
        "champions_id": 1,
        "id": 43,
        "league_type": 2,
        "ranking": 3,
        "rate": 10000,
        "reward_set_id": 169,
        "round_id": 4,
        "win_count": 0
    },
    {
        "box_grade": 7,
        "champions_id": 1,
        "id": 44,
        "league_type": 2,
        "ranking": 2,
        "rate": 10000,
        "reward_set_id": 170,
        "round_id": 4,
        "win_count": 0
    },
    {
        "box_grade": 8,
        "champions_id": 1,
        "id": 45,
        "league_type": 2,
        "ranking": 1,
        "rate": 10000,
        "reward_set_id": 171,
        "round_id": 4,
        "win_count": 0
    },
    {
        "box_grade": 6,
        "champions_id": 1,
        "id": 46,
        "league_type": 2,
        "ranking": 3,
        "rate": 10000,
        "reward_set_id": 172,
        "round_id": 5,
        "win_count": 0
    },
    {
        "box_grade": 7,
        "champions_id": 1,
        "id": 47,
        "league_type": 2,
        "ranking": 2,
        "rate": 10000,
        "reward_set_id": 173,
        "round_id": 5,
        "win_count": 0
    },
    {
        "box_grade": 8,
        "champions_id": 1,
        "id": 48,
        "league_type": 2,
        "ranking": 1,
        "rate": 10000,
        "reward_set_id": 174,
        "round_id": 5,
        "win_count": 0
    },
    {
        "box_grade": 0,
        "champions_id": 2,
        "id": 49,
        "league_type": 1,
        "ranking": 0,
        "rate": 10000,
        "reward_set_id": 201,
        "round_id": 1,
        "win_count": 0
    },
    {
        "box_grade": 1,
        "champions_id": 2,
        "id": 50,
        "league_type": 1,
        "ranking": 0,
        "rate": 10000,
        "reward_set_id": 202,
        "round_id": 1,
        "win_count": 1
    },
    {
        "box_grade": 2,
        "champions_id": 2,
        "id": 51,
        "league_type": 1,
        "ranking": 0,
        "rate": 10000,
        "reward_set_id": 203,
        "round_id": 1,
        "win_count": 2
    },
    {
        "box_grade": 3,
        "champions_id": 2,
        "id": 52,
        "league_type": 1,
        "ranking": 0,
        "rate": 10000,
        "reward_set_id": 204,
        "round_id": 1,
        "win_count": 3
    },
    {
        "box_grade": 4,
        "champions_id": 2,
        "id": 53,
        "league_type": 1,
        "ranking": 0,
        "rate": 10000,
        "reward_set_id": 205,
        "round_id": 1,
        "win_count": 4
    },
    {
        "box_grade": 5,
        "champions_id": 2,
        "id": 54,
        "league_type": 1,
        "ranking": 0,
        "rate": 10000,
        "reward_set_id": 206,
        "round_id": 1,
        "win_count": 5
    },
    {
        "box_grade": 0,
        "champions_id": 2,
        "id": 55,
        "league_type": 1,
        "ranking": 0,
        "rate": 10000,
        "reward_set_id": 207,
        "round_id": 2,
        "win_count": 0
    },
    {
        "box_grade": 1,
        "champions_id": 2,
        "id": 56,
        "league_type": 1,
        "ranking": 0,
        "rate": 10000,
        "reward_set_id": 208,
        "round_id": 2,
        "win_count": 1
    },
    {
        "box_grade": 2,
        "champions_id": 2,
        "id": 57,
        "league_type": 1,
        "ranking": 0,
        "rate": 10000,
        "reward_set_id": 209,
        "round_id": 2,
        "win_count": 2
    },
    {
        "box_grade": 3,
        "champions_id": 2,
        "id": 58,
        "league_type": 1,
        "ranking": 0,
        "rate": 10000,
        "reward_set_id": 210,
        "round_id": 2,
        "win_count": 3
    },
    {
        "box_grade": 4,
        "champions_id": 2,
        "id": 59,
        "league_type": 1,
        "ranking": 0,
        "rate": 10000,
        "reward_set_id": 211,
        "round_id": 2,
        "win_count": 4
    },
    {
        "box_grade": 5,
        "champions_id": 2,
        "id": 60,
        "league_type": 1,
        "ranking": 0,
        "rate": 10000,
        "reward_set_id": 212,
        "round_id": 2,
        "win_count": 5
    },
    {
        "box_grade": 0,
        "champions_id": 2,
        "id": 61,
        "league_type": 1,
        "ranking": 0,
        "rate": 10000,
        "reward_set_id": 213,
        "round_id": 3,
        "win_count": 0
    },
    {
        "box_grade": 1,
        "champions_id": 2,
        "id": 62,
        "league_type": 1,
        "ranking": 0,
        "rate": 10000,
        "reward_set_id": 214,
        "round_id": 3,
        "win_count": 1
    },
    {
        "box_grade": 2,
        "champions_id": 2,
        "id": 63,
        "league_type": 1,
        "ranking": 0,
        "rate": 10000,
        "reward_set_id": 215,
        "round_id": 3,
        "win_count": 2
    },
    {
        "box_grade": 3,
        "champions_id": 2,
        "id": 64,
        "league_type": 1,
        "ranking": 0,
        "rate": 10000,
        "reward_set_id": 216,
        "round_id": 3,
        "win_count": 3
    },
    {
        "box_grade": 4,
        "champions_id": 2,
        "id": 65,
        "league_type": 1,
        "ranking": 0,
        "rate": 10000,
        "reward_set_id": 217,
        "round_id": 3,
        "win_count": 4
    },
    {
        "box_grade": 5,
        "champions_id": 2,
        "id": 66,
        "league_type": 1,
        "ranking": 0,
        "rate": 10000,
        "reward_set_id": 218,
        "round_id": 3,
        "win_count": 5
    },
    {
        "box_grade": 6,
        "champions_id": 2,
        "id": 67,
        "league_type": 1,
        "ranking": 3,
        "rate": 10000,
        "reward_set_id": 219,
        "round_id": 4,
        "win_count": 0
    },
    {
        "box_grade": 7,
        "champions_id": 2,
        "id": 68,
        "league_type": 1,
        "ranking": 2,
        "rate": 10000,
        "reward_set_id": 220,
        "round_id": 4,
        "win_count": 0
    },
    {
        "box_grade": 8,
        "champions_id": 2,
        "id": 69,
        "league_type": 1,
        "ranking": 1,
        "rate": 10000,
        "reward_set_id": 221,
        "round_id": 4,
        "win_count": 0
    },
    {
        "box_grade": 6,
        "champions_id": 2,
        "id": 70,
        "league_type": 1,
        "ranking": 3,
        "rate": 10000,
        "reward_set_id": 222,
        "round_id": 5,
        "win_count": 0
    },
    {
        "box_grade": 7,
        "champions_id": 2,
        "id": 71,
        "league_type": 1,
        "ranking": 2,
        "rate": 10000,
        "reward_set_id": 223,
        "round_id": 5,
        "win_count": 0
    },
    {
        "box_grade": 8,
        "champions_id": 2,
        "id": 72,
        "league_type": 1,
        "ranking": 1,
        "rate": 10000,
        "reward_set_id": 224,
        "round_id": 5,
        "win_count": 0
    },
    {
        "box_grade": 0,
        "champions_id": 2,
        "id": 73,
        "league_type": 2,
        "ranking": 0,
        "rate": 10000,
        "reward_set_id": 251,
        "round_id": 1,
        "win_count": 0
    },
    {
        "box_grade": 1,
        "champions_id": 2,
        "id": 74,
        "league_type": 2,
        "ranking": 0,
        "rate": 10000,
        "reward_set_id": 252,
        "round_id": 1,
        "win_count": 1
    },
    {
        "box_grade": 2,
        "champions_id": 2,
        "id": 75,
        "league_type": 2,
        "ranking": 0,
        "rate": 10000,
        "reward_set_id": 253,
        "round_id": 1,
        "win_count": 2
    },
    {
        "box_grade": 3,
        "champions_id": 2,
        "id": 76,
        "league_type": 2,
        "ranking": 0,
        "rate": 10000,
        "reward_set_id": 254,
        "round_id": 1,
        "win_count": 3
    },
    {
        "box_grade": 4,
        "champions_id": 2,
        "id": 77,
        "league_type": 2,
        "ranking": 0,
        "rate": 10000,
        "reward_set_id": 255,
        "round_id": 1,
        "win_count": 4
    },
    {
        "box_grade": 5,
        "champions_id": 2,
        "id": 78,
        "league_type": 2,
        "ranking": 0,
        "rate": 10000,
        "reward_set_id": 256,
        "round_id": 1,
        "win_count": 5
    },
    {
        "box_grade": 0,
        "champions_id": 2,
        "id": 79,
        "league_type": 2,
        "ranking": 0,
        "rate": 10000,
        "reward_set_id": 257,
        "round_id": 2,
        "win_count": 0
    },
    {
        "box_grade": 1,
        "champions_id": 2,
        "id": 80,
        "league_type": 2,
        "ranking": 0,
        "rate": 10000,
        "reward_set_id": 258,
        "round_id": 2,
        "win_count": 1
    },
    {
        "box_grade": 2,
        "champions_id": 2,
        "id": 81,
        "league_type": 2,
        "ranking": 0,
        "rate": 10000,
        "reward_set_id": 259,
        "round_id": 2,
        "win_count": 2
    },
    {
        "box_grade": 3,
        "champions_id": 2,
        "id": 82,
        "league_type": 2,
        "ranking": 0,
        "rate": 10000,
        "reward_set_id": 260,
        "round_id": 2,
        "win_count": 3
    },
    {
        "box_grade": 4,
        "champions_id": 2,
        "id": 83,
        "league_type": 2,
        "ranking": 0,
        "rate": 10000,
        "reward_set_id": 261,
        "round_id": 2,
        "win_count": 4
    },
    {
        "box_grade": 5,
        "champions_id": 2,
        "id": 84,
        "league_type": 2,
        "ranking": 0,
        "rate": 10000,
        "reward_set_id": 262,
        "round_id": 2,
        "win_count": 5
    },
    {
        "box_grade": 0,
        "champions_id": 2,
        "id": 85,
        "league_type": 2,
        "ranking": 0,
        "rate": 10000,
        "reward_set_id": 263,
        "round_id": 3,
        "win_count": 0
    },
    {
        "box_grade": 1,
        "champions_id": 2,
        "id": 86,
        "league_type": 2,
        "ranking": 0,
        "rate": 10000,
        "reward_set_id": 264,
        "round_id": 3,
        "win_count": 1
    },
    {
        "box_grade": 2,
        "champions_id": 2,
        "id": 87,
        "league_type": 2,
        "ranking": 0,
        "rate": 10000,
        "reward_set_id": 265,
        "round_id": 3,
        "win_count": 2
    },
    {
        "box_grade": 3,
        "champions_id": 2,
        "id": 88,
        "league_type": 2,
        "ranking": 0,
        "rate": 10000,
        "reward_set_id": 266,
        "round_id": 3,
        "win_count": 3
    },
    {
        "box_grade": 4,
        "champions_id": 2,
        "id": 89,
        "league_type": 2,
        "ranking": 0,
        "rate": 10000,
        "reward_set_id": 267,
        "round_id": 3,
        "win_count": 4
    },
    {
        "box_grade": 5,
        "champions_id": 2,
        "id": 90,
        "league_type": 2,
        "ranking": 0,
        "rate": 10000,
        "reward_set_id": 268,
        "round_id": 3,
        "win_count": 5
    },
    {
        "box_grade": 6,
        "champions_id": 2,
        "id": 91,
        "league_type": 2,
        "ranking": 3,
        "rate": 10000,
        "reward_set_id": 269,
        "round_id": 4,
        "win_count": 0
    },
    {
        "box_grade": 7,
        "champions_id": 2,
        "id": 92,
        "league_type": 2,
        "ranking": 2,
        "rate": 10000,
        "reward_set_id": 270,
        "round_id": 4,
        "win_count": 0
    },
    {
        "box_grade": 8,
        "champions_id": 2,
        "id": 93,
        "league_type": 2,
        "ranking": 1,
        "rate": 10000,
        "reward_set_id": 271,
        "round_id": 4,
        "win_count": 0
    },
    {
        "box_grade": 6,
        "champions_id": 2,
        "id": 94,
        "league_type": 2,
        "ranking": 3,
        "rate": 10000,
        "reward_set_id": 272,
        "round_id": 5,
        "win_count": 0
    },
    {
        "box_grade": 7,
        "champions_id": 2,
        "id": 95,
        "league_type": 2,
        "ranking": 2,
        "rate": 10000,
        "reward_set_id": 273,
        "round_id": 5,
        "win_count": 0
    },
    {
        "box_grade": 8,
        "champions_id": 2,
        "id": 96,
        "league_type": 2,
        "ranking": 1,
        "rate": 10000,
        "reward_set_id": 274,
        "round_id": 5,
        "win_count": 0
    },
    {
        "box_grade": 0,
        "champions_id": 3,
        "id": 97,
        "league_type": 1,
        "ranking": 0,
        "rate": 10000,
        "reward_set_id": 301,
        "round_id": 1,
        "win_count": 0
    },
    {
        "box_grade": 1,
        "champions_id": 3,
        "id": 98,
        "league_type": 1,
        "ranking": 0,
        "rate": 10000,
        "reward_set_id": 302,
        "round_id": 1,
        "win_count": 1
    },
    {
        "box_grade": 2,
        "champions_id": 3,
        "id": 99,
        "league_type": 1,
        "ranking": 0,
        "rate": 10000,
        "reward_set_id": 303,
        "round_id": 1,
        "win_count": 2
    },
    {
        "box_grade": 3,
        "champions_id": 3,
        "id": 100,
        "league_type": 1,
        "ranking": 0,
        "rate": 10000,
        "reward_set_id": 304,
        "round_id": 1,
        "win_count": 3
    },
    {
        "box_grade": 4,
        "champions_id": 3,
        "id": 101,
        "league_type": 1,
        "ranking": 0,
        "rate": 10000,
        "reward_set_id": 305,
        "round_id": 1,
        "win_count": 4
    },
    {
        "box_grade": 5,
        "champions_id": 3,
        "id": 102,
        "league_type": 1,
        "ranking": 0,
        "rate": 10000,
        "reward_set_id": 306,
        "round_id": 1,
        "win_count": 5
    },
    {
        "box_grade": 0,
        "champions_id": 3,
        "id": 103,
        "league_type": 1,
        "ranking": 0,
        "rate": 10000,
        "reward_set_id": 307,
        "round_id": 2,
        "win_count": 0
    },
    {
        "box_grade": 1,
        "champions_id": 3,
        "id": 104,
        "league_type": 1,
        "ranking": 0,
        "rate": 10000,
        "reward_set_id": 308,
        "round_id": 2,
        "win_count": 1
    },
    {
        "box_grade": 2,
        "champions_id": 3,
        "id": 105,
        "league_type": 1,
        "ranking": 0,
        "rate": 10000,
        "reward_set_id": 309,
        "round_id": 2,
        "win_count": 2
    },
    {
        "box_grade": 3,
        "champions_id": 3,
        "id": 106,
        "league_type": 1,
        "ranking": 0,
        "rate": 10000,
        "reward_set_id": 310,
        "round_id": 2,
        "win_count": 3
    },
    {
        "box_grade": 4,
        "champions_id": 3,
        "id": 107,
        "league_type": 1,
        "ranking": 0,
        "rate": 10000,
        "reward_set_id": 311,
        "round_id": 2,
        "win_count": 4
    },
    {
        "box_grade": 5,
        "champions_id": 3,
        "id": 108,
        "league_type": 1,
        "ranking": 0,
        "rate": 10000,
        "reward_set_id": 312,
        "round_id": 2,
        "win_count": 5
    },
    {
        "box_grade": 0,
        "champions_id": 3,
        "id": 109,
        "league_type": 1,
        "ranking": 0,
        "rate": 10000,
        "reward_set_id": 313,
        "round_id": 3,
        "win_count": 0
    },
    {
        "box_grade": 1,
        "champions_id": 3,
        "id": 110,
        "league_type": 1,
        "ranking": 0,
        "rate": 10000,
        "reward_set_id": 314,
        "round_id": 3,
        "win_count": 1
    },
    {
        "box_grade": 2,
        "champions_id": 3,
        "id": 111,
        "league_type": 1,
        "ranking": 0,
        "rate": 10000,
        "reward_set_id": 315,
        "round_id": 3,
        "win_count": 2
    },
    {
        "box_grade": 3,
        "champions_id": 3,
        "id": 112,
        "league_type": 1,
        "ranking": 0,
        "rate": 10000,
        "reward_set_id": 316,
        "round_id": 3,
        "win_count": 3
    },
    {
        "box_grade": 4,
        "champions_id": 3,
        "id": 113,
        "league_type": 1,
        "ranking": 0,
        "rate": 10000,
        "reward_set_id": 317,
        "round_id": 3,
        "win_count": 4
    },
    {
        "box_grade": 5,
        "champions_id": 3,
        "id": 114,
        "league_type": 1,
        "ranking": 0,
        "rate": 10000,
        "reward_set_id": 318,
        "round_id": 3,
        "win_count": 5
    },
    {
        "box_grade": 6,
        "champions_id": 3,
        "id": 115,
        "league_type": 1,
        "ranking": 3,
        "rate": 10000,
        "reward_set_id": 319,
        "round_id": 4,
        "win_count": 0
    },
    {
        "box_grade": 7,
        "champions_id": 3,
        "id": 116,
        "league_type": 1,
        "ranking": 2,
        "rate": 10000,
        "reward_set_id": 320,
        "round_id": 4,
        "win_count": 0
    },
    {
        "box_grade": 8,
        "champions_id": 3,
        "id": 117,
        "league_type": 1,
        "ranking": 1,
        "rate": 10000,
        "reward_set_id": 321,
        "round_id": 4,
        "win_count": 0
    },
    {
        "box_grade": 6,
        "champions_id": 3,
        "id": 118,
        "league_type": 1,
        "ranking": 3,
        "rate": 10000,
        "reward_set_id": 322,
        "round_id": 5,
        "win_count": 0
    },
    {
        "box_grade": 7,
        "champions_id": 3,
        "id": 119,
        "league_type": 1,
        "ranking": 2,
        "rate": 10000,
        "reward_set_id": 323,
        "round_id": 5,
        "win_count": 0
    },
    {
        "box_grade": 8,
        "champions_id": 3,
        "id": 120,
        "league_type": 1,
        "ranking": 1,
        "rate": 10000,
        "reward_set_id": 324,
        "round_id": 5,
        "win_count": 0
    },
    {
        "box_grade": 0,
        "champions_id": 3,
        "id": 121,
        "league_type": 2,
        "ranking": 0,
        "rate": 10000,
        "reward_set_id": 351,
        "round_id": 1,
        "win_count": 0
    },
    {
        "box_grade": 1,
        "champions_id": 3,
        "id": 122,
        "league_type": 2,
        "ranking": 0,
        "rate": 10000,
        "reward_set_id": 352,
        "round_id": 1,
        "win_count": 1
    },
    {
        "box_grade": 2,
        "champions_id": 3,
        "id": 123,
        "league_type": 2,
        "ranking": 0,
        "rate": 10000,
        "reward_set_id": 353,
        "round_id": 1,
        "win_count": 2
    },
    {
        "box_grade": 3,
        "champions_id": 3,
        "id": 124,
        "league_type": 2,
        "ranking": 0,
        "rate": 10000,
        "reward_set_id": 354,
        "round_id": 1,
        "win_count": 3
    },
    {
        "box_grade": 4,
        "champions_id": 3,
        "id": 125,
        "league_type": 2,
        "ranking": 0,
        "rate": 10000,
        "reward_set_id": 355,
        "round_id": 1,
        "win_count": 4
    },
    {
        "box_grade": 5,
        "champions_id": 3,
        "id": 126,
        "league_type": 2,
        "ranking": 0,
        "rate": 10000,
        "reward_set_id": 356,
        "round_id": 1,
        "win_count": 5
    },
    {
        "box_grade": 0,
        "champions_id": 3,
        "id": 127,
        "league_type": 2,
        "ranking": 0,
        "rate": 10000,
        "reward_set_id": 357,
        "round_id": 2,
        "win_count": 0
    },
    {
        "box_grade": 1,
        "champions_id": 3,
        "id": 128,
        "league_type": 2,
        "ranking": 0,
        "rate": 10000,
        "reward_set_id": 358,
        "round_id": 2,
        "win_count": 1
    },
    {
        "box_grade": 2,
        "champions_id": 3,
        "id": 129,
        "league_type": 2,
        "ranking": 0,
        "rate": 10000,
        "reward_set_id": 359,
        "round_id": 2,
        "win_count": 2
    },
    {
        "box_grade": 3,
        "champions_id": 3,
        "id": 130,
        "league_type": 2,
        "ranking": 0,
        "rate": 10000,
        "reward_set_id": 360,
        "round_id": 2,
        "win_count": 3
    },
    {
        "box_grade": 4,
        "champions_id": 3,
        "id": 131,
        "league_type": 2,
        "ranking": 0,
        "rate": 10000,
        "reward_set_id": 361,
        "round_id": 2,
        "win_count": 4
    },
    {
        "box_grade": 5,
        "champions_id": 3,
        "id": 132,
        "league_type": 2,
        "ranking": 0,
        "rate": 10000,
        "reward_set_id": 362,
        "round_id": 2,
        "win_count": 5
    },
    {
        "box_grade": 0,
        "champions_id": 3,
        "id": 133,
        "league_type": 2,
        "ranking": 0,
        "rate": 10000,
        "reward_set_id": 363,
        "round_id": 3,
        "win_count": 0
    },
    {
        "box_grade": 1,
        "champions_id": 3,
        "id": 134,
        "league_type": 2,
        "ranking": 0,
        "rate": 10000,
        "reward_set_id": 364,
        "round_id": 3,
        "win_count": 1
    },
    {
        "box_grade": 2,
        "champions_id": 3,
        "id": 135,
        "league_type": 2,
        "ranking": 0,
        "rate": 10000,
        "reward_set_id": 365,
        "round_id": 3,
        "win_count": 2
    },
    {
        "box_grade": 3,
        "champions_id": 3,
        "id": 136,
        "league_type": 2,
        "ranking": 0,
        "rate": 10000,
        "reward_set_id": 366,
        "round_id": 3,
        "win_count": 3
    },
    {
        "box_grade": 4,
        "champions_id": 3,
        "id": 137,
        "league_type": 2,
        "ranking": 0,
        "rate": 10000,
        "reward_set_id": 367,
        "round_id": 3,
        "win_count": 4
    },
    {
        "box_grade": 5,
        "champions_id": 3,
        "id": 138,
        "league_type": 2,
        "ranking": 0,
        "rate": 10000,
        "reward_set_id": 368,
        "round_id": 3,
        "win_count": 5
    },
    {
        "box_grade": 6,
        "champions_id": 3,
        "id": 139,
        "league_type": 2,
        "ranking": 3,
        "rate": 10000,
        "reward_set_id": 369,
        "round_id": 4,
        "win_count": 0
    },
    {
        "box_grade": 7,
        "champions_id": 3,
        "id": 140,
        "league_type": 2,
        "ranking": 2,
        "rate": 10000,
        "reward_set_id": 370,
        "round_id": 4,
        "win_count": 0
    },
    {
        "box_grade": 8,
        "champions_id": 3,
        "id": 141,
        "league_type": 2,
        "ranking": 1,
        "rate": 10000,
        "reward_set_id": 371,
        "round_id": 4,
        "win_count": 0
    },
    {
        "box_grade": 6,
        "champions_id": 3,
        "id": 142,
        "league_type": 2,
        "ranking": 3,
        "rate": 10000,
        "reward_set_id": 372,
        "round_id": 5,
        "win_count": 0
    },
    {
        "box_grade": 7,
        "champions_id": 3,
        "id": 143,
        "league_type": 2,
        "ranking": 2,
        "rate": 10000,
        "reward_set_id": 373,
        "round_id": 5,
        "win_count": 0
    },
    {
        "box_grade": 8,
        "champions_id": 3,
        "id": 144,
        "league_type": 2,
        "ranking": 1,
        "rate": 10000,
        "reward_set_id": 374,
        "round_id": 5,
        "win_count": 0
    },
    {
        "box_grade": 0,
        "champions_id": 4,
        "id": 145,
        "league_type": 1,
        "ranking": 0,
        "rate": 10000,
        "reward_set_id": 401,
        "round_id": 1,
        "win_count": 0
    },
    {
        "box_grade": 1,
        "champions_id": 4,
        "id": 146,
        "league_type": 1,
        "ranking": 0,
        "rate": 10000,
        "reward_set_id": 402,
        "round_id": 1,
        "win_count": 1
    },
    {
        "box_grade": 2,
        "champions_id": 4,
        "id": 147,
        "league_type": 1,
        "ranking": 0,
        "rate": 10000,
        "reward_set_id": 403,
        "round_id": 1,
        "win_count": 2
    },
    {
        "box_grade": 3,
        "champions_id": 4,
        "id": 148,
        "league_type": 1,
        "ranking": 0,
        "rate": 10000,
        "reward_set_id": 404,
        "round_id": 1,
        "win_count": 3
    },
    {
        "box_grade": 4,
        "champions_id": 4,
        "id": 149,
        "league_type": 1,
        "ranking": 0,
        "rate": 10000,
        "reward_set_id": 405,
        "round_id": 1,
        "win_count": 4
    },
    {
        "box_grade": 5,
        "champions_id": 4,
        "id": 150,
        "league_type": 1,
        "ranking": 0,
        "rate": 10000,
        "reward_set_id": 406,
        "round_id": 1,
        "win_count": 5
    },
    {
        "box_grade": 0,
        "champions_id": 4,
        "id": 151,
        "league_type": 1,
        "ranking": 0,
        "rate": 10000,
        "reward_set_id": 407,
        "round_id": 2,
        "win_count": 0
    },
    {
        "box_grade": 1,
        "champions_id": 4,
        "id": 152,
        "league_type": 1,
        "ranking": 0,
        "rate": 10000,
        "reward_set_id": 408,
        "round_id": 2,
        "win_count": 1
    },
    {
        "box_grade": 2,
        "champions_id": 4,
        "id": 153,
        "league_type": 1,
        "ranking": 0,
        "rate": 10000,
        "reward_set_id": 409,
        "round_id": 2,
        "win_count": 2
    },
    {
        "box_grade": 3,
        "champions_id": 4,
        "id": 154,
        "league_type": 1,
        "ranking": 0,
        "rate": 10000,
        "reward_set_id": 410,
        "round_id": 2,
        "win_count": 3
    },
    {
        "box_grade": 4,
        "champions_id": 4,
        "id": 155,
        "league_type": 1,
        "ranking": 0,
        "rate": 10000,
        "reward_set_id": 411,
        "round_id": 2,
        "win_count": 4
    },
    {
        "box_grade": 5,
        "champions_id": 4,
        "id": 156,
        "league_type": 1,
        "ranking": 0,
        "rate": 10000,
        "reward_set_id": 412,
        "round_id": 2,
        "win_count": 5
    },
    {
        "box_grade": 0,
        "champions_id": 4,
        "id": 157,
        "league_type": 1,
        "ranking": 0,
        "rate": 10000,
        "reward_set_id": 413,
        "round_id": 3,
        "win_count": 0
    },
    {
        "box_grade": 1,
        "champions_id": 4,
        "id": 158,
        "league_type": 1,
        "ranking": 0,
        "rate": 10000,
        "reward_set_id": 414,
        "round_id": 3,
        "win_count": 1
    },
    {
        "box_grade": 2,
        "champions_id": 4,
        "id": 159,
        "league_type": 1,
        "ranking": 0,
        "rate": 10000,
        "reward_set_id": 415,
        "round_id": 3,
        "win_count": 2
    },
    {
        "box_grade": 3,
        "champions_id": 4,
        "id": 160,
        "league_type": 1,
        "ranking": 0,
        "rate": 10000,
        "reward_set_id": 416,
        "round_id": 3,
        "win_count": 3
    },
    {
        "box_grade": 4,
        "champions_id": 4,
        "id": 161,
        "league_type": 1,
        "ranking": 0,
        "rate": 10000,
        "reward_set_id": 417,
        "round_id": 3,
        "win_count": 4
    },
    {
        "box_grade": 5,
        "champions_id": 4,
        "id": 162,
        "league_type": 1,
        "ranking": 0,
        "rate": 10000,
        "reward_set_id": 418,
        "round_id": 3,
        "win_count": 5
    },
    {
        "box_grade": 6,
        "champions_id": 4,
        "id": 163,
        "league_type": 1,
        "ranking": 3,
        "rate": 10000,
        "reward_set_id": 419,
        "round_id": 4,
        "win_count": 0
    },
    {
        "box_grade": 7,
        "champions_id": 4,
        "id": 164,
        "league_type": 1,
        "ranking": 2,
        "rate": 10000,
        "reward_set_id": 420,
        "round_id": 4,
        "win_count": 0
    },
    {
        "box_grade": 8,
        "champions_id": 4,
        "id": 165,
        "league_type": 1,
        "ranking": 1,
        "rate": 10000,
        "reward_set_id": 421,
        "round_id": 4,
        "win_count": 0
    },
    {
        "box_grade": 6,
        "champions_id": 4,
        "id": 166,
        "league_type": 1,
        "ranking": 3,
        "rate": 10000,
        "reward_set_id": 422,
        "round_id": 5,
        "win_count": 0
    },
    {
        "box_grade": 7,
        "champions_id": 4,
        "id": 167,
        "league_type": 1,
        "ranking": 2,
        "rate": 10000,
        "reward_set_id": 423,
        "round_id": 5,
        "win_count": 0
    },
    {
        "box_grade": 8,
        "champions_id": 4,
        "id": 168,
        "league_type": 1,
        "ranking": 1,
        "rate": 10000,
        "reward_set_id": 424,
        "round_id": 5,
        "win_count": 0
    },
    {
        "box_grade": 0,
        "champions_id": 4,
        "id": 169,
        "league_type": 2,
        "ranking": 0,
        "rate": 10000,
        "reward_set_id": 451,
        "round_id": 1,
        "win_count": 0
    },
    {
        "box_grade": 1,
        "champions_id": 4,
        "id": 170,
        "league_type": 2,
        "ranking": 0,
        "rate": 10000,
        "reward_set_id": 452,
        "round_id": 1,
        "win_count": 1
    },
    {
        "box_grade": 2,
        "champions_id": 4,
        "id": 171,
        "league_type": 2,
        "ranking": 0,
        "rate": 10000,
        "reward_set_id": 453,
        "round_id": 1,
        "win_count": 2
    },
    {
        "box_grade": 3,
        "champions_id": 4,
        "id": 172,
        "league_type": 2,
        "ranking": 0,
        "rate": 10000,
        "reward_set_id": 454,
        "round_id": 1,
        "win_count": 3
    },
    {
        "box_grade": 4,
        "champions_id": 4,
        "id": 173,
        "league_type": 2,
        "ranking": 0,
        "rate": 10000,
        "reward_set_id": 455,
        "round_id": 1,
        "win_count": 4
    },
    {
        "box_grade": 5,
        "champions_id": 4,
        "id": 174,
        "league_type": 2,
        "ranking": 0,
        "rate": 10000,
        "reward_set_id": 456,
        "round_id": 1,
        "win_count": 5
    },
    {
        "box_grade": 0,
        "champions_id": 4,
        "id": 175,
        "league_type": 2,
        "ranking": 0,
        "rate": 10000,
        "reward_set_id": 457,
        "round_id": 2,
        "win_count": 0
    },
    {
        "box_grade": 1,
        "champions_id": 4,
        "id": 176,
        "league_type": 2,
        "ranking": 0,
        "rate": 10000,
        "reward_set_id": 458,
        "round_id": 2,
        "win_count": 1
    },
    {
        "box_grade": 2,
        "champions_id": 4,
        "id": 177,
        "league_type": 2,
        "ranking": 0,
        "rate": 10000,
        "reward_set_id": 459,
        "round_id": 2,
        "win_count": 2
    },
    {
        "box_grade": 3,
        "champions_id": 4,
        "id": 178,
        "league_type": 2,
        "ranking": 0,
        "rate": 10000,
        "reward_set_id": 460,
        "round_id": 2,
        "win_count": 3
    },
    {
        "box_grade": 4,
        "champions_id": 4,
        "id": 179,
        "league_type": 2,
        "ranking": 0,
        "rate": 10000,
        "reward_set_id": 461,
        "round_id": 2,
        "win_count": 4
    },
    {
        "box_grade": 5,
        "champions_id": 4,
        "id": 180,
        "league_type": 2,
        "ranking": 0,
        "rate": 10000,
        "reward_set_id": 462,
        "round_id": 2,
        "win_count": 5
    },
    {
        "box_grade": 0,
        "champions_id": 4,
        "id": 181,
        "league_type": 2,
        "ranking": 0,
        "rate": 10000,
        "reward_set_id": 463,
        "round_id": 3,
        "win_count": 0
    },
    {
        "box_grade": 1,
        "champions_id": 4,
        "id": 182,
        "league_type": 2,
        "ranking": 0,
        "rate": 10000,
        "reward_set_id": 464,
        "round_id": 3,
        "win_count": 1
    },
    {
        "box_grade": 2,
        "champions_id": 4,
        "id": 183,
        "league_type": 2,
        "ranking": 0,
        "rate": 10000,
        "reward_set_id": 465,
        "round_id": 3,
        "win_count": 2
    },
    {
        "box_grade": 3,
        "champions_id": 4,
        "id": 184,
        "league_type": 2,
        "ranking": 0,
        "rate": 10000,
        "reward_set_id": 466,
        "round_id": 3,
        "win_count": 3
    },
    {
        "box_grade": 4,
        "champions_id": 4,
        "id": 185,
        "league_type": 2,
        "ranking": 0,
        "rate": 10000,
        "reward_set_id": 467,
        "round_id": 3,
        "win_count": 4
    },
    {
        "box_grade": 5,
        "champions_id": 4,
        "id": 186,
        "league_type": 2,
        "ranking": 0,
        "rate": 10000,
        "reward_set_id": 468,
        "round_id": 3,
        "win_count": 5
    },
    {
        "box_grade": 6,
        "champions_id": 4,
        "id": 187,
        "league_type": 2,
        "ranking": 3,
        "rate": 10000,
        "reward_set_id": 469,
        "round_id": 4,
        "win_count": 0
    },
    {
        "box_grade": 7,
        "champions_id": 4,
        "id": 188,
        "league_type": 2,
        "ranking": 2,
        "rate": 10000,
        "reward_set_id": 470,
        "round_id": 4,
        "win_count": 0
    },
    {
        "box_grade": 8,
        "champions_id": 4,
        "id": 189,
        "league_type": 2,
        "ranking": 1,
        "rate": 10000,
        "reward_set_id": 471,
        "round_id": 4,
        "win_count": 0
    },
    {
        "box_grade": 6,
        "champions_id": 4,
        "id": 190,
        "league_type": 2,
        "ranking": 3,
        "rate": 10000,
        "reward_set_id": 472,
        "round_id": 5,
        "win_count": 0
    },
    {
        "box_grade": 7,
        "champions_id": 4,
        "id": 191,
        "league_type": 2,
        "ranking": 2,
        "rate": 10000,
        "reward_set_id": 473,
        "round_id": 5,
        "win_count": 0
    },
    {
        "box_grade": 8,
        "champions_id": 4,
        "id": 192,
        "league_type": 2,
        "ranking": 1,
        "rate": 10000,
        "reward_set_id": 474,
        "round_id": 5,
        "win_count": 0
    }
]