[
    {
        "id": 1,
        "race_count_type": 1,
        "round_id": 1,
        "trainer_text_group": 1,
        "win_max": 10000,
        "win_min": 0
    },
    {
        "id": 2,
        "race_count_type": 2,
        "round_id": 1,
        "trainer_text_group": 10,
        "win_max": 0,
        "win_min": 0
    },
    {
        "id": 3,
        "race_count_type": 2,
        "round_id": 1,
        "trainer_text_group": 20,
        "win_max": 2500,
        "win_min": 1
    },
    {
        "id": 4,
        "race_count_type": 2,
        "round_id": 1,
        "trainer_text_group": 30,
        "win_max": 4999,
        "win_min": 2501
    },
    {
        "id": 5,
        "race_count_type": 2,
        "round_id": 1,
        "trainer_text_group": 40,
        "win_max": 6599,
        "win_min": 5000
    },
    {
        "id": 6,
        "race_count_type": 2,
        "round_id": 1,
        "trainer_text_group": 50,
        "win_max": 7499,
        "win_min": 6600
    },
    {
        "id": 7,
        "race_count_type": 2,
        "round_id": 1,
        "trainer_text_group": 60,
        "win_max": 9999,
        "win_min": 7500
    },
    {
        "id": 8,
        "race_count_type": 2,
        "round_id": 1,
        "trainer_text_group": 70,
        "win_max": 10000,
        "win_min": 10000
    },
    {
        "id": 9,
        "race_count_type": 3,
        "round_id": 1,
        "trainer_text_group": 100,
        "win_max": 1999,
        "win_min": 0
    },
    {
        "id": 10,
        "race_count_type": 3,
        "round_id": 1,
        "trainer_text_group": 110,
        "win_max": 3999,
        "win_min": 2000
    },
    {
        "id": 11,
        "race_count_type": 3,
        "round_id": 1,
        "trainer_text_group": 120,
        "win_max": 5999,
        "win_min": 4000
    },
    {
        "id": 12,
        "race_count_type": 3,
        "round_id": 1,
        "trainer_text_group": 130,
        "win_max": 7999,
        "win_min": 6000
    },
    {
        "id": 13,
        "race_count_type": 3,
        "round_id": 1,
        "trainer_text_group": 140,
        "win_max": 9999,
        "win_min": 8000
    },
    {
        "id": 14,
        "race_count_type": 3,
        "round_id": 1,
        "trainer_text_group": 150,
        "win_max": 10000,
        "win_min": 10000
    },
    {
        "id": 15,
        "race_count_type": 1,
        "round_id": 2,
        "trainer_text_group": 1,
        "win_max": 10000,
        "win_min": 0
    },
    {
        "id": 16,
        "race_count_type": 2,
        "round_id": 2,
        "trainer_text_group": 10,
        "win_max": 0,
        "win_min": 0
    },
    {
        "id": 17,
        "race_count_type": 2,
        "round_id": 2,
        "trainer_text_group": 20,
        "win_max": 2500,
        "win_min": 1
    },
    {
        "id": 18,
        "race_count_type": 2,
        "round_id": 2,
        "trainer_text_group": 30,
        "win_max": 4999,
        "win_min": 2501
    },
    {
        "id": 19,
        "race_count_type": 2,
        "round_id": 2,
        "trainer_text_group": 40,
        "win_max": 6599,
        "win_min": 5000
    },
    {
        "id": 20,
        "race_count_type": 2,
        "round_id": 2,
        "trainer_text_group": 50,
        "win_max": 7499,
        "win_min": 6600
    },
    {
        "id": 21,
        "race_count_type": 2,
        "round_id": 2,
        "trainer_text_group": 60,
        "win_max": 9999,
        "win_min": 7500
    },
    {
        "id": 22,
        "race_count_type": 2,
        "round_id": 2,
        "trainer_text_group": 70,
        "win_max": 10000,
        "win_min": 10000
    },
    {
        "id": 23,
        "race_count_type": 3,
        "round_id": 2,
        "trainer_text_group": 100,
        "win_max": 1999,
        "win_min": 0
    },
    {
        "id": 24,
        "race_count_type": 3,
        "round_id": 2,
        "trainer_text_group": 110,
        "win_max": 3999,
        "win_min": 2000
    },
    {
        "id": 25,
        "race_count_type": 3,
        "round_id": 2,
        "trainer_text_group": 120,
        "win_max": 5999,
        "win_min": 4000
    },
    {
        "id": 26,
        "race_count_type": 3,
        "round_id": 2,
        "trainer_text_group": 130,
        "win_max": 7999,
        "win_min": 6000
    },
    {
        "id": 27,
        "race_count_type": 3,
        "round_id": 2,
        "trainer_text_group": 140,
        "win_max": 9999,
        "win_min": 8000
    },
    {
        "id": 28,
        "race_count_type": 3,
        "round_id": 2,
        "trainer_text_group": 150,
        "win_max": 10000,
        "win_min": 10000
    },
    {
        "id": 29,
        "race_count_type": 2,
        "round_id": 3,
        "trainer_text_group": 10,
        "win_max": 0,
        "win_min": 0
    },
    {
        "id": 30,
        "race_count_type": 2,
        "round_id": 3,
        "trainer_text_group": 20,
        "win_max": 2500,
        "win_min": 1
    },
    {
        "id": 31,
        "race_count_type": 2,
        "round_id": 3,
        "trainer_text_group": 30,
        "win_max": 4999,
        "win_min": 2501
    },
    {
        "id": 32,
        "race_count_type": 2,
        "round_id": 3,
        "trainer_text_group": 40,
        "win_max": 6599,
        "win_min": 5000
    },
    {
        "id": 33,
        "race_count_type": 2,
        "round_id": 3,
        "trainer_text_group": 50,
        "win_max": 7499,
        "win_min": 6600
    },
    {
        "id": 34,
        "race_count_type": 2,
        "round_id": 3,
        "trainer_text_group": 60,
        "win_max": 9999,
        "win_min": 7500
    },
    {
        "id": 35,
        "race_count_type": 2,
        "round_id": 3,
        "trainer_text_group": 70,
        "win_max": 10000,
        "win_min": 10000
    },
    {
        "id": 38,
        "race_count_type": 3,
        "round_id": 3,
        "trainer_text_group": 100,
        "win_max": 1999,
        "win_min": 0
    },
    {
        "id": 39,
        "race_count_type": 3,
        "round_id": 3,
        "trainer_text_group": 110,
        "win_max": 3999,
        "win_min": 2000
    },
    {
        "id": 40,
        "race_count_type": 3,
        "round_id": 3,
        "trainer_text_group": 120,
        "win_max": 5999,
        "win_min": 4000
    },
    {
        "id": 41,
        "race_count_type": 3,
        "round_id": 3,
        "trainer_text_group": 130,
        "win_max": 7999,
        "win_min": 6000
    },
    {
        "id": 42,
        "race_count_type": 3,
        "round_id": 3,
        "trainer_text_group": 140,
        "win_max": 9999,
        "win_min": 8000
    },
    {
        "id": 43,
        "race_count_type": 3,
        "round_id": 3,
        "trainer_text_group": 150,
        "win_max": 10000,
        "win_min": 10000
    },
    {
        "id": 44,
        "race_count_type": 4,
        "round_id": 4,
        "trainer_text_group": 1000,
        "win_max": 4999,
        "win_min": 0
    },
    {
        "id": 45,
        "race_count_type": 4,
        "round_id": 4,
        "trainer_text_group": 1100,
        "win_max": 10000,
        "win_min": 5000
    },
    {
        "id": 46,
        "race_count_type": 4,
        "round_id": 5,
        "trainer_text_group": 1000,
        "win_max": 4999,
        "win_min": 0
    },
    {
        "id": 47,
        "race_count_type": 4,
        "round_id": 5,
        "trainer_text_group": 1100,
        "win_max": 10000,
        "win_min": 5000
    },
    {
        "id": 48,
        "race_count_type": 1,
        "round_id": 3,
        "trainer_text_group": 1,
        "win_max": 10000,
        "win_min": 0
    },
    {
        "id": 49,
        "race_count_type": 1,
        "round_id": 4,
        "trainer_text_group": 1,
        "win_max": 10000,
        "win_min": 0
    },
    {
        "id": 50,
        "race_count_type": 1,
        "round_id": 5,
        "trainer_text_group": 1,
        "win_max": 10000,
        "win_min": 0
    }
]