[
    {
        "add_reward_category_1": 90,
        "add_reward_id_1": 43,
        "add_reward_num_1": 20,
        "chara_id": 1001,
        "episode_index": 1,
        "exp_type": 1,
        "id": 1,
        "lock_type_1": 0,
        "lock_value_1_1": 0,
        "lock_value_1_2": 0,
        "story_id": 41001001
    },
    {
        "add_reward_category_1": 90,
        "add_reward_id_1": 43,
        "add_reward_num_1": 20,
        "chara_id": 1001,
        "episode_index": 2,
        "exp_type": 1,
        "id": 2,
        "lock_type_1": 0,
        "lock_value_1_1": 0,
        "lock_value_1_2": 0,
        "story_id": 41001002
    },
    {
        "add_reward_category_1": 90,
        "add_reward_id_1": 43,
        "add_reward_num_1": 20,
        "chara_id": 1001,
        "episode_index": 3,
        "exp_type": 1,
        "id": 3,
        "lock_type_1": 0,
        "lock_value_1_1": 0,
        "lock_value_1_2": 0,
        "story_id": 41001003
    },
    {
        "add_reward_category_1": 90,
        "add_reward_id_1": 43,
        "add_reward_num_1": 20,
        "chara_id": 1001,
        "episode_index": 4,
        "exp_type": 1,
        "id": 4,
        "lock_type_1": 0,
        "lock_value_1_1": 0,
        "lock_value_1_2": 0,
        "story_id": 41001004
    },
    {
        "add_reward_category_1": 90,
        "add_reward_id_1": 43,
        "add_reward_num_1": 50,
        "chara_id": 1001,
        "episode_index": 5,
        "exp_type": 2,
        "id": 5,
        "lock_type_1": 6,
        "lock_value_1_1": 1001,
        "lock_value_1_2": 1,
        "story_id": 41001005
    },
    {
        "add_reward_category_1": 90,
        "add_reward_id_1": 43,
        "add_reward_num_1": 50,
        "chara_id": 1001,
        "episode_index": 6,
        "exp_type": 2,
        "id": 6,
        "lock_type_1": 6,
        "lock_value_1_1": 1001,
        "lock_value_1_2": 3,
        "story_id": 41001006
    },
    {
        "add_reward_category_1": 90,
        "add_reward_id_1": 43,
        "add_reward_num_1": 50,
        "chara_id": 1001,
        "episode_index": 7,
        "exp_type": 2,
        "id": 7,
        "lock_type_1": 6,
        "lock_value_1_1": 1001,
        "lock_value_1_2": 6,
        "story_id": 41001007
    },
    {
        "add_reward_category_1": 90,
        "add_reward_id_1": 43,
        "add_reward_num_1": 20,
        "chara_id": 1002,
        "episode_index": 1,
        "exp_type": 1,
        "id": 8,
        "lock_type_1": 0,
        "lock_value_1_1": 0,
        "lock_value_1_2": 0,
        "story_id": 41002001
    },
    {
        "add_reward_category_1": 90,
        "add_reward_id_1": 43,
        "add_reward_num_1": 20,
        "chara_id": 1002,
        "episode_index": 2,
        "exp_type": 1,
        "id": 9,
        "lock_type_1": 0,
        "lock_value_1_1": 0,
        "lock_value_1_2": 0,
        "story_id": 41002002
    },
    {
        "add_reward_category_1": 90,
        "add_reward_id_1": 43,
        "add_reward_num_1": 20,
        "chara_id": 1002,
        "episode_index": 3,
        "exp_type": 1,
        "id": 10,
        "lock_type_1": 0,
        "lock_value_1_1": 0,
        "lock_value_1_2": 0,
        "story_id": 41002003
    },
    {
        "add_reward_category_1": 90,
        "add_reward_id_1": 43,
        "add_reward_num_1": 20,
        "chara_id": 1002,
        "episode_index": 4,
        "exp_type": 1,
        "id": 11,
        "lock_type_1": 0,
        "lock_value_1_1": 0,
        "lock_value_1_2": 0,
        "story_id": 41002004
    },
    {
        "add_reward_category_1": 90,
        "add_reward_id_1": 43,
        "add_reward_num_1": 50,
        "chara_id": 1002,
        "episode_index": 5,
        "exp_type": 2,
        "id": 12,
        "lock_type_1": 6,
        "lock_value_1_1": 1002,
        "lock_value_1_2": 1,
        "story_id": 41002005
    },
    {
        "add_reward_category_1": 90,
        "add_reward_id_1": 43,
        "add_reward_num_1": 50,
        "chara_id": 1002,
        "episode_index": 6,
        "exp_type": 2,
        "id": 13,
        "lock_type_1": 6,
        "lock_value_1_1": 1002,
        "lock_value_1_2": 3,
        "story_id": 41002006
    },
    {
        "add_reward_category_1": 90,
        "add_reward_id_1": 43,
        "add_reward_num_1": 50,
        "chara_id": 1002,
        "episode_index": 7,
        "exp_type": 2,
        "id": 14,
        "lock_type_1": 6,
        "lock_value_1_1": 1002,
        "lock_value_1_2": 6,
        "story_id": 41002007
    },
    {
        "add_reward_category_1": 90,
        "add_reward_id_1": 43,
        "add_reward_num_1": 20,
        "chara_id": 1003,
        "episode_index": 1,
        "exp_type": 1,
        "id": 15,
        "lock_type_1": 0,
        "lock_value_1_1": 0,
        "lock_value_1_2": 0,
        "story_id": 41003001
    },
    {
        "add_reward_category_1": 90,
        "add_reward_id_1": 43,
        "add_reward_num_1": 20,
        "chara_id": 1003,
        "episode_index": 2,
        "exp_type": 1,
        "id": 16,
        "lock_type_1": 0,
        "lock_value_1_1": 0,
        "lock_value_1_2": 0,
        "story_id": 41003002
    },
    {
        "add_reward_category_1": 90,
        "add_reward_id_1": 43,
        "add_reward_num_1": 20,
        "chara_id": 1003,
        "episode_index": 3,
        "exp_type": 1,
        "id": 17,
        "lock_type_1": 0,
        "lock_value_1_1": 0,
        "lock_value_1_2": 0,
        "story_id": 41003003
    },
    {
        "add_reward_category_1": 90,
        "add_reward_id_1": 43,
        "add_reward_num_1": 20,
        "chara_id": 1003,
        "episode_index": 4,
        "exp_type": 1,
        "id": 18,
        "lock_type_1": 0,
        "lock_value_1_1": 0,
        "lock_value_1_2": 0,
        "story_id": 41003004
    },
    {
        "add_reward_category_1": 90,
        "add_reward_id_1": 43,
        "add_reward_num_1": 50,
        "chara_id": 1003,
        "episode_index": 5,
        "exp_type": 2,
        "id": 19,
        "lock_type_1": 6,
        "lock_value_1_1": 1003,
        "lock_value_1_2": 1,
        "story_id": 41003005
    },
    {
        "add_reward_category_1": 90,
        "add_reward_id_1": 43,
        "add_reward_num_1": 50,
        "chara_id": 1003,
        "episode_index": 6,
        "exp_type": 2,
        "id": 20,
        "lock_type_1": 6,
        "lock_value_1_1": 1003,
        "lock_value_1_2": 3,
        "story_id": 41003006
    },
    {
        "add_reward_category_1": 90,
        "add_reward_id_1": 43,
        "add_reward_num_1": 50,
        "chara_id": 1003,
        "episode_index": 7,
        "exp_type": 2,
        "id": 21,
        "lock_type_1": 6,
        "lock_value_1_1": 1003,
        "lock_value_1_2": 6,
        "story_id": 41003007
    },
    {
        "add_reward_category_1": 90,
        "add_reward_id_1": 43,
        "add_reward_num_1": 20,
        "chara_id": 1004,
        "episode_index": 1,
        "exp_type": 1,
        "id": 22,
        "lock_type_1": 0,
        "lock_value_1_1": 0,
        "lock_value_1_2": 0,
        "story_id": 41004001
    },
    {
        "add_reward_category_1": 90,
        "add_reward_id_1": 43,
        "add_reward_num_1": 20,
        "chara_id": 1004,
        "episode_index": 2,
        "exp_type": 1,
        "id": 23,
        "lock_type_1": 0,
        "lock_value_1_1": 0,
        "lock_value_1_2": 0,
        "story_id": 41004002
    },
    {
        "add_reward_category_1": 90,
        "add_reward_id_1": 43,
        "add_reward_num_1": 20,
        "chara_id": 1004,
        "episode_index": 3,
        "exp_type": 1,
        "id": 24,
        "lock_type_1": 0,
        "lock_value_1_1": 0,
        "lock_value_1_2": 0,
        "story_id": 41004003
    },
    {
        "add_reward_category_1": 90,
        "add_reward_id_1": 43,
        "add_reward_num_1": 20,
        "chara_id": 1004,
        "episode_index": 4,
        "exp_type": 1,
        "id": 25,
        "lock_type_1": 0,
        "lock_value_1_1": 0,
        "lock_value_1_2": 0,
        "story_id": 41004004
    },
    {
        "add_reward_category_1": 90,
        "add_reward_id_1": 43,
        "add_reward_num_1": 50,
        "chara_id": 1004,
        "episode_index": 5,
        "exp_type": 2,
        "id": 26,
        "lock_type_1": 6,
        "lock_value_1_1": 1004,
        "lock_value_1_2": 1,
        "story_id": 41004005
    },
    {
        "add_reward_category_1": 90,
        "add_reward_id_1": 43,
        "add_reward_num_1": 50,
        "chara_id": 1004,
        "episode_index": 6,
        "exp_type": 2,
        "id": 27,
        "lock_type_1": 6,
        "lock_value_1_1": 1004,
        "lock_value_1_2": 3,
        "story_id": 41004006
    },
    {
        "add_reward_category_1": 90,
        "add_reward_id_1": 43,
        "add_reward_num_1": 50,
        "chara_id": 1004,
        "episode_index": 7,
        "exp_type": 2,
        "id": 28,
        "lock_type_1": 6,
        "lock_value_1_1": 1004,
        "lock_value_1_2": 6,
        "story_id": 41004007
    },
    {
        "add_reward_category_1": 90,
        "add_reward_id_1": 43,
        "add_reward_num_1": 20,
        "chara_id": 1005,
        "episode_index": 1,
        "exp_type": 1,
        "id": 29,
        "lock_type_1": 0,
        "lock_value_1_1": 0,
        "lock_value_1_2": 0,
        "story_id": 41005001
    },
    {
        "add_reward_category_1": 90,
        "add_reward_id_1": 43,
        "add_reward_num_1": 20,
        "chara_id": 1005,
        "episode_index": 2,
        "exp_type": 1,
        "id": 30,
        "lock_type_1": 0,
        "lock_value_1_1": 0,
        "lock_value_1_2": 0,
        "story_id": 41005002
    },
    {
        "add_reward_category_1": 90,
        "add_reward_id_1": 43,
        "add_reward_num_1": 20,
        "chara_id": 1005,
        "episode_index": 3,
        "exp_type": 1,
        "id": 31,
        "lock_type_1": 0,
        "lock_value_1_1": 0,
        "lock_value_1_2": 0,
        "story_id": 41005003
    },
    {
        "add_reward_category_1": 90,
        "add_reward_id_1": 43,
        "add_reward_num_1": 20,
        "chara_id": 1005,
        "episode_index": 4,
        "exp_type": 1,
        "id": 32,
        "lock_type_1": 0,
        "lock_value_1_1": 0,
        "lock_value_1_2": 0,
        "story_id": 41005004
    },
    {
        "add_reward_category_1": 90,
        "add_reward_id_1": 43,
        "add_reward_num_1": 50,
        "chara_id": 1005,
        "episode_index": 5,
        "exp_type": 2,
        "id": 33,
        "lock_type_1": 6,
        "lock_value_1_1": 1005,
        "lock_value_1_2": 1,
        "story_id": 41005005
    },
    {
        "add_reward_category_1": 90,
        "add_reward_id_1": 43,
        "add_reward_num_1": 50,
        "chara_id": 1005,
        "episode_index": 6,
        "exp_type": 2,
        "id": 34,
        "lock_type_1": 6,
        "lock_value_1_1": 1005,
        "lock_value_1_2": 3,
        "story_id": 41005006
    },
    {
        "add_reward_category_1": 90,
        "add_reward_id_1": 43,
        "add_reward_num_1": 50,
        "chara_id": 1005,
        "episode_index": 7,
        "exp_type": 2,
        "id": 35,
        "lock_type_1": 6,
        "lock_value_1_1": 1005,
        "lock_value_1_2": 6,
        "story_id": 41005007
    },
    {
        "add_reward_category_1": 90,
        "add_reward_id_1": 43,
        "add_reward_num_1": 20,
        "chara_id": 1006,
        "episode_index": 1,
        "exp_type": 1,
        "id": 36,
        "lock_type_1": 0,
        "lock_value_1_1": 0,
        "lock_value_1_2": 0,
        "story_id": 41006001
    },
    {
        "add_reward_category_1": 90,
        "add_reward_id_1": 43,
        "add_reward_num_1": 20,
        "chara_id": 1006,
        "episode_index": 2,
        "exp_type": 1,
        "id": 37,
        "lock_type_1": 0,
        "lock_value_1_1": 0,
        "lock_value_1_2": 0,
        "story_id": 41006002
    },
    {
        "add_reward_category_1": 90,
        "add_reward_id_1": 43,
        "add_reward_num_1": 20,
        "chara_id": 1006,
        "episode_index": 3,
        "exp_type": 1,
        "id": 38,
        "lock_type_1": 0,
        "lock_value_1_1": 0,
        "lock_value_1_2": 0,
        "story_id": 41006003
    },
    {
        "add_reward_category_1": 90,
        "add_reward_id_1": 43,
        "add_reward_num_1": 20,
        "chara_id": 1006,
        "episode_index": 4,
        "exp_type": 1,
        "id": 39,
        "lock_type_1": 0,
        "lock_value_1_1": 0,
        "lock_value_1_2": 0,
        "story_id": 41006004
    },
    {
        "add_reward_category_1": 90,
        "add_reward_id_1": 43,
        "add_reward_num_1": 50,
        "chara_id": 1006,
        "episode_index": 5,
        "exp_type": 2,
        "id": 40,
        "lock_type_1": 6,
        "lock_value_1_1": 1006,
        "lock_value_1_2": 1,
        "story_id": 41006005
    },
    {
        "add_reward_category_1": 90,
        "add_reward_id_1": 43,
        "add_reward_num_1": 50,
        "chara_id": 1006,
        "episode_index": 6,
        "exp_type": 2,
        "id": 41,
        "lock_type_1": 6,
        "lock_value_1_1": 1006,
        "lock_value_1_2": 3,
        "story_id": 41006006
    },
    {
        "add_reward_category_1": 90,
        "add_reward_id_1": 43,
        "add_reward_num_1": 50,
        "chara_id": 1006,
        "episode_index": 7,
        "exp_type": 2,
        "id": 42,
        "lock_type_1": 6,
        "lock_value_1_1": 1006,
        "lock_value_1_2": 6,
        "story_id": 41006007
    },
    {
        "add_reward_category_1": 90,
        "add_reward_id_1": 43,
        "add_reward_num_1": 20,
        "chara_id": 1007,
        "episode_index": 1,
        "exp_type": 1,
        "id": 43,
        "lock_type_1": 0,
        "lock_value_1_1": 0,
        "lock_value_1_2": 0,
        "story_id": 41007001
    },
    {
        "add_reward_category_1": 90,
        "add_reward_id_1": 43,
        "add_reward_num_1": 20,
        "chara_id": 1007,
        "episode_index": 2,
        "exp_type": 1,
        "id": 44,
        "lock_type_1": 0,
        "lock_value_1_1": 0,
        "lock_value_1_2": 0,
        "story_id": 41007002
    },
    {
        "add_reward_category_1": 90,
        "add_reward_id_1": 43,
        "add_reward_num_1": 20,
        "chara_id": 1007,
        "episode_index": 3,
        "exp_type": 1,
        "id": 45,
        "lock_type_1": 0,
        "lock_value_1_1": 0,
        "lock_value_1_2": 0,
        "story_id": 41007003
    },
    {
        "add_reward_category_1": 90,
        "add_reward_id_1": 43,
        "add_reward_num_1": 20,
        "chara_id": 1007,
        "episode_index": 4,
        "exp_type": 1,
        "id": 46,
        "lock_type_1": 0,
        "lock_value_1_1": 0,
        "lock_value_1_2": 0,
        "story_id": 41007004
    },
    {
        "add_reward_category_1": 90,
        "add_reward_id_1": 43,
        "add_reward_num_1": 50,
        "chara_id": 1007,
        "episode_index": 5,
        "exp_type": 2,
        "id": 47,
        "lock_type_1": 6,
        "lock_value_1_1": 1007,
        "lock_value_1_2": 1,
        "story_id": 41007005
    },
    {
        "add_reward_category_1": 90,
        "add_reward_id_1": 43,
        "add_reward_num_1": 50,
        "chara_id": 1007,
        "episode_index": 6,
        "exp_type": 2,
        "id": 48,
        "lock_type_1": 6,
        "lock_value_1_1": 1007,
        "lock_value_1_2": 3,
        "story_id": 41007006
    },
    {
        "add_reward_category_1": 90,
        "add_reward_id_1": 43,
        "add_reward_num_1": 50,
        "chara_id": 1007,
        "episode_index": 7,
        "exp_type": 2,
        "id": 49,
        "lock_type_1": 6,
        "lock_value_1_1": 1007,
        "lock_value_1_2": 6,
        "story_id": 41007007
    },
    {
        "add_reward_category_1": 90,
        "add_reward_id_1": 43,
        "add_reward_num_1": 20,
        "chara_id": 1008,
        "episode_index": 1,
        "exp_type": 1,
        "id": 50,
        "lock_type_1": 0,
        "lock_value_1_1": 0,
        "lock_value_1_2": 0,
        "story_id": 41008001
    },
    {
        "add_reward_category_1": 90,
        "add_reward_id_1": 43,
        "add_reward_num_1": 20,
        "chara_id": 1008,
        "episode_index": 2,
        "exp_type": 1,
        "id": 51,
        "lock_type_1": 0,
        "lock_value_1_1": 0,
        "lock_value_1_2": 0,
        "story_id": 41008002
    },
    {
        "add_reward_category_1": 90,
        "add_reward_id_1": 43,
        "add_reward_num_1": 20,
        "chara_id": 1008,
        "episode_index": 3,
        "exp_type": 1,
        "id": 52,
        "lock_type_1": 0,
        "lock_value_1_1": 0,
        "lock_value_1_2": 0,
        "story_id": 41008003
    },
    {
        "add_reward_category_1": 90,
        "add_reward_id_1": 43,
        "add_reward_num_1": 20,
        "chara_id": 1008,
        "episode_index": 4,
        "exp_type": 1,
        "id": 53,
        "lock_type_1": 0,
        "lock_value_1_1": 0,
        "lock_value_1_2": 0,
        "story_id": 41008004
    },
    {
        "add_reward_category_1": 90,
        "add_reward_id_1": 43,
        "add_reward_num_1": 50,
        "chara_id": 1008,
        "episode_index": 5,
        "exp_type": 2,
        "id": 54,
        "lock_type_1": 6,
        "lock_value_1_1": 1008,
        "lock_value_1_2": 1,
        "story_id": 41008005
    },
    {
        "add_reward_category_1": 90,
        "add_reward_id_1": 43,
        "add_reward_num_1": 50,
        "chara_id": 1008,
        "episode_index": 6,
        "exp_type": 2,
        "id": 55,
        "lock_type_1": 6,
        "lock_value_1_1": 1008,
        "lock_value_1_2": 3,
        "story_id": 41008006
    },
    {
        "add_reward_category_1": 90,
        "add_reward_id_1": 43,
        "add_reward_num_1": 50,
        "chara_id": 1008,
        "episode_index": 7,
        "exp_type": 2,
        "id": 56,
        "lock_type_1": 6,
        "lock_value_1_1": 1008,
        "lock_value_1_2": 6,
        "story_id": 41008007
    },
    {
        "add_reward_category_1": 90,
        "add_reward_id_1": 43,
        "add_reward_num_1": 20,
        "chara_id": 1009,
        "episode_index": 1,
        "exp_type": 1,
        "id": 57,
        "lock_type_1": 0,
        "lock_value_1_1": 0,
        "lock_value_1_2": 0,
        "story_id": 41009001
    },
    {
        "add_reward_category_1": 90,
        "add_reward_id_1": 43,
        "add_reward_num_1": 20,
        "chara_id": 1009,
        "episode_index": 2,
        "exp_type": 1,
        "id": 58,
        "lock_type_1": 0,
        "lock_value_1_1": 0,
        "lock_value_1_2": 0,
        "story_id": 41009002
    },
    {
        "add_reward_category_1": 90,
        "add_reward_id_1": 43,
        "add_reward_num_1": 20,
        "chara_id": 1009,
        "episode_index": 3,
        "exp_type": 1,
        "id": 59,
        "lock_type_1": 0,
        "lock_value_1_1": 0,
        "lock_value_1_2": 0,
        "story_id": 41009003
    },
    {
        "add_reward_category_1": 90,
        "add_reward_id_1": 43,
        "add_reward_num_1": 20,
        "chara_id": 1009,
        "episode_index": 4,
        "exp_type": 1,
        "id": 60,
        "lock_type_1": 0,
        "lock_value_1_1": 0,
        "lock_value_1_2": 0,
        "story_id": 41009004
    },
    {
        "add_reward_category_1": 90,
        "add_reward_id_1": 43,
        "add_reward_num_1": 50,
        "chara_id": 1009,
        "episode_index": 5,
        "exp_type": 2,
        "id": 61,
        "lock_type_1": 6,
        "lock_value_1_1": 1009,
        "lock_value_1_2": 1,
        "story_id": 41009005
    },
    {
        "add_reward_category_1": 90,
        "add_reward_id_1": 43,
        "add_reward_num_1": 50,
        "chara_id": 1009,
        "episode_index": 6,
        "exp_type": 2,
        "id": 62,
        "lock_type_1": 6,
        "lock_value_1_1": 1009,
        "lock_value_1_2": 3,
        "story_id": 41009006
    },
    {
        "add_reward_category_1": 90,
        "add_reward_id_1": 43,
        "add_reward_num_1": 50,
        "chara_id": 1009,
        "episode_index": 7,
        "exp_type": 2,
        "id": 63,
        "lock_type_1": 6,
        "lock_value_1_1": 1009,
        "lock_value_1_2": 6,
        "story_id": 41009007
    },
    {
        "add_reward_category_1": 90,
        "add_reward_id_1": 43,
        "add_reward_num_1": 20,
        "chara_id": 1010,
        "episode_index": 1,
        "exp_type": 1,
        "id": 64,
        "lock_type_1": 0,
        "lock_value_1_1": 0,
        "lock_value_1_2": 0,
        "story_id": 41010001
    },
    {
        "add_reward_category_1": 90,
        "add_reward_id_1": 43,
        "add_reward_num_1": 20,
        "chara_id": 1010,
        "episode_index": 2,
        "exp_type": 1,
        "id": 65,
        "lock_type_1": 0,
        "lock_value_1_1": 0,
        "lock_value_1_2": 0,
        "story_id": 41010002
    },
    {
        "add_reward_category_1": 90,
        "add_reward_id_1": 43,
        "add_reward_num_1": 20,
        "chara_id": 1010,
        "episode_index": 3,
        "exp_type": 1,
        "id": 66,
        "lock_type_1": 0,
        "lock_value_1_1": 0,
        "lock_value_1_2": 0,
        "story_id": 41010003
    },
    {
        "add_reward_category_1": 90,
        "add_reward_id_1": 43,
        "add_reward_num_1": 20,
        "chara_id": 1010,
        "episode_index": 4,
        "exp_type": 1,
        "id": 67,
        "lock_type_1": 0,
        "lock_value_1_1": 0,
        "lock_value_1_2": 0,
        "story_id": 41010004
    },
    {
        "add_reward_category_1": 90,
        "add_reward_id_1": 43,
        "add_reward_num_1": 50,
        "chara_id": 1010,
        "episode_index": 5,
        "exp_type": 2,
        "id": 68,
        "lock_type_1": 6,
        "lock_value_1_1": 1010,
        "lock_value_1_2": 1,
        "story_id": 41010005
    },
    {
        "add_reward_category_1": 90,
        "add_reward_id_1": 43,
        "add_reward_num_1": 50,
        "chara_id": 1010,
        "episode_index": 6,
        "exp_type": 2,
        "id": 69,
        "lock_type_1": 6,
        "lock_value_1_1": 1010,
        "lock_value_1_2": 3,
        "story_id": 41010006
    },
    {
        "add_reward_category_1": 90,
        "add_reward_id_1": 43,
        "add_reward_num_1": 50,
        "chara_id": 1010,
        "episode_index": 7,
        "exp_type": 2,
        "id": 70,
        "lock_type_1": 6,
        "lock_value_1_1": 1010,
        "lock_value_1_2": 6,
        "story_id": 41010007
    },
    {
        "add_reward_category_1": 90,
        "add_reward_id_1": 43,
        "add_reward_num_1": 20,
        "chara_id": 1011,
        "episode_index": 1,
        "exp_type": 1,
        "id": 71,
        "lock_type_1": 0,
        "lock_value_1_1": 0,
        "lock_value_1_2": 0,
        "story_id": 41011001
    },
    {
        "add_reward_category_1": 90,
        "add_reward_id_1": 43,
        "add_reward_num_1": 20,
        "chara_id": 1011,
        "episode_index": 2,
        "exp_type": 1,
        "id": 72,
        "lock_type_1": 0,
        "lock_value_1_1": 0,
        "lock_value_1_2": 0,
        "story_id": 41011002
    },
    {
        "add_reward_category_1": 90,
        "add_reward_id_1": 43,
        "add_reward_num_1": 20,
        "chara_id": 1011,
        "episode_index": 3,
        "exp_type": 1,
        "id": 73,
        "lock_type_1": 0,
        "lock_value_1_1": 0,
        "lock_value_1_2": 0,
        "story_id": 41011003
    },
    {
        "add_reward_category_1": 90,
        "add_reward_id_1": 43,
        "add_reward_num_1": 20,
        "chara_id": 1011,
        "episode_index": 4,
        "exp_type": 1,
        "id": 74,
        "lock_type_1": 0,
        "lock_value_1_1": 0,
        "lock_value_1_2": 0,
        "story_id": 41011004
    },
    {
        "add_reward_category_1": 90,
        "add_reward_id_1": 43,
        "add_reward_num_1": 50,
        "chara_id": 1011,
        "episode_index": 5,
        "exp_type": 2,
        "id": 75,
        "lock_type_1": 6,
        "lock_value_1_1": 1011,
        "lock_value_1_2": 1,
        "story_id": 41011005
    },
    {
        "add_reward_category_1": 90,
        "add_reward_id_1": 43,
        "add_reward_num_1": 50,
        "chara_id": 1011,
        "episode_index": 6,
        "exp_type": 2,
        "id": 76,
        "lock_type_1": 6,
        "lock_value_1_1": 1011,
        "lock_value_1_2": 3,
        "story_id": 41011006
    },
    {
        "add_reward_category_1": 90,
        "add_reward_id_1": 43,
        "add_reward_num_1": 50,
        "chara_id": 1011,
        "episode_index": 7,
        "exp_type": 2,
        "id": 77,
        "lock_type_1": 6,
        "lock_value_1_1": 1011,
        "lock_value_1_2": 6,
        "story_id": 41011007
    },
    {
        "add_reward_category_1": 90,
        "add_reward_id_1": 43,
        "add_reward_num_1": 20,
        "chara_id": 1012,
        "episode_index": 1,
        "exp_type": 1,
        "id": 78,
        "lock_type_1": 0,
        "lock_value_1_1": 0,
        "lock_value_1_2": 0,
        "story_id": 41012001
    },
    {
        "add_reward_category_1": 90,
        "add_reward_id_1": 43,
        "add_reward_num_1": 20,
        "chara_id": 1012,
        "episode_index": 2,
        "exp_type": 1,
        "id": 79,
        "lock_type_1": 0,
        "lock_value_1_1": 0,
        "lock_value_1_2": 0,
        "story_id": 41012002
    },
    {
        "add_reward_category_1": 90,
        "add_reward_id_1": 43,
        "add_reward_num_1": 20,
        "chara_id": 1012,
        "episode_index": 3,
        "exp_type": 1,
        "id": 80,
        "lock_type_1": 0,
        "lock_value_1_1": 0,
        "lock_value_1_2": 0,
        "story_id": 41012003
    },
    {
        "add_reward_category_1": 90,
        "add_reward_id_1": 43,
        "add_reward_num_1": 20,
        "chara_id": 1012,
        "episode_index": 4,
        "exp_type": 1,
        "id": 81,
        "lock_type_1": 0,
        "lock_value_1_1": 0,
        "lock_value_1_2": 0,
        "story_id": 41012004
    },
    {
        "add_reward_category_1": 90,
        "add_reward_id_1": 43,
        "add_reward_num_1": 50,
        "chara_id": 1012,
        "episode_index": 5,
        "exp_type": 2,
        "id": 82,
        "lock_type_1": 6,
        "lock_value_1_1": 1012,
        "lock_value_1_2": 1,
        "story_id": 41012005
    },
    {
        "add_reward_category_1": 90,
        "add_reward_id_1": 43,
        "add_reward_num_1": 50,
        "chara_id": 1012,
        "episode_index": 6,
        "exp_type": 2,
        "id": 83,
        "lock_type_1": 6,
        "lock_value_1_1": 1012,
        "lock_value_1_2": 3,
        "story_id": 41012006
    },
    {
        "add_reward_category_1": 90,
        "add_reward_id_1": 43,
        "add_reward_num_1": 50,
        "chara_id": 1012,
        "episode_index": 7,
        "exp_type": 2,
        "id": 84,
        "lock_type_1": 6,
        "lock_value_1_1": 1012,
        "lock_value_1_2": 6,
        "story_id": 41012007
    },
    {
        "add_reward_category_1": 90,
        "add_reward_id_1": 43,
        "add_reward_num_1": 20,
        "chara_id": 1013,
        "episode_index": 1,
        "exp_type": 1,
        "id": 85,
        "lock_type_1": 0,
        "lock_value_1_1": 0,
        "lock_value_1_2": 0,
        "story_id": 41013001
    },
    {
        "add_reward_category_1": 90,
        "add_reward_id_1": 43,
        "add_reward_num_1": 20,
        "chara_id": 1013,
        "episode_index": 2,
        "exp_type": 1,
        "id": 86,
        "lock_type_1": 0,
        "lock_value_1_1": 0,
        "lock_value_1_2": 0,
        "story_id": 41013002
    },
    {
        "add_reward_category_1": 90,
        "add_reward_id_1": 43,
        "add_reward_num_1": 20,
        "chara_id": 1013,
        "episode_index": 3,
        "exp_type": 1,
        "id": 87,
        "lock_type_1": 0,
        "lock_value_1_1": 0,
        "lock_value_1_2": 0,
        "story_id": 41013003
    },
    {
        "add_reward_category_1": 90,
        "add_reward_id_1": 43,
        "add_reward_num_1": 20,
        "chara_id": 1013,
        "episode_index": 4,
        "exp_type": 1,
        "id": 88,
        "lock_type_1": 0,
        "lock_value_1_1": 0,
        "lock_value_1_2": 0,
        "story_id": 41013004
    },
    {
        "add_reward_category_1": 90,
        "add_reward_id_1": 43,
        "add_reward_num_1": 50,
        "chara_id": 1013,
        "episode_index": 5,
        "exp_type": 2,
        "id": 89,
        "lock_type_1": 6,
        "lock_value_1_1": 1013,
        "lock_value_1_2": 1,
        "story_id": 41013005
    },
    {
        "add_reward_category_1": 90,
        "add_reward_id_1": 43,
        "add_reward_num_1": 50,
        "chara_id": 1013,
        "episode_index": 6,
        "exp_type": 2,
        "id": 90,
        "lock_type_1": 6,
        "lock_value_1_1": 1013,
        "lock_value_1_2": 3,
        "story_id": 41013006
    },
    {
        "add_reward_category_1": 90,
        "add_reward_id_1": 43,
        "add_reward_num_1": 50,
        "chara_id": 1013,
        "episode_index": 7,
        "exp_type": 2,
        "id": 91,
        "lock_type_1": 6,
        "lock_value_1_1": 1013,
        "lock_value_1_2": 6,
        "story_id": 41013007
    },
    {
        "add_reward_category_1": 90,
        "add_reward_id_1": 43,
        "add_reward_num_1": 20,
        "chara_id": 1014,
        "episode_index": 1,
        "exp_type": 1,
        "id": 92,
        "lock_type_1": 0,
        "lock_value_1_1": 0,
        "lock_value_1_2": 0,
        "story_id": 41014001
    },
    {
        "add_reward_category_1": 90,
        "add_reward_id_1": 43,
        "add_reward_num_1": 20,
        "chara_id": 1014,
        "episode_index": 2,
        "exp_type": 1,
        "id": 93,
        "lock_type_1": 0,
        "lock_value_1_1": 0,
        "lock_value_1_2": 0,
        "story_id": 41014002
    },
    {
        "add_reward_category_1": 90,
        "add_reward_id_1": 43,
        "add_reward_num_1": 20,
        "chara_id": 1014,
        "episode_index": 3,
        "exp_type": 1,
        "id": 94,
        "lock_type_1": 0,
        "lock_value_1_1": 0,
        "lock_value_1_2": 0,
        "story_id": 41014003
    },
    {
        "add_reward_category_1": 90,
        "add_reward_id_1": 43,
        "add_reward_num_1": 20,
        "chara_id": 1014,
        "episode_index": 4,
        "exp_type": 1,
        "id": 95,
        "lock_type_1": 0,
        "lock_value_1_1": 0,
        "lock_value_1_2": 0,
        "story_id": 41014004
    },
    {
        "add_reward_category_1": 90,
        "add_reward_id_1": 43,
        "add_reward_num_1": 50,
        "chara_id": 1014,
        "episode_index": 5,
        "exp_type": 2,
        "id": 96,
        "lock_type_1": 6,
        "lock_value_1_1": 1014,
        "lock_value_1_2": 1,
        "story_id": 41014005
    },
    {
        "add_reward_category_1": 90,
        "add_reward_id_1": 43,
        "add_reward_num_1": 50,
        "chara_id": 1014,
        "episode_index": 6,
        "exp_type": 2,
        "id": 97,
        "lock_type_1": 6,
        "lock_value_1_1": 1014,
        "lock_value_1_2": 3,
        "story_id": 41014006
    },
    {
        "add_reward_category_1": 90,
        "add_reward_id_1": 43,
        "add_reward_num_1": 50,
        "chara_id": 1014,
        "episode_index": 7,
        "exp_type": 2,
        "id": 98,
        "lock_type_1": 6,
        "lock_value_1_1": 1014,
        "lock_value_1_2": 6,
        "story_id": 41014007
    },
    {
        "add_reward_category_1": 90,
        "add_reward_id_1": 43,
        "add_reward_num_1": 20,
        "chara_id": 1015,
        "episode_index": 1,
        "exp_type": 1,
        "id": 99,
        "lock_type_1": 0,
        "lock_value_1_1": 0,
        "lock_value_1_2": 0,
        "story_id": 41015001
    },
    {
        "add_reward_category_1": 90,
        "add_reward_id_1": 43,
        "add_reward_num_1": 20,
        "chara_id": 1015,
        "episode_index": 2,
        "exp_type": 1,
        "id": 100,
        "lock_type_1": 0,
        "lock_value_1_1": 0,
        "lock_value_1_2": 0,
        "story_id": 41015002
    },
    {
        "add_reward_category_1": 90,
        "add_reward_id_1": 43,
        "add_reward_num_1": 20,
        "chara_id": 1015,
        "episode_index": 3,
        "exp_type": 1,
        "id": 101,
        "lock_type_1": 0,
        "lock_value_1_1": 0,
        "lock_value_1_2": 0,
        "story_id": 41015003
    },
    {
        "add_reward_category_1": 90,
        "add_reward_id_1": 43,
        "add_reward_num_1": 20,
        "chara_id": 1015,
        "episode_index": 4,
        "exp_type": 1,
        "id": 102,
        "lock_type_1": 0,
        "lock_value_1_1": 0,
        "lock_value_1_2": 0,
        "story_id": 41015004
    },
    {
        "add_reward_category_1": 90,
        "add_reward_id_1": 43,
        "add_reward_num_1": 50,
        "chara_id": 1015,
        "episode_index": 5,
        "exp_type": 2,
        "id": 103,
        "lock_type_1": 6,
        "lock_value_1_1": 1015,
        "lock_value_1_2": 1,
        "story_id": 41015005
    },
    {
        "add_reward_category_1": 90,
        "add_reward_id_1": 43,
        "add_reward_num_1": 50,
        "chara_id": 1015,
        "episode_index": 6,
        "exp_type": 2,
        "id": 104,
        "lock_type_1": 6,
        "lock_value_1_1": 1015,
        "lock_value_1_2": 3,
        "story_id": 41015006
    },
    {
        "add_reward_category_1": 90,
        "add_reward_id_1": 43,
        "add_reward_num_1": 50,
        "chara_id": 1015,
        "episode_index": 7,
        "exp_type": 2,
        "id": 105,
        "lock_type_1": 6,
        "lock_value_1_1": 1015,
        "lock_value_1_2": 6,
        "story_id": 41015007
    },
    {
        "add_reward_category_1": 90,
        "add_reward_id_1": 43,
        "add_reward_num_1": 20,
        "chara_id": 1017,
        "episode_index": 1,
        "exp_type": 1,
        "id": 106,
        "lock_type_1": 0,
        "lock_value_1_1": 0,
        "lock_value_1_2": 0,
        "story_id": 41017001
    },
    {
        "add_reward_category_1": 90,
        "add_reward_id_1": 43,
        "add_reward_num_1": 20,
        "chara_id": 1017,
        "episode_index": 2,
        "exp_type": 1,
        "id": 107,
        "lock_type_1": 0,
        "lock_value_1_1": 0,
        "lock_value_1_2": 0,
        "story_id": 41017002
    },
    {
        "add_reward_category_1": 90,
        "add_reward_id_1": 43,
        "add_reward_num_1": 20,
        "chara_id": 1017,
        "episode_index": 3,
        "exp_type": 1,
        "id": 108,
        "lock_type_1": 0,
        "lock_value_1_1": 0,
        "lock_value_1_2": 0,
        "story_id": 41017003
    },
    {
        "add_reward_category_1": 90,
        "add_reward_id_1": 43,
        "add_reward_num_1": 20,
        "chara_id": 1017,
        "episode_index": 4,
        "exp_type": 1,
        "id": 109,
        "lock_type_1": 0,
        "lock_value_1_1": 0,
        "lock_value_1_2": 0,
        "story_id": 41017004
    },
    {
        "add_reward_category_1": 90,
        "add_reward_id_1": 43,
        "add_reward_num_1": 50,
        "chara_id": 1017,
        "episode_index": 5,
        "exp_type": 2,
        "id": 110,
        "lock_type_1": 6,
        "lock_value_1_1": 1017,
        "lock_value_1_2": 1,
        "story_id": 41017005
    },
    {
        "add_reward_category_1": 90,
        "add_reward_id_1": 43,
        "add_reward_num_1": 50,
        "chara_id": 1017,
        "episode_index": 6,
        "exp_type": 2,
        "id": 111,
        "lock_type_1": 6,
        "lock_value_1_1": 1017,
        "lock_value_1_2": 3,
        "story_id": 41017006
    },
    {
        "add_reward_category_1": 90,
        "add_reward_id_1": 43,
        "add_reward_num_1": 50,
        "chara_id": 1017,
        "episode_index": 7,
        "exp_type": 2,
        "id": 112,
        "lock_type_1": 6,
        "lock_value_1_1": 1017,
        "lock_value_1_2": 6,
        "story_id": 41017007
    },
    {
        "add_reward_category_1": 90,
        "add_reward_id_1": 43,
        "add_reward_num_1": 20,
        "chara_id": 1018,
        "episode_index": 1,
        "exp_type": 1,
        "id": 113,
        "lock_type_1": 0,
        "lock_value_1_1": 0,
        "lock_value_1_2": 0,
        "story_id": 41018001
    },
    {
        "add_reward_category_1": 90,
        "add_reward_id_1": 43,
        "add_reward_num_1": 20,
        "chara_id": 1018,
        "episode_index": 2,
        "exp_type": 1,
        "id": 114,
        "lock_type_1": 0,
        "lock_value_1_1": 0,
        "lock_value_1_2": 0,
        "story_id": 41018002
    },
    {
        "add_reward_category_1": 90,
        "add_reward_id_1": 43,
        "add_reward_num_1": 20,
        "chara_id": 1018,
        "episode_index": 3,
        "exp_type": 1,
        "id": 115,
        "lock_type_1": 0,
        "lock_value_1_1": 0,
        "lock_value_1_2": 0,
        "story_id": 41018003
    },
    {
        "add_reward_category_1": 90,
        "add_reward_id_1": 43,
        "add_reward_num_1": 20,
        "chara_id": 1018,
        "episode_index": 4,
        "exp_type": 1,
        "id": 116,
        "lock_type_1": 0,
        "lock_value_1_1": 0,
        "lock_value_1_2": 0,
        "story_id": 41018004
    },
    {
        "add_reward_category_1": 90,
        "add_reward_id_1": 43,
        "add_reward_num_1": 50,
        "chara_id": 1018,
        "episode_index": 5,
        "exp_type": 2,
        "id": 117,
        "lock_type_1": 6,
        "lock_value_1_1": 1018,
        "lock_value_1_2": 1,
        "story_id": 41018005
    },
    {
        "add_reward_category_1": 90,
        "add_reward_id_1": 43,
        "add_reward_num_1": 50,
        "chara_id": 1018,
        "episode_index": 6,
        "exp_type": 2,
        "id": 118,
        "lock_type_1": 6,
        "lock_value_1_1": 1018,
        "lock_value_1_2": 3,
        "story_id": 41018006
    },
    {
        "add_reward_category_1": 90,
        "add_reward_id_1": 43,
        "add_reward_num_1": 50,
        "chara_id": 1018,
        "episode_index": 7,
        "exp_type": 2,
        "id": 119,
        "lock_type_1": 6,
        "lock_value_1_1": 1018,
        "lock_value_1_2": 6,
        "story_id": 41018007
    },
    {
        "add_reward_category_1": 90,
        "add_reward_id_1": 43,
        "add_reward_num_1": 20,
        "chara_id": 1020,
        "episode_index": 1,
        "exp_type": 1,
        "id": 120,
        "lock_type_1": 0,
        "lock_value_1_1": 0,
        "lock_value_1_2": 0,
        "story_id": 41020001
    },
    {
        "add_reward_category_1": 90,
        "add_reward_id_1": 43,
        "add_reward_num_1": 20,
        "chara_id": 1020,
        "episode_index": 2,
        "exp_type": 1,
        "id": 121,
        "lock_type_1": 0,
        "lock_value_1_1": 0,
        "lock_value_1_2": 0,
        "story_id": 41020002
    },
    {
        "add_reward_category_1": 90,
        "add_reward_id_1": 43,
        "add_reward_num_1": 20,
        "chara_id": 1020,
        "episode_index": 3,
        "exp_type": 1,
        "id": 122,
        "lock_type_1": 0,
        "lock_value_1_1": 0,
        "lock_value_1_2": 0,
        "story_id": 41020003
    },
    {
        "add_reward_category_1": 90,
        "add_reward_id_1": 43,
        "add_reward_num_1": 20,
        "chara_id": 1020,
        "episode_index": 4,
        "exp_type": 1,
        "id": 123,
        "lock_type_1": 0,
        "lock_value_1_1": 0,
        "lock_value_1_2": 0,
        "story_id": 41020004
    },
    {
        "add_reward_category_1": 90,
        "add_reward_id_1": 43,
        "add_reward_num_1": 50,
        "chara_id": 1020,
        "episode_index": 5,
        "exp_type": 2,
        "id": 124,
        "lock_type_1": 6,
        "lock_value_1_1": 1020,
        "lock_value_1_2": 1,
        "story_id": 41020005
    },
    {
        "add_reward_category_1": 90,
        "add_reward_id_1": 43,
        "add_reward_num_1": 50,
        "chara_id": 1020,
        "episode_index": 6,
        "exp_type": 2,
        "id": 125,
        "lock_type_1": 6,
        "lock_value_1_1": 1020,
        "lock_value_1_2": 3,
        "story_id": 41020006
    },
    {
        "add_reward_category_1": 90,
        "add_reward_id_1": 43,
        "add_reward_num_1": 50,
        "chara_id": 1020,
        "episode_index": 7,
        "exp_type": 2,
        "id": 126,
        "lock_type_1": 6,
        "lock_value_1_1": 1020,
        "lock_value_1_2": 6,
        "story_id": 41020007
    },
    {
        "add_reward_category_1": 90,
        "add_reward_id_1": 43,
        "add_reward_num_1": 20,
        "chara_id": 1023,
        "episode_index": 1,
        "exp_type": 1,
        "id": 141,
        "lock_type_1": 0,
        "lock_value_1_1": 0,
        "lock_value_1_2": 0,
        "story_id": 41023001
    },
    {
        "add_reward_category_1": 90,
        "add_reward_id_1": 43,
        "add_reward_num_1": 20,
        "chara_id": 1023,
        "episode_index": 2,
        "exp_type": 1,
        "id": 142,
        "lock_type_1": 0,
        "lock_value_1_1": 0,
        "lock_value_1_2": 0,
        "story_id": 41023002
    },
    {
        "add_reward_category_1": 90,
        "add_reward_id_1": 43,
        "add_reward_num_1": 20,
        "chara_id": 1023,
        "episode_index": 3,
        "exp_type": 1,
        "id": 143,
        "lock_type_1": 0,
        "lock_value_1_1": 0,
        "lock_value_1_2": 0,
        "story_id": 41023003
    },
    {
        "add_reward_category_1": 90,
        "add_reward_id_1": 43,
        "add_reward_num_1": 20,
        "chara_id": 1023,
        "episode_index": 4,
        "exp_type": 1,
        "id": 144,
        "lock_type_1": 0,
        "lock_value_1_1": 0,
        "lock_value_1_2": 0,
        "story_id": 41023004
    },
    {
        "add_reward_category_1": 90,
        "add_reward_id_1": 43,
        "add_reward_num_1": 50,
        "chara_id": 1023,
        "episode_index": 5,
        "exp_type": 2,
        "id": 145,
        "lock_type_1": 6,
        "lock_value_1_1": 1023,
        "lock_value_1_2": 1,
        "story_id": 41023005
    },
    {
        "add_reward_category_1": 90,
        "add_reward_id_1": 43,
        "add_reward_num_1": 50,
        "chara_id": 1023,
        "episode_index": 6,
        "exp_type": 2,
        "id": 146,
        "lock_type_1": 6,
        "lock_value_1_1": 1023,
        "lock_value_1_2": 3,
        "story_id": 41023006
    },
    {
        "add_reward_category_1": 90,
        "add_reward_id_1": 43,
        "add_reward_num_1": 50,
        "chara_id": 1023,
        "episode_index": 7,
        "exp_type": 2,
        "id": 147,
        "lock_type_1": 6,
        "lock_value_1_1": 1023,
        "lock_value_1_2": 6,
        "story_id": 41023007
    },
    {
        "add_reward_category_1": 90,
        "add_reward_id_1": 43,
        "add_reward_num_1": 20,
        "chara_id": 1024,
        "episode_index": 1,
        "exp_type": 1,
        "id": 148,
        "lock_type_1": 0,
        "lock_value_1_1": 0,
        "lock_value_1_2": 0,
        "story_id": 41024001
    },
    {
        "add_reward_category_1": 90,
        "add_reward_id_1": 43,
        "add_reward_num_1": 20,
        "chara_id": 1024,
        "episode_index": 2,
        "exp_type": 1,
        "id": 149,
        "lock_type_1": 0,
        "lock_value_1_1": 0,
        "lock_value_1_2": 0,
        "story_id": 41024002
    },
    {
        "add_reward_category_1": 90,
        "add_reward_id_1": 43,
        "add_reward_num_1": 20,
        "chara_id": 1024,
        "episode_index": 3,
        "exp_type": 1,
        "id": 150,
        "lock_type_1": 0,
        "lock_value_1_1": 0,
        "lock_value_1_2": 0,
        "story_id": 41024003
    },
    {
        "add_reward_category_1": 90,
        "add_reward_id_1": 43,
        "add_reward_num_1": 20,
        "chara_id": 1024,
        "episode_index": 4,
        "exp_type": 1,
        "id": 151,
        "lock_type_1": 0,
        "lock_value_1_1": 0,
        "lock_value_1_2": 0,
        "story_id": 41024004
    },
    {
        "add_reward_category_1": 90,
        "add_reward_id_1": 43,
        "add_reward_num_1": 50,
        "chara_id": 1024,
        "episode_index": 5,
        "exp_type": 2,
        "id": 152,
        "lock_type_1": 6,
        "lock_value_1_1": 1024,
        "lock_value_1_2": 1,
        "story_id": 41024005
    },
    {
        "add_reward_category_1": 90,
        "add_reward_id_1": 43,
        "add_reward_num_1": 50,
        "chara_id": 1024,
        "episode_index": 6,
        "exp_type": 2,
        "id": 153,
        "lock_type_1": 6,
        "lock_value_1_1": 1024,
        "lock_value_1_2": 3,
        "story_id": 41024006
    },
    {
        "add_reward_category_1": 90,
        "add_reward_id_1": 43,
        "add_reward_num_1": 50,
        "chara_id": 1024,
        "episode_index": 7,
        "exp_type": 2,
        "id": 154,
        "lock_type_1": 6,
        "lock_value_1_1": 1024,
        "lock_value_1_2": 6,
        "story_id": 41024007
    },
    {
        "add_reward_category_1": 90,
        "add_reward_id_1": 43,
        "add_reward_num_1": 20,
        "chara_id": 1027,
        "episode_index": 1,
        "exp_type": 1,
        "id": 162,
        "lock_type_1": 0,
        "lock_value_1_1": 0,
        "lock_value_1_2": 0,
        "story_id": 41027001
    },
    {
        "add_reward_category_1": 90,
        "add_reward_id_1": 43,
        "add_reward_num_1": 20,
        "chara_id": 1027,
        "episode_index": 2,
        "exp_type": 1,
        "id": 163,
        "lock_type_1": 0,
        "lock_value_1_1": 0,
        "lock_value_1_2": 0,
        "story_id": 41027002
    },
    {
        "add_reward_category_1": 90,
        "add_reward_id_1": 43,
        "add_reward_num_1": 20,
        "chara_id": 1027,
        "episode_index": 3,
        "exp_type": 1,
        "id": 164,
        "lock_type_1": 0,
        "lock_value_1_1": 0,
        "lock_value_1_2": 0,
        "story_id": 41027003
    },
    {
        "add_reward_category_1": 90,
        "add_reward_id_1": 43,
        "add_reward_num_1": 20,
        "chara_id": 1027,
        "episode_index": 4,
        "exp_type": 1,
        "id": 165,
        "lock_type_1": 0,
        "lock_value_1_1": 0,
        "lock_value_1_2": 0,
        "story_id": 41027004
    },
    {
        "add_reward_category_1": 90,
        "add_reward_id_1": 43,
        "add_reward_num_1": 50,
        "chara_id": 1027,
        "episode_index": 5,
        "exp_type": 2,
        "id": 166,
        "lock_type_1": 6,
        "lock_value_1_1": 1027,
        "lock_value_1_2": 1,
        "story_id": 41027005
    },
    {
        "add_reward_category_1": 90,
        "add_reward_id_1": 43,
        "add_reward_num_1": 50,
        "chara_id": 1027,
        "episode_index": 6,
        "exp_type": 2,
        "id": 167,
        "lock_type_1": 6,
        "lock_value_1_1": 1027,
        "lock_value_1_2": 3,
        "story_id": 41027006
    },
    {
        "add_reward_category_1": 90,
        "add_reward_id_1": 43,
        "add_reward_num_1": 50,
        "chara_id": 1027,
        "episode_index": 7,
        "exp_type": 2,
        "id": 168,
        "lock_type_1": 6,
        "lock_value_1_1": 1027,
        "lock_value_1_2": 6,
        "story_id": 41027007
    },
    {
        "add_reward_category_1": 90,
        "add_reward_id_1": 43,
        "add_reward_num_1": 20,
        "chara_id": 1032,
        "episode_index": 1,
        "exp_type": 1,
        "id": 183,
        "lock_type_1": 0,
        "lock_value_1_1": 0,
        "lock_value_1_2": 0,
        "story_id": 41032001
    },
    {
        "add_reward_category_1": 90,
        "add_reward_id_1": 43,
        "add_reward_num_1": 20,
        "chara_id": 1032,
        "episode_index": 2,
        "exp_type": 1,
        "id": 184,
        "lock_type_1": 0,
        "lock_value_1_1": 0,
        "lock_value_1_2": 0,
        "story_id": 41032002
    },
    {
        "add_reward_category_1": 90,
        "add_reward_id_1": 43,
        "add_reward_num_1": 20,
        "chara_id": 1032,
        "episode_index": 3,
        "exp_type": 1,
        "id": 185,
        "lock_type_1": 0,
        "lock_value_1_1": 0,
        "lock_value_1_2": 0,
        "story_id": 41032003
    },
    {
        "add_reward_category_1": 90,
        "add_reward_id_1": 43,
        "add_reward_num_1": 20,
        "chara_id": 1032,
        "episode_index": 4,
        "exp_type": 1,
        "id": 186,
        "lock_type_1": 0,
        "lock_value_1_1": 0,
        "lock_value_1_2": 0,
        "story_id": 41032004
    },
    {
        "add_reward_category_1": 90,
        "add_reward_id_1": 43,
        "add_reward_num_1": 50,
        "chara_id": 1032,
        "episode_index": 5,
        "exp_type": 2,
        "id": 187,
        "lock_type_1": 6,
        "lock_value_1_1": 1032,
        "lock_value_1_2": 1,
        "story_id": 41032005
    },
    {
        "add_reward_category_1": 90,
        "add_reward_id_1": 43,
        "add_reward_num_1": 50,
        "chara_id": 1032,
        "episode_index": 6,
        "exp_type": 2,
        "id": 188,
        "lock_type_1": 6,
        "lock_value_1_1": 1032,
        "lock_value_1_2": 3,
        "story_id": 41032006
    },
    {
        "add_reward_category_1": 90,
        "add_reward_id_1": 43,
        "add_reward_num_1": 50,
        "chara_id": 1032,
        "episode_index": 7,
        "exp_type": 2,
        "id": 189,
        "lock_type_1": 6,
        "lock_value_1_1": 1032,
        "lock_value_1_2": 6,
        "story_id": 41032007
    },
    {
        "add_reward_category_1": 90,
        "add_reward_id_1": 43,
        "add_reward_num_1": 20,
        "chara_id": 1035,
        "episode_index": 1,
        "exp_type": 1,
        "id": 190,
        "lock_type_1": 0,
        "lock_value_1_1": 0,
        "lock_value_1_2": 0,
        "story_id": 41035001
    },
    {
        "add_reward_category_1": 90,
        "add_reward_id_1": 43,
        "add_reward_num_1": 20,
        "chara_id": 1035,
        "episode_index": 2,
        "exp_type": 1,
        "id": 191,
        "lock_type_1": 0,
        "lock_value_1_1": 0,
        "lock_value_1_2": 0,
        "story_id": 41035002
    },
    {
        "add_reward_category_1": 90,
        "add_reward_id_1": 43,
        "add_reward_num_1": 20,
        "chara_id": 1035,
        "episode_index": 3,
        "exp_type": 1,
        "id": 192,
        "lock_type_1": 0,
        "lock_value_1_1": 0,
        "lock_value_1_2": 0,
        "story_id": 41035003
    },
    {
        "add_reward_category_1": 90,
        "add_reward_id_1": 43,
        "add_reward_num_1": 20,
        "chara_id": 1035,
        "episode_index": 4,
        "exp_type": 1,
        "id": 193,
        "lock_type_1": 0,
        "lock_value_1_1": 0,
        "lock_value_1_2": 0,
        "story_id": 41035004
    },
    {
        "add_reward_category_1": 90,
        "add_reward_id_1": 43,
        "add_reward_num_1": 50,
        "chara_id": 1035,
        "episode_index": 5,
        "exp_type": 2,
        "id": 194,
        "lock_type_1": 6,
        "lock_value_1_1": 1035,
        "lock_value_1_2": 1,
        "story_id": 41035005
    },
    {
        "add_reward_category_1": 90,
        "add_reward_id_1": 43,
        "add_reward_num_1": 50,
        "chara_id": 1035,
        "episode_index": 6,
        "exp_type": 2,
        "id": 195,
        "lock_type_1": 6,
        "lock_value_1_1": 1035,
        "lock_value_1_2": 3,
        "story_id": 41035006
    },
    {
        "add_reward_category_1": 90,
        "add_reward_id_1": 43,
        "add_reward_num_1": 50,
        "chara_id": 1035,
        "episode_index": 7,
        "exp_type": 2,
        "id": 196,
        "lock_type_1": 6,
        "lock_value_1_1": 1035,
        "lock_value_1_2": 6,
        "story_id": 41035007
    },
    {
        "add_reward_category_1": 90,
        "add_reward_id_1": 43,
        "add_reward_num_1": 20,
        "chara_id": 1037,
        "episode_index": 1,
        "exp_type": 1,
        "id": 204,
        "lock_type_1": 0,
        "lock_value_1_1": 0,
        "lock_value_1_2": 0,
        "story_id": 41037001
    },
    {
        "add_reward_category_1": 90,
        "add_reward_id_1": 43,
        "add_reward_num_1": 20,
        "chara_id": 1037,
        "episode_index": 2,
        "exp_type": 1,
        "id": 205,
        "lock_type_1": 0,
        "lock_value_1_1": 0,
        "lock_value_1_2": 0,
        "story_id": 41037002
    },
    {
        "add_reward_category_1": 90,
        "add_reward_id_1": 43,
        "add_reward_num_1": 20,
        "chara_id": 1037,
        "episode_index": 3,
        "exp_type": 1,
        "id": 206,
        "lock_type_1": 0,
        "lock_value_1_1": 0,
        "lock_value_1_2": 0,
        "story_id": 41037003
    },
    {
        "add_reward_category_1": 90,
        "add_reward_id_1": 43,
        "add_reward_num_1": 20,
        "chara_id": 1037,
        "episode_index": 4,
        "exp_type": 1,
        "id": 207,
        "lock_type_1": 0,
        "lock_value_1_1": 0,
        "lock_value_1_2": 0,
        "story_id": 41037004
    },
    {
        "add_reward_category_1": 90,
        "add_reward_id_1": 43,
        "add_reward_num_1": 50,
        "chara_id": 1037,
        "episode_index": 5,
        "exp_type": 2,
        "id": 208,
        "lock_type_1": 6,
        "lock_value_1_1": 1037,
        "lock_value_1_2": 1,
        "story_id": 41037005
    },
    {
        "add_reward_category_1": 90,
        "add_reward_id_1": 43,
        "add_reward_num_1": 50,
        "chara_id": 1037,
        "episode_index": 6,
        "exp_type": 2,
        "id": 209,
        "lock_type_1": 6,
        "lock_value_1_1": 1037,
        "lock_value_1_2": 3,
        "story_id": 41037006
    },
    {
        "add_reward_category_1": 90,
        "add_reward_id_1": 43,
        "add_reward_num_1": 50,
        "chara_id": 1037,
        "episode_index": 7,
        "exp_type": 2,
        "id": 210,
        "lock_type_1": 6,
        "lock_value_1_1": 1037,
        "lock_value_1_2": 6,
        "story_id": 41037007
    },
    {
        "add_reward_category_1": 90,
        "add_reward_id_1": 43,
        "add_reward_num_1": 20,
        "chara_id": 1040,
        "episode_index": 1,
        "exp_type": 1,
        "id": 211,
        "lock_type_1": 0,
        "lock_value_1_1": 0,
        "lock_value_1_2": 0,
        "story_id": 41040001
    },
    {
        "add_reward_category_1": 90,
        "add_reward_id_1": 43,
        "add_reward_num_1": 20,
        "chara_id": 1040,
        "episode_index": 2,
        "exp_type": 1,
        "id": 212,
        "lock_type_1": 0,
        "lock_value_1_1": 0,
        "lock_value_1_2": 0,
        "story_id": 41040002
    },
    {
        "add_reward_category_1": 90,
        "add_reward_id_1": 43,
        "add_reward_num_1": 20,
        "chara_id": 1040,
        "episode_index": 3,
        "exp_type": 1,
        "id": 213,
        "lock_type_1": 0,
        "lock_value_1_1": 0,
        "lock_value_1_2": 0,
        "story_id": 41040003
    },
    {
        "add_reward_category_1": 90,
        "add_reward_id_1": 43,
        "add_reward_num_1": 20,
        "chara_id": 1040,
        "episode_index": 4,
        "exp_type": 1,
        "id": 214,
        "lock_type_1": 0,
        "lock_value_1_1": 0,
        "lock_value_1_2": 0,
        "story_id": 41040004
    },
    {
        "add_reward_category_1": 90,
        "add_reward_id_1": 43,
        "add_reward_num_1": 50,
        "chara_id": 1040,
        "episode_index": 5,
        "exp_type": 2,
        "id": 215,
        "lock_type_1": 6,
        "lock_value_1_1": 1040,
        "lock_value_1_2": 1,
        "story_id": 41040005
    },
    {
        "add_reward_category_1": 90,
        "add_reward_id_1": 43,
        "add_reward_num_1": 50,
        "chara_id": 1040,
        "episode_index": 6,
        "exp_type": 2,
        "id": 216,
        "lock_type_1": 6,
        "lock_value_1_1": 1040,
        "lock_value_1_2": 3,
        "story_id": 41040006
    },
    {
        "add_reward_category_1": 90,
        "add_reward_id_1": 43,
        "add_reward_num_1": 50,
        "chara_id": 1040,
        "episode_index": 7,
        "exp_type": 2,
        "id": 217,
        "lock_type_1": 6,
        "lock_value_1_1": 1040,
        "lock_value_1_2": 6,
        "story_id": 41040007
    },
    {
        "add_reward_category_1": 90,
        "add_reward_id_1": 43,
        "add_reward_num_1": 20,
        "chara_id": 1041,
        "episode_index": 1,
        "exp_type": 1,
        "id": 218,
        "lock_type_1": 0,
        "lock_value_1_1": 0,
        "lock_value_1_2": 0,
        "story_id": 41041001
    },
    {
        "add_reward_category_1": 90,
        "add_reward_id_1": 43,
        "add_reward_num_1": 20,
        "chara_id": 1041,
        "episode_index": 2,
        "exp_type": 1,
        "id": 219,
        "lock_type_1": 0,
        "lock_value_1_1": 0,
        "lock_value_1_2": 0,
        "story_id": 41041002
    },
    {
        "add_reward_category_1": 90,
        "add_reward_id_1": 43,
        "add_reward_num_1": 20,
        "chara_id": 1041,
        "episode_index": 3,
        "exp_type": 1,
        "id": 220,
        "lock_type_1": 0,
        "lock_value_1_1": 0,
        "lock_value_1_2": 0,
        "story_id": 41041003
    },
    {
        "add_reward_category_1": 90,
        "add_reward_id_1": 43,
        "add_reward_num_1": 20,
        "chara_id": 1041,
        "episode_index": 4,
        "exp_type": 1,
        "id": 221,
        "lock_type_1": 0,
        "lock_value_1_1": 0,
        "lock_value_1_2": 0,
        "story_id": 41041004
    },
    {
        "add_reward_category_1": 90,
        "add_reward_id_1": 43,
        "add_reward_num_1": 50,
        "chara_id": 1041,
        "episode_index": 5,
        "exp_type": 2,
        "id": 222,
        "lock_type_1": 6,
        "lock_value_1_1": 1041,
        "lock_value_1_2": 1,
        "story_id": 41041005
    },
    {
        "add_reward_category_1": 90,
        "add_reward_id_1": 43,
        "add_reward_num_1": 50,
        "chara_id": 1041,
        "episode_index": 6,
        "exp_type": 2,
        "id": 223,
        "lock_type_1": 6,
        "lock_value_1_1": 1041,
        "lock_value_1_2": 3,
        "story_id": 41041006
    },
    {
        "add_reward_category_1": 90,
        "add_reward_id_1": 43,
        "add_reward_num_1": 50,
        "chara_id": 1041,
        "episode_index": 7,
        "exp_type": 2,
        "id": 224,
        "lock_type_1": 6,
        "lock_value_1_1": 1041,
        "lock_value_1_2": 6,
        "story_id": 41041007
    },
    {
        "add_reward_category_1": 90,
        "add_reward_id_1": 43,
        "add_reward_num_1": 20,
        "chara_id": 1045,
        "episode_index": 1,
        "exp_type": 1,
        "id": 225,
        "lock_type_1": 0,
        "lock_value_1_1": 0,
        "lock_value_1_2": 0,
        "story_id": 41045001
    },
    {
        "add_reward_category_1": 90,
        "add_reward_id_1": 43,
        "add_reward_num_1": 20,
        "chara_id": 1045,
        "episode_index": 2,
        "exp_type": 1,
        "id": 226,
        "lock_type_1": 0,
        "lock_value_1_1": 0,
        "lock_value_1_2": 0,
        "story_id": 41045002
    },
    {
        "add_reward_category_1": 90,
        "add_reward_id_1": 43,
        "add_reward_num_1": 20,
        "chara_id": 1045,
        "episode_index": 3,
        "exp_type": 1,
        "id": 227,
        "lock_type_1": 0,
        "lock_value_1_1": 0,
        "lock_value_1_2": 0,
        "story_id": 41045003
    },
    {
        "add_reward_category_1": 90,
        "add_reward_id_1": 43,
        "add_reward_num_1": 20,
        "chara_id": 1045,
        "episode_index": 4,
        "exp_type": 1,
        "id": 228,
        "lock_type_1": 0,
        "lock_value_1_1": 0,
        "lock_value_1_2": 0,
        "story_id": 41045004
    },
    {
        "add_reward_category_1": 90,
        "add_reward_id_1": 43,
        "add_reward_num_1": 50,
        "chara_id": 1045,
        "episode_index": 5,
        "exp_type": 2,
        "id": 229,
        "lock_type_1": 6,
        "lock_value_1_1": 1045,
        "lock_value_1_2": 1,
        "story_id": 41045005
    },
    {
        "add_reward_category_1": 90,
        "add_reward_id_1": 43,
        "add_reward_num_1": 50,
        "chara_id": 1045,
        "episode_index": 6,
        "exp_type": 2,
        "id": 230,
        "lock_type_1": 6,
        "lock_value_1_1": 1045,
        "lock_value_1_2": 3,
        "story_id": 41045006
    },
    {
        "add_reward_category_1": 90,
        "add_reward_id_1": 43,
        "add_reward_num_1": 50,
        "chara_id": 1045,
        "episode_index": 7,
        "exp_type": 2,
        "id": 231,
        "lock_type_1": 6,
        "lock_value_1_1": 1045,
        "lock_value_1_2": 6,
        "story_id": 41045007
    },
    {
        "add_reward_category_1": 90,
        "add_reward_id_1": 43,
        "add_reward_num_1": 20,
        "chara_id": 1046,
        "episode_index": 1,
        "exp_type": 1,
        "id": 232,
        "lock_type_1": 0,
        "lock_value_1_1": 0,
        "lock_value_1_2": 0,
        "story_id": 41046001
    },
    {
        "add_reward_category_1": 90,
        "add_reward_id_1": 43,
        "add_reward_num_1": 20,
        "chara_id": 1046,
        "episode_index": 2,
        "exp_type": 1,
        "id": 233,
        "lock_type_1": 0,
        "lock_value_1_1": 0,
        "lock_value_1_2": 0,
        "story_id": 41046002
    },
    {
        "add_reward_category_1": 90,
        "add_reward_id_1": 43,
        "add_reward_num_1": 20,
        "chara_id": 1046,
        "episode_index": 3,
        "exp_type": 1,
        "id": 234,
        "lock_type_1": 0,
        "lock_value_1_1": 0,
        "lock_value_1_2": 0,
        "story_id": 41046003
    },
    {
        "add_reward_category_1": 90,
        "add_reward_id_1": 43,
        "add_reward_num_1": 20,
        "chara_id": 1046,
        "episode_index": 4,
        "exp_type": 1,
        "id": 235,
        "lock_type_1": 0,
        "lock_value_1_1": 0,
        "lock_value_1_2": 0,
        "story_id": 41046004
    },
    {
        "add_reward_category_1": 90,
        "add_reward_id_1": 43,
        "add_reward_num_1": 50,
        "chara_id": 1046,
        "episode_index": 5,
        "exp_type": 2,
        "id": 236,
        "lock_type_1": 6,
        "lock_value_1_1": 1046,
        "lock_value_1_2": 1,
        "story_id": 41046005
    },
    {
        "add_reward_category_1": 90,
        "add_reward_id_1": 43,
        "add_reward_num_1": 50,
        "chara_id": 1046,
        "episode_index": 6,
        "exp_type": 2,
        "id": 237,
        "lock_type_1": 6,
        "lock_value_1_1": 1046,
        "lock_value_1_2": 3,
        "story_id": 41046006
    },
    {
        "add_reward_category_1": 90,
        "add_reward_id_1": 43,
        "add_reward_num_1": 50,
        "chara_id": 1046,
        "episode_index": 7,
        "exp_type": 2,
        "id": 238,
        "lock_type_1": 6,
        "lock_value_1_1": 1046,
        "lock_value_1_2": 6,
        "story_id": 41046007
    },
    {
        "add_reward_category_1": 90,
        "add_reward_id_1": 43,
        "add_reward_num_1": 20,
        "chara_id": 1050,
        "episode_index": 1,
        "exp_type": 1,
        "id": 239,
        "lock_type_1": 0,
        "lock_value_1_1": 0,
        "lock_value_1_2": 0,
        "story_id": 41050001
    },
    {
        "add_reward_category_1": 90,
        "add_reward_id_1": 43,
        "add_reward_num_1": 20,
        "chara_id": 1050,
        "episode_index": 2,
        "exp_type": 1,
        "id": 240,
        "lock_type_1": 0,
        "lock_value_1_1": 0,
        "lock_value_1_2": 0,
        "story_id": 41050002
    },
    {
        "add_reward_category_1": 90,
        "add_reward_id_1": 43,
        "add_reward_num_1": 20,
        "chara_id": 1050,
        "episode_index": 3,
        "exp_type": 1,
        "id": 241,
        "lock_type_1": 0,
        "lock_value_1_1": 0,
        "lock_value_1_2": 0,
        "story_id": 41050003
    },
    {
        "add_reward_category_1": 90,
        "add_reward_id_1": 43,
        "add_reward_num_1": 20,
        "chara_id": 1050,
        "episode_index": 4,
        "exp_type": 1,
        "id": 242,
        "lock_type_1": 0,
        "lock_value_1_1": 0,
        "lock_value_1_2": 0,
        "story_id": 41050004
    },
    {
        "add_reward_category_1": 90,
        "add_reward_id_1": 43,
        "add_reward_num_1": 50,
        "chara_id": 1050,
        "episode_index": 5,
        "exp_type": 2,
        "id": 243,
        "lock_type_1": 6,
        "lock_value_1_1": 1050,
        "lock_value_1_2": 1,
        "story_id": 41050005
    },
    {
        "add_reward_category_1": 90,
        "add_reward_id_1": 43,
        "add_reward_num_1": 50,
        "chara_id": 1050,
        "episode_index": 6,
        "exp_type": 2,
        "id": 244,
        "lock_type_1": 6,
        "lock_value_1_1": 1050,
        "lock_value_1_2": 3,
        "story_id": 41050006
    },
    {
        "add_reward_category_1": 90,
        "add_reward_id_1": 43,
        "add_reward_num_1": 50,
        "chara_id": 1050,
        "episode_index": 7,
        "exp_type": 2,
        "id": 245,
        "lock_type_1": 6,
        "lock_value_1_1": 1050,
        "lock_value_1_2": 6,
        "story_id": 41050007
    },
    {
        "add_reward_category_1": 90,
        "add_reward_id_1": 43,
        "add_reward_num_1": 20,
        "chara_id": 1052,
        "episode_index": 1,
        "exp_type": 1,
        "id": 246,
        "lock_type_1": 0,
        "lock_value_1_1": 0,
        "lock_value_1_2": 0,
        "story_id": 41052001
    },
    {
        "add_reward_category_1": 90,
        "add_reward_id_1": 43,
        "add_reward_num_1": 20,
        "chara_id": 1052,
        "episode_index": 2,
        "exp_type": 1,
        "id": 247,
        "lock_type_1": 0,
        "lock_value_1_1": 0,
        "lock_value_1_2": 0,
        "story_id": 41052002
    },
    {
        "add_reward_category_1": 90,
        "add_reward_id_1": 43,
        "add_reward_num_1": 20,
        "chara_id": 1052,
        "episode_index": 3,
        "exp_type": 1,
        "id": 248,
        "lock_type_1": 0,
        "lock_value_1_1": 0,
        "lock_value_1_2": 0,
        "story_id": 41052003
    },
    {
        "add_reward_category_1": 90,
        "add_reward_id_1": 43,
        "add_reward_num_1": 20,
        "chara_id": 1052,
        "episode_index": 4,
        "exp_type": 1,
        "id": 249,
        "lock_type_1": 0,
        "lock_value_1_1": 0,
        "lock_value_1_2": 0,
        "story_id": 41052004
    },
    {
        "add_reward_category_1": 90,
        "add_reward_id_1": 43,
        "add_reward_num_1": 50,
        "chara_id": 1052,
        "episode_index": 5,
        "exp_type": 2,
        "id": 250,
        "lock_type_1": 6,
        "lock_value_1_1": 1052,
        "lock_value_1_2": 1,
        "story_id": 41052005
    },
    {
        "add_reward_category_1": 90,
        "add_reward_id_1": 43,
        "add_reward_num_1": 50,
        "chara_id": 1052,
        "episode_index": 6,
        "exp_type": 2,
        "id": 251,
        "lock_type_1": 6,
        "lock_value_1_1": 1052,
        "lock_value_1_2": 3,
        "story_id": 41052006
    },
    {
        "add_reward_category_1": 90,
        "add_reward_id_1": 43,
        "add_reward_num_1": 50,
        "chara_id": 1052,
        "episode_index": 7,
        "exp_type": 2,
        "id": 252,
        "lock_type_1": 6,
        "lock_value_1_1": 1052,
        "lock_value_1_2": 6,
        "story_id": 41052007
    },
    {
        "add_reward_category_1": 90,
        "add_reward_id_1": 43,
        "add_reward_num_1": 20,
        "chara_id": 1056,
        "episode_index": 1,
        "exp_type": 1,
        "id": 260,
        "lock_type_1": 0,
        "lock_value_1_1": 0,
        "lock_value_1_2": 0,
        "story_id": 41056001
    },
    {
        "add_reward_category_1": 90,
        "add_reward_id_1": 43,
        "add_reward_num_1": 20,
        "chara_id": 1056,
        "episode_index": 2,
        "exp_type": 1,
        "id": 261,
        "lock_type_1": 0,
        "lock_value_1_1": 0,
        "lock_value_1_2": 0,
        "story_id": 41056002
    },
    {
        "add_reward_category_1": 90,
        "add_reward_id_1": 43,
        "add_reward_num_1": 20,
        "chara_id": 1056,
        "episode_index": 3,
        "exp_type": 1,
        "id": 262,
        "lock_type_1": 0,
        "lock_value_1_1": 0,
        "lock_value_1_2": 0,
        "story_id": 41056003
    },
    {
        "add_reward_category_1": 90,
        "add_reward_id_1": 43,
        "add_reward_num_1": 20,
        "chara_id": 1056,
        "episode_index": 4,
        "exp_type": 1,
        "id": 263,
        "lock_type_1": 0,
        "lock_value_1_1": 0,
        "lock_value_1_2": 0,
        "story_id": 41056004
    },
    {
        "add_reward_category_1": 90,
        "add_reward_id_1": 43,
        "add_reward_num_1": 50,
        "chara_id": 1056,
        "episode_index": 5,
        "exp_type": 2,
        "id": 264,
        "lock_type_1": 6,
        "lock_value_1_1": 1056,
        "lock_value_1_2": 1,
        "story_id": 41056005
    },
    {
        "add_reward_category_1": 90,
        "add_reward_id_1": 43,
        "add_reward_num_1": 50,
        "chara_id": 1056,
        "episode_index": 6,
        "exp_type": 2,
        "id": 265,
        "lock_type_1": 6,
        "lock_value_1_1": 1056,
        "lock_value_1_2": 3,
        "story_id": 41056006
    },
    {
        "add_reward_category_1": 90,
        "add_reward_id_1": 43,
        "add_reward_num_1": 50,
        "chara_id": 1056,
        "episode_index": 7,
        "exp_type": 2,
        "id": 266,
        "lock_type_1": 6,
        "lock_value_1_1": 1056,
        "lock_value_1_2": 6,
        "story_id": 41056007
    },
    {
        "add_reward_category_1": 90,
        "add_reward_id_1": 43,
        "add_reward_num_1": 20,
        "chara_id": 1060,
        "episode_index": 1,
        "exp_type": 1,
        "id": 267,
        "lock_type_1": 0,
        "lock_value_1_1": 0,
        "lock_value_1_2": 0,
        "story_id": 41060001
    },
    {
        "add_reward_category_1": 90,
        "add_reward_id_1": 43,
        "add_reward_num_1": 20,
        "chara_id": 1060,
        "episode_index": 2,
        "exp_type": 1,
        "id": 268,
        "lock_type_1": 0,
        "lock_value_1_1": 0,
        "lock_value_1_2": 0,
        "story_id": 41060002
    },
    {
        "add_reward_category_1": 90,
        "add_reward_id_1": 43,
        "add_reward_num_1": 20,
        "chara_id": 1060,
        "episode_index": 3,
        "exp_type": 1,
        "id": 269,
        "lock_type_1": 0,
        "lock_value_1_1": 0,
        "lock_value_1_2": 0,
        "story_id": 41060003
    },
    {
        "add_reward_category_1": 90,
        "add_reward_id_1": 43,
        "add_reward_num_1": 20,
        "chara_id": 1060,
        "episode_index": 4,
        "exp_type": 1,
        "id": 270,
        "lock_type_1": 0,
        "lock_value_1_1": 0,
        "lock_value_1_2": 0,
        "story_id": 41060004
    },
    {
        "add_reward_category_1": 90,
        "add_reward_id_1": 43,
        "add_reward_num_1": 50,
        "chara_id": 1060,
        "episode_index": 5,
        "exp_type": 2,
        "id": 271,
        "lock_type_1": 6,
        "lock_value_1_1": 1060,
        "lock_value_1_2": 1,
        "story_id": 41060005
    },
    {
        "add_reward_category_1": 90,
        "add_reward_id_1": 43,
        "add_reward_num_1": 50,
        "chara_id": 1060,
        "episode_index": 6,
        "exp_type": 2,
        "id": 272,
        "lock_type_1": 6,
        "lock_value_1_1": 1060,
        "lock_value_1_2": 3,
        "story_id": 41060006
    },
    {
        "add_reward_category_1": 90,
        "add_reward_id_1": 43,
        "add_reward_num_1": 50,
        "chara_id": 1060,
        "episode_index": 7,
        "exp_type": 2,
        "id": 273,
        "lock_type_1": 6,
        "lock_value_1_1": 1060,
        "lock_value_1_2": 6,
        "story_id": 41060007
    },
    {
        "add_reward_category_1": 90,
        "add_reward_id_1": 43,
        "add_reward_num_1": 20,
        "chara_id": 1061,
        "episode_index": 1,
        "exp_type": 1,
        "id": 274,
        "lock_type_1": 0,
        "lock_value_1_1": 0,
        "lock_value_1_2": 0,
        "story_id": 41061001
    },
    {
        "add_reward_category_1": 90,
        "add_reward_id_1": 43,
        "add_reward_num_1": 20,
        "chara_id": 1061,
        "episode_index": 2,
        "exp_type": 1,
        "id": 275,
        "lock_type_1": 0,
        "lock_value_1_1": 0,
        "lock_value_1_2": 0,
        "story_id": 41061002
    },
    {
        "add_reward_category_1": 90,
        "add_reward_id_1": 43,
        "add_reward_num_1": 20,
        "chara_id": 1061,
        "episode_index": 3,
        "exp_type": 1,
        "id": 276,
        "lock_type_1": 0,
        "lock_value_1_1": 0,
        "lock_value_1_2": 0,
        "story_id": 41061003
    },
    {
        "add_reward_category_1": 90,
        "add_reward_id_1": 43,
        "add_reward_num_1": 20,
        "chara_id": 1061,
        "episode_index": 4,
        "exp_type": 1,
        "id": 277,
        "lock_type_1": 0,
        "lock_value_1_1": 0,
        "lock_value_1_2": 0,
        "story_id": 41061004
    },
    {
        "add_reward_category_1": 90,
        "add_reward_id_1": 43,
        "add_reward_num_1": 50,
        "chara_id": 1061,
        "episode_index": 5,
        "exp_type": 2,
        "id": 278,
        "lock_type_1": 6,
        "lock_value_1_1": 1061,
        "lock_value_1_2": 1,
        "story_id": 41061005
    },
    {
        "add_reward_category_1": 90,
        "add_reward_id_1": 43,
        "add_reward_num_1": 50,
        "chara_id": 1061,
        "episode_index": 6,
        "exp_type": 2,
        "id": 279,
        "lock_type_1": 6,
        "lock_value_1_1": 1061,
        "lock_value_1_2": 3,
        "story_id": 41061006
    },
    {
        "add_reward_category_1": 90,
        "add_reward_id_1": 43,
        "add_reward_num_1": 50,
        "chara_id": 1061,
        "episode_index": 7,
        "exp_type": 2,
        "id": 280,
        "lock_type_1": 6,
        "lock_value_1_1": 1061,
        "lock_value_1_2": 6,
        "story_id": 41061007
    },
    {
        "add_reward_category_1": 90,
        "add_reward_id_1": 43,
        "add_reward_num_1": 20,
        "chara_id": 1030,
        "episode_index": 1,
        "exp_type": 1,
        "id": 281,
        "lock_type_1": 0,
        "lock_value_1_1": 0,
        "lock_value_1_2": 0,
        "story_id": 41030001
    },
    {
        "add_reward_category_1": 90,
        "add_reward_id_1": 43,
        "add_reward_num_1": 20,
        "chara_id": 1030,
        "episode_index": 2,
        "exp_type": 1,
        "id": 282,
        "lock_type_1": 0,
        "lock_value_1_1": 0,
        "lock_value_1_2": 0,
        "story_id": 41030002
    },
    {
        "add_reward_category_1": 90,
        "add_reward_id_1": 43,
        "add_reward_num_1": 20,
        "chara_id": 1030,
        "episode_index": 3,
        "exp_type": 1,
        "id": 283,
        "lock_type_1": 0,
        "lock_value_1_1": 0,
        "lock_value_1_2": 0,
        "story_id": 41030003
    },
    {
        "add_reward_category_1": 90,
        "add_reward_id_1": 43,
        "add_reward_num_1": 20,
        "chara_id": 1030,
        "episode_index": 4,
        "exp_type": 1,
        "id": 284,
        "lock_type_1": 0,
        "lock_value_1_1": 0,
        "lock_value_1_2": 0,
        "story_id": 41030004
    },
    {
        "add_reward_category_1": 90,
        "add_reward_id_1": 43,
        "add_reward_num_1": 50,
        "chara_id": 1030,
        "episode_index": 5,
        "exp_type": 2,
        "id": 285,
        "lock_type_1": 6,
        "lock_value_1_1": 1030,
        "lock_value_1_2": 1,
        "story_id": 41030005
    },
    {
        "add_reward_category_1": 90,
        "add_reward_id_1": 43,
        "add_reward_num_1": 50,
        "chara_id": 1030,
        "episode_index": 6,
        "exp_type": 2,
        "id": 286,
        "lock_type_1": 6,
        "lock_value_1_1": 1030,
        "lock_value_1_2": 3,
        "story_id": 41030006
    },
    {
        "add_reward_category_1": 90,
        "add_reward_id_1": 43,
        "add_reward_num_1": 50,
        "chara_id": 1030,
        "episode_index": 7,
        "exp_type": 2,
        "id": 287,
        "lock_type_1": 6,
        "lock_value_1_1": 1030,
        "lock_value_1_2": 6,
        "story_id": 41030007
    },
    {
        "add_reward_category_1": 90,
        "add_reward_id_1": 43,
        "add_reward_num_1": 20,
        "chara_id": 1026,
        "episode_index": 1,
        "exp_type": 1,
        "id": 288,
        "lock_type_1": 0,
        "lock_value_1_1": 0,
        "lock_value_1_2": 0,
        "story_id": 41026001
    },
    {
        "add_reward_category_1": 90,
        "add_reward_id_1": 43,
        "add_reward_num_1": 20,
        "chara_id": 1026,
        "episode_index": 2,
        "exp_type": 1,
        "id": 289,
        "lock_type_1": 0,
        "lock_value_1_1": 0,
        "lock_value_1_2": 0,
        "story_id": 41026002
    },
    {
        "add_reward_category_1": 90,
        "add_reward_id_1": 43,
        "add_reward_num_1": 20,
        "chara_id": 1026,
        "episode_index": 3,
        "exp_type": 1,
        "id": 290,
        "lock_type_1": 0,
        "lock_value_1_1": 0,
        "lock_value_1_2": 0,
        "story_id": 41026003
    },
    {
        "add_reward_category_1": 90,
        "add_reward_id_1": 43,
        "add_reward_num_1": 20,
        "chara_id": 1026,
        "episode_index": 4,
        "exp_type": 1,
        "id": 291,
        "lock_type_1": 0,
        "lock_value_1_1": 0,
        "lock_value_1_2": 0,
        "story_id": 41026004
    },
    {
        "add_reward_category_1": 90,
        "add_reward_id_1": 43,
        "add_reward_num_1": 50,
        "chara_id": 1026,
        "episode_index": 5,
        "exp_type": 2,
        "id": 292,
        "lock_type_1": 6,
        "lock_value_1_1": 1026,
        "lock_value_1_2": 1,
        "story_id": 41026005
    },
    {
        "add_reward_category_1": 90,
        "add_reward_id_1": 43,
        "add_reward_num_1": 50,
        "chara_id": 1026,
        "episode_index": 6,
        "exp_type": 2,
        "id": 293,
        "lock_type_1": 6,
        "lock_value_1_1": 1026,
        "lock_value_1_2": 3,
        "story_id": 41026006
    },
    {
        "add_reward_category_1": 90,
        "add_reward_id_1": 43,
        "add_reward_num_1": 50,
        "chara_id": 1026,
        "episode_index": 7,
        "exp_type": 2,
        "id": 294,
        "lock_type_1": 6,
        "lock_value_1_1": 1026,
        "lock_value_1_2": 6,
        "story_id": 41026007
    },
    {
        "add_reward_category_1": 90,
        "add_reward_id_1": 43,
        "add_reward_num_1": 20,
        "chara_id": 1038,
        "episode_index": 1,
        "exp_type": 1,
        "id": 295,
        "lock_type_1": 0,
        "lock_value_1_1": 0,
        "lock_value_1_2": 0,
        "story_id": 41038001
    },
    {
        "add_reward_category_1": 90,
        "add_reward_id_1": 43,
        "add_reward_num_1": 20,
        "chara_id": 1038,
        "episode_index": 2,
        "exp_type": 1,
        "id": 296,
        "lock_type_1": 0,
        "lock_value_1_1": 0,
        "lock_value_1_2": 0,
        "story_id": 41038002
    },
    {
        "add_reward_category_1": 90,
        "add_reward_id_1": 43,
        "add_reward_num_1": 20,
        "chara_id": 1038,
        "episode_index": 3,
        "exp_type": 1,
        "id": 297,
        "lock_type_1": 0,
        "lock_value_1_1": 0,
        "lock_value_1_2": 0,
        "story_id": 41038003
    },
    {
        "add_reward_category_1": 90,
        "add_reward_id_1": 43,
        "add_reward_num_1": 20,
        "chara_id": 1038,
        "episode_index": 4,
        "exp_type": 1,
        "id": 298,
        "lock_type_1": 0,
        "lock_value_1_1": 0,
        "lock_value_1_2": 0,
        "story_id": 41038004
    },
    {
        "add_reward_category_1": 90,
        "add_reward_id_1": 43,
        "add_reward_num_1": 50,
        "chara_id": 1038,
        "episode_index": 5,
        "exp_type": 2,
        "id": 299,
        "lock_type_1": 6,
        "lock_value_1_1": 1038,
        "lock_value_1_2": 1,
        "story_id": 41038005
    },
    {
        "add_reward_category_1": 90,
        "add_reward_id_1": 43,
        "add_reward_num_1": 50,
        "chara_id": 1038,
        "episode_index": 6,
        "exp_type": 2,
        "id": 300,
        "lock_type_1": 6,
        "lock_value_1_1": 1038,
        "lock_value_1_2": 3,
        "story_id": 41038006
    },
    {
        "add_reward_category_1": 90,
        "add_reward_id_1": 43,
        "add_reward_num_1": 50,
        "chara_id": 1038,
        "episode_index": 7,
        "exp_type": 2,
        "id": 301,
        "lock_type_1": 6,
        "lock_value_1_1": 1038,
        "lock_value_1_2": 6,
        "story_id": 41038007
    },
    {
        "add_reward_category_1": 90,
        "add_reward_id_1": 43,
        "add_reward_num_1": 20,
        "chara_id": 1016,
        "episode_index": 1,
        "exp_type": 1,
        "id": 302,
        "lock_type_1": 0,
        "lock_value_1_1": 0,
        "lock_value_1_2": 0,
        "story_id": 41016001
    },
    {
        "add_reward_category_1": 90,
        "add_reward_id_1": 43,
        "add_reward_num_1": 20,
        "chara_id": 1016,
        "episode_index": 2,
        "exp_type": 1,
        "id": 303,
        "lock_type_1": 0,
        "lock_value_1_1": 0,
        "lock_value_1_2": 0,
        "story_id": 41016002
    },
    {
        "add_reward_category_1": 90,
        "add_reward_id_1": 43,
        "add_reward_num_1": 20,
        "chara_id": 1016,
        "episode_index": 3,
        "exp_type": 1,
        "id": 304,
        "lock_type_1": 0,
        "lock_value_1_1": 0,
        "lock_value_1_2": 0,
        "story_id": 41016003
    },
    {
        "add_reward_category_1": 90,
        "add_reward_id_1": 43,
        "add_reward_num_1": 20,
        "chara_id": 1016,
        "episode_index": 4,
        "exp_type": 1,
        "id": 305,
        "lock_type_1": 0,
        "lock_value_1_1": 0,
        "lock_value_1_2": 0,
        "story_id": 41016004
    },
    {
        "add_reward_category_1": 90,
        "add_reward_id_1": 43,
        "add_reward_num_1": 50,
        "chara_id": 1016,
        "episode_index": 5,
        "exp_type": 2,
        "id": 306,
        "lock_type_1": 6,
        "lock_value_1_1": 1016,
        "lock_value_1_2": 1,
        "story_id": 41016005
    },
    {
        "add_reward_category_1": 90,
        "add_reward_id_1": 43,
        "add_reward_num_1": 50,
        "chara_id": 1016,
        "episode_index": 6,
        "exp_type": 2,
        "id": 307,
        "lock_type_1": 6,
        "lock_value_1_1": 1016,
        "lock_value_1_2": 3,
        "story_id": 41016006
    },
    {
        "add_reward_category_1": 90,
        "add_reward_id_1": 43,
        "add_reward_num_1": 50,
        "chara_id": 1016,
        "episode_index": 7,
        "exp_type": 2,
        "id": 308,
        "lock_type_1": 6,
        "lock_value_1_1": 1016,
        "lock_value_1_2": 6,
        "story_id": 41016007
    },
    {
        "add_reward_category_1": 90,
        "add_reward_id_1": 43,
        "add_reward_num_1": 20,
        "chara_id": 1058,
        "episode_index": 1,
        "exp_type": 1,
        "id": 309,
        "lock_type_1": 0,
        "lock_value_1_1": 0,
        "lock_value_1_2": 0,
        "story_id": 41058001
    },
    {
        "add_reward_category_1": 90,
        "add_reward_id_1": 43,
        "add_reward_num_1": 20,
        "chara_id": 1058,
        "episode_index": 2,
        "exp_type": 1,
        "id": 310,
        "lock_type_1": 0,
        "lock_value_1_1": 0,
        "lock_value_1_2": 0,
        "story_id": 41058002
    },
    {
        "add_reward_category_1": 90,
        "add_reward_id_1": 43,
        "add_reward_num_1": 20,
        "chara_id": 1058,
        "episode_index": 3,
        "exp_type": 1,
        "id": 311,
        "lock_type_1": 0,
        "lock_value_1_1": 0,
        "lock_value_1_2": 0,
        "story_id": 41058003
    },
    {
        "add_reward_category_1": 90,
        "add_reward_id_1": 43,
        "add_reward_num_1": 20,
        "chara_id": 1058,
        "episode_index": 4,
        "exp_type": 1,
        "id": 312,
        "lock_type_1": 0,
        "lock_value_1_1": 0,
        "lock_value_1_2": 0,
        "story_id": 41058004
    },
    {
        "add_reward_category_1": 90,
        "add_reward_id_1": 43,
        "add_reward_num_1": 50,
        "chara_id": 1058,
        "episode_index": 5,
        "exp_type": 2,
        "id": 313,
        "lock_type_1": 6,
        "lock_value_1_1": 1058,
        "lock_value_1_2": 1,
        "story_id": 41058005
    },
    {
        "add_reward_category_1": 90,
        "add_reward_id_1": 43,
        "add_reward_num_1": 50,
        "chara_id": 1058,
        "episode_index": 6,
        "exp_type": 2,
        "id": 314,
        "lock_type_1": 6,
        "lock_value_1_1": 1058,
        "lock_value_1_2": 3,
        "story_id": 41058006
    },
    {
        "add_reward_category_1": 90,
        "add_reward_id_1": 43,
        "add_reward_num_1": 50,
        "chara_id": 1058,
        "episode_index": 7,
        "exp_type": 2,
        "id": 315,
        "lock_type_1": 6,
        "lock_value_1_1": 1058,
        "lock_value_1_2": 6,
        "story_id": 41058007
    }
]