[
    {
        "id": 1,
        "need_ranking_max": 0,
        "need_ranking_min": 0,
        "reward_item_category_1": 0,
        "reward_item_category_2": 0,
        "reward_item_id_1": 0,
        "reward_item_id_2": 0,
        "reward_num_1": 0,
        "reward_num_2": 0
    },
    {
        "id": 2,
        "need_ranking_max": 10001,
        "need_ranking_min": 0,
        "reward_item_category_1": 90,
        "reward_item_category_2": 161,
        "reward_item_id_1": 43,
        "reward_item_id_2": 134,
        "reward_num_1": 150,
        "reward_num_2": 150
    },
    {
        "id": 3,
        "need_ranking_max": 7001,
        "need_ranking_min": 10000,
        "reward_item_category_1": 90,
        "reward_item_category_2": 161,
        "reward_item_id_1": 43,
        "reward_item_id_2": 134,
        "reward_num_1": 300,
        "reward_num_2": 300
    },
    {
        "id": 4,
        "need_ranking_max": 5001,
        "need_ranking_min": 7000,
        "reward_item_category_1": 90,
        "reward_item_category_2": 161,
        "reward_item_id_1": 43,
        "reward_item_id_2": 134,
        "reward_num_1": 600,
        "reward_num_2": 600
    },
    {
        "id": 5,
        "need_ranking_max": 3001,
        "need_ranking_min": 5000,
        "reward_item_category_1": 90,
        "reward_item_category_2": 161,
        "reward_item_id_1": 43,
        "reward_item_id_2": 134,
        "reward_num_1": 900,
        "reward_num_2": 900
    },
    {
        "id": 6,
        "need_ranking_max": 1001,
        "need_ranking_min": 3000,
        "reward_item_category_1": 90,
        "reward_item_category_2": 161,
        "reward_item_id_1": 43,
        "reward_item_id_2": 134,
        "reward_num_1": 1200,
        "reward_num_2": 1200
    },
    {
        "id": 7,
        "need_ranking_max": 501,
        "need_ranking_min": 1000,
        "reward_item_category_1": 90,
        "reward_item_category_2": 161,
        "reward_item_id_1": 43,
        "reward_item_id_2": 134,
        "reward_num_1": 1500,
        "reward_num_2": 1500
    },
    {
        "id": 8,
        "need_ranking_max": 101,
        "need_ranking_min": 500,
        "reward_item_category_1": 90,
        "reward_item_category_2": 161,
        "reward_item_id_1": 43,
        "reward_item_id_2": 134,
        "reward_num_1": 1800,
        "reward_num_2": 1800
    },
    {
        "id": 9,
        "need_ranking_max": 31,
        "need_ranking_min": 100,
        "reward_item_category_1": 90,
        "reward_item_category_2": 161,
        "reward_item_id_1": 43,
        "reward_item_id_2": 134,
        "reward_num_1": 2100,
        "reward_num_2": 2100
    },
    {
        "id": 10,
        "need_ranking_max": 11,
        "need_ranking_min": 30,
        "reward_item_category_1": 90,
        "reward_item_category_2": 161,
        "reward_item_id_1": 43,
        "reward_item_id_2": 134,
        "reward_num_1": 2400,
        "reward_num_2": 2400
    },
    {
        "id": 11,
        "need_ranking_max": 1,
        "need_ranking_min": 10,
        "reward_item_category_1": 90,
        "reward_item_category_2": 161,
        "reward_item_id_1": 43,
        "reward_item_id_2": 134,
        "reward_num_1": 3000,
        "reward_num_2": 3000
    }
]