[
    {
        "disp_order": 1,
        "id": 100001,
        "start_date": "2017/01/01 00:00:00",
        "type": 0
    },
    {
        "disp_order": 2,
        "id": 100002,
        "start_date": "2017/01/01 00:00:00",
        "type": 0
    },
    {
        "disp_order": 3,
        "id": 100003,
        "start_date": "2017/01/01 00:00:00",
        "type": 0
    },
    {
        "disp_order": 4,
        "id": 100004,
        "start_date": "2017/01/01 00:00:00",
        "type": 0
    },
    {
        "disp_order": 5,
        "id": 100005,
        "start_date": "2017/01/01 00:00:00",
        "type": 0
    },
    {
        "disp_order": 6,
        "id": 100006,
        "start_date": "2017/01/01 00:00:00",
        "type": 0
    },
    {
        "disp_order": 7,
        "id": 100007,
        "start_date": "2017/01/01 00:00:00",
        "type": 0
    },
    {
        "disp_order": 8,
        "id": 100008,
        "start_date": "2017/01/01 00:00:00",
        "type": 0
    },
    {
        "disp_order": 9,
        "id": 100009,
        "start_date": "2017/01/01 00:00:00",
        "type": 0
    },
    {
        "disp_order": 10,
        "id": 100010,
        "start_date": "2017/01/01 00:00:00",
        "type": 0
    },
    {
        "disp_order": 11,
        "id": 100011,
        "start_date": "2017/01/01 00:00:00",
        "type": 0
    },
    {
        "disp_order": 12,
        "id": 100012,
        "start_date": "2017/01/01 00:00:00",
        "type": 0
    },
    {
        "disp_order": 13,
        "id": 100013,
        "start_date": "2017/01/01 00:00:00",
        "type": 0
    },
    {
        "disp_order": 14,
        "id": 100014,
        "start_date": "2017/01/01 00:00:00",
        "type": 0
    },
    {
        "disp_order": 15,
        "id": 100015,
        "start_date": "2017/01/01 00:00:00",
        "type": 0
    },
    {
        "disp_order": 16,
        "id": 100016,
        "start_date": "2017/01/01 00:00:00",
        "type": 0
    },
    {
        "disp_order": 17,
        "id": 100017,
        "start_date": "2017/01/01 00:00:00",
        "type": 0
    },
    {
        "disp_order": 18,
        "id": 100018,
        "start_date": "2017/01/01 00:00:00",
        "type": 0
    },
    {
        "disp_order": 19,
        "id": 100019,
        "start_date": "2017/01/01 00:00:00",
        "type": 0
    },
    {
        "disp_order": 20,
        "id": 100020,
        "start_date": "2017/01/01 00:00:00",
        "type": 0
    },
    {
        "disp_order": 21,
        "id": 100021,
        "start_date": "2017/01/01 00:00:00",
        "type": 0
    },
    {
        "disp_order": 22,
        "id": 100022,
        "start_date": "2022/12/11 12:00:00",
        "type": 0
    },
    {
        "disp_order": 23,
        "id": 100023,
        "start_date": "2022/12/11 12:00:00",
        "type": 0
    },
    {
        "disp_order": 24,
        "id": 100024,
        "start_date": "2022/12/11 12:00:00",
        "type": 0
    },
    {
        "disp_order": 25,
        "id": 100025,
        "start_date": "2022/12/11 12:00:00",
        "type": 0
    },
    {
        "disp_order": 26,
        "id": 100026,
        "start_date": "2022/12/11 12:00:00",
        "type": 0
    },
    {
        "disp_order": 27,
        "id": 100027,
        "start_date": "2022/12/11 12:00:00",
        "type": 0
    },
    {
        "disp_order": 28,
        "id": 100028,
        "start_date": "2022/12/11 12:00:00",
        "type": 0
    },
    {
        "disp_order": 29,
        "id": 100029,
        "start_date": "2022/12/11 12:00:00",
        "type": 0
    },
    {
        "disp_order": 30,
        "id": 100030,
        "start_date": "2022/12/11 12:00:00",
        "type": 0
    },
    {
        "disp_order": 31,
        "id": 100031,
        "start_date": "2022/12/11 12:00:00",
        "type": 0
    }
]