[
    {
        "get_num": 1,
        "lottery_weight_1_1": 70,
        "lottery_weight_1_2": 100,
        "lottery_weight_2_1": 75,
        "lottery_weight_2_2": 100,
        "lottery_weight_3_1": 75,
        "lottery_weight_3_2": 100,
        "lottery_weight_extra_1": 80,
        "lottery_weight_extra_2": 100,
        "odds_id": 1
    },
    {
        "get_num": 1,
        "lottery_weight_1_1": 50,
        "lottery_weight_1_2": 25,
        "lottery_weight_2_1": 50,
        "lottery_weight_2_2": 20,
        "lottery_weight_3_1": 50,
        "lottery_weight_3_2": 10,
        "lottery_weight_extra_1": 45,
        "lottery_weight_extra_2": 10,
        "odds_id": 2
    },
    {
        "get_num": 2,
        "lottery_weight_1_1": 10,
        "lottery_weight_1_2": 70,
        "lottery_weight_2_1": 15,
        "lottery_weight_2_2": 75,
        "lottery_weight_3_1": 15,
        "lottery_weight_3_2": 85,
        "lottery_weight_extra_1": 35,
        "lottery_weight_extra_2": 90,
        "odds_id": 2
    },
    {
        "get_num": 1,
        "lottery_weight_1_1": 40,
        "lottery_weight_1_2": 10,
        "lottery_weight_2_1": 40,
        "lottery_weight_2_2": 5,
        "lottery_weight_3_1": 40,
        "lottery_weight_3_2": 5,
        "lottery_weight_extra_1": 35,
        "lottery_weight_extra_2": 5,
        "odds_id": 3
    },
    {
        "get_num": 2,
        "lottery_weight_1_1": 15,
        "lottery_weight_1_2": 25,
        "lottery_weight_2_1": 15,
        "lottery_weight_2_2": 25,
        "lottery_weight_3_1": 15,
        "lottery_weight_3_2": 10,
        "lottery_weight_extra_1": 20,
        "lottery_weight_extra_2": 10,
        "odds_id": 3
    },
    {
        "get_num": 3,
        "lottery_weight_1_1": 5,
        "lottery_weight_1_2": 60,
        "lottery_weight_2_1": 10,
        "lottery_weight_2_2": 65,
        "lottery_weight_3_1": 10,
        "lottery_weight_3_2": 80,
        "lottery_weight_extra_1": 30,
        "lottery_weight_extra_2": 85,
        "odds_id": 3
    },
    {
        "get_num": 1,
        "lottery_weight_1_1": 50,
        "lottery_weight_1_2": 25,
        "lottery_weight_2_1": 50,
        "lottery_weight_2_2": 20,
        "lottery_weight_3_1": 50,
        "lottery_weight_3_2": 10,
        "lottery_weight_extra_1": 45,
        "lottery_weight_extra_2": 10,
        "odds_id": 4
    },
    {
        "get_num": 2,
        "lottery_weight_1_1": 10,
        "lottery_weight_1_2": 70,
        "lottery_weight_2_1": 15,
        "lottery_weight_2_2": 75,
        "lottery_weight_3_1": 15,
        "lottery_weight_3_2": 85,
        "lottery_weight_extra_1": 35,
        "lottery_weight_extra_2": 90,
        "odds_id": 4
    },
    {
        "get_num": 1,
        "lottery_weight_1_1": 70,
        "lottery_weight_1_2": 100,
        "lottery_weight_2_1": 75,
        "lottery_weight_2_2": 100,
        "lottery_weight_3_1": 75,
        "lottery_weight_3_2": 100,
        "lottery_weight_extra_1": 80,
        "lottery_weight_extra_2": 100,
        "odds_id": 5
    },
    {
        "get_num": 1,
        "lottery_weight_1_1": 50,
        "lottery_weight_1_2": 25,
        "lottery_weight_2_1": 50,
        "lottery_weight_2_2": 20,
        "lottery_weight_3_1": 50,
        "lottery_weight_3_2": 10,
        "lottery_weight_extra_1": 45,
        "lottery_weight_extra_2": 10,
        "odds_id": 6
    },
    {
        "get_num": 2,
        "lottery_weight_1_1": 10,
        "lottery_weight_1_2": 70,
        "lottery_weight_2_1": 15,
        "lottery_weight_2_2": 75,
        "lottery_weight_3_1": 15,
        "lottery_weight_3_2": 85,
        "lottery_weight_extra_1": 35,
        "lottery_weight_extra_2": 90,
        "odds_id": 6
    },
    {
        "get_num": 1,
        "lottery_weight_1_1": 40,
        "lottery_weight_1_2": 10,
        "lottery_weight_2_1": 40,
        "lottery_weight_2_2": 5,
        "lottery_weight_3_1": 40,
        "lottery_weight_3_2": 5,
        "lottery_weight_extra_1": 35,
        "lottery_weight_extra_2": 5,
        "odds_id": 7
    },
    {
        "get_num": 2,
        "lottery_weight_1_1": 15,
        "lottery_weight_1_2": 25,
        "lottery_weight_2_1": 15,
        "lottery_weight_2_2": 25,
        "lottery_weight_3_1": 15,
        "lottery_weight_3_2": 10,
        "lottery_weight_extra_1": 20,
        "lottery_weight_extra_2": 10,
        "odds_id": 7
    },
    {
        "get_num": 3,
        "lottery_weight_1_1": 5,
        "lottery_weight_1_2": 60,
        "lottery_weight_2_1": 10,
        "lottery_weight_2_2": 65,
        "lottery_weight_3_1": 10,
        "lottery_weight_3_2": 80,
        "lottery_weight_extra_1": 30,
        "lottery_weight_extra_2": 85,
        "odds_id": 7
    },
    {
        "get_num": 1,
        "lottery_weight_1_1": 50,
        "lottery_weight_1_2": 25,
        "lottery_weight_2_1": 50,
        "lottery_weight_2_2": 20,
        "lottery_weight_3_1": 50,
        "lottery_weight_3_2": 10,
        "lottery_weight_extra_1": 45,
        "lottery_weight_extra_2": 10,
        "odds_id": 8
    },
    {
        "get_num": 2,
        "lottery_weight_1_1": 10,
        "lottery_weight_1_2": 70,
        "lottery_weight_2_1": 15,
        "lottery_weight_2_2": 75,
        "lottery_weight_3_1": 15,
        "lottery_weight_3_2": 85,
        "lottery_weight_extra_1": 35,
        "lottery_weight_extra_2": 90,
        "odds_id": 8
    },
    {
        "get_num": 1,
        "lottery_weight_1_1": 70,
        "lottery_weight_1_2": 100,
        "lottery_weight_2_1": 75,
        "lottery_weight_2_2": 100,
        "lottery_weight_3_1": 75,
        "lottery_weight_3_2": 100,
        "lottery_weight_extra_1": 80,
        "lottery_weight_extra_2": 100,
        "odds_id": 9
    },
    {
        "get_num": 1,
        "lottery_weight_1_1": 50,
        "lottery_weight_1_2": 25,
        "lottery_weight_2_1": 50,
        "lottery_weight_2_2": 20,
        "lottery_weight_3_1": 50,
        "lottery_weight_3_2": 10,
        "lottery_weight_extra_1": 45,
        "lottery_weight_extra_2": 10,
        "odds_id": 10
    },
    {
        "get_num": 2,
        "lottery_weight_1_1": 10,
        "lottery_weight_1_2": 70,
        "lottery_weight_2_1": 15,
        "lottery_weight_2_2": 75,
        "lottery_weight_3_1": 15,
        "lottery_weight_3_2": 85,
        "lottery_weight_extra_1": 35,
        "lottery_weight_extra_2": 90,
        "odds_id": 10
    },
    {
        "get_num": 1,
        "lottery_weight_1_1": 40,
        "lottery_weight_1_2": 10,
        "lottery_weight_2_1": 40,
        "lottery_weight_2_2": 5,
        "lottery_weight_3_1": 40,
        "lottery_weight_3_2": 5,
        "lottery_weight_extra_1": 35,
        "lottery_weight_extra_2": 5,
        "odds_id": 11
    },
    {
        "get_num": 2,
        "lottery_weight_1_1": 15,
        "lottery_weight_1_2": 25,
        "lottery_weight_2_1": 15,
        "lottery_weight_2_2": 25,
        "lottery_weight_3_1": 15,
        "lottery_weight_3_2": 10,
        "lottery_weight_extra_1": 20,
        "lottery_weight_extra_2": 10,
        "odds_id": 11
    },
    {
        "get_num": 3,
        "lottery_weight_1_1": 5,
        "lottery_weight_1_2": 60,
        "lottery_weight_2_1": 10,
        "lottery_weight_2_2": 65,
        "lottery_weight_3_1": 10,
        "lottery_weight_3_2": 80,
        "lottery_weight_extra_1": 30,
        "lottery_weight_extra_2": 85,
        "odds_id": 11
    },
    {
        "get_num": 1,
        "lottery_weight_1_1": 50,
        "lottery_weight_1_2": 25,
        "lottery_weight_2_1": 50,
        "lottery_weight_2_2": 20,
        "lottery_weight_3_1": 50,
        "lottery_weight_3_2": 10,
        "lottery_weight_extra_1": 45,
        "lottery_weight_extra_2": 10,
        "odds_id": 12
    },
    {
        "get_num": 2,
        "lottery_weight_1_1": 10,
        "lottery_weight_1_2": 70,
        "lottery_weight_2_1": 15,
        "lottery_weight_2_2": 75,
        "lottery_weight_3_1": 15,
        "lottery_weight_3_2": 85,
        "lottery_weight_extra_1": 35,
        "lottery_weight_extra_2": 90,
        "odds_id": 12
    },
    {
        "get_num": 1,
        "lottery_weight_1_1": 70,
        "lottery_weight_1_2": 100,
        "lottery_weight_2_1": 75,
        "lottery_weight_2_2": 100,
        "lottery_weight_3_1": 75,
        "lottery_weight_3_2": 100,
        "lottery_weight_extra_1": 80,
        "lottery_weight_extra_2": 100,
        "odds_id": 13
    },
    {
        "get_num": 1,
        "lottery_weight_1_1": 50,
        "lottery_weight_1_2": 25,
        "lottery_weight_2_1": 50,
        "lottery_weight_2_2": 20,
        "lottery_weight_3_1": 50,
        "lottery_weight_3_2": 10,
        "lottery_weight_extra_1": 45,
        "lottery_weight_extra_2": 10,
        "odds_id": 14
    },
    {
        "get_num": 2,
        "lottery_weight_1_1": 10,
        "lottery_weight_1_2": 70,
        "lottery_weight_2_1": 15,
        "lottery_weight_2_2": 75,
        "lottery_weight_3_1": 15,
        "lottery_weight_3_2": 85,
        "lottery_weight_extra_1": 35,
        "lottery_weight_extra_2": 90,
        "odds_id": 14
    },
    {
        "get_num": 1,
        "lottery_weight_1_1": 40,
        "lottery_weight_1_2": 10,
        "lottery_weight_2_1": 40,
        "lottery_weight_2_2": 5,
        "lottery_weight_3_1": 40,
        "lottery_weight_3_2": 5,
        "lottery_weight_extra_1": 35,
        "lottery_weight_extra_2": 5,
        "odds_id": 15
    },
    {
        "get_num": 2,
        "lottery_weight_1_1": 15,
        "lottery_weight_1_2": 25,
        "lottery_weight_2_1": 15,
        "lottery_weight_2_2": 25,
        "lottery_weight_3_1": 15,
        "lottery_weight_3_2": 10,
        "lottery_weight_extra_1": 20,
        "lottery_weight_extra_2": 10,
        "odds_id": 15
    },
    {
        "get_num": 3,
        "lottery_weight_1_1": 5,
        "lottery_weight_1_2": 60,
        "lottery_weight_2_1": 10,
        "lottery_weight_2_2": 65,
        "lottery_weight_3_1": 10,
        "lottery_weight_3_2": 80,
        "lottery_weight_extra_1": 30,
        "lottery_weight_extra_2": 85,
        "odds_id": 15
    },
    {
        "get_num": 1,
        "lottery_weight_1_1": 50,
        "lottery_weight_1_2": 25,
        "lottery_weight_2_1": 50,
        "lottery_weight_2_2": 20,
        "lottery_weight_3_1": 50,
        "lottery_weight_3_2": 10,
        "lottery_weight_extra_1": 45,
        "lottery_weight_extra_2": 10,
        "odds_id": 16
    },
    {
        "get_num": 2,
        "lottery_weight_1_1": 10,
        "lottery_weight_1_2": 70,
        "lottery_weight_2_1": 15,
        "lottery_weight_2_2": 75,
        "lottery_weight_3_1": 15,
        "lottery_weight_3_2": 85,
        "lottery_weight_extra_1": 35,
        "lottery_weight_extra_2": 90,
        "odds_id": 16
    },
    {
        "get_num": 1,
        "lottery_weight_1_1": 70,
        "lottery_weight_1_2": 100,
        "lottery_weight_2_1": 75,
        "lottery_weight_2_2": 100,
        "lottery_weight_3_1": 75,
        "lottery_weight_3_2": 100,
        "lottery_weight_extra_1": 80,
        "lottery_weight_extra_2": 100,
        "odds_id": 17
    },
    {
        "get_num": 1,
        "lottery_weight_1_1": 40,
        "lottery_weight_1_2": 10,
        "lottery_weight_2_1": 40,
        "lottery_weight_2_2": 5,
        "lottery_weight_3_1": 40,
        "lottery_weight_3_2": 5,
        "lottery_weight_extra_1": 35,
        "lottery_weight_extra_2": 5,
        "odds_id": 18
    },
    {
        "get_num": 2,
        "lottery_weight_1_1": 15,
        "lottery_weight_1_2": 25,
        "lottery_weight_2_1": 15,
        "lottery_weight_2_2": 25,
        "lottery_weight_3_1": 15,
        "lottery_weight_3_2": 10,
        "lottery_weight_extra_1": 20,
        "lottery_weight_extra_2": 10,
        "odds_id": 18
    },
    {
        "get_num": 3,
        "lottery_weight_1_1": 5,
        "lottery_weight_1_2": 60,
        "lottery_weight_2_1": 10,
        "lottery_weight_2_2": 65,
        "lottery_weight_3_1": 10,
        "lottery_weight_3_2": 80,
        "lottery_weight_extra_1": 30,
        "lottery_weight_extra_2": 85,
        "odds_id": 18
    },
    {
        "get_num": 1,
        "lottery_weight_1_1": 30,
        "lottery_weight_1_2": 10,
        "lottery_weight_2_1": 30,
        "lottery_weight_2_2": 5,
        "lottery_weight_3_1": 25,
        "lottery_weight_3_2": 5,
        "lottery_weight_extra_1": 20,
        "lottery_weight_extra_2": 5,
        "odds_id": 19
    },
    {
        "get_num": 2,
        "lottery_weight_1_1": 10,
        "lottery_weight_1_2": 10,
        "lottery_weight_2_1": 15,
        "lottery_weight_2_2": 10,
        "lottery_weight_3_1": 20,
        "lottery_weight_3_2": 10,
        "lottery_weight_extra_1": 20,
        "lottery_weight_extra_2": 10,
        "odds_id": 19
    },
    {
        "get_num": 3,
        "lottery_weight_1_1": 10,
        "lottery_weight_1_2": 35,
        "lottery_weight_2_1": 10,
        "lottery_weight_2_2": 30,
        "lottery_weight_3_1": 10,
        "lottery_weight_3_2": 20,
        "lottery_weight_extra_1": 20,
        "lottery_weight_extra_2": 25,
        "odds_id": 19
    },
    {
        "get_num": 4,
        "lottery_weight_1_1": 5,
        "lottery_weight_1_2": 20,
        "lottery_weight_2_1": 5,
        "lottery_weight_2_2": 25,
        "lottery_weight_3_1": 5,
        "lottery_weight_3_2": 25,
        "lottery_weight_extra_1": 10,
        "lottery_weight_extra_2": 30,
        "odds_id": 19
    },
    {
        "get_num": 5,
        "lottery_weight_1_1": 5,
        "lottery_weight_1_2": 15,
        "lottery_weight_2_1": 5,
        "lottery_weight_2_2": 20,
        "lottery_weight_3_1": 5,
        "lottery_weight_3_2": 30,
        "lottery_weight_extra_1": 10,
        "lottery_weight_extra_2": 30,
        "odds_id": 19
    },
    {
        "get_num": 1,
        "lottery_weight_1_1": 70,
        "lottery_weight_1_2": 100,
        "lottery_weight_2_1": 75,
        "lottery_weight_2_2": 100,
        "lottery_weight_3_1": 75,
        "lottery_weight_3_2": 100,
        "lottery_weight_extra_1": 80,
        "lottery_weight_extra_2": 100,
        "odds_id": 20
    },
    {
        "get_num": 1,
        "lottery_weight_1_1": 40,
        "lottery_weight_1_2": 10,
        "lottery_weight_2_1": 40,
        "lottery_weight_2_2": 5,
        "lottery_weight_3_1": 40,
        "lottery_weight_3_2": 5,
        "lottery_weight_extra_1": 35,
        "lottery_weight_extra_2": 5,
        "odds_id": 21
    },
    {
        "get_num": 2,
        "lottery_weight_1_1": 15,
        "lottery_weight_1_2": 25,
        "lottery_weight_2_1": 15,
        "lottery_weight_2_2": 25,
        "lottery_weight_3_1": 15,
        "lottery_weight_3_2": 10,
        "lottery_weight_extra_1": 20,
        "lottery_weight_extra_2": 10,
        "odds_id": 21
    },
    {
        "get_num": 3,
        "lottery_weight_1_1": 5,
        "lottery_weight_1_2": 60,
        "lottery_weight_2_1": 10,
        "lottery_weight_2_2": 65,
        "lottery_weight_3_1": 10,
        "lottery_weight_3_2": 80,
        "lottery_weight_extra_1": 30,
        "lottery_weight_extra_2": 85,
        "odds_id": 21
    },
    {
        "get_num": 1,
        "lottery_weight_1_1": 30,
        "lottery_weight_1_2": 10,
        "lottery_weight_2_1": 30,
        "lottery_weight_2_2": 5,
        "lottery_weight_3_1": 25,
        "lottery_weight_3_2": 5,
        "lottery_weight_extra_1": 20,
        "lottery_weight_extra_2": 5,
        "odds_id": 22
    },
    {
        "get_num": 2,
        "lottery_weight_1_1": 10,
        "lottery_weight_1_2": 10,
        "lottery_weight_2_1": 15,
        "lottery_weight_2_2": 10,
        "lottery_weight_3_1": 20,
        "lottery_weight_3_2": 10,
        "lottery_weight_extra_1": 20,
        "lottery_weight_extra_2": 10,
        "odds_id": 22
    },
    {
        "get_num": 3,
        "lottery_weight_1_1": 10,
        "lottery_weight_1_2": 35,
        "lottery_weight_2_1": 10,
        "lottery_weight_2_2": 30,
        "lottery_weight_3_1": 10,
        "lottery_weight_3_2": 20,
        "lottery_weight_extra_1": 20,
        "lottery_weight_extra_2": 25,
        "odds_id": 22
    },
    {
        "get_num": 4,
        "lottery_weight_1_1": 5,
        "lottery_weight_1_2": 20,
        "lottery_weight_2_1": 5,
        "lottery_weight_2_2": 25,
        "lottery_weight_3_1": 5,
        "lottery_weight_3_2": 25,
        "lottery_weight_extra_1": 10,
        "lottery_weight_extra_2": 30,
        "odds_id": 22
    },
    {
        "get_num": 5,
        "lottery_weight_1_1": 5,
        "lottery_weight_1_2": 15,
        "lottery_weight_2_1": 5,
        "lottery_weight_2_2": 20,
        "lottery_weight_3_1": 5,
        "lottery_weight_3_2": 30,
        "lottery_weight_extra_1": 10,
        "lottery_weight_extra_2": 30,
        "odds_id": 22
    },
    {
        "get_num": 1,
        "lottery_weight_1_1": 70,
        "lottery_weight_1_2": 100,
        "lottery_weight_2_1": 70,
        "lottery_weight_2_2": 100,
        "lottery_weight_3_1": 70,
        "lottery_weight_3_2": 100,
        "lottery_weight_extra_1": 80,
        "lottery_weight_extra_2": 100,
        "odds_id": 23
    },
    {
        "get_num": 1,
        "lottery_weight_1_1": 50,
        "lottery_weight_1_2": 25,
        "lottery_weight_2_1": 45,
        "lottery_weight_2_2": 20,
        "lottery_weight_3_1": 40,
        "lottery_weight_3_2": 10,
        "lottery_weight_extra_1": 45,
        "lottery_weight_extra_2": 10,
        "odds_id": 24
    },
    {
        "get_num": 2,
        "lottery_weight_1_1": 10,
        "lottery_weight_1_2": 70,
        "lottery_weight_2_1": 15,
        "lottery_weight_2_2": 75,
        "lottery_weight_3_1": 20,
        "lottery_weight_3_2": 85,
        "lottery_weight_extra_1": 35,
        "lottery_weight_extra_2": 90,
        "odds_id": 24
    },
    {
        "get_num": 1,
        "lottery_weight_1_1": 70,
        "lottery_weight_1_2": 100,
        "lottery_weight_2_1": 70,
        "lottery_weight_2_2": 100,
        "lottery_weight_3_1": 70,
        "lottery_weight_3_2": 100,
        "lottery_weight_extra_1": 80,
        "lottery_weight_extra_2": 100,
        "odds_id": 25
    },
    {
        "get_num": 1,
        "lottery_weight_1_1": 50,
        "lottery_weight_1_2": 25,
        "lottery_weight_2_1": 45,
        "lottery_weight_2_2": 20,
        "lottery_weight_3_1": 40,
        "lottery_weight_3_2": 10,
        "lottery_weight_extra_1": 45,
        "lottery_weight_extra_2": 10,
        "odds_id": 26
    },
    {
        "get_num": 2,
        "lottery_weight_1_1": 10,
        "lottery_weight_1_2": 70,
        "lottery_weight_2_1": 15,
        "lottery_weight_2_2": 75,
        "lottery_weight_3_1": 20,
        "lottery_weight_3_2": 85,
        "lottery_weight_extra_1": 35,
        "lottery_weight_extra_2": 90,
        "odds_id": 26
    },
    {
        "get_num": 1,
        "lottery_weight_1_1": 70,
        "lottery_weight_1_2": 100,
        "lottery_weight_2_1": 75,
        "lottery_weight_2_2": 100,
        "lottery_weight_3_1": 75,
        "lottery_weight_3_2": 100,
        "lottery_weight_extra_1": 80,
        "lottery_weight_extra_2": 100,
        "odds_id": 27
    },
    {
        "get_num": 1,
        "lottery_weight_1_1": 70,
        "lottery_weight_1_2": 100,
        "lottery_weight_2_1": 75,
        "lottery_weight_2_2": 100,
        "lottery_weight_3_1": 75,
        "lottery_weight_3_2": 100,
        "lottery_weight_extra_1": 80,
        "lottery_weight_extra_2": 100,
        "odds_id": 28
    },
    {
        "get_num": 1,
        "lottery_weight_1_1": 50,
        "lottery_weight_1_2": 25,
        "lottery_weight_2_1": 50,
        "lottery_weight_2_2": 20,
        "lottery_weight_3_1": 50,
        "lottery_weight_3_2": 10,
        "lottery_weight_extra_1": 45,
        "lottery_weight_extra_2": 10,
        "odds_id": 29
    },
    {
        "get_num": 2,
        "lottery_weight_1_1": 10,
        "lottery_weight_1_2": 70,
        "lottery_weight_2_1": 15,
        "lottery_weight_2_2": 75,
        "lottery_weight_3_1": 15,
        "lottery_weight_3_2": 85,
        "lottery_weight_extra_1": 35,
        "lottery_weight_extra_2": 90,
        "odds_id": 29
    },
    {
        "get_num": 1,
        "lottery_weight_1_1": 70,
        "lottery_weight_1_2": 100,
        "lottery_weight_2_1": 75,
        "lottery_weight_2_2": 100,
        "lottery_weight_3_1": 75,
        "lottery_weight_3_2": 100,
        "lottery_weight_extra_1": 80,
        "lottery_weight_extra_2": 100,
        "odds_id": 30
    },
    {
        "get_num": 1,
        "lottery_weight_1_1": 50,
        "lottery_weight_1_2": 25,
        "lottery_weight_2_1": 50,
        "lottery_weight_2_2": 20,
        "lottery_weight_3_1": 50,
        "lottery_weight_3_2": 10,
        "lottery_weight_extra_1": 45,
        "lottery_weight_extra_2": 10,
        "odds_id": 31
    },
    {
        "get_num": 2,
        "lottery_weight_1_1": 10,
        "lottery_weight_1_2": 70,
        "lottery_weight_2_1": 15,
        "lottery_weight_2_2": 75,
        "lottery_weight_3_1": 15,
        "lottery_weight_3_2": 85,
        "lottery_weight_extra_1": 35,
        "lottery_weight_extra_2": 90,
        "odds_id": 31
    },
    {
        "get_num": 1,
        "lottery_weight_1_1": 40,
        "lottery_weight_1_2": 10,
        "lottery_weight_2_1": 40,
        "lottery_weight_2_2": 5,
        "lottery_weight_3_1": 40,
        "lottery_weight_3_2": 5,
        "lottery_weight_extra_1": 35,
        "lottery_weight_extra_2": 5,
        "odds_id": 32
    },
    {
        "get_num": 2,
        "lottery_weight_1_1": 15,
        "lottery_weight_1_2": 25,
        "lottery_weight_2_1": 15,
        "lottery_weight_2_2": 25,
        "lottery_weight_3_1": 15,
        "lottery_weight_3_2": 10,
        "lottery_weight_extra_1": 20,
        "lottery_weight_extra_2": 10,
        "odds_id": 32
    },
    {
        "get_num": 3,
        "lottery_weight_1_1": 5,
        "lottery_weight_1_2": 60,
        "lottery_weight_2_1": 10,
        "lottery_weight_2_2": 65,
        "lottery_weight_3_1": 10,
        "lottery_weight_3_2": 80,
        "lottery_weight_extra_1": 30,
        "lottery_weight_extra_2": 85,
        "odds_id": 32
    },
    {
        "get_num": 1,
        "lottery_weight_1_1": 50,
        "lottery_weight_1_2": 25,
        "lottery_weight_2_1": 50,
        "lottery_weight_2_2": 20,
        "lottery_weight_3_1": 50,
        "lottery_weight_3_2": 10,
        "lottery_weight_extra_1": 45,
        "lottery_weight_extra_2": 10,
        "odds_id": 33
    },
    {
        "get_num": 2,
        "lottery_weight_1_1": 10,
        "lottery_weight_1_2": 70,
        "lottery_weight_2_1": 15,
        "lottery_weight_2_2": 75,
        "lottery_weight_3_1": 15,
        "lottery_weight_3_2": 85,
        "lottery_weight_extra_1": 35,
        "lottery_weight_extra_2": 90,
        "odds_id": 33
    }
]