[
    {
        "animation_id": 1,
        "big": 0,
        "big_index": 0,
        "crane_animation_id": 1,
        "id": 1,
        "joint_type": 1,
        "lift_type": 1,
        "num": 1,
        "odds_1": 4,
        "odds_2": 4,
        "odds_3": 3,
        "odds_extra": 0,
        "push_type": 1,
        "rare_effect_odds": 0,
        "type_id": 1
    },
    {
        "animation_id": 1,
        "big": 0,
        "big_index": 0,
        "crane_animation_id": 1,
        "id": 2,
        "joint_type": 1,
        "lift_type": 1,
        "num": 2,
        "odds_1": 8,
        "odds_2": 8,
        "odds_3": 8,
        "odds_extra": 5,
        "push_type": 1,
        "rare_effect_odds": 0,
        "type_id": 2
    },
    {
        "animation_id": 1,
        "big": 0,
        "big_index": 0,
        "crane_animation_id": 1,
        "id": 3,
        "joint_type": 1,
        "lift_type": 1,
        "num": 3,
        "odds_1": 7,
        "odds_2": 4,
        "odds_3": 6,
        "odds_extra": 13,
        "push_type": 1,
        "rare_effect_odds": 100,
        "type_id": 3
    },
    {
        "animation_id": 1,
        "big": 1,
        "big_index": 2,
        "crane_animation_id": 1,
        "id": 4,
        "joint_type": 1,
        "lift_type": 1,
        "num": 2,
        "odds_1": 1,
        "odds_2": 1,
        "odds_3": 1,
        "odds_extra": 3,
        "push_type": 1,
        "rare_effect_odds": 0,
        "type_id": 4
    },
    {
        "animation_id": 2,
        "big": 0,
        "big_index": 0,
        "crane_animation_id": 2,
        "id": 5,
        "joint_type": 0,
        "lift_type": 2,
        "num": 1,
        "odds_1": 4,
        "odds_2": 4,
        "odds_3": 2,
        "odds_extra": 0,
        "push_type": 0,
        "rare_effect_odds": 0,
        "type_id": 1
    },
    {
        "animation_id": 2,
        "big": 0,
        "big_index": 0,
        "crane_animation_id": 2,
        "id": 6,
        "joint_type": 0,
        "lift_type": 2,
        "num": 2,
        "odds_1": 8,
        "odds_2": 8,
        "odds_3": 8,
        "odds_extra": 5,
        "push_type": 0,
        "rare_effect_odds": 0,
        "type_id": 2
    },
    {
        "animation_id": 2,
        "big": 0,
        "big_index": 0,
        "crane_animation_id": 2,
        "id": 7,
        "joint_type": 0,
        "lift_type": 2,
        "num": 3,
        "odds_1": 7,
        "odds_2": 4,
        "odds_3": 5,
        "odds_extra": 13,
        "push_type": 0,
        "rare_effect_odds": 100,
        "type_id": 3
    },
    {
        "animation_id": 2,
        "big": 1,
        "big_index": 2,
        "crane_animation_id": 2,
        "id": 8,
        "joint_type": 0,
        "lift_type": 2,
        "num": 2,
        "odds_1": 1,
        "odds_2": 1,
        "odds_3": 1,
        "odds_extra": 2,
        "push_type": 0,
        "rare_effect_odds": 0,
        "type_id": 4
    },
    {
        "animation_id": 3,
        "big": 0,
        "big_index": 0,
        "crane_animation_id": 3,
        "id": 9,
        "joint_type": 0,
        "lift_type": 3,
        "num": 1,
        "odds_1": 1,
        "odds_2": 1,
        "odds_3": 1,
        "odds_extra": 0,
        "push_type": 0,
        "rare_effect_odds": 0,
        "type_id": 1
    },
    {
        "animation_id": 3,
        "big": 0,
        "big_index": 0,
        "crane_animation_id": 3,
        "id": 10,
        "joint_type": 0,
        "lift_type": 3,
        "num": 2,
        "odds_1": 2,
        "odds_2": 2,
        "odds_3": 2,
        "odds_extra": 2,
        "push_type": 0,
        "rare_effect_odds": 0,
        "type_id": 2
    },
    {
        "animation_id": 3,
        "big": 0,
        "big_index": 0,
        "crane_animation_id": 3,
        "id": 11,
        "joint_type": 0,
        "lift_type": 3,
        "num": 3,
        "odds_1": 1,
        "odds_2": 1,
        "odds_3": 1,
        "odds_extra": 1,
        "push_type": 0,
        "rare_effect_odds": 100,
        "type_id": 3
    },
    {
        "animation_id": 3,
        "big": 1,
        "big_index": 2,
        "crane_animation_id": 3,
        "id": 12,
        "joint_type": 0,
        "lift_type": 3,
        "num": 2,
        "odds_1": 1,
        "odds_2": 1,
        "odds_3": 1,
        "odds_extra": 1,
        "push_type": 0,
        "rare_effect_odds": 0,
        "type_id": 4
    },
    {
        "animation_id": 4,
        "big": 0,
        "big_index": 0,
        "crane_animation_id": 4,
        "id": 13,
        "joint_type": 2,
        "lift_type": 4,
        "num": 1,
        "odds_1": 3,
        "odds_2": 3,
        "odds_3": 2,
        "odds_extra": 0,
        "push_type": 0,
        "rare_effect_odds": 0,
        "type_id": 1
    },
    {
        "animation_id": 4,
        "big": 0,
        "big_index": 0,
        "crane_animation_id": 4,
        "id": 14,
        "joint_type": 2,
        "lift_type": 4,
        "num": 2,
        "odds_1": 6,
        "odds_2": 6,
        "odds_3": 6,
        "odds_extra": 4,
        "push_type": 0,
        "rare_effect_odds": 0,
        "type_id": 2
    },
    {
        "animation_id": 4,
        "big": 0,
        "big_index": 0,
        "crane_animation_id": 4,
        "id": 15,
        "joint_type": 2,
        "lift_type": 4,
        "num": 3,
        "odds_1": 5,
        "odds_2": 3,
        "odds_3": 4,
        "odds_extra": 9,
        "push_type": 0,
        "rare_effect_odds": 100,
        "type_id": 3
    },
    {
        "animation_id": 4,
        "big": 1,
        "big_index": 2,
        "crane_animation_id": 4,
        "id": 16,
        "joint_type": 2,
        "lift_type": 4,
        "num": 2,
        "odds_1": 1,
        "odds_2": 1,
        "odds_3": 1,
        "odds_extra": 2,
        "push_type": 0,
        "rare_effect_odds": 0,
        "type_id": 4
    },
    {
        "animation_id": 5,
        "big": 0,
        "big_index": 0,
        "crane_animation_id": 5,
        "id": 17,
        "joint_type": 0,
        "lift_type": 1,
        "num": 1,
        "odds_1": 3,
        "odds_2": 5,
        "odds_3": 5,
        "odds_extra": 0,
        "push_type": 1,
        "rare_effect_odds": 0,
        "type_id": 1
    },
    {
        "animation_id": 5,
        "big": 0,
        "big_index": 0,
        "crane_animation_id": 5,
        "id": 18,
        "joint_type": 0,
        "lift_type": 1,
        "num": 3,
        "odds_1": 0,
        "odds_2": 3,
        "odds_3": 3,
        "odds_extra": 0,
        "push_type": 1,
        "rare_effect_odds": 100,
        "type_id": 2
    },
    {
        "animation_id": 5,
        "big": 0,
        "big_index": 0,
        "crane_animation_id": 5,
        "id": 19,
        "joint_type": 0,
        "lift_type": 1,
        "num": 5,
        "odds_1": 0,
        "odds_2": 5,
        "odds_3": 5,
        "odds_extra": 0,
        "push_type": 1,
        "rare_effect_odds": 100,
        "type_id": 3
    },
    {
        "animation_id": 6,
        "big": 0,
        "big_index": 0,
        "crane_animation_id": 6,
        "id": 20,
        "joint_type": 0,
        "lift_type": 6,
        "num": 1,
        "odds_1": 1,
        "odds_2": 1,
        "odds_3": 1,
        "odds_extra": 0,
        "push_type": 0,
        "rare_effect_odds": 0,
        "type_id": 1
    },
    {
        "animation_id": 6,
        "big": 0,
        "big_index": 0,
        "crane_animation_id": 6,
        "id": 21,
        "joint_type": 0,
        "lift_type": 6,
        "num": 3,
        "odds_1": 0,
        "odds_2": 1,
        "odds_3": 1,
        "odds_extra": 0,
        "push_type": 0,
        "rare_effect_odds": 100,
        "type_id": 2
    },
    {
        "animation_id": 6,
        "big": 0,
        "big_index": 0,
        "crane_animation_id": 6,
        "id": 22,
        "joint_type": 0,
        "lift_type": 6,
        "num": 5,
        "odds_1": 0,
        "odds_2": 1,
        "odds_3": 1,
        "odds_extra": 0,
        "push_type": 0,
        "rare_effect_odds": 100,
        "type_id": 3
    },
    {
        "animation_id": 7,
        "big": 1,
        "big_index": 1,
        "crane_animation_id": 7,
        "id": 23,
        "joint_type": 0,
        "lift_type": 1,
        "num": 1,
        "odds_1": 4,
        "odds_2": 3,
        "odds_3": 3,
        "odds_extra": 5,
        "push_type": 1,
        "rare_effect_odds": 0,
        "type_id": 1
    },
    {
        "animation_id": 7,
        "big": 1,
        "big_index": 1,
        "crane_animation_id": 7,
        "id": 24,
        "joint_type": 0,
        "lift_type": 1,
        "num": 2,
        "odds_1": 3,
        "odds_2": 2,
        "odds_3": 2,
        "odds_extra": 5,
        "push_type": 1,
        "rare_effect_odds": 0,
        "type_id": 2
    },
    {
        "animation_id": 8,
        "big": 1,
        "big_index": 1,
        "crane_animation_id": 8,
        "id": 25,
        "joint_type": 0,
        "lift_type": 8,
        "num": 1,
        "odds_1": 4,
        "odds_2": 3,
        "odds_3": 3,
        "odds_extra": 5,
        "push_type": 0,
        "rare_effect_odds": 0,
        "type_id": 1
    },
    {
        "animation_id": 8,
        "big": 1,
        "big_index": 1,
        "crane_animation_id": 8,
        "id": 26,
        "joint_type": 0,
        "lift_type": 8,
        "num": 2,
        "odds_1": 3,
        "odds_2": 2,
        "odds_3": 2,
        "odds_extra": 5,
        "push_type": 0,
        "rare_effect_odds": 0,
        "type_id": 2
    },
    {
        "animation_id": 9,
        "big": 0,
        "big_index": 0,
        "crane_animation_id": 1,
        "id": 27,
        "joint_type": 0,
        "lift_type": 9,
        "num": 1,
        "odds_1": 3,
        "odds_2": 3,
        "odds_3": 3,
        "odds_extra": 0,
        "push_type": 1,
        "rare_effect_odds": 0,
        "type_id": 1
    },
    {
        "animation_id": 10,
        "big": 0,
        "big_index": 0,
        "crane_animation_id": 10,
        "id": 28,
        "joint_type": 0,
        "lift_type": 10,
        "num": 1,
        "odds_1": 1,
        "odds_2": 1,
        "odds_3": 1,
        "odds_extra": 0,
        "push_type": 0,
        "rare_effect_odds": 0,
        "type_id": 1
    },
    {
        "animation_id": 10,
        "big": 0,
        "big_index": 0,
        "crane_animation_id": 10,
        "id": 29,
        "joint_type": 0,
        "lift_type": 10,
        "num": 2,
        "odds_1": 5,
        "odds_2": 5,
        "odds_3": 5,
        "odds_extra": 5,
        "push_type": 0,
        "rare_effect_odds": 0,
        "type_id": 2
    },
    {
        "animation_id": 11,
        "big": 0,
        "big_index": 0,
        "crane_animation_id": 1,
        "id": 30,
        "joint_type": 1,
        "lift_type": 1,
        "num": 1,
        "odds_1": 3,
        "odds_2": 3,
        "odds_3": 3,
        "odds_extra": 0,
        "push_type": 1,
        "rare_effect_odds": 0,
        "type_id": 1
    },
    {
        "animation_id": 11,
        "big": 0,
        "big_index": 0,
        "crane_animation_id": 1,
        "id": 31,
        "joint_type": 1,
        "lift_type": 1,
        "num": 2,
        "odds_1": 6,
        "odds_2": 6,
        "odds_3": 6,
        "odds_extra": 4,
        "push_type": 1,
        "rare_effect_odds": 0,
        "type_id": 2
    },
    {
        "animation_id": 11,
        "big": 0,
        "big_index": 0,
        "crane_animation_id": 1,
        "id": 32,
        "joint_type": 1,
        "lift_type": 1,
        "num": 3,
        "odds_1": 3,
        "odds_2": 3,
        "odds_3": 3,
        "odds_extra": 9,
        "push_type": 1,
        "rare_effect_odds": 100,
        "type_id": 3
    },
    {
        "animation_id": 11,
        "big": 1,
        "big_index": 2,
        "crane_animation_id": 1,
        "id": 33,
        "joint_type": 1,
        "lift_type": 1,
        "num": 2,
        "odds_1": 1,
        "odds_2": 1,
        "odds_3": 1,
        "odds_extra": 2,
        "push_type": 1,
        "rare_effect_odds": 0,
        "type_id": 4
    }
]