[
    {
        "daily_free_num": 50,
        "end_date": "2030-01-10 00:00:00",
        "group_id": 1,
        "platform_id": 1,
        "repurchase_day": 3,
        "shop_data_id": 16,
        "start_date": "2017-01-01 12:00:00",
        "term": 30
    },
    {
        "daily_free_num": 50,
        "end_date": "2030-01-10 00:00:00",
        "group_id": 1,
        "platform_id": 2,
        "repurchase_day": 3,
        "shop_data_id": 16,
        "start_date": "2017-01-01 12:00:00",
        "term": 30
    },
    {
        "daily_free_num": 50,
        "end_date": "2030-01-10 00:00:00",
        "group_id": 1,
        "platform_id": 3,
        "repurchase_day": 3,
        "shop_data_id": 16,
        "start_date": "2017-01-01 12:00:00",
        "term": 30
    }
]