[
    {
        "chara_id": 1,
        "guts": 82,
        "id": 1,
        "mob_id": 8002,
        "npc_group_id": 5801,
        "pow": 78,
        "proper_distance_long": 1,
        "proper_distance_middle": 1,
        "proper_distance_mile": 6,
        "proper_distance_short": 7,
        "proper_ground_dirt": 1,
        "proper_ground_turf": 6,
        "proper_running_style_nige": 6,
        "proper_running_style_oikomi": 3,
        "proper_running_style_sashi": 4,
        "proper_running_style_senko": 5,
        "race_dress_id": 1,
        "race_instance_id": 0,
        "skill_set_id": 40800201,
        "speed": 98,
        "stamina": 54,
        "wiz": 96
    },
    {
        "chara_id": 1,
        "guts": 101,
        "id": 2,
        "mob_id": 8014,
        "npc_group_id": 5801,
        "pow": 96,
        "proper_distance_long": 1,
        "proper_distance_middle": 1,
        "proper_distance_mile": 6,
        "proper_distance_short": 7,
        "proper_ground_dirt": 1,
        "proper_ground_turf": 6,
        "proper_running_style_nige": 5,
        "proper_running_style_oikomi": 4,
        "proper_running_style_sashi": 5,
        "proper_running_style_senko": 6,
        "race_dress_id": 1,
        "race_instance_id": 0,
        "skill_set_id": 40801401,
        "speed": 115,
        "stamina": 59,
        "wiz": 86
    },
    {
        "chara_id": 1,
        "guts": 51,
        "id": 3,
        "mob_id": 8020,
        "npc_group_id": 5801,
        "pow": 107,
        "proper_distance_long": 1,
        "proper_distance_middle": 2,
        "proper_distance_mile": 6,
        "proper_distance_short": 7,
        "proper_ground_dirt": 1,
        "proper_ground_turf": 6,
        "proper_running_style_nige": 5,
        "proper_running_style_oikomi": 4,
        "proper_running_style_sashi": 5,
        "proper_running_style_senko": 6,
        "race_dress_id": 1,
        "race_instance_id": 0,
        "skill_set_id": 40802001,
        "speed": 123,
        "stamina": 56,
        "wiz": 48
    },
    {
        "chara_id": 1,
        "guts": 77,
        "id": 4,
        "mob_id": 8023,
        "npc_group_id": 5801,
        "pow": 86,
        "proper_distance_long": 1,
        "proper_distance_middle": 2,
        "proper_distance_mile": 6,
        "proper_distance_short": 7,
        "proper_ground_dirt": 1,
        "proper_ground_turf": 6,
        "proper_running_style_nige": 5,
        "proper_running_style_oikomi": 4,
        "proper_running_style_sashi": 5,
        "proper_running_style_senko": 6,
        "race_dress_id": 1,
        "race_instance_id": 0,
        "skill_set_id": 40802301,
        "speed": 107,
        "stamina": 73,
        "wiz": 64
    },
    {
        "chara_id": 1,
        "guts": 111,
        "id": 5,
        "mob_id": 8026,
        "npc_group_id": 5801,
        "pow": 103,
        "proper_distance_long": 1,
        "proper_distance_middle": 2,
        "proper_distance_mile": 6,
        "proper_distance_short": 7,
        "proper_ground_dirt": 1,
        "proper_ground_turf": 6,
        "proper_running_style_nige": 4,
        "proper_running_style_oikomi": 5,
        "proper_running_style_sashi": 6,
        "proper_running_style_senko": 5,
        "race_dress_id": 1,
        "race_instance_id": 0,
        "skill_set_id": 40802601,
        "speed": 91,
        "stamina": 55,
        "wiz": 80
    },
    {
        "chara_id": 1,
        "guts": 65,
        "id": 6,
        "mob_id": 8029,
        "npc_group_id": 5801,
        "pow": 122,
        "proper_distance_long": 1,
        "proper_distance_middle": 2,
        "proper_distance_mile": 6,
        "proper_distance_short": 7,
        "proper_ground_dirt": 1,
        "proper_ground_turf": 6,
        "proper_running_style_nige": 4,
        "proper_running_style_oikomi": 5,
        "proper_running_style_sashi": 6,
        "proper_running_style_senko": 5,
        "race_dress_id": 1,
        "race_instance_id": 0,
        "skill_set_id": 40802901,
        "speed": 106,
        "stamina": 55,
        "wiz": 92
    },
    {
        "chara_id": 1,
        "guts": 95,
        "id": 7,
        "mob_id": 8032,
        "npc_group_id": 5801,
        "pow": 112,
        "proper_distance_long": 1,
        "proper_distance_middle": 2,
        "proper_distance_mile": 6,
        "proper_distance_short": 7,
        "proper_ground_dirt": 1,
        "proper_ground_turf": 6,
        "proper_running_style_nige": 4,
        "proper_running_style_oikomi": 5,
        "proper_running_style_sashi": 6,
        "proper_running_style_senko": 5,
        "race_dress_id": 1,
        "race_instance_id": 0,
        "skill_set_id": 40803201,
        "speed": 121,
        "stamina": 76,
        "wiz": 80
    },
    {
        "chara_id": 1,
        "guts": 98,
        "id": 8,
        "mob_id": 8035,
        "npc_group_id": 5801,
        "pow": 76,
        "proper_distance_long": 1,
        "proper_distance_middle": 2,
        "proper_distance_mile": 6,
        "proper_distance_short": 7,
        "proper_ground_dirt": 1,
        "proper_ground_turf": 6,
        "proper_running_style_nige": 4,
        "proper_running_style_oikomi": 5,
        "proper_running_style_sashi": 6,
        "proper_running_style_senko": 5,
        "race_dress_id": 1,
        "race_instance_id": 0,
        "skill_set_id": 40803501,
        "speed": 86,
        "stamina": 84,
        "wiz": 92
    },
    {
        "chara_id": 1,
        "guts": 72,
        "id": 9,
        "mob_id": 8038,
        "npc_group_id": 5801,
        "pow": 114,
        "proper_distance_long": 1,
        "proper_distance_middle": 2,
        "proper_distance_mile": 6,
        "proper_distance_short": 7,
        "proper_ground_dirt": 1,
        "proper_ground_turf": 6,
        "proper_running_style_nige": 3,
        "proper_running_style_oikomi": 6,
        "proper_running_style_sashi": 5,
        "proper_running_style_senko": 4,
        "race_dress_id": 1,
        "race_instance_id": 0,
        "skill_set_id": 40803801,
        "speed": 97,
        "stamina": 76,
        "wiz": 124
    },
    {
        "chara_id": 1,
        "guts": 94,
        "id": 10,
        "mob_id": 8011,
        "npc_group_id": 5801,
        "pow": 94,
        "proper_distance_long": 1,
        "proper_distance_middle": 1,
        "proper_distance_mile": 6,
        "proper_distance_short": 7,
        "proper_ground_dirt": 1,
        "proper_ground_turf": 6,
        "proper_running_style_nige": 6,
        "proper_running_style_oikomi": 3,
        "proper_running_style_sashi": 4,
        "proper_running_style_senko": 5,
        "race_dress_id": 1,
        "race_instance_id": 0,
        "skill_set_id": 40801101,
        "speed": 103,
        "stamina": 52,
        "wiz": 93
    },
    {
        "chara_id": 1,
        "guts": 95,
        "id": 11,
        "mob_id": 8067,
        "npc_group_id": 5801,
        "pow": 73,
        "proper_distance_long": 2,
        "proper_distance_middle": 5,
        "proper_distance_mile": 6,
        "proper_distance_short": 5,
        "proper_ground_dirt": 1,
        "proper_ground_turf": 6,
        "proper_running_style_nige": 5,
        "proper_running_style_oikomi": 4,
        "proper_running_style_sashi": 5,
        "proper_running_style_senko": 6,
        "race_dress_id": 1,
        "race_instance_id": 0,
        "skill_set_id": 40806701,
        "speed": 91,
        "stamina": 96,
        "wiz": 80
    },
    {
        "chara_id": 1,
        "guts": 43,
        "id": 12,
        "mob_id": 8070,
        "npc_group_id": 5801,
        "pow": 80,
        "proper_distance_long": 2,
        "proper_distance_middle": 5,
        "proper_distance_mile": 6,
        "proper_distance_short": 5,
        "proper_ground_dirt": 1,
        "proper_ground_turf": 6,
        "proper_running_style_nige": 5,
        "proper_running_style_oikomi": 4,
        "proper_running_style_sashi": 5,
        "proper_running_style_senko": 6,
        "race_dress_id": 1,
        "race_instance_id": 0,
        "skill_set_id": 40807001,
        "speed": 98,
        "stamina": 99,
        "wiz": 94
    },
    {
        "chara_id": 1,
        "guts": 109,
        "id": 13,
        "mob_id": 8071,
        "npc_group_id": 5801,
        "pow": 90,
        "proper_distance_long": 2,
        "proper_distance_middle": 6,
        "proper_distance_mile": 7,
        "proper_distance_short": 6,
        "proper_ground_dirt": 1,
        "proper_ground_turf": 6,
        "proper_running_style_nige": 5,
        "proper_running_style_oikomi": 4,
        "proper_running_style_sashi": 5,
        "proper_running_style_senko": 6,
        "race_dress_id": 1,
        "race_instance_id": 0,
        "skill_set_id": 40807101,
        "speed": 84,
        "stamina": 62,
        "wiz": 64
    },
    {
        "chara_id": 1,
        "guts": 86,
        "id": 14,
        "mob_id": 8073,
        "npc_group_id": 5801,
        "pow": 98,
        "proper_distance_long": 2,
        "proper_distance_middle": 5,
        "proper_distance_mile": 6,
        "proper_distance_short": 5,
        "proper_ground_dirt": 1,
        "proper_ground_turf": 6,
        "proper_running_style_nige": 5,
        "proper_running_style_oikomi": 4,
        "proper_running_style_sashi": 5,
        "proper_running_style_senko": 6,
        "race_dress_id": 1,
        "race_instance_id": 0,
        "skill_set_id": 40807301,
        "speed": 81,
        "stamina": 69,
        "wiz": 112
    },
    {
        "chara_id": 1,
        "guts": 87,
        "id": 15,
        "mob_id": 8088,
        "npc_group_id": 5801,
        "pow": 87,
        "proper_distance_long": 2,
        "proper_distance_middle": 5,
        "proper_distance_mile": 6,
        "proper_distance_short": 5,
        "proper_ground_dirt": 1,
        "proper_ground_turf": 6,
        "proper_running_style_nige": 4,
        "proper_running_style_oikomi": 5,
        "proper_running_style_sashi": 6,
        "proper_running_style_senko": 5,
        "race_dress_id": 1,
        "race_instance_id": 0,
        "skill_set_id": 40808801,
        "speed": 71,
        "stamina": 100,
        "wiz": 95
    },
    {
        "chara_id": 1,
        "guts": 126,
        "id": 16,
        "mob_id": 8089,
        "npc_group_id": 5801,
        "pow": 123,
        "proper_distance_long": 2,
        "proper_distance_middle": 6,
        "proper_distance_mile": 7,
        "proper_distance_short": 6,
        "proper_ground_dirt": 1,
        "proper_ground_turf": 6,
        "proper_running_style_nige": 4,
        "proper_running_style_oikomi": 5,
        "proper_running_style_sashi": 6,
        "proper_running_style_senko": 5,
        "race_dress_id": 1,
        "race_instance_id": 0,
        "skill_set_id": 40808901,
        "speed": 91,
        "stamina": 75,
        "wiz": 77
    },
    {
        "chara_id": 1002,
        "guts": 124,
        "id": 17,
        "mob_id": 0,
        "npc_group_id": 5801,
        "pow": 137,
        "proper_distance_long": 3,
        "proper_distance_middle": 7,
        "proper_distance_mile": 6,
        "proper_distance_short": 4,
        "proper_ground_dirt": 1,
        "proper_ground_turf": 7,
        "proper_running_style_nige": 7,
        "proper_running_style_oikomi": 1,
        "proper_running_style_sashi": 3,
        "proper_running_style_senko": 5,
        "race_dress_id": 1,
        "race_instance_id": 0,
        "skill_set_id": 40100201,
        "speed": 146,
        "stamina": 107,
        "wiz": 111
    },
    {
        "chara_id": 1006,
        "guts": 125,
        "id": 18,
        "mob_id": 0,
        "npc_group_id": 5801,
        "pow": 138,
        "proper_distance_long": 6,
        "proper_distance_middle": 7,
        "proper_distance_mile": 7,
        "proper_distance_short": 6,
        "proper_ground_dirt": 7,
        "proper_ground_turf": 7,
        "proper_running_style_nige": 2,
        "proper_running_style_oikomi": 4,
        "proper_running_style_sashi": 7,
        "proper_running_style_senko": 6,
        "race_dress_id": 1,
        "race_instance_id": 0,
        "skill_set_id": 40100601,
        "speed": 126,
        "stamina": 108,
        "wiz": 126
    },
    {
        "chara_id": 1009,
        "guts": 126,
        "id": 19,
        "mob_id": 0,
        "npc_group_id": 5801,
        "pow": 134,
        "proper_distance_long": 5,
        "proper_distance_middle": 7,
        "proper_distance_mile": 7,
        "proper_distance_short": 2,
        "proper_ground_dirt": 1,
        "proper_ground_turf": 7,
        "proper_running_style_nige": 6,
        "proper_running_style_oikomi": 1,
        "proper_running_style_sashi": 3,
        "proper_running_style_senko": 7,
        "race_dress_id": 1,
        "race_instance_id": 0,
        "skill_set_id": 40100901,
        "speed": 132,
        "stamina": 118,
        "wiz": 108
    },
    {
        "chara_id": 1010,
        "guts": 114,
        "id": 20,
        "mob_id": 0,
        "npc_group_id": 5801,
        "pow": 155,
        "proper_distance_long": 1,
        "proper_distance_middle": 3,
        "proper_distance_mile": 7,
        "proper_distance_short": 7,
        "proper_ground_dirt": 7,
        "proper_ground_turf": 7,
        "proper_running_style_nige": 5,
        "proper_running_style_oikomi": 1,
        "proper_running_style_sashi": 3,
        "proper_running_style_senko": 7,
        "race_dress_id": 1,
        "race_instance_id": 0,
        "skill_set_id": 40101001,
        "speed": 149,
        "stamina": 82,
        "wiz": 126
    },
    {
        "chara_id": 1041,
        "guts": 138,
        "id": 22,
        "mob_id": 0,
        "npc_group_id": 5801,
        "pow": 150,
        "proper_distance_long": 1,
        "proper_distance_middle": 1,
        "proper_distance_mile": 5,
        "proper_distance_short": 7,
        "proper_ground_dirt": 7,
        "proper_ground_turf": 7,
        "proper_running_style_nige": 6,
        "proper_running_style_oikomi": 1,
        "proper_running_style_sashi": 2,
        "proper_running_style_senko": 7,
        "race_dress_id": 1,
        "race_instance_id": 0,
        "skill_set_id": 40104101,
        "speed": 151,
        "stamina": 53,
        "wiz": 121
    },
    {
        "chara_id": 1060,
        "guts": 110,
        "id": 26,
        "mob_id": 0,
        "npc_group_id": 5801,
        "pow": 109,
        "proper_distance_long": 7,
        "proper_distance_middle": 7,
        "proper_distance_mile": 5,
        "proper_distance_short": 1,
        "proper_ground_dirt": 7,
        "proper_ground_turf": 7,
        "proper_running_style_nige": 2,
        "proper_running_style_oikomi": 4,
        "proper_running_style_sashi": 7,
        "proper_running_style_senko": 6,
        "race_dress_id": 1,
        "race_instance_id": 0,
        "skill_set_id": 40106001,
        "speed": 133,
        "stamina": 114,
        "wiz": 121
    },
    {
        "chara_id": 1061,
        "guts": 100,
        "id": 27,
        "mob_id": 0,
        "npc_group_id": 5801,
        "pow": 130,
        "proper_distance_long": 5,
        "proper_distance_middle": 6,
        "proper_distance_mile": 6,
        "proper_distance_short": 7,
        "proper_ground_dirt": 1,
        "proper_ground_turf": 7,
        "proper_running_style_nige": 1,
        "proper_running_style_oikomi": 4,
        "proper_running_style_sashi": 7,
        "proper_running_style_senko": 6,
        "race_dress_id": 1,
        "race_instance_id": 0,
        "skill_set_id": 40106101,
        "speed": 136,
        "stamina": 106,
        "wiz": 113
    },
    {
        "chara_id": 1,
        "guts": 206,
        "id": 28,
        "mob_id": 8002,
        "npc_group_id": 5802,
        "pow": 196,
        "proper_distance_long": 1,
        "proper_distance_middle": 1,
        "proper_distance_mile": 6,
        "proper_distance_short": 7,
        "proper_ground_dirt": 1,
        "proper_ground_turf": 6,
        "proper_running_style_nige": 6,
        "proper_running_style_oikomi": 3,
        "proper_running_style_sashi": 4,
        "proper_running_style_senko": 5,
        "race_dress_id": 8,
        "race_instance_id": 0,
        "skill_set_id": 41800201,
        "speed": 244,
        "stamina": 134,
        "wiz": 215
    },
    {
        "chara_id": 1,
        "guts": 222,
        "id": 29,
        "mob_id": 8014,
        "npc_group_id": 5802,
        "pow": 211,
        "proper_distance_long": 1,
        "proper_distance_middle": 1,
        "proper_distance_mile": 6,
        "proper_distance_short": 7,
        "proper_ground_dirt": 1,
        "proper_ground_turf": 6,
        "proper_running_style_nige": 5,
        "proper_running_style_oikomi": 4,
        "proper_running_style_sashi": 5,
        "proper_running_style_senko": 6,
        "race_dress_id": 11,
        "race_instance_id": 0,
        "skill_set_id": 41801401,
        "speed": 253,
        "stamina": 130,
        "wiz": 189
    },
    {
        "chara_id": 1,
        "guts": 143,
        "id": 30,
        "mob_id": 8020,
        "npc_group_id": 5802,
        "pow": 298,
        "proper_distance_long": 1,
        "proper_distance_middle": 2,
        "proper_distance_mile": 6,
        "proper_distance_short": 7,
        "proper_ground_dirt": 1,
        "proper_ground_turf": 6,
        "proper_running_style_nige": 5,
        "proper_running_style_oikomi": 4,
        "proper_running_style_sashi": 5,
        "proper_running_style_senko": 6,
        "race_dress_id": 12,
        "race_instance_id": 0,
        "skill_set_id": 41802001,
        "speed": 343,
        "stamina": 155,
        "wiz": 133
    },
    {
        "chara_id": 1,
        "guts": 185,
        "id": 31,
        "mob_id": 8023,
        "npc_group_id": 5802,
        "pow": 206,
        "proper_distance_long": 1,
        "proper_distance_middle": 2,
        "proper_distance_mile": 6,
        "proper_distance_short": 7,
        "proper_ground_dirt": 1,
        "proper_ground_turf": 6,
        "proper_running_style_nige": 5,
        "proper_running_style_oikomi": 4,
        "proper_running_style_sashi": 5,
        "proper_running_style_senko": 6,
        "race_dress_id": 11,
        "race_instance_id": 0,
        "skill_set_id": 41802301,
        "speed": 256,
        "stamina": 174,
        "wiz": 152
    },
    {
        "chara_id": 1,
        "guts": 243,
        "id": 32,
        "mob_id": 8026,
        "npc_group_id": 5802,
        "pow": 226,
        "proper_distance_long": 1,
        "proper_distance_middle": 2,
        "proper_distance_mile": 6,
        "proper_distance_short": 7,
        "proper_ground_dirt": 1,
        "proper_ground_turf": 6,
        "proper_running_style_nige": 4,
        "proper_running_style_oikomi": 5,
        "proper_running_style_sashi": 6,
        "proper_running_style_senko": 5,
        "race_dress_id": 8,
        "race_instance_id": 0,
        "skill_set_id": 41802601,
        "speed": 200,
        "stamina": 120,
        "wiz": 175
    },
    {
        "chara_id": 1,
        "guts": 142,
        "id": 33,
        "mob_id": 8029,
        "npc_group_id": 5802,
        "pow": 268,
        "proper_distance_long": 1,
        "proper_distance_middle": 2,
        "proper_distance_mile": 6,
        "proper_distance_short": 7,
        "proper_ground_dirt": 1,
        "proper_ground_turf": 6,
        "proper_running_style_nige": 4,
        "proper_running_style_oikomi": 5,
        "proper_running_style_sashi": 6,
        "proper_running_style_senko": 5,
        "race_dress_id": 11,
        "race_instance_id": 0,
        "skill_set_id": 41802901,
        "speed": 232,
        "stamina": 120,
        "wiz": 202
    },
    {
        "chara_id": 1,
        "guts": 205,
        "id": 34,
        "mob_id": 8032,
        "npc_group_id": 5802,
        "pow": 243,
        "proper_distance_long": 1,
        "proper_distance_middle": 2,
        "proper_distance_mile": 6,
        "proper_distance_short": 7,
        "proper_ground_dirt": 1,
        "proper_ground_turf": 6,
        "proper_running_style_nige": 4,
        "proper_running_style_oikomi": 5,
        "proper_running_style_sashi": 6,
        "proper_running_style_senko": 5,
        "race_dress_id": 11,
        "race_instance_id": 0,
        "skill_set_id": 41803201,
        "speed": 263,
        "stamina": 165,
        "wiz": 173
    },
    {
        "chara_id": 1,
        "guts": 220,
        "id": 35,
        "mob_id": 8035,
        "npc_group_id": 5802,
        "pow": 170,
        "proper_distance_long": 1,
        "proper_distance_middle": 2,
        "proper_distance_mile": 6,
        "proper_distance_short": 7,
        "proper_ground_dirt": 1,
        "proper_ground_turf": 6,
        "proper_running_style_nige": 4,
        "proper_running_style_oikomi": 5,
        "proper_running_style_sashi": 6,
        "proper_running_style_senko": 5,
        "race_dress_id": 8,
        "race_instance_id": 0,
        "skill_set_id": 41803501,
        "speed": 194,
        "stamina": 190,
        "wiz": 208
    },
    {
        "chara_id": 1,
        "guts": 157,
        "id": 36,
        "mob_id": 8038,
        "npc_group_id": 5802,
        "pow": 251,
        "proper_distance_long": 1,
        "proper_distance_middle": 2,
        "proper_distance_mile": 6,
        "proper_distance_short": 7,
        "proper_ground_dirt": 1,
        "proper_ground_turf": 6,
        "proper_running_style_nige": 3,
        "proper_running_style_oikomi": 6,
        "proper_running_style_sashi": 5,
        "proper_running_style_senko": 4,
        "race_dress_id": 8,
        "race_instance_id": 0,
        "skill_set_id": 41803801,
        "speed": 213,
        "stamina": 167,
        "wiz": 272
    },
    {
        "chara_id": 1,
        "guts": 212,
        "id": 37,
        "mob_id": 8011,
        "npc_group_id": 5802,
        "pow": 211,
        "proper_distance_long": 1,
        "proper_distance_middle": 1,
        "proper_distance_mile": 6,
        "proper_distance_short": 7,
        "proper_ground_dirt": 1,
        "proper_ground_turf": 6,
        "proper_running_style_nige": 6,
        "proper_running_style_oikomi": 3,
        "proper_running_style_sashi": 4,
        "proper_running_style_senko": 5,
        "race_dress_id": 8,
        "race_instance_id": 0,
        "skill_set_id": 41801101,
        "speed": 232,
        "stamina": 117,
        "wiz": 209
    },
    {
        "chara_id": 1,
        "guts": 238,
        "id": 38,
        "mob_id": 8067,
        "npc_group_id": 5802,
        "pow": 182,
        "proper_distance_long": 2,
        "proper_distance_middle": 5,
        "proper_distance_mile": 6,
        "proper_distance_short": 5,
        "proper_ground_dirt": 1,
        "proper_ground_turf": 6,
        "proper_running_style_nige": 5,
        "proper_running_style_oikomi": 4,
        "proper_running_style_sashi": 5,
        "proper_running_style_senko": 6,
        "race_dress_id": 8,
        "race_instance_id": 0,
        "skill_set_id": 41806701,
        "speed": 228,
        "stamina": 240,
        "wiz": 199
    },
    {
        "chara_id": 1,
        "guts": 107,
        "id": 39,
        "mob_id": 8070,
        "npc_group_id": 5802,
        "pow": 200,
        "proper_distance_long": 2,
        "proper_distance_middle": 5,
        "proper_distance_mile": 6,
        "proper_distance_short": 5,
        "proper_ground_dirt": 1,
        "proper_ground_turf": 6,
        "proper_running_style_nige": 5,
        "proper_running_style_oikomi": 4,
        "proper_running_style_sashi": 5,
        "proper_running_style_senko": 6,
        "race_dress_id": 11,
        "race_instance_id": 0,
        "skill_set_id": 41807001,
        "speed": 246,
        "stamina": 248,
        "wiz": 234
    },
    {
        "chara_id": 1,
        "guts": 271,
        "id": 40,
        "mob_id": 8071,
        "npc_group_id": 5802,
        "pow": 224,
        "proper_distance_long": 2,
        "proper_distance_middle": 6,
        "proper_distance_mile": 7,
        "proper_distance_short": 6,
        "proper_ground_dirt": 1,
        "proper_ground_turf": 6,
        "proper_running_style_nige": 5,
        "proper_running_style_oikomi": 4,
        "proper_running_style_sashi": 5,
        "proper_running_style_senko": 6,
        "race_dress_id": 11,
        "race_instance_id": 0,
        "skill_set_id": 41807101,
        "speed": 210,
        "stamina": 155,
        "wiz": 159
    },
    {
        "chara_id": 1,
        "guts": 205,
        "id": 41,
        "mob_id": 8073,
        "npc_group_id": 5802,
        "pow": 235,
        "proper_distance_long": 2,
        "proper_distance_middle": 5,
        "proper_distance_mile": 6,
        "proper_distance_short": 5,
        "proper_ground_dirt": 1,
        "proper_ground_turf": 6,
        "proper_running_style_nige": 5,
        "proper_running_style_oikomi": 4,
        "proper_running_style_sashi": 5,
        "proper_running_style_senko": 6,
        "race_dress_id": 12,
        "race_instance_id": 0,
        "skill_set_id": 41807301,
        "speed": 194,
        "stamina": 166,
        "wiz": 268
    },
    {
        "chara_id": 1,
        "guts": 196,
        "id": 42,
        "mob_id": 8088,
        "npc_group_id": 5802,
        "pow": 196,
        "proper_distance_long": 2,
        "proper_distance_middle": 5,
        "proper_distance_mile": 6,
        "proper_distance_short": 5,
        "proper_ground_dirt": 1,
        "proper_ground_turf": 6,
        "proper_running_style_nige": 4,
        "proper_running_style_oikomi": 5,
        "proper_running_style_sashi": 6,
        "proper_running_style_senko": 5,
        "race_dress_id": 12,
        "race_instance_id": 0,
        "skill_set_id": 41808801,
        "speed": 160,
        "stamina": 226,
        "wiz": 213
    },
    {
        "chara_id": 1,
        "guts": 276,
        "id": 43,
        "mob_id": 8089,
        "npc_group_id": 5802,
        "pow": 270,
        "proper_distance_long": 2,
        "proper_distance_middle": 6,
        "proper_distance_mile": 7,
        "proper_distance_short": 6,
        "proper_ground_dirt": 1,
        "proper_ground_turf": 6,
        "proper_running_style_nige": 4,
        "proper_running_style_oikomi": 5,
        "proper_running_style_sashi": 6,
        "proper_running_style_senko": 5,
        "race_dress_id": 8,
        "race_instance_id": 0,
        "skill_set_id": 41808901,
        "speed": 200,
        "stamina": 164,
        "wiz": 168
    },
    {
        "chara_id": 1002,
        "guts": 321,
        "id": 44,
        "mob_id": 0,
        "npc_group_id": 5802,
        "pow": 356,
        "proper_distance_long": 3,
        "proper_distance_middle": 7,
        "proper_distance_mile": 6,
        "proper_distance_short": 4,
        "proper_ground_dirt": 1,
        "proper_ground_turf": 7,
        "proper_running_style_nige": 7,
        "proper_running_style_oikomi": 1,
        "proper_running_style_sashi": 3,
        "proper_running_style_senko": 5,
        "race_dress_id": 100201,
        "race_instance_id": 0,
        "skill_set_id": 41100201,
        "speed": 380,
        "stamina": 278,
        "wiz": 287
    },
    {
        "chara_id": 1006,
        "guts": 324,
        "id": 45,
        "mob_id": 0,
        "npc_group_id": 5802,
        "pow": 359,
        "proper_distance_long": 6,
        "proper_distance_middle": 7,
        "proper_distance_mile": 7,
        "proper_distance_short": 6,
        "proper_ground_dirt": 7,
        "proper_ground_turf": 7,
        "proper_running_style_nige": 2,
        "proper_running_style_oikomi": 4,
        "proper_running_style_sashi": 7,
        "proper_running_style_senko": 6,
        "race_dress_id": 100601,
        "race_instance_id": 0,
        "skill_set_id": 41100601,
        "speed": 328,
        "stamina": 280,
        "wiz": 328
    },
    {
        "chara_id": 1009,
        "guts": 326,
        "id": 46,
        "mob_id": 0,
        "npc_group_id": 5802,
        "pow": 348,
        "proper_distance_long": 5,
        "proper_distance_middle": 7,
        "proper_distance_mile": 7,
        "proper_distance_short": 2,
        "proper_ground_dirt": 1,
        "proper_ground_turf": 7,
        "proper_running_style_nige": 6,
        "proper_running_style_oikomi": 1,
        "proper_running_style_sashi": 3,
        "proper_running_style_senko": 7,
        "race_dress_id": 100901,
        "race_instance_id": 0,
        "skill_set_id": 41100901,
        "speed": 343,
        "stamina": 306,
        "wiz": 280
    },
    {
        "chara_id": 1010,
        "guts": 285,
        "id": 47,
        "mob_id": 0,
        "npc_group_id": 5802,
        "pow": 386,
        "proper_distance_long": 1,
        "proper_distance_middle": 3,
        "proper_distance_mile": 7,
        "proper_distance_short": 7,
        "proper_ground_dirt": 7,
        "proper_ground_turf": 7,
        "proper_running_style_nige": 5,
        "proper_running_style_oikomi": 1,
        "proper_running_style_sashi": 3,
        "proper_running_style_senko": 7,
        "race_dress_id": 101001,
        "race_instance_id": 0,
        "skill_set_id": 41101001,
        "speed": 371,
        "stamina": 205,
        "wiz": 314
    },
    {
        "chara_id": 1041,
        "guts": 358,
        "id": 49,
        "mob_id": 0,
        "npc_group_id": 5802,
        "pow": 389,
        "proper_distance_long": 1,
        "proper_distance_middle": 1,
        "proper_distance_mile": 5,
        "proper_distance_short": 7,
        "proper_ground_dirt": 7,
        "proper_ground_turf": 7,
        "proper_running_style_nige": 6,
        "proper_running_style_oikomi": 1,
        "proper_running_style_sashi": 2,
        "proper_running_style_senko": 7,
        "race_dress_id": 104101,
        "race_instance_id": 0,
        "skill_set_id": 41104101,
        "speed": 393,
        "stamina": 138,
        "wiz": 315
    },
    {
        "chara_id": 1060,
        "guts": 308,
        "id": 53,
        "mob_id": 0,
        "npc_group_id": 5802,
        "pow": 304,
        "proper_distance_long": 7,
        "proper_distance_middle": 7,
        "proper_distance_mile": 5,
        "proper_distance_short": 1,
        "proper_ground_dirt": 7,
        "proper_ground_turf": 7,
        "proper_running_style_nige": 2,
        "proper_running_style_oikomi": 4,
        "proper_running_style_sashi": 7,
        "proper_running_style_senko": 6,
        "race_dress_id": 106001,
        "race_instance_id": 0,
        "skill_set_id": 41106001,
        "speed": 371,
        "stamina": 319,
        "wiz": 337
    },
    {
        "chara_id": 1061,
        "guts": 280,
        "id": 54,
        "mob_id": 0,
        "npc_group_id": 5802,
        "pow": 363,
        "proper_distance_long": 5,
        "proper_distance_middle": 6,
        "proper_distance_mile": 6,
        "proper_distance_short": 7,
        "proper_ground_dirt": 1,
        "proper_ground_turf": 7,
        "proper_running_style_nige": 1,
        "proper_running_style_oikomi": 4,
        "proper_running_style_sashi": 7,
        "proper_running_style_senko": 6,
        "race_dress_id": 106101,
        "race_instance_id": 0,
        "skill_set_id": 41106101,
        "speed": 381,
        "stamina": 297,
        "wiz": 316
    },
    {
        "chara_id": 1,
        "guts": 252,
        "id": 55,
        "mob_id": 8094,
        "npc_group_id": 5803,
        "pow": 486,
        "proper_distance_long": 2,
        "proper_distance_middle": 5,
        "proper_distance_mile": 6,
        "proper_distance_short": 5,
        "proper_ground_dirt": 1,
        "proper_ground_turf": 6,
        "proper_running_style_nige": 4,
        "proper_running_style_oikomi": 5,
        "proper_running_style_sashi": 6,
        "proper_running_style_senko": 5,
        "race_dress_id": 11,
        "race_instance_id": 0,
        "skill_set_id": 42809401,
        "speed": 330,
        "stamina": 370,
        "wiz": 232
    },
    {
        "chara_id": 1,
        "guts": 239,
        "id": 56,
        "mob_id": 8098,
        "npc_group_id": 5803,
        "pow": 382,
        "proper_distance_long": 2,
        "proper_distance_middle": 6,
        "proper_distance_mile": 7,
        "proper_distance_short": 6,
        "proper_ground_dirt": 1,
        "proper_ground_turf": 6,
        "proper_running_style_nige": 4,
        "proper_running_style_oikomi": 5,
        "proper_running_style_sashi": 6,
        "proper_running_style_senko": 5,
        "race_dress_id": 11,
        "race_instance_id": 0,
        "skill_set_id": 42809801,
        "speed": 364,
        "stamina": 401,
        "wiz": 418
    },
    {
        "chara_id": 1,
        "guts": 272,
        "id": 57,
        "mob_id": 8100,
        "npc_group_id": 5803,
        "pow": 477,
        "proper_distance_long": 2,
        "proper_distance_middle": 5,
        "proper_distance_mile": 6,
        "proper_distance_short": 5,
        "proper_ground_dirt": 1,
        "proper_ground_turf": 6,
        "proper_running_style_nige": 4,
        "proper_running_style_oikomi": 5,
        "proper_running_style_sashi": 6,
        "proper_running_style_senko": 5,
        "race_dress_id": 8,
        "race_instance_id": 0,
        "skill_set_id": 42810001,
        "speed": 439,
        "stamina": 338,
        "wiz": 241
    },
    {
        "chara_id": 1,
        "guts": 372,
        "id": 58,
        "mob_id": 8103,
        "npc_group_id": 5803,
        "pow": 406,
        "proper_distance_long": 2,
        "proper_distance_middle": 5,
        "proper_distance_mile": 6,
        "proper_distance_short": 5,
        "proper_ground_dirt": 1,
        "proper_ground_turf": 6,
        "proper_running_style_nige": 4,
        "proper_running_style_oikomi": 5,
        "proper_running_style_sashi": 6,
        "proper_running_style_senko": 5,
        "race_dress_id": 11,
        "race_instance_id": 0,
        "skill_set_id": 42810301,
        "speed": 398,
        "stamina": 318,
        "wiz": 207
    },
    {
        "chara_id": 1,
        "guts": 398,
        "id": 59,
        "mob_id": 8106,
        "npc_group_id": 5803,
        "pow": 373,
        "proper_distance_long": 2,
        "proper_distance_middle": 5,
        "proper_distance_mile": 6,
        "proper_distance_short": 5,
        "proper_ground_dirt": 1,
        "proper_ground_turf": 6,
        "proper_running_style_nige": 4,
        "proper_running_style_oikomi": 5,
        "proper_running_style_sashi": 6,
        "proper_running_style_senko": 5,
        "race_dress_id": 8,
        "race_instance_id": 0,
        "skill_set_id": 42810601,
        "speed": 269,
        "stamina": 301,
        "wiz": 373
    },
    {
        "chara_id": 1,
        "guts": 379,
        "id": 60,
        "mob_id": 8107,
        "npc_group_id": 5803,
        "pow": 366,
        "proper_distance_long": 2,
        "proper_distance_middle": 6,
        "proper_distance_mile": 7,
        "proper_distance_short": 6,
        "proper_ground_dirt": 1,
        "proper_ground_turf": 6,
        "proper_running_style_nige": 3,
        "proper_running_style_oikomi": 6,
        "proper_running_style_sashi": 5,
        "proper_running_style_senko": 4,
        "race_dress_id": 12,
        "race_instance_id": 0,
        "skill_set_id": 42810701,
        "speed": 321,
        "stamina": 286,
        "wiz": 405
    },
    {
        "chara_id": 1,
        "guts": 312,
        "id": 61,
        "mob_id": 8109,
        "npc_group_id": 5803,
        "pow": 413,
        "proper_distance_long": 2,
        "proper_distance_middle": 5,
        "proper_distance_mile": 6,
        "proper_distance_short": 5,
        "proper_ground_dirt": 1,
        "proper_ground_turf": 6,
        "proper_running_style_nige": 3,
        "proper_running_style_oikomi": 6,
        "proper_running_style_sashi": 5,
        "proper_running_style_senko": 4,
        "race_dress_id": 12,
        "race_instance_id": 0,
        "skill_set_id": 42810901,
        "speed": 374,
        "stamina": 389,
        "wiz": 283
    },
    {
        "chara_id": 1,
        "guts": 354,
        "id": 62,
        "mob_id": 8110,
        "npc_group_id": 5803,
        "pow": 384,
        "proper_distance_long": 2,
        "proper_distance_middle": 6,
        "proper_distance_mile": 7,
        "proper_distance_short": 6,
        "proper_ground_dirt": 1,
        "proper_ground_turf": 6,
        "proper_running_style_nige": 3,
        "proper_running_style_oikomi": 6,
        "proper_running_style_sashi": 5,
        "proper_running_style_senko": 4,
        "race_dress_id": 8,
        "race_instance_id": 0,
        "skill_set_id": 42811001,
        "speed": 405,
        "stamina": 322,
        "wiz": 411
    },
    {
        "chara_id": 1,
        "guts": 259,
        "id": 63,
        "mob_id": 8128,
        "npc_group_id": 5803,
        "pow": 270,
        "proper_distance_long": 6,
        "proper_distance_middle": 7,
        "proper_distance_mile": 6,
        "proper_distance_short": 2,
        "proper_ground_dirt": 1,
        "proper_ground_turf": 6,
        "proper_running_style_nige": 6,
        "proper_running_style_oikomi": 3,
        "proper_running_style_sashi": 4,
        "proper_running_style_senko": 5,
        "race_dress_id": 11,
        "race_instance_id": 0,
        "skill_set_id": 42812801,
        "speed": 298,
        "stamina": 410,
        "wiz": 405
    },
    {
        "chara_id": 1,
        "guts": 324,
        "id": 64,
        "mob_id": 8131,
        "npc_group_id": 5803,
        "pow": 460,
        "proper_distance_long": 6,
        "proper_distance_middle": 7,
        "proper_distance_mile": 6,
        "proper_distance_short": 2,
        "proper_ground_dirt": 1,
        "proper_ground_turf": 6,
        "proper_running_style_nige": 6,
        "proper_running_style_oikomi": 3,
        "proper_running_style_sashi": 4,
        "proper_running_style_senko": 5,
        "race_dress_id": 12,
        "race_instance_id": 0,
        "skill_set_id": 42813101,
        "speed": 286,
        "stamina": 398,
        "wiz": 420
    },
    {
        "chara_id": 1,
        "guts": 385,
        "id": 65,
        "mob_id": 8176,
        "npc_group_id": 5803,
        "pow": 445,
        "proper_distance_long": 6,
        "proper_distance_middle": 7,
        "proper_distance_mile": 6,
        "proper_distance_short": 2,
        "proper_ground_dirt": 1,
        "proper_ground_turf": 6,
        "proper_running_style_nige": 5,
        "proper_running_style_oikomi": 4,
        "proper_running_style_sashi": 5,
        "proper_running_style_senko": 6,
        "race_dress_id": 12,
        "race_instance_id": 0,
        "skill_set_id": 42817601,
        "speed": 347,
        "stamina": 203,
        "wiz": 319
    },
    {
        "chara_id": 1,
        "guts": 241,
        "id": 66,
        "mob_id": 8179,
        "npc_group_id": 5803,
        "pow": 426,
        "proper_distance_long": 6,
        "proper_distance_middle": 7,
        "proper_distance_mile": 6,
        "proper_distance_short": 2,
        "proper_ground_dirt": 1,
        "proper_ground_turf": 6,
        "proper_running_style_nige": 5,
        "proper_running_style_oikomi": 4,
        "proper_running_style_sashi": 5,
        "proper_running_style_senko": 6,
        "race_dress_id": 8,
        "race_instance_id": 0,
        "skill_set_id": 42817901,
        "speed": 336,
        "stamina": 426,
        "wiz": 289
    },
    {
        "chara_id": 1,
        "guts": 212,
        "id": 67,
        "mob_id": 8182,
        "npc_group_id": 5803,
        "pow": 407,
        "proper_distance_long": 6,
        "proper_distance_middle": 7,
        "proper_distance_mile": 6,
        "proper_distance_short": 2,
        "proper_ground_dirt": 1,
        "proper_ground_turf": 6,
        "proper_running_style_nige": 5,
        "proper_running_style_oikomi": 4,
        "proper_running_style_sashi": 5,
        "proper_running_style_senko": 6,
        "race_dress_id": 11,
        "race_instance_id": 0,
        "skill_set_id": 42818201,
        "speed": 367,
        "stamina": 455,
        "wiz": 238
    },
    {
        "chara_id": 1,
        "guts": 397,
        "id": 68,
        "mob_id": 8185,
        "npc_group_id": 5803,
        "pow": 340,
        "proper_distance_long": 6,
        "proper_distance_middle": 7,
        "proper_distance_mile": 6,
        "proper_distance_short": 2,
        "proper_ground_dirt": 1,
        "proper_ground_turf": 6,
        "proper_running_style_nige": 5,
        "proper_running_style_oikomi": 4,
        "proper_running_style_sashi": 5,
        "proper_running_style_senko": 6,
        "race_dress_id": 8,
        "race_instance_id": 0,
        "skill_set_id": 42818501,
        "speed": 456,
        "stamina": 265,
        "wiz": 401
    },
    {
        "chara_id": 1002,
        "guts": 556,
        "id": 69,
        "mob_id": 0,
        "npc_group_id": 5803,
        "pow": 617,
        "proper_distance_long": 3,
        "proper_distance_middle": 7,
        "proper_distance_mile": 6,
        "proper_distance_short": 4,
        "proper_ground_dirt": 1,
        "proper_ground_turf": 7,
        "proper_running_style_nige": 7,
        "proper_running_style_oikomi": 1,
        "proper_running_style_sashi": 3,
        "proper_running_style_senko": 5,
        "race_dress_id": 100201,
        "race_instance_id": 0,
        "skill_set_id": 42100201,
        "speed": 657,
        "stamina": 482,
        "wiz": 497
    },
    {
        "chara_id": 1006,
        "guts": 548,
        "id": 70,
        "mob_id": 0,
        "npc_group_id": 5803,
        "pow": 607,
        "proper_distance_long": 6,
        "proper_distance_middle": 7,
        "proper_distance_mile": 7,
        "proper_distance_short": 6,
        "proper_ground_dirt": 6,
        "proper_ground_turf": 7,
        "proper_running_style_nige": 2,
        "proper_running_style_oikomi": 4,
        "proper_running_style_sashi": 7,
        "proper_running_style_senko": 6,
        "race_dress_id": 100601,
        "race_instance_id": 0,
        "skill_set_id": 42100601,
        "speed": 554,
        "stamina": 473,
        "wiz": 554
    },
    {
        "chara_id": 1009,
        "guts": 577,
        "id": 71,
        "mob_id": 0,
        "npc_group_id": 5803,
        "pow": 616,
        "proper_distance_long": 5,
        "proper_distance_middle": 7,
        "proper_distance_mile": 7,
        "proper_distance_short": 2,
        "proper_ground_dirt": 1,
        "proper_ground_turf": 7,
        "proper_running_style_nige": 6,
        "proper_running_style_oikomi": 1,
        "proper_running_style_sashi": 3,
        "proper_running_style_senko": 7,
        "race_dress_id": 100901,
        "race_instance_id": 0,
        "skill_set_id": 42100901,
        "speed": 607,
        "stamina": 541,
        "wiz": 495
    },
    {
        "chara_id": 1010,
        "guts": 524,
        "id": 72,
        "mob_id": 0,
        "npc_group_id": 5803,
        "pow": 711,
        "proper_distance_long": 1,
        "proper_distance_middle": 3,
        "proper_distance_mile": 7,
        "proper_distance_short": 7,
        "proper_ground_dirt": 7,
        "proper_ground_turf": 7,
        "proper_running_style_nige": 5,
        "proper_running_style_oikomi": 1,
        "proper_running_style_sashi": 3,
        "proper_running_style_senko": 7,
        "race_dress_id": 101001,
        "race_instance_id": 0,
        "skill_set_id": 42101001,
        "speed": 683,
        "stamina": 377,
        "wiz": 577
    },
    {
        "chara_id": 1041,
        "guts": 633,
        "id": 74,
        "mob_id": 0,
        "npc_group_id": 5803,
        "pow": 688,
        "proper_distance_long": 1,
        "proper_distance_middle": 1,
        "proper_distance_mile": 5,
        "proper_distance_short": 7,
        "proper_ground_dirt": 7,
        "proper_ground_turf": 7,
        "proper_running_style_nige": 6,
        "proper_running_style_oikomi": 1,
        "proper_running_style_sashi": 2,
        "proper_running_style_senko": 7,
        "race_dress_id": 104101,
        "race_instance_id": 0,
        "skill_set_id": 42104101,
        "speed": 695,
        "stamina": 244,
        "wiz": 557
    },
    {
        "chara_id": 1060,
        "guts": 539,
        "id": 78,
        "mob_id": 0,
        "npc_group_id": 5803,
        "pow": 532,
        "proper_distance_long": 7,
        "proper_distance_middle": 7,
        "proper_distance_mile": 5,
        "proper_distance_short": 1,
        "proper_ground_dirt": 7,
        "proper_ground_turf": 7,
        "proper_running_style_nige": 2,
        "proper_running_style_oikomi": 4,
        "proper_running_style_sashi": 7,
        "proper_running_style_senko": 6,
        "race_dress_id": 106001,
        "race_instance_id": 0,
        "skill_set_id": 42106001,
        "speed": 649,
        "stamina": 559,
        "wiz": 590
    },
    {
        "chara_id": 1061,
        "guts": 480,
        "id": 79,
        "mob_id": 0,
        "npc_group_id": 5803,
        "pow": 622,
        "proper_distance_long": 5,
        "proper_distance_middle": 6,
        "proper_distance_mile": 6,
        "proper_distance_short": 7,
        "proper_ground_dirt": 1,
        "proper_ground_turf": 7,
        "proper_running_style_nige": 1,
        "proper_running_style_oikomi": 4,
        "proper_running_style_sashi": 7,
        "proper_running_style_senko": 6,
        "race_dress_id": 106101,
        "race_instance_id": 0,
        "skill_set_id": 42106101,
        "speed": 653,
        "stamina": 509,
        "wiz": 542
    },
    {
        "chara_id": 1,
        "guts": 60,
        "id": 100,
        "mob_id": 8212,
        "npc_group_id": 5831,
        "pow": 81,
        "proper_distance_long": 6,
        "proper_distance_middle": 7,
        "proper_distance_mile": 6,
        "proper_distance_short": 2,
        "proper_ground_dirt": 1,
        "proper_ground_turf": 6,
        "proper_running_style_nige": 5,
        "proper_running_style_oikomi": 4,
        "proper_running_style_sashi": 5,
        "proper_running_style_senko": 6,
        "race_dress_id": 1,
        "race_instance_id": 0,
        "skill_set_id": 40821201,
        "speed": 130,
        "stamina": 65,
        "wiz": 60
    },
    {
        "chara_id": 1,
        "guts": 80,
        "id": 101,
        "mob_id": 8214,
        "npc_group_id": 5831,
        "pow": 100,
        "proper_distance_long": 5,
        "proper_distance_middle": 6,
        "proper_distance_mile": 5,
        "proper_distance_short": 2,
        "proper_ground_dirt": 1,
        "proper_ground_turf": 6,
        "proper_running_style_nige": 5,
        "proper_running_style_oikomi": 4,
        "proper_running_style_sashi": 5,
        "proper_running_style_senko": 6,
        "race_dress_id": 1,
        "race_instance_id": 0,
        "skill_set_id": 40821401,
        "speed": 93,
        "stamina": 109,
        "wiz": 97
    },
    {
        "chara_id": 1,
        "guts": 63,
        "id": 102,
        "mob_id": 8217,
        "npc_group_id": 5831,
        "pow": 124,
        "proper_distance_long": 5,
        "proper_distance_middle": 6,
        "proper_distance_mile": 5,
        "proper_distance_short": 2,
        "proper_ground_dirt": 1,
        "proper_ground_turf": 6,
        "proper_running_style_nige": 5,
        "proper_running_style_oikomi": 4,
        "proper_running_style_sashi": 5,
        "proper_running_style_senko": 6,
        "race_dress_id": 1,
        "race_instance_id": 0,
        "skill_set_id": 40821701,
        "speed": 123,
        "stamina": 109,
        "wiz": 114
    },
    {
        "chara_id": 1,
        "guts": 58,
        "id": 103,
        "mob_id": 8220,
        "npc_group_id": 5831,
        "pow": 87,
        "proper_distance_long": 5,
        "proper_distance_middle": 6,
        "proper_distance_mile": 5,
        "proper_distance_short": 2,
        "proper_ground_dirt": 1,
        "proper_ground_turf": 6,
        "proper_running_style_nige": 5,
        "proper_running_style_oikomi": 4,
        "proper_running_style_sashi": 5,
        "proper_running_style_senko": 6,
        "race_dress_id": 1,
        "race_instance_id": 0,
        "skill_set_id": 40822001,
        "speed": 90,
        "stamina": 90,
        "wiz": 61
    },
    {
        "chara_id": 1,
        "guts": 76,
        "id": 104,
        "mob_id": 8221,
        "npc_group_id": 5831,
        "pow": 100,
        "proper_distance_long": 6,
        "proper_distance_middle": 7,
        "proper_distance_mile": 6,
        "proper_distance_short": 2,
        "proper_ground_dirt": 1,
        "proper_ground_turf": 6,
        "proper_running_style_nige": 5,
        "proper_running_style_oikomi": 4,
        "proper_running_style_sashi": 5,
        "proper_running_style_senko": 6,
        "race_dress_id": 1,
        "race_instance_id": 0,
        "skill_set_id": 40822101,
        "speed": 104,
        "stamina": 83,
        "wiz": 93
    },
    {
        "chara_id": 1,
        "guts": 87,
        "id": 105,
        "mob_id": 8223,
        "npc_group_id": 5831,
        "pow": 94,
        "proper_distance_long": 5,
        "proper_distance_middle": 6,
        "proper_distance_mile": 5,
        "proper_distance_short": 2,
        "proper_ground_dirt": 1,
        "proper_ground_turf": 6,
        "proper_running_style_nige": 4,
        "proper_running_style_oikomi": 5,
        "proper_running_style_sashi": 6,
        "proper_running_style_senko": 5,
        "race_dress_id": 1,
        "race_instance_id": 0,
        "skill_set_id": 40822301,
        "speed": 103,
        "stamina": 103,
        "wiz": 84
    },
    {
        "chara_id": 1,
        "guts": 87,
        "id": 106,
        "mob_id": 8224,
        "npc_group_id": 5831,
        "pow": 130,
        "proper_distance_long": 6,
        "proper_distance_middle": 7,
        "proper_distance_mile": 6,
        "proper_distance_short": 2,
        "proper_ground_dirt": 1,
        "proper_ground_turf": 6,
        "proper_running_style_nige": 4,
        "proper_running_style_oikomi": 5,
        "proper_running_style_sashi": 6,
        "proper_running_style_senko": 5,
        "race_dress_id": 1,
        "race_instance_id": 0,
        "skill_set_id": 40822401,
        "speed": 74,
        "stamina": 67,
        "wiz": 115
    },
    {
        "chara_id": 1,
        "guts": 102,
        "id": 107,
        "mob_id": 8226,
        "npc_group_id": 5831,
        "pow": 126,
        "proper_distance_long": 5,
        "proper_distance_middle": 6,
        "proper_distance_mile": 5,
        "proper_distance_short": 2,
        "proper_ground_dirt": 1,
        "proper_ground_turf": 6,
        "proper_running_style_nige": 4,
        "proper_running_style_oikomi": 5,
        "proper_running_style_sashi": 6,
        "proper_running_style_senko": 5,
        "race_dress_id": 1,
        "race_instance_id": 0,
        "skill_set_id": 40822601,
        "speed": 97,
        "stamina": 84,
        "wiz": 77
    },
    {
        "chara_id": 1,
        "guts": 84,
        "id": 108,
        "mob_id": 8227,
        "npc_group_id": 5831,
        "pow": 71,
        "proper_distance_long": 6,
        "proper_distance_middle": 7,
        "proper_distance_mile": 6,
        "proper_distance_short": 2,
        "proper_ground_dirt": 1,
        "proper_ground_turf": 6,
        "proper_running_style_nige": 4,
        "proper_running_style_oikomi": 5,
        "proper_running_style_sashi": 6,
        "proper_running_style_senko": 5,
        "race_dress_id": 1,
        "race_instance_id": 0,
        "skill_set_id": 40822701,
        "speed": 99,
        "stamina": 94,
        "wiz": 79
    },
    {
        "chara_id": 1,
        "guts": 69,
        "id": 109,
        "mob_id": 8229,
        "npc_group_id": 5831,
        "pow": 102,
        "proper_distance_long": 5,
        "proper_distance_middle": 6,
        "proper_distance_mile": 5,
        "proper_distance_short": 2,
        "proper_ground_dirt": 1,
        "proper_ground_turf": 6,
        "proper_running_style_nige": 4,
        "proper_running_style_oikomi": 5,
        "proper_running_style_sashi": 6,
        "proper_running_style_senko": 5,
        "race_dress_id": 1,
        "race_instance_id": 0,
        "skill_set_id": 40822901,
        "speed": 92,
        "stamina": 86,
        "wiz": 62
    },
    {
        "chara_id": 1,
        "guts": 72,
        "id": 110,
        "mob_id": 8230,
        "npc_group_id": 5831,
        "pow": 115,
        "proper_distance_long": 6,
        "proper_distance_middle": 7,
        "proper_distance_mile": 6,
        "proper_distance_short": 2,
        "proper_ground_dirt": 1,
        "proper_ground_turf": 6,
        "proper_running_style_nige": 4,
        "proper_running_style_oikomi": 5,
        "proper_running_style_sashi": 6,
        "proper_running_style_senko": 5,
        "race_dress_id": 1,
        "race_instance_id": 0,
        "skill_set_id": 40823001,
        "speed": 126,
        "stamina": 99,
        "wiz": 94
    },
    {
        "chara_id": 1,
        "guts": 104,
        "id": 111,
        "mob_id": 8232,
        "npc_group_id": 5831,
        "pow": 76,
        "proper_distance_long": 5,
        "proper_distance_middle": 6,
        "proper_distance_mile": 5,
        "proper_distance_short": 2,
        "proper_ground_dirt": 1,
        "proper_ground_turf": 6,
        "proper_running_style_nige": 4,
        "proper_running_style_oikomi": 5,
        "proper_running_style_sashi": 6,
        "proper_running_style_senko": 5,
        "race_dress_id": 1,
        "race_instance_id": 0,
        "skill_set_id": 40823201,
        "speed": 101,
        "stamina": 88,
        "wiz": 86
    },
    {
        "chara_id": 1,
        "guts": 91,
        "id": 112,
        "mob_id": 8271,
        "npc_group_id": 5831,
        "pow": 95,
        "proper_distance_long": 5,
        "proper_distance_middle": 6,
        "proper_distance_mile": 5,
        "proper_distance_short": 2,
        "proper_ground_dirt": 1,
        "proper_ground_turf": 6,
        "proper_running_style_nige": 3,
        "proper_running_style_oikomi": 6,
        "proper_running_style_sashi": 5,
        "proper_running_style_senko": 4,
        "race_dress_id": 1,
        "race_instance_id": 0,
        "skill_set_id": 40827101,
        "speed": 73,
        "stamina": 78,
        "wiz": 124
    },
    {
        "chara_id": 1,
        "guts": 102,
        "id": 113,
        "mob_id": 8272,
        "npc_group_id": 5831,
        "pow": 100,
        "proper_distance_long": 6,
        "proper_distance_middle": 7,
        "proper_distance_mile": 6,
        "proper_distance_short": 2,
        "proper_ground_dirt": 1,
        "proper_ground_turf": 6,
        "proper_running_style_nige": 3,
        "proper_running_style_oikomi": 6,
        "proper_running_style_sashi": 5,
        "proper_running_style_senko": 4,
        "race_dress_id": 1,
        "race_instance_id": 0,
        "skill_set_id": 40827201,
        "speed": 118,
        "stamina": 78,
        "wiz": 69
    },
    {
        "chara_id": 1,
        "guts": 72,
        "id": 114,
        "mob_id": 8320,
        "npc_group_id": 5831,
        "pow": 67,
        "proper_distance_long": 7,
        "proper_distance_middle": 6,
        "proper_distance_mile": 1,
        "proper_distance_short": 1,
        "proper_ground_dirt": 1,
        "proper_ground_turf": 6,
        "proper_running_style_nige": 6,
        "proper_running_style_oikomi": 3,
        "proper_running_style_sashi": 4,
        "proper_running_style_senko": 5,
        "race_dress_id": 1,
        "race_instance_id": 0,
        "skill_set_id": 40832001,
        "speed": 98,
        "stamina": 94,
        "wiz": 111
    },
    {
        "chara_id": 1,
        "guts": 120,
        "id": 115,
        "mob_id": 8323,
        "npc_group_id": 5831,
        "pow": 108,
        "proper_distance_long": 7,
        "proper_distance_middle": 6,
        "proper_distance_mile": 1,
        "proper_distance_short": 1,
        "proper_ground_dirt": 1,
        "proper_ground_turf": 6,
        "proper_running_style_nige": 6,
        "proper_running_style_oikomi": 3,
        "proper_running_style_sashi": 4,
        "proper_running_style_senko": 5,
        "race_dress_id": 1,
        "race_instance_id": 0,
        "skill_set_id": 40832301,
        "speed": 79,
        "stamina": 60,
        "wiz": 87
    },
    {
        "chara_id": 1001,
        "guts": 109,
        "id": 116,
        "mob_id": 0,
        "npc_group_id": 5831,
        "pow": 127,
        "proper_distance_long": 7,
        "proper_distance_middle": 7,
        "proper_distance_mile": 5,
        "proper_distance_short": 2,
        "proper_ground_dirt": 1,
        "proper_ground_turf": 7,
        "proper_running_style_nige": 1,
        "proper_running_style_oikomi": 5,
        "proper_running_style_sashi": 7,
        "proper_running_style_senko": 6,
        "race_dress_id": 1,
        "race_instance_id": 0,
        "skill_set_id": 40100101,
        "speed": 130,
        "stamina": 137,
        "wiz": 118
    },
    {
        "chara_id": 1016,
        "guts": 109,
        "id": 117,
        "mob_id": 0,
        "npc_group_id": 5831,
        "pow": 133,
        "proper_distance_long": 7,
        "proper_distance_middle": 7,
        "proper_distance_mile": 6,
        "proper_distance_short": 6,
        "proper_ground_dirt": 1,
        "proper_ground_turf": 7,
        "proper_running_style_nige": 4,
        "proper_running_style_oikomi": 2,
        "proper_running_style_sashi": 7,
        "proper_running_style_senko": 6,
        "race_dress_id": 1,
        "race_instance_id": 0,
        "skill_set_id": 40101601,
        "speed": 133,
        "stamina": 138,
        "wiz": 116
    },
    {
        "chara_id": 1017,
        "guts": 112,
        "id": 118,
        "mob_id": 0,
        "npc_group_id": 5831,
        "pow": 122,
        "proper_distance_long": 7,
        "proper_distance_middle": 7,
        "proper_distance_mile": 6,
        "proper_distance_short": 3,
        "proper_ground_dirt": 1,
        "proper_ground_turf": 7,
        "proper_running_style_nige": 6,
        "proper_running_style_oikomi": 5,
        "proper_running_style_sashi": 7,
        "proper_running_style_senko": 6,
        "race_dress_id": 1,
        "race_instance_id": 0,
        "skill_set_id": 40101701,
        "speed": 129,
        "stamina": 129,
        "wiz": 138
    },
    {
        "chara_id": 1020,
        "guts": 90,
        "id": 119,
        "mob_id": 0,
        "npc_group_id": 5831,
        "pow": 140,
        "proper_distance_long": 7,
        "proper_distance_middle": 7,
        "proper_distance_mile": 5,
        "proper_distance_short": 1,
        "proper_ground_dirt": 1,
        "proper_ground_turf": 7,
        "proper_running_style_nige": 7,
        "proper_running_style_oikomi": 3,
        "proper_running_style_sashi": 4,
        "proper_running_style_senko": 6,
        "race_dress_id": 1,
        "race_instance_id": 0,
        "skill_set_id": 40102001,
        "speed": 140,
        "stamina": 148,
        "wiz": 94
    },
    {
        "chara_id": 1023,
        "guts": 113,
        "id": 120,
        "mob_id": 0,
        "npc_group_id": 5831,
        "pow": 116,
        "proper_distance_long": 7,
        "proper_distance_middle": 7,
        "proper_distance_mile": 6,
        "proper_distance_short": 6,
        "proper_ground_dirt": 1,
        "proper_ground_turf": 7,
        "proper_running_style_nige": 1,
        "proper_running_style_oikomi": 1,
        "proper_running_style_sashi": 5,
        "proper_running_style_senko": 7,
        "race_dress_id": 1,
        "race_instance_id": 0,
        "skill_set_id": 40102301,
        "speed": 124,
        "stamina": 127,
        "wiz": 133
    },
    {
        "chara_id": 1026,
        "guts": 121,
        "id": 121,
        "mob_id": 0,
        "npc_group_id": 5831,
        "pow": 125,
        "proper_distance_long": 5,
        "proper_distance_middle": 7,
        "proper_distance_mile": 7,
        "proper_distance_short": 7,
        "proper_ground_dirt": 1,
        "proper_ground_turf": 7,
        "proper_running_style_nige": 7,
        "proper_running_style_oikomi": 1,
        "proper_running_style_sashi": 4,
        "proper_running_style_senko": 6,
        "race_dress_id": 1,
        "race_instance_id": 0,
        "skill_set_id": 40102601,
        "speed": 132,
        "stamina": 116,
        "wiz": 125
    },
    {
        "chara_id": 1027,
        "guts": 117,
        "id": 122,
        "mob_id": 0,
        "npc_group_id": 5831,
        "pow": 121,
        "proper_distance_long": 6,
        "proper_distance_middle": 7,
        "proper_distance_mile": 5,
        "proper_distance_short": 3,
        "proper_ground_dirt": 1,
        "proper_ground_turf": 7,
        "proper_running_style_nige": 2,
        "proper_running_style_oikomi": 2,
        "proper_running_style_sashi": 7,
        "proper_running_style_senko": 6,
        "race_dress_id": 1,
        "race_instance_id": 0,
        "skill_set_id": 40102701,
        "speed": 125,
        "stamina": 127,
        "wiz": 121
    },
    {
        "chara_id": 1,
        "guts": 143,
        "id": 125,
        "mob_id": 8212,
        "npc_group_id": 5832,
        "pow": 193,
        "proper_distance_long": 6,
        "proper_distance_middle": 7,
        "proper_distance_mile": 6,
        "proper_distance_short": 2,
        "proper_ground_dirt": 1,
        "proper_ground_turf": 6,
        "proper_running_style_nige": 5,
        "proper_running_style_oikomi": 4,
        "proper_running_style_sashi": 5,
        "proper_running_style_senko": 6,
        "race_dress_id": 12,
        "race_instance_id": 0,
        "skill_set_id": 41821201,
        "speed": 311,
        "stamina": 156,
        "wiz": 131
    },
    {
        "chara_id": 1,
        "guts": 159,
        "id": 126,
        "mob_id": 8214,
        "npc_group_id": 5832,
        "pow": 200,
        "proper_distance_long": 5,
        "proper_distance_middle": 6,
        "proper_distance_mile": 5,
        "proper_distance_short": 2,
        "proper_ground_dirt": 1,
        "proper_ground_turf": 6,
        "proper_running_style_nige": 5,
        "proper_running_style_oikomi": 4,
        "proper_running_style_sashi": 5,
        "proper_running_style_senko": 6,
        "race_dress_id": 12,
        "race_instance_id": 0,
        "skill_set_id": 41821401,
        "speed": 186,
        "stamina": 218,
        "wiz": 193
    },
    {
        "chara_id": 1,
        "guts": 113,
        "id": 127,
        "mob_id": 8217,
        "npc_group_id": 5832,
        "pow": 222,
        "proper_distance_long": 5,
        "proper_distance_middle": 6,
        "proper_distance_mile": 5,
        "proper_distance_short": 2,
        "proper_ground_dirt": 1,
        "proper_ground_turf": 6,
        "proper_running_style_nige": 5,
        "proper_running_style_oikomi": 4,
        "proper_running_style_sashi": 5,
        "proper_running_style_senko": 6,
        "race_dress_id": 8,
        "race_instance_id": 0,
        "skill_set_id": 41821701,
        "speed": 221,
        "stamina": 195,
        "wiz": 205
    },
    {
        "chara_id": 1,
        "guts": 145,
        "id": 128,
        "mob_id": 8220,
        "npc_group_id": 5832,
        "pow": 217,
        "proper_distance_long": 5,
        "proper_distance_middle": 6,
        "proper_distance_mile": 5,
        "proper_distance_short": 2,
        "proper_ground_dirt": 1,
        "proper_ground_turf": 6,
        "proper_running_style_nige": 5,
        "proper_running_style_oikomi": 4,
        "proper_running_style_sashi": 5,
        "proper_running_style_senko": 6,
        "race_dress_id": 12,
        "race_instance_id": 0,
        "skill_set_id": 41822001,
        "speed": 226,
        "stamina": 224,
        "wiz": 153
    },
    {
        "chara_id": 1,
        "guts": 172,
        "id": 129,
        "mob_id": 8221,
        "npc_group_id": 5832,
        "pow": 225,
        "proper_distance_long": 6,
        "proper_distance_middle": 7,
        "proper_distance_mile": 6,
        "proper_distance_short": 2,
        "proper_ground_dirt": 1,
        "proper_ground_turf": 6,
        "proper_running_style_nige": 5,
        "proper_running_style_oikomi": 4,
        "proper_running_style_sashi": 5,
        "proper_running_style_senko": 6,
        "race_dress_id": 8,
        "race_instance_id": 0,
        "skill_set_id": 41822101,
        "speed": 233,
        "stamina": 187,
        "wiz": 210
    },
    {
        "chara_id": 1,
        "guts": 196,
        "id": 130,
        "mob_id": 8223,
        "npc_group_id": 5832,
        "pow": 212,
        "proper_distance_long": 5,
        "proper_distance_middle": 6,
        "proper_distance_mile": 5,
        "proper_distance_short": 2,
        "proper_ground_dirt": 1,
        "proper_ground_turf": 6,
        "proper_running_style_nige": 4,
        "proper_running_style_oikomi": 5,
        "proper_running_style_sashi": 6,
        "proper_running_style_senko": 5,
        "race_dress_id": 11,
        "race_instance_id": 0,
        "skill_set_id": 41822301,
        "speed": 232,
        "stamina": 231,
        "wiz": 190
    },
    {
        "chara_id": 1,
        "guts": 174,
        "id": 131,
        "mob_id": 8224,
        "npc_group_id": 5832,
        "pow": 259,
        "proper_distance_long": 6,
        "proper_distance_middle": 7,
        "proper_distance_mile": 6,
        "proper_distance_short": 2,
        "proper_ground_dirt": 1,
        "proper_ground_turf": 6,
        "proper_running_style_nige": 4,
        "proper_running_style_oikomi": 5,
        "proper_running_style_sashi": 6,
        "proper_running_style_senko": 5,
        "race_dress_id": 12,
        "race_instance_id": 0,
        "skill_set_id": 41822401,
        "speed": 147,
        "stamina": 133,
        "wiz": 230
    },
    {
        "chara_id": 1,
        "guts": 204,
        "id": 132,
        "mob_id": 8226,
        "npc_group_id": 5832,
        "pow": 251,
        "proper_distance_long": 5,
        "proper_distance_middle": 6,
        "proper_distance_mile": 5,
        "proper_distance_short": 2,
        "proper_ground_dirt": 1,
        "proper_ground_turf": 6,
        "proper_running_style_nige": 4,
        "proper_running_style_oikomi": 5,
        "proper_running_style_sashi": 6,
        "proper_running_style_senko": 5,
        "race_dress_id": 8,
        "race_instance_id": 0,
        "skill_set_id": 41822601,
        "speed": 194,
        "stamina": 167,
        "wiz": 154
    },
    {
        "chara_id": 1,
        "guts": 210,
        "id": 133,
        "mob_id": 8227,
        "npc_group_id": 5832,
        "pow": 178,
        "proper_distance_long": 6,
        "proper_distance_middle": 7,
        "proper_distance_mile": 6,
        "proper_distance_short": 2,
        "proper_ground_dirt": 1,
        "proper_ground_turf": 6,
        "proper_running_style_nige": 4,
        "proper_running_style_oikomi": 5,
        "proper_running_style_sashi": 6,
        "proper_running_style_senko": 5,
        "race_dress_id": 8,
        "race_instance_id": 0,
        "skill_set_id": 41822701,
        "speed": 247,
        "stamina": 235,
        "wiz": 197
    },
    {
        "chara_id": 1,
        "guts": 172,
        "id": 134,
        "mob_id": 8229,
        "npc_group_id": 5832,
        "pow": 254,
        "proper_distance_long": 5,
        "proper_distance_middle": 6,
        "proper_distance_mile": 5,
        "proper_distance_short": 2,
        "proper_ground_dirt": 1,
        "proper_ground_turf": 6,
        "proper_running_style_nige": 4,
        "proper_running_style_oikomi": 5,
        "proper_running_style_sashi": 6,
        "proper_running_style_senko": 5,
        "race_dress_id": 8,
        "race_instance_id": 0,
        "skill_set_id": 41822901,
        "speed": 230,
        "stamina": 215,
        "wiz": 155
    },
    {
        "chara_id": 1,
        "guts": 144,
        "id": 135,
        "mob_id": 8230,
        "npc_group_id": 5832,
        "pow": 229,
        "proper_distance_long": 6,
        "proper_distance_middle": 7,
        "proper_distance_mile": 6,
        "proper_distance_short": 2,
        "proper_ground_dirt": 1,
        "proper_ground_turf": 6,
        "proper_running_style_nige": 4,
        "proper_running_style_oikomi": 5,
        "proper_running_style_sashi": 6,
        "proper_running_style_senko": 5,
        "race_dress_id": 8,
        "race_instance_id": 0,
        "skill_set_id": 41823001,
        "speed": 252,
        "stamina": 197,
        "wiz": 188
    },
    {
        "chara_id": 1,
        "guts": 207,
        "id": 136,
        "mob_id": 8232,
        "npc_group_id": 5832,
        "pow": 152,
        "proper_distance_long": 5,
        "proper_distance_middle": 6,
        "proper_distance_mile": 5,
        "proper_distance_short": 2,
        "proper_ground_dirt": 1,
        "proper_ground_turf": 6,
        "proper_running_style_nige": 4,
        "proper_running_style_oikomi": 5,
        "proper_running_style_sashi": 6,
        "proper_running_style_senko": 5,
        "race_dress_id": 11,
        "race_instance_id": 0,
        "skill_set_id": 41823201,
        "speed": 202,
        "stamina": 176,
        "wiz": 171
    },
    {
        "chara_id": 1,
        "guts": 199,
        "id": 137,
        "mob_id": 8271,
        "npc_group_id": 5832,
        "pow": 209,
        "proper_distance_long": 5,
        "proper_distance_middle": 6,
        "proper_distance_mile": 5,
        "proper_distance_short": 2,
        "proper_ground_dirt": 1,
        "proper_ground_turf": 6,
        "proper_running_style_nige": 3,
        "proper_running_style_oikomi": 6,
        "proper_running_style_sashi": 5,
        "proper_running_style_senko": 4,
        "race_dress_id": 8,
        "race_instance_id": 0,
        "skill_set_id": 41827101,
        "speed": 160,
        "stamina": 172,
        "wiz": 272
    },
    {
        "chara_id": 1,
        "guts": 224,
        "id": 138,
        "mob_id": 8272,
        "npc_group_id": 5832,
        "pow": 220,
        "proper_distance_long": 6,
        "proper_distance_middle": 7,
        "proper_distance_mile": 6,
        "proper_distance_short": 2,
        "proper_ground_dirt": 1,
        "proper_ground_turf": 6,
        "proper_running_style_nige": 3,
        "proper_running_style_oikomi": 6,
        "proper_running_style_sashi": 5,
        "proper_running_style_senko": 4,
        "race_dress_id": 11,
        "race_instance_id": 0,
        "skill_set_id": 41827201,
        "speed": 260,
        "stamina": 171,
        "wiz": 152
    },
    {
        "chara_id": 1,
        "guts": 162,
        "id": 139,
        "mob_id": 8320,
        "npc_group_id": 5832,
        "pow": 150,
        "proper_distance_long": 7,
        "proper_distance_middle": 6,
        "proper_distance_mile": 1,
        "proper_distance_short": 1,
        "proper_ground_dirt": 1,
        "proper_ground_turf": 6,
        "proper_running_style_nige": 6,
        "proper_running_style_oikomi": 3,
        "proper_running_style_sashi": 4,
        "proper_running_style_senko": 5,
        "race_dress_id": 12,
        "race_instance_id": 0,
        "skill_set_id": 41832001,
        "speed": 221,
        "stamina": 211,
        "wiz": 250
    },
    {
        "chara_id": 1,
        "guts": 287,
        "id": 140,
        "mob_id": 8323,
        "npc_group_id": 5832,
        "pow": 258,
        "proper_distance_long": 7,
        "proper_distance_middle": 6,
        "proper_distance_mile": 1,
        "proper_distance_short": 1,
        "proper_ground_dirt": 1,
        "proper_ground_turf": 6,
        "proper_running_style_nige": 6,
        "proper_running_style_oikomi": 3,
        "proper_running_style_sashi": 4,
        "proper_running_style_senko": 5,
        "race_dress_id": 8,
        "race_instance_id": 0,
        "skill_set_id": 41832301,
        "speed": 190,
        "stamina": 144,
        "wiz": 208
    },
    {
        "chara_id": 1001,
        "guts": 283,
        "id": 141,
        "mob_id": 0,
        "npc_group_id": 5832,
        "pow": 329,
        "proper_distance_long": 7,
        "proper_distance_middle": 7,
        "proper_distance_mile": 5,
        "proper_distance_short": 2,
        "proper_ground_dirt": 1,
        "proper_ground_turf": 7,
        "proper_running_style_nige": 1,
        "proper_running_style_oikomi": 5,
        "proper_running_style_sashi": 7,
        "proper_running_style_senko": 6,
        "race_dress_id": 100101,
        "race_instance_id": 0,
        "skill_set_id": 41100101,
        "speed": 338,
        "stamina": 356,
        "wiz": 306
    },
    {
        "chara_id": 1016,
        "guts": 283,
        "id": 142,
        "mob_id": 0,
        "npc_group_id": 5832,
        "pow": 345,
        "proper_distance_long": 7,
        "proper_distance_middle": 7,
        "proper_distance_mile": 6,
        "proper_distance_short": 6,
        "proper_ground_dirt": 1,
        "proper_ground_turf": 7,
        "proper_running_style_nige": 4,
        "proper_running_style_oikomi": 2,
        "proper_running_style_sashi": 7,
        "proper_running_style_senko": 6,
        "race_dress_id": 101601,
        "race_instance_id": 0,
        "skill_set_id": 41101601,
        "speed": 345,
        "stamina": 358,
        "wiz": 302
    },
    {
        "chara_id": 1017,
        "guts": 290,
        "id": 143,
        "mob_id": 0,
        "npc_group_id": 5832,
        "pow": 316,
        "proper_distance_long": 7,
        "proper_distance_middle": 7,
        "proper_distance_mile": 6,
        "proper_distance_short": 3,
        "proper_ground_dirt": 1,
        "proper_ground_turf": 7,
        "proper_running_style_nige": 6,
        "proper_running_style_oikomi": 5,
        "proper_running_style_sashi": 7,
        "proper_running_style_senko": 6,
        "race_dress_id": 101701,
        "race_instance_id": 0,
        "skill_set_id": 41101701,
        "speed": 335,
        "stamina": 335,
        "wiz": 358
    },
    {
        "chara_id": 1020,
        "guts": 224,
        "id": 144,
        "mob_id": 0,
        "npc_group_id": 5832,
        "pow": 349,
        "proper_distance_long": 7,
        "proper_distance_middle": 7,
        "proper_distance_mile": 5,
        "proper_distance_short": 1,
        "proper_ground_dirt": 1,
        "proper_ground_turf": 7,
        "proper_running_style_nige": 7,
        "proper_running_style_oikomi": 3,
        "proper_running_style_sashi": 4,
        "proper_running_style_senko": 6,
        "race_dress_id": 102001,
        "race_instance_id": 0,
        "skill_set_id": 41102001,
        "speed": 349,
        "stamina": 369,
        "wiz": 234
    },
    {
        "chara_id": 1023,
        "guts": 293,
        "id": 145,
        "mob_id": 0,
        "npc_group_id": 5832,
        "pow": 300,
        "proper_distance_long": 7,
        "proper_distance_middle": 7,
        "proper_distance_mile": 6,
        "proper_distance_short": 6,
        "proper_ground_dirt": 1,
        "proper_ground_turf": 7,
        "proper_running_style_nige": 1,
        "proper_running_style_oikomi": 1,
        "proper_running_style_sashi": 5,
        "proper_running_style_senko": 7,
        "race_dress_id": 102301,
        "race_instance_id": 0,
        "skill_set_id": 41102301,
        "speed": 322,
        "stamina": 330,
        "wiz": 345
    },
    {
        "chara_id": 1026,
        "guts": 327,
        "id": 146,
        "mob_id": 0,
        "npc_group_id": 5832,
        "pow": 336,
        "proper_distance_long": 5,
        "proper_distance_middle": 7,
        "proper_distance_mile": 7,
        "proper_distance_short": 7,
        "proper_ground_dirt": 1,
        "proper_ground_turf": 7,
        "proper_running_style_nige": 7,
        "proper_running_style_oikomi": 1,
        "proper_running_style_sashi": 4,
        "proper_running_style_senko": 6,
        "race_dress_id": 102601,
        "race_instance_id": 0,
        "skill_set_id": 41102601,
        "speed": 355,
        "stamina": 312,
        "wiz": 336
    },
    {
        "chara_id": 1027,
        "guts": 304,
        "id": 147,
        "mob_id": 0,
        "npc_group_id": 5832,
        "pow": 315,
        "proper_distance_long": 6,
        "proper_distance_middle": 7,
        "proper_distance_mile": 5,
        "proper_distance_short": 3,
        "proper_ground_dirt": 1,
        "proper_ground_turf": 7,
        "proper_running_style_nige": 2,
        "proper_running_style_oikomi": 2,
        "proper_running_style_sashi": 7,
        "proper_running_style_senko": 6,
        "race_dress_id": 102701,
        "race_instance_id": 0,
        "skill_set_id": 41102701,
        "speed": 325,
        "stamina": 330,
        "wiz": 315
    },
    {
        "chara_id": 1,
        "guts": 326,
        "id": 150,
        "mob_id": 8329,
        "npc_group_id": 5833,
        "pow": 214,
        "proper_distance_long": 7,
        "proper_distance_middle": 6,
        "proper_distance_mile": 1,
        "proper_distance_short": 1,
        "proper_ground_dirt": 1,
        "proper_ground_turf": 6,
        "proper_running_style_nige": 6,
        "proper_running_style_oikomi": 3,
        "proper_running_style_sashi": 4,
        "proper_running_style_senko": 5,
        "race_dress_id": 12,
        "race_instance_id": 0,
        "skill_set_id": 42832901,
        "speed": 272,
        "stamina": 425,
        "wiz": 450
    },
    {
        "chara_id": 1,
        "guts": 411,
        "id": 151,
        "mob_id": 8347,
        "npc_group_id": 5833,
        "pow": 312,
        "proper_distance_long": 7,
        "proper_distance_middle": 6,
        "proper_distance_mile": 1,
        "proper_distance_short": 1,
        "proper_ground_dirt": 1,
        "proper_ground_turf": 6,
        "proper_running_style_nige": 5,
        "proper_running_style_oikomi": 4,
        "proper_running_style_sashi": 5,
        "proper_running_style_senko": 6,
        "race_dress_id": 12,
        "race_instance_id": 0,
        "skill_set_id": 42834701,
        "speed": 294,
        "stamina": 406,
        "wiz": 339
    },
    {
        "chara_id": 1,
        "guts": 254,
        "id": 152,
        "mob_id": 8350,
        "npc_group_id": 5833,
        "pow": 358,
        "proper_distance_long": 7,
        "proper_distance_middle": 6,
        "proper_distance_mile": 1,
        "proper_distance_short": 1,
        "proper_ground_dirt": 1,
        "proper_ground_turf": 6,
        "proper_running_style_nige": 5,
        "proper_running_style_oikomi": 4,
        "proper_running_style_sashi": 5,
        "proper_running_style_senko": 6,
        "race_dress_id": 11,
        "race_instance_id": 0,
        "skill_set_id": 42835001,
        "speed": 432,
        "stamina": 405,
        "wiz": 427
    },
    {
        "chara_id": 1,
        "guts": 354,
        "id": 153,
        "mob_id": 8356,
        "npc_group_id": 5833,
        "pow": 338,
        "proper_distance_long": 7,
        "proper_distance_middle": 6,
        "proper_distance_mile": 1,
        "proper_distance_short": 1,
        "proper_ground_dirt": 1,
        "proper_ground_turf": 6,
        "proper_running_style_nige": 4,
        "proper_running_style_oikomi": 5,
        "proper_running_style_sashi": 6,
        "proper_running_style_senko": 5,
        "race_dress_id": 11,
        "race_instance_id": 0,
        "skill_set_id": 42835601,
        "speed": 232,
        "stamina": 411,
        "wiz": 400
    },
    {
        "chara_id": 1,
        "guts": 359,
        "id": 154,
        "mob_id": 8359,
        "npc_group_id": 5833,
        "pow": 357,
        "proper_distance_long": 7,
        "proper_distance_middle": 6,
        "proper_distance_mile": 1,
        "proper_distance_short": 1,
        "proper_ground_dirt": 1,
        "proper_ground_turf": 6,
        "proper_running_style_nige": 4,
        "proper_running_style_oikomi": 5,
        "proper_running_style_sashi": 6,
        "proper_running_style_senko": 5,
        "race_dress_id": 12,
        "race_instance_id": 0,
        "skill_set_id": 42835901,
        "speed": 366,
        "stamina": 309,
        "wiz": 379
    },
    {
        "chara_id": 1,
        "guts": 212,
        "id": 155,
        "mob_id": 8362,
        "npc_group_id": 5833,
        "pow": 502,
        "proper_distance_long": 7,
        "proper_distance_middle": 6,
        "proper_distance_mile": 1,
        "proper_distance_short": 1,
        "proper_ground_dirt": 1,
        "proper_ground_turf": 6,
        "proper_running_style_nige": 4,
        "proper_running_style_oikomi": 5,
        "proper_running_style_sashi": 6,
        "proper_running_style_senko": 5,
        "race_dress_id": 11,
        "race_instance_id": 0,
        "skill_set_id": 42836201,
        "speed": 398,
        "stamina": 348,
        "wiz": 396
    },
    {
        "chara_id": 1,
        "guts": 270,
        "id": 156,
        "mob_id": 8365,
        "npc_group_id": 5833,
        "pow": 482,
        "proper_distance_long": 7,
        "proper_distance_middle": 6,
        "proper_distance_mile": 1,
        "proper_distance_short": 1,
        "proper_ground_dirt": 1,
        "proper_ground_turf": 6,
        "proper_running_style_nige": 4,
        "proper_running_style_oikomi": 5,
        "proper_running_style_sashi": 6,
        "proper_running_style_senko": 5,
        "race_dress_id": 12,
        "race_instance_id": 0,
        "skill_set_id": 42836501,
        "speed": 292,
        "stamina": 434,
        "wiz": 480
    },
    {
        "chara_id": 1,
        "guts": 405,
        "id": 157,
        "mob_id": 8368,
        "npc_group_id": 5833,
        "pow": 351,
        "proper_distance_long": 7,
        "proper_distance_middle": 6,
        "proper_distance_mile": 1,
        "proper_distance_short": 1,
        "proper_ground_dirt": 1,
        "proper_ground_turf": 6,
        "proper_running_style_nige": 3,
        "proper_running_style_oikomi": 6,
        "proper_running_style_sashi": 5,
        "proper_running_style_senko": 4,
        "race_dress_id": 11,
        "race_instance_id": 0,
        "skill_set_id": 42836801,
        "speed": 290,
        "stamina": 241,
        "wiz": 382
    },
    {
        "chara_id": 1,
        "guts": 529,
        "id": 158,
        "mob_id": 8371,
        "npc_group_id": 5833,
        "pow": 433,
        "proper_distance_long": 7,
        "proper_distance_middle": 6,
        "proper_distance_mile": 1,
        "proper_distance_short": 1,
        "proper_ground_dirt": 1,
        "proper_ground_turf": 6,
        "proper_running_style_nige": 3,
        "proper_running_style_oikomi": 6,
        "proper_running_style_sashi": 5,
        "proper_running_style_senko": 4,
        "race_dress_id": 8,
        "race_instance_id": 0,
        "skill_set_id": 42837101,
        "speed": 321,
        "stamina": 418,
        "wiz": 256
    },
    {
        "chara_id": 1,
        "guts": 210,
        "id": 159,
        "mob_id": 8430,
        "npc_group_id": 5833,
        "pow": 494,
        "proper_distance_long": 2,
        "proper_distance_middle": 6,
        "proper_distance_mile": 7,
        "proper_distance_short": 6,
        "proper_ground_dirt": 1,
        "proper_ground_turf": 6,
        "proper_running_style_nige": 5,
        "proper_running_style_oikomi": 4,
        "proper_running_style_sashi": 5,
        "proper_running_style_senko": 6,
        "race_dress_id": 8,
        "race_instance_id": 0,
        "skill_set_id": 42843001,
        "speed": 322,
        "stamina": 424,
        "wiz": 252
    },
    {
        "chara_id": 1,
        "guts": 388,
        "id": 160,
        "mob_id": 8433,
        "npc_group_id": 5833,
        "pow": 466,
        "proper_distance_long": 2,
        "proper_distance_middle": 6,
        "proper_distance_mile": 7,
        "proper_distance_short": 6,
        "proper_ground_dirt": 1,
        "proper_ground_turf": 6,
        "proper_running_style_nige": 5,
        "proper_running_style_oikomi": 4,
        "proper_running_style_sashi": 5,
        "proper_running_style_senko": 6,
        "race_dress_id": 8,
        "race_instance_id": 0,
        "skill_set_id": 42843301,
        "speed": 368,
        "stamina": 216,
        "wiz": 272
    },
    {
        "chara_id": 1,
        "guts": 261,
        "id": 161,
        "mob_id": 8440,
        "npc_group_id": 5833,
        "pow": 437,
        "proper_distance_long": 2,
        "proper_distance_middle": 6,
        "proper_distance_mile": 7,
        "proper_distance_short": 6,
        "proper_ground_dirt": 1,
        "proper_ground_turf": 6,
        "proper_running_style_nige": 4,
        "proper_running_style_oikomi": 5,
        "proper_running_style_sashi": 6,
        "proper_running_style_senko": 5,
        "race_dress_id": 12,
        "race_instance_id": 0,
        "skill_set_id": 42844001,
        "speed": 461,
        "stamina": 346,
        "wiz": 194
    },
    {
        "chara_id": 1,
        "guts": 349,
        "id": 162,
        "mob_id": 8443,
        "npc_group_id": 5833,
        "pow": 510,
        "proper_distance_long": 2,
        "proper_distance_middle": 6,
        "proper_distance_mile": 7,
        "proper_distance_short": 6,
        "proper_ground_dirt": 1,
        "proper_ground_turf": 6,
        "proper_running_style_nige": 4,
        "proper_running_style_oikomi": 5,
        "proper_running_style_sashi": 6,
        "proper_running_style_senko": 5,
        "race_dress_id": 8,
        "race_instance_id": 0,
        "skill_set_id": 42844301,
        "speed": 326,
        "stamina": 307,
        "wiz": 227
    },
    {
        "chara_id": 1,
        "guts": 331,
        "id": 163,
        "mob_id": 8446,
        "npc_group_id": 5833,
        "pow": 452,
        "proper_distance_long": 2,
        "proper_distance_middle": 6,
        "proper_distance_mile": 7,
        "proper_distance_short": 6,
        "proper_ground_dirt": 1,
        "proper_ground_turf": 6,
        "proper_running_style_nige": 4,
        "proper_running_style_oikomi": 5,
        "proper_running_style_sashi": 6,
        "proper_running_style_senko": 5,
        "race_dress_id": 11,
        "race_instance_id": 0,
        "skill_set_id": 42844601,
        "speed": 320,
        "stamina": 234,
        "wiz": 491
    },
    {
        "chara_id": 1001,
        "guts": 480,
        "id": 164,
        "mob_id": 0,
        "npc_group_id": 5833,
        "pow": 557,
        "proper_distance_long": 7,
        "proper_distance_middle": 7,
        "proper_distance_mile": 5,
        "proper_distance_short": 2,
        "proper_ground_dirt": 1,
        "proper_ground_turf": 7,
        "proper_running_style_nige": 1,
        "proper_running_style_oikomi": 5,
        "proper_running_style_sashi": 7,
        "proper_running_style_senko": 6,
        "race_dress_id": 100101,
        "race_instance_id": 0,
        "skill_set_id": 42100101,
        "speed": 572,
        "stamina": 603,
        "wiz": 517
    },
    {
        "chara_id": 1016,
        "guts": 480,
        "id": 165,
        "mob_id": 0,
        "npc_group_id": 5833,
        "pow": 583,
        "proper_distance_long": 7,
        "proper_distance_middle": 7,
        "proper_distance_mile": 6,
        "proper_distance_short": 6,
        "proper_ground_dirt": 1,
        "proper_ground_turf": 7,
        "proper_running_style_nige": 4,
        "proper_running_style_oikomi": 2,
        "proper_running_style_sashi": 7,
        "proper_running_style_senko": 6,
        "race_dress_id": 101601,
        "race_instance_id": 0,
        "skill_set_id": 42101601,
        "speed": 583,
        "stamina": 605,
        "wiz": 510
    },
    {
        "chara_id": 1017,
        "guts": 491,
        "id": 166,
        "mob_id": 0,
        "npc_group_id": 5833,
        "pow": 535,
        "proper_distance_long": 7,
        "proper_distance_middle": 7,
        "proper_distance_mile": 6,
        "proper_distance_short": 3,
        "proper_ground_dirt": 1,
        "proper_ground_turf": 7,
        "proper_running_style_nige": 6,
        "proper_running_style_oikomi": 5,
        "proper_running_style_sashi": 7,
        "proper_running_style_senko": 6,
        "race_dress_id": 101701,
        "race_instance_id": 0,
        "skill_set_id": 42101701,
        "speed": 568,
        "stamina": 568,
        "wiz": 605
    },
    {
        "chara_id": 1020,
        "guts": 403,
        "id": 167,
        "mob_id": 0,
        "npc_group_id": 5833,
        "pow": 628,
        "proper_distance_long": 7,
        "proper_distance_middle": 7,
        "proper_distance_mile": 5,
        "proper_distance_short": 1,
        "proper_ground_dirt": 1,
        "proper_ground_turf": 7,
        "proper_running_style_nige": 7,
        "proper_running_style_oikomi": 3,
        "proper_running_style_sashi": 4,
        "proper_running_style_senko": 6,
        "race_dress_id": 102001,
        "race_instance_id": 0,
        "skill_set_id": 42102001,
        "speed": 628,
        "stamina": 664,
        "wiz": 421
    },
    {
        "chara_id": 1023,
        "guts": 518,
        "id": 168,
        "mob_id": 0,
        "npc_group_id": 5833,
        "pow": 531,
        "proper_distance_long": 7,
        "proper_distance_middle": 7,
        "proper_distance_mile": 6,
        "proper_distance_short": 6,
        "proper_ground_dirt": 1,
        "proper_ground_turf": 7,
        "proper_running_style_nige": 1,
        "proper_running_style_oikomi": 1,
        "proper_running_style_sashi": 5,
        "proper_running_style_senko": 7,
        "race_dress_id": 102301,
        "race_instance_id": 0,
        "skill_set_id": 42102301,
        "speed": 570,
        "stamina": 584,
        "wiz": 610
    },
    {
        "chara_id": 1026,
        "guts": 557,
        "id": 169,
        "mob_id": 0,
        "npc_group_id": 5833,
        "pow": 573,
        "proper_distance_long": 5,
        "proper_distance_middle": 7,
        "proper_distance_mile": 7,
        "proper_distance_short": 7,
        "proper_ground_dirt": 1,
        "proper_ground_turf": 7,
        "proper_running_style_nige": 7,
        "proper_running_style_oikomi": 1,
        "proper_running_style_sashi": 4,
        "proper_running_style_senko": 6,
        "race_dress_id": 102601,
        "race_instance_id": 0,
        "skill_set_id": 42102601,
        "speed": 605,
        "stamina": 531,
        "wiz": 573
    },
    {
        "chara_id": 1027,
        "guts": 550,
        "id": 170,
        "mob_id": 0,
        "npc_group_id": 5833,
        "pow": 569,
        "proper_distance_long": 6,
        "proper_distance_middle": 7,
        "proper_distance_mile": 5,
        "proper_distance_short": 3,
        "proper_ground_dirt": 1,
        "proper_ground_turf": 7,
        "proper_running_style_nige": 2,
        "proper_running_style_oikomi": 2,
        "proper_running_style_sashi": 7,
        "proper_running_style_senko": 6,
        "race_dress_id": 102701,
        "race_instance_id": 0,
        "skill_set_id": 42102701,
        "speed": 588,
        "stamina": 597,
        "wiz": 557
    }
]