[
    {
        "base_state_name": "foot_hirakiN01_plus",
        "command_name": "foot_hirakiN01",
        "end_blend_time": 1600,
        "id": 1,
        "layer_index": 2,
        "start_blend_time": 2300,
        "tail_motion_type": 0
    },
    {
        "base_state_name": "foot_hirakiN01_plus_mirror",
        "command_name": "foot_hirakiN01_mirror",
        "end_blend_time": 1600,
        "id": 2,
        "layer_index": 2,
        "start_blend_time": 2300,
        "tail_motion_type": 0
    },
    {
        "base_state_name": "foot_hirakiS01_plus",
        "command_name": "foot_hirakiS01",
        "end_blend_time": 1600,
        "id": 3,
        "layer_index": 2,
        "start_blend_time": 2300,
        "tail_motion_type": 0
    },
    {
        "base_state_name": "foot_hirakiS01_plus_mirror",
        "command_name": "foot_hirakiS01_mirror",
        "end_blend_time": 1600,
        "id": 4,
        "layer_index": 2,
        "start_blend_time": 2300,
        "tail_motion_type": 0
    },
    {
        "base_state_name": "foot_hirakiX01_plus",
        "command_name": "foot_hirakiX01",
        "end_blend_time": 1600,
        "id": 5,
        "layer_index": 2,
        "start_blend_time": 2300,
        "tail_motion_type": 0
    },
    {
        "base_state_name": "foot_hirakiX01_plus_mirror",
        "command_name": "foot_hirakiX01_mirror",
        "end_blend_time": 1600,
        "id": 6,
        "layer_index": 2,
        "start_blend_time": 2300,
        "tail_motion_type": 0
    },
    {
        "base_state_name": "foot_sonobaN01_plus",
        "command_name": "foot_sonobaN01",
        "end_blend_time": 1600,
        "id": 7,
        "layer_index": 2,
        "start_blend_time": 2300,
        "tail_motion_type": 0
    },
    {
        "base_state_name": "foot_sonobaN01_plus_mirror",
        "command_name": "foot_sonobaN01_mirror",
        "end_blend_time": 1600,
        "id": 8,
        "layer_index": 2,
        "start_blend_time": 2300,
        "tail_motion_type": 0
    },
    {
        "base_state_name": "foot_toziN01_plus",
        "command_name": "foot_toziN01",
        "end_blend_time": 1600,
        "id": 9,
        "layer_index": 2,
        "start_blend_time": 2300,
        "tail_motion_type": 0
    },
    {
        "base_state_name": "foot_toziN01_plus_mirror",
        "command_name": "foot_toziN01_mirror",
        "end_blend_time": 1600,
        "id": 10,
        "layer_index": 2,
        "start_blend_time": 2300,
        "tail_motion_type": 0
    },
    {
        "base_state_name": "foot_toziS01_plus",
        "command_name": "foot_toziS01",
        "end_blend_time": 1600,
        "id": 11,
        "layer_index": 2,
        "start_blend_time": 2300,
        "tail_motion_type": 0
    },
    {
        "base_state_name": "foot_toziS01_plus_mirror",
        "command_name": "foot_toziS01_mirror",
        "end_blend_time": 1600,
        "id": 12,
        "layer_index": 2,
        "start_blend_time": 2300,
        "tail_motion_type": 0
    },
    {
        "base_state_name": "foot_toziX01_plus",
        "command_name": "foot_toziX01",
        "end_blend_time": 1600,
        "id": 13,
        "layer_index": 2,
        "start_blend_time": 2300,
        "tail_motion_type": 0
    },
    {
        "base_state_name": "foot_toziX01_plus_mirror",
        "command_name": "foot_toziX01_mirror",
        "end_blend_time": 1600,
        "id": 14,
        "layer_index": 2,
        "start_blend_time": 2300,
        "tail_motion_type": 0
    },
    {
        "base_state_name": "turn_plus",
        "command_name": "turn",
        "end_blend_time": 1600,
        "id": 15,
        "layer_index": 2,
        "start_blend_time": 2300,
        "tail_motion_type": 0
    },
    {
        "base_state_name": "turn_plus_mirror",
        "command_name": "turn_mirror",
        "end_blend_time": 1600,
        "id": 16,
        "layer_index": 2,
        "start_blend_time": 2300,
        "tail_motion_type": 0
    },
    {
        "base_state_name": "downA_plus",
        "command_name": "downA",
        "end_blend_time": 1600,
        "id": 17,
        "layer_index": 2,
        "start_blend_time": 2300,
        "tail_motion_type": 0
    },
    {
        "base_state_name": "downAE_plus",
        "command_name": "downAE",
        "end_blend_time": 1600,
        "id": 18,
        "layer_index": 2,
        "start_blend_time": 2300,
        "tail_motion_type": 0
    },
    {
        "base_state_name": "downB_plus",
        "command_name": "downB",
        "end_blend_time": 1600,
        "id": 19,
        "layer_index": 2,
        "start_blend_time": 2300,
        "tail_motion_type": 0
    },
    {
        "base_state_name": "downBE_plus",
        "command_name": "downBE",
        "end_blend_time": 1600,
        "id": 20,
        "layer_index": 2,
        "start_blend_time": 2300,
        "tail_motion_type": 0
    },
    {
        "base_state_name": "downrightA_plus_mirror",
        "command_name": "downleftA",
        "end_blend_time": 1600,
        "id": 21,
        "layer_index": 2,
        "start_blend_time": 2300,
        "tail_motion_type": 0
    },
    {
        "base_state_name": "downrightAE_plus_mirror",
        "command_name": "downleftAE",
        "end_blend_time": 1600,
        "id": 22,
        "layer_index": 2,
        "start_blend_time": 2300,
        "tail_motion_type": 0
    },
    {
        "base_state_name": "downrightB_plus_mirror",
        "command_name": "downleftB",
        "end_blend_time": 1600,
        "id": 23,
        "layer_index": 2,
        "start_blend_time": 2300,
        "tail_motion_type": 0
    },
    {
        "base_state_name": "downrightBE_plus_mirror",
        "command_name": "downleftBE",
        "end_blend_time": 1600,
        "id": 24,
        "layer_index": 2,
        "start_blend_time": 2300,
        "tail_motion_type": 0
    },
    {
        "base_state_name": "downrightA_plus",
        "command_name": "downrightA",
        "end_blend_time": 1600,
        "id": 25,
        "layer_index": 2,
        "start_blend_time": 2300,
        "tail_motion_type": 0
    },
    {
        "base_state_name": "downrightAE_plus",
        "command_name": "downrightAE",
        "end_blend_time": 1600,
        "id": 26,
        "layer_index": 2,
        "start_blend_time": 2300,
        "tail_motion_type": 0
    },
    {
        "base_state_name": "downrightB_plus",
        "command_name": "downrightB",
        "end_blend_time": 1600,
        "id": 27,
        "layer_index": 2,
        "start_blend_time": 2300,
        "tail_motion_type": 0
    },
    {
        "base_state_name": "downrightBE_plus",
        "command_name": "downrightBE",
        "end_blend_time": 1600,
        "id": 28,
        "layer_index": 2,
        "start_blend_time": 2300,
        "tail_motion_type": 0
    },
    {
        "base_state_name": "down_lookR_plus_mirror",
        "command_name": "down_lookL",
        "end_blend_time": 1600,
        "id": 29,
        "layer_index": 2,
        "start_blend_time": 2300,
        "tail_motion_type": 0
    },
    {
        "base_state_name": "down_lookRE_plus_mirror",
        "command_name": "down_lookLE",
        "end_blend_time": 1600,
        "id": 30,
        "layer_index": 2,
        "start_blend_time": 2300,
        "tail_motion_type": 0
    },
    {
        "base_state_name": "down_lookR_plus",
        "command_name": "down_lookR",
        "end_blend_time": 1600,
        "id": 31,
        "layer_index": 2,
        "start_blend_time": 2300,
        "tail_motion_type": 0
    },
    {
        "base_state_name": "down_lookRE_plus",
        "command_name": "down_lookRE",
        "end_blend_time": 1600,
        "id": 32,
        "layer_index": 2,
        "start_blend_time": 2300,
        "tail_motion_type": 0
    },
    {
        "base_state_name": "down_neckA_plus",
        "command_name": "down_neckA",
        "end_blend_time": 1600,
        "id": 33,
        "layer_index": 2,
        "start_blend_time": 2300,
        "tail_motion_type": 0
    },
    {
        "base_state_name": "down_neckA_plus_mirror",
        "command_name": "down_neckA_mirror",
        "end_blend_time": 1600,
        "id": 34,
        "layer_index": 2,
        "start_blend_time": 2300,
        "tail_motion_type": 0
    },
    {
        "base_state_name": "rightA_plus_mirror",
        "command_name": "leftA",
        "end_blend_time": 3000,
        "id": 35,
        "layer_index": 2,
        "start_blend_time": 5000,
        "tail_motion_type": 0
    },
    {
        "base_state_name": "rightAE_plus_mirror",
        "command_name": "leftAE",
        "end_blend_time": 3000,
        "id": 36,
        "layer_index": 2,
        "start_blend_time": 5000,
        "tail_motion_type": 0
    },
    {
        "base_state_name": "rightB_plus_mirror",
        "command_name": "leftB",
        "end_blend_time": 1600,
        "id": 37,
        "layer_index": 2,
        "start_blend_time": 2300,
        "tail_motion_type": 0
    },
    {
        "base_state_name": "rightBE_plus_mirror",
        "command_name": "leftBE",
        "end_blend_time": 1600,
        "id": 38,
        "layer_index": 2,
        "start_blend_time": 2300,
        "tail_motion_type": 0
    },
    {
        "base_state_name": "questionR_plus_mirror",
        "command_name": "questionL",
        "end_blend_time": 1600,
        "id": 39,
        "layer_index": 2,
        "start_blend_time": 2300,
        "tail_motion_type": 0
    },
    {
        "base_state_name": "questionRE_plus_mirror",
        "command_name": "questionLE",
        "end_blend_time": 1600,
        "id": 40,
        "layer_index": 2,
        "start_blend_time": 2300,
        "tail_motion_type": 0
    },
    {
        "base_state_name": "questionR_plus",
        "command_name": "questionR",
        "end_blend_time": 1600,
        "id": 41,
        "layer_index": 2,
        "start_blend_time": 2300,
        "tail_motion_type": 0
    },
    {
        "base_state_name": "questionRE_plus",
        "command_name": "questionRE",
        "end_blend_time": 1600,
        "id": 42,
        "layer_index": 2,
        "start_blend_time": 2300,
        "tail_motion_type": 0
    },
    {
        "base_state_name": "rightA_plus",
        "command_name": "rightA",
        "end_blend_time": 3000,
        "id": 43,
        "layer_index": 2,
        "start_blend_time": 5000,
        "tail_motion_type": 0
    },
    {
        "base_state_name": "rightAE_plus",
        "command_name": "rightAE",
        "end_blend_time": 3000,
        "id": 44,
        "layer_index": 2,
        "start_blend_time": 5000,
        "tail_motion_type": 0
    },
    {
        "base_state_name": "rightB_plus",
        "command_name": "rightB",
        "end_blend_time": 1600,
        "id": 45,
        "layer_index": 2,
        "start_blend_time": 2300,
        "tail_motion_type": 0
    },
    {
        "base_state_name": "rightBE_plus",
        "command_name": "rightBE",
        "end_blend_time": 1600,
        "id": 46,
        "layer_index": 2,
        "start_blend_time": 2300,
        "tail_motion_type": 0
    },
    {
        "base_state_name": "upA_plus",
        "command_name": "upA",
        "end_blend_time": 1600,
        "id": 47,
        "layer_index": 2,
        "start_blend_time": 2300,
        "tail_motion_type": 0
    },
    {
        "base_state_name": "upAE_plus",
        "command_name": "upAE",
        "end_blend_time": 1600,
        "id": 48,
        "layer_index": 2,
        "start_blend_time": 2300,
        "tail_motion_type": 0
    },
    {
        "base_state_name": "upB_plus",
        "command_name": "upB",
        "end_blend_time": 1600,
        "id": 49,
        "layer_index": 2,
        "start_blend_time": 2300,
        "tail_motion_type": 0
    },
    {
        "base_state_name": "upBE_plus",
        "command_name": "upBE",
        "end_blend_time": 1600,
        "id": 50,
        "layer_index": 2,
        "start_blend_time": 2300,
        "tail_motion_type": 0
    },
    {
        "base_state_name": "uprightA_plus_mirror",
        "command_name": "upleftA",
        "end_blend_time": 1600,
        "id": 51,
        "layer_index": 2,
        "start_blend_time": 2300,
        "tail_motion_type": 0
    },
    {
        "base_state_name": "uprightAE_plus_mirror",
        "command_name": "upleftAE",
        "end_blend_time": 1600,
        "id": 52,
        "layer_index": 2,
        "start_blend_time": 2300,
        "tail_motion_type": 0
    },
    {
        "base_state_name": "uprightB_plus_mirror",
        "command_name": "upleftB",
        "end_blend_time": 1600,
        "id": 53,
        "layer_index": 2,
        "start_blend_time": 2300,
        "tail_motion_type": 0
    },
    {
        "base_state_name": "uprightBE_plus_mirror",
        "command_name": "upleftBE",
        "end_blend_time": 1600,
        "id": 54,
        "layer_index": 2,
        "start_blend_time": 2300,
        "tail_motion_type": 0
    },
    {
        "base_state_name": "uprightA_plus",
        "command_name": "uprightA",
        "end_blend_time": 1600,
        "id": 55,
        "layer_index": 2,
        "start_blend_time": 2300,
        "tail_motion_type": 0
    },
    {
        "base_state_name": "uprightAE_plus",
        "command_name": "uprightAE",
        "end_blend_time": 1600,
        "id": 56,
        "layer_index": 2,
        "start_blend_time": 2300,
        "tail_motion_type": 0
    },
    {
        "base_state_name": "uprightB_plus",
        "command_name": "uprightB",
        "end_blend_time": 1600,
        "id": 57,
        "layer_index": 2,
        "start_blend_time": 2300,
        "tail_motion_type": 0
    },
    {
        "base_state_name": "uprightBE_plus",
        "command_name": "uprightBE",
        "end_blend_time": 1600,
        "id": 58,
        "layer_index": 2,
        "start_blend_time": 2300,
        "tail_motion_type": 0
    },
    {
        "base_state_name": "up_neckA_plus",
        "command_name": "up_neckA",
        "end_blend_time": 1600,
        "id": 59,
        "layer_index": 2,
        "start_blend_time": 2300,
        "tail_motion_type": 0
    },
    {
        "base_state_name": "up_neckB_plus",
        "command_name": "up_neckB",
        "end_blend_time": 1600,
        "id": 60,
        "layer_index": 2,
        "start_blend_time": 2300,
        "tail_motion_type": 0
    },
    {
        "base_state_name": "yesA_plus",
        "command_name": "yesA",
        "end_blend_time": 1600,
        "id": 61,
        "layer_index": 2,
        "start_blend_time": 2300,
        "tail_motion_type": 0
    },
    {
        "base_state_name": "yesB_plus",
        "command_name": "yesB",
        "end_blend_time": 1600,
        "id": 62,
        "layer_index": 2,
        "start_blend_time": 2300,
        "tail_motion_type": 0
    },
    {
        "base_state_name": "yesC_plus",
        "command_name": "yesC",
        "end_blend_time": 1600,
        "id": 63,
        "layer_index": 2,
        "start_blend_time": 2300,
        "tail_motion_type": 0
    },
    {
        "base_state_name": "noA_plus",
        "command_name": "noA",
        "end_blend_time": 1600,
        "id": 64,
        "layer_index": 2,
        "start_blend_time": 2300,
        "tail_motion_type": 0
    },
    {
        "base_state_name": "noB_plus",
        "command_name": "noB",
        "end_blend_time": 1600,
        "id": 65,
        "layer_index": 2,
        "start_blend_time": 2300,
        "tail_motion_type": 0
    },
    {
        "base_state_name": "laugh_s_plus",
        "command_name": "laugh_s",
        "end_blend_time": 1600,
        "id": 66,
        "layer_index": 2,
        "start_blend_time": 2300,
        "tail_motion_type": 0
    },
    {
        "base_state_name": "surprise_s_plus",
        "command_name": "surprise_s",
        "end_blend_time": 1600,
        "id": 67,
        "layer_index": 2,
        "start_blend_time": 2300,
        "tail_motion_type": 0
    },
    {
        "base_state_name": "talkA_plus",
        "command_name": "talkA",
        "end_blend_time": 1600,
        "id": 68,
        "layer_index": 2,
        "start_blend_time": 2300,
        "tail_motion_type": 0
    },
    {
        "base_state_name": "talkB_plus",
        "command_name": "talkB",
        "end_blend_time": 1600,
        "id": 69,
        "layer_index": 2,
        "start_blend_time": 2300,
        "tail_motion_type": 0
    },
    {
        "base_state_name": "plusend",
        "command_name": "plusend",
        "end_blend_time": 0,
        "id": 70,
        "layer_index": 2,
        "start_blend_time": 2500,
        "tail_motion_type": 0
    },
    {
        "base_state_name": "shotS01_tail",
        "command_name": "shotS01",
        "end_blend_time": 0,
        "id": 71,
        "layer_index": 3,
        "start_blend_time": 0,
        "tail_motion_type": 0
    },
    {
        "base_state_name": "shotS01_tail_mirror",
        "command_name": "shotS01_mirror",
        "end_blend_time": 0,
        "id": 72,
        "layer_index": 3,
        "start_blend_time": 0,
        "tail_motion_type": 0
    },
    {
        "base_state_name": "shotS02_tail",
        "command_name": "shotS02",
        "end_blend_time": 0,
        "id": 73,
        "layer_index": 3,
        "start_blend_time": 0,
        "tail_motion_type": 0
    },
    {
        "base_state_name": "shotS02_tail_mirror",
        "command_name": "shotS02_mirror",
        "end_blend_time": 0,
        "id": 74,
        "layer_index": 3,
        "start_blend_time": 0,
        "tail_motion_type": 0
    },
    {
        "base_state_name": "shotS03_tail",
        "command_name": "shotS03",
        "end_blend_time": 0,
        "id": 75,
        "layer_index": 3,
        "start_blend_time": 0,
        "tail_motion_type": 0
    },
    {
        "base_state_name": "shotS03_tail_mirror",
        "command_name": "shotS03_mirror",
        "end_blend_time": 0,
        "id": 76,
        "layer_index": 3,
        "start_blend_time": 0,
        "tail_motion_type": 0
    },
    {
        "base_state_name": "loopL01_tail",
        "command_name": "loopL01",
        "end_blend_time": 0,
        "id": 77,
        "layer_index": 3,
        "start_blend_time": 0,
        "tail_motion_type": 0
    },
    {
        "base_state_name": "loopL01_tail_mirror",
        "command_name": "loopL01_mirror",
        "end_blend_time": 0,
        "id": 78,
        "layer_index": 3,
        "start_blend_time": 0,
        "tail_motion_type": 0
    },
    {
        "base_state_name": "loopL02_tail",
        "command_name": "loopL02",
        "end_blend_time": 0,
        "id": 79,
        "layer_index": 3,
        "start_blend_time": 0,
        "tail_motion_type": 0
    },
    {
        "base_state_name": "loopL02_tail_mirror",
        "command_name": "loopL02_mirror",
        "end_blend_time": 0,
        "id": 80,
        "layer_index": 3,
        "start_blend_time": 0,
        "tail_motion_type": 0
    },
    {
        "base_state_name": "loopL03_tail",
        "command_name": "loopL03",
        "end_blend_time": 0,
        "id": 81,
        "layer_index": 3,
        "start_blend_time": 0,
        "tail_motion_type": 0
    },
    {
        "base_state_name": "loopL03_tail_mirror",
        "command_name": "loopL03_mirror",
        "end_blend_time": 0,
        "id": 82,
        "layer_index": 3,
        "start_blend_time": 0,
        "tail_motion_type": 0
    },
    {
        "base_state_name": "loopL04_tail",
        "command_name": "loopL04",
        "end_blend_time": 0,
        "id": 83,
        "layer_index": 3,
        "start_blend_time": 0,
        "tail_motion_type": 0
    },
    {
        "base_state_name": "loopL04_tail_mirror",
        "command_name": "loopL04_mirror",
        "end_blend_time": 0,
        "id": 84,
        "layer_index": 3,
        "start_blend_time": 0,
        "tail_motion_type": 0
    },
    {
        "base_state_name": "loopS01_tail",
        "command_name": "loopS01",
        "end_blend_time": 0,
        "id": 85,
        "layer_index": 3,
        "start_blend_time": 0,
        "tail_motion_type": 0
    },
    {
        "base_state_name": "loopS01_tail_mirror",
        "command_name": "loopS01_mirror",
        "end_blend_time": 0,
        "id": 86,
        "layer_index": 3,
        "start_blend_time": 0,
        "tail_motion_type": 0
    },
    {
        "base_state_name": "shotL01_tail",
        "command_name": "shotL01",
        "end_blend_time": 0,
        "id": 87,
        "layer_index": 3,
        "start_blend_time": 0,
        "tail_motion_type": 0
    },
    {
        "base_state_name": "shotL01_tail_mirror",
        "command_name": "shotL01_mirror",
        "end_blend_time": 0,
        "id": 88,
        "layer_index": 3,
        "start_blend_time": 0,
        "tail_motion_type": 0
    },
    {
        "base_state_name": "shotL02_tail",
        "command_name": "shotL02",
        "end_blend_time": 0,
        "id": 89,
        "layer_index": 3,
        "start_blend_time": 0,
        "tail_motion_type": 0
    },
    {
        "base_state_name": "shotL02_tail_mirror",
        "command_name": "shotL02_mirror",
        "end_blend_time": 0,
        "id": 90,
        "layer_index": 3,
        "start_blend_time": 0,
        "tail_motion_type": 0
    },
    {
        "base_state_name": "shotL03_tail",
        "command_name": "shotL03",
        "end_blend_time": 0,
        "id": 91,
        "layer_index": 3,
        "start_blend_time": 0,
        "tail_motion_type": 1
    },
    {
        "base_state_name": "shotL03_tail_mirror",
        "command_name": "shotL03_mirror",
        "end_blend_time": 0,
        "id": 92,
        "layer_index": 3,
        "start_blend_time": 0,
        "tail_motion_type": 1
    },
    {
        "base_state_name": "tome01_tail",
        "command_name": "tome01",
        "end_blend_time": 0,
        "id": 93,
        "layer_index": 3,
        "start_blend_time": 0,
        "tail_motion_type": 0
    },
    {
        "base_state_name": "tome01_tail_mirror",
        "command_name": "tome01_mirror",
        "end_blend_time": 0,
        "id": 94,
        "layer_index": 3,
        "start_blend_time": 0,
        "tail_motion_type": 0
    },
    {
        "base_state_name": "downA_IK_add",
        "command_name": "downA_IK",
        "end_blend_time": 1600,
        "id": 95,
        "layer_index": 2,
        "start_blend_time": 2300,
        "tail_motion_type": 0
    },
    {
        "base_state_name": "downAE_IK_add",
        "command_name": "downAE_IK",
        "end_blend_time": 1600,
        "id": 96,
        "layer_index": 2,
        "start_blend_time": 2300,
        "tail_motion_type": 0
    },
    {
        "base_state_name": "downB_IK_add",
        "command_name": "downB_IK",
        "end_blend_time": 1600,
        "id": 97,
        "layer_index": 2,
        "start_blend_time": 2300,
        "tail_motion_type": 0
    },
    {
        "base_state_name": "downBE_IK_add",
        "command_name": "downBE_IK",
        "end_blend_time": 1600,
        "id": 98,
        "layer_index": 2,
        "start_blend_time": 2300,
        "tail_motion_type": 0
    },
    {
        "base_state_name": "downrightA_IK_add",
        "command_name": "downrightA_IK",
        "end_blend_time": 1600,
        "id": 99,
        "layer_index": 2,
        "start_blend_time": 2300,
        "tail_motion_type": 0
    },
    {
        "base_state_name": "downrightAE_IK_add",
        "command_name": "downrightAE_IK",
        "end_blend_time": 1600,
        "id": 100,
        "layer_index": 2,
        "start_blend_time": 2300,
        "tail_motion_type": 0
    },
    {
        "base_state_name": "downrightB_IK_add",
        "command_name": "downrightB_IK",
        "end_blend_time": 1600,
        "id": 101,
        "layer_index": 2,
        "start_blend_time": 2300,
        "tail_motion_type": 0
    },
    {
        "base_state_name": "downrightBE_IK_add",
        "command_name": "downrightBE_IK",
        "end_blend_time": 1600,
        "id": 102,
        "layer_index": 2,
        "start_blend_time": 2300,
        "tail_motion_type": 0
    },
    {
        "base_state_name": "downrightA_IK_add_mirror",
        "command_name": "downleftA_IK",
        "end_blend_time": 1600,
        "id": 103,
        "layer_index": 2,
        "start_blend_time": 2300,
        "tail_motion_type": 0
    },
    {
        "base_state_name": "downrightAE_IK_add_mirror",
        "command_name": "downleftAE_IK",
        "end_blend_time": 1600,
        "id": 104,
        "layer_index": 2,
        "start_blend_time": 2300,
        "tail_motion_type": 0
    },
    {
        "base_state_name": "downrightB_IK_add_mirror",
        "command_name": "downleftB_IK",
        "end_blend_time": 1600,
        "id": 105,
        "layer_index": 2,
        "start_blend_time": 2300,
        "tail_motion_type": 0
    },
    {
        "base_state_name": "downrightBE_IK_add_mirror",
        "command_name": "downleftBE_IK",
        "end_blend_time": 1600,
        "id": 106,
        "layer_index": 2,
        "start_blend_time": 2300,
        "tail_motion_type": 0
    },
    {
        "base_state_name": "laugh_IK_add",
        "command_name": "laugh_IK",
        "end_blend_time": 1600,
        "id": 107,
        "layer_index": 2,
        "start_blend_time": 2300,
        "tail_motion_type": 0
    },
    {
        "base_state_name": "noA_IK_add",
        "command_name": "noA_IK",
        "end_blend_time": 1600,
        "id": 108,
        "layer_index": 2,
        "start_blend_time": 2300,
        "tail_motion_type": 0
    },
    {
        "base_state_name": "questionR_IK_add",
        "command_name": "questionR_IK",
        "end_blend_time": 1600,
        "id": 109,
        "layer_index": 2,
        "start_blend_time": 2300,
        "tail_motion_type": 0
    },
    {
        "base_state_name": "questionRE_IK_add",
        "command_name": "questionRE_IK",
        "end_blend_time": 1600,
        "id": 110,
        "layer_index": 2,
        "start_blend_time": 2300,
        "tail_motion_type": 0
    },
    {
        "base_state_name": "questionR_IK_add_mirror",
        "command_name": "questionL_IK",
        "end_blend_time": 1600,
        "id": 111,
        "layer_index": 2,
        "start_blend_time": 2300,
        "tail_motion_type": 0
    },
    {
        "base_state_name": "questionRE_IK_add_mirror",
        "command_name": "questionLE_IK",
        "end_blend_time": 1600,
        "id": 112,
        "layer_index": 2,
        "start_blend_time": 2300,
        "tail_motion_type": 0
    },
    {
        "base_state_name": "rightA_IK_add",
        "command_name": "rightA_IK",
        "end_blend_time": 1600,
        "id": 113,
        "layer_index": 2,
        "start_blend_time": 2300,
        "tail_motion_type": 0
    },
    {
        "base_state_name": "rightAE_IK_add",
        "command_name": "rightAE_IK",
        "end_blend_time": 1600,
        "id": 114,
        "layer_index": 2,
        "start_blend_time": 2300,
        "tail_motion_type": 0
    },
    {
        "base_state_name": "rightB_IK_add",
        "command_name": "rightB_IK",
        "end_blend_time": 1600,
        "id": 115,
        "layer_index": 2,
        "start_blend_time": 2300,
        "tail_motion_type": 0
    },
    {
        "base_state_name": "rightBE_IK_add",
        "command_name": "rightBE_IK",
        "end_blend_time": 1600,
        "id": 116,
        "layer_index": 2,
        "start_blend_time": 2300,
        "tail_motion_type": 0
    },
    {
        "base_state_name": "rightA_IK_add_mirror",
        "command_name": "leftA_IK",
        "end_blend_time": 1600,
        "id": 117,
        "layer_index": 2,
        "start_blend_time": 2300,
        "tail_motion_type": 0
    },
    {
        "base_state_name": "rightAE_IK_add_mirror",
        "command_name": "leftAE_IK",
        "end_blend_time": 1600,
        "id": 118,
        "layer_index": 2,
        "start_blend_time": 2300,
        "tail_motion_type": 0
    },
    {
        "base_state_name": "rightB_IK_add_mirror",
        "command_name": "leftB_IK",
        "end_blend_time": 1600,
        "id": 119,
        "layer_index": 2,
        "start_blend_time": 2300,
        "tail_motion_type": 0
    },
    {
        "base_state_name": "rightBE_IK_add_mirror",
        "command_name": "leftBE_IK",
        "end_blend_time": 1600,
        "id": 120,
        "layer_index": 2,
        "start_blend_time": 2300,
        "tail_motion_type": 0
    },
    {
        "base_state_name": "surprise_s_IK_add",
        "command_name": "surprise_s_IK",
        "end_blend_time": 1600,
        "id": 121,
        "layer_index": 2,
        "start_blend_time": 2300,
        "tail_motion_type": 0
    },
    {
        "base_state_name": "talkA_IK_add",
        "command_name": "talkA_IK",
        "end_blend_time": 1600,
        "id": 122,
        "layer_index": 2,
        "start_blend_time": 2300,
        "tail_motion_type": 0
    },
    {
        "base_state_name": "talkB_IK_add",
        "command_name": "talkB_IK",
        "end_blend_time": 1600,
        "id": 123,
        "layer_index": 2,
        "start_blend_time": 2300,
        "tail_motion_type": 0
    },
    {
        "base_state_name": "upA_IK_add",
        "command_name": "upA_IK",
        "end_blend_time": 1600,
        "id": 124,
        "layer_index": 2,
        "start_blend_time": 2300,
        "tail_motion_type": 0
    },
    {
        "base_state_name": "upAE_IK_add",
        "command_name": "upAE_IK",
        "end_blend_time": 1600,
        "id": 125,
        "layer_index": 2,
        "start_blend_time": 2300,
        "tail_motion_type": 0
    },
    {
        "base_state_name": "upB_IK_add",
        "command_name": "upB_IK",
        "end_blend_time": 1600,
        "id": 126,
        "layer_index": 2,
        "start_blend_time": 2300,
        "tail_motion_type": 0
    },
    {
        "base_state_name": "upBE_IK_add",
        "command_name": "upBE_IK",
        "end_blend_time": 1600,
        "id": 127,
        "layer_index": 2,
        "start_blend_time": 2300,
        "tail_motion_type": 0
    },
    {
        "base_state_name": "uprightA_IK_add",
        "command_name": "uprightA_IK",
        "end_blend_time": 1600,
        "id": 128,
        "layer_index": 2,
        "start_blend_time": 2300,
        "tail_motion_type": 0
    },
    {
        "base_state_name": "uprightAE_IK_add",
        "command_name": "uprightAE_IK",
        "end_blend_time": 1600,
        "id": 129,
        "layer_index": 2,
        "start_blend_time": 2300,
        "tail_motion_type": 0
    },
    {
        "base_state_name": "uprightB_IK_add",
        "command_name": "uprightB_IK",
        "end_blend_time": 1600,
        "id": 130,
        "layer_index": 2,
        "start_blend_time": 2300,
        "tail_motion_type": 0
    },
    {
        "base_state_name": "uprightBE_IK_add",
        "command_name": "uprightBE_IK",
        "end_blend_time": 1600,
        "id": 131,
        "layer_index": 2,
        "start_blend_time": 2300,
        "tail_motion_type": 0
    },
    {
        "base_state_name": "uprightA_IK_add_mirror",
        "command_name": "upleftA_IK",
        "end_blend_time": 1600,
        "id": 132,
        "layer_index": 2,
        "start_blend_time": 2300,
        "tail_motion_type": 0
    },
    {
        "base_state_name": "uprightAE_IK_add_mirror",
        "command_name": "upleftAE_IK",
        "end_blend_time": 1600,
        "id": 133,
        "layer_index": 2,
        "start_blend_time": 2300,
        "tail_motion_type": 0
    },
    {
        "base_state_name": "uprightB_IK_add_mirror",
        "command_name": "upleftB_IK",
        "end_blend_time": 1600,
        "id": 134,
        "layer_index": 2,
        "start_blend_time": 2300,
        "tail_motion_type": 0
    },
    {
        "base_state_name": "uprightBE_IK_add_mirror",
        "command_name": "upleftBE_IK",
        "end_blend_time": 1600,
        "id": 135,
        "layer_index": 2,
        "start_blend_time": 2300,
        "tail_motion_type": 0
    },
    {
        "base_state_name": "yesA_IK_add",
        "command_name": "yesA_IK",
        "end_blend_time": 1600,
        "id": 136,
        "layer_index": 2,
        "start_blend_time": 2300,
        "tail_motion_type": 0
    },
    {
        "base_state_name": "yesB_IK_add",
        "command_name": "yesB_IK",
        "end_blend_time": 1600,
        "id": 137,
        "layer_index": 2,
        "start_blend_time": 2300,
        "tail_motion_type": 0
    },
    {
        "base_state_name": "HipBack_IK_add",
        "command_name": "HipBack_IK",
        "end_blend_time": 1600,
        "id": 138,
        "layer_index": 2,
        "start_blend_time": 2300,
        "tail_motion_type": 0
    },
    {
        "base_state_name": "HipBackE_IK_add",
        "command_name": "HipBackE_IK",
        "end_blend_time": 1600,
        "id": 139,
        "layer_index": 2,
        "start_blend_time": 2300,
        "tail_motion_type": 0
    },
    {
        "base_state_name": "HipDown_IK_add",
        "command_name": "HipDown_IK",
        "end_blend_time": 1600,
        "id": 140,
        "layer_index": 2,
        "start_blend_time": 2300,
        "tail_motion_type": 0
    },
    {
        "base_state_name": "HipDownE_IK_add",
        "command_name": "HipDownE_IK",
        "end_blend_time": 1600,
        "id": 141,
        "layer_index": 2,
        "start_blend_time": 2300,
        "tail_motion_type": 0
    },
    {
        "base_state_name": "HipFront_IK_add",
        "command_name": "HipFront_IK",
        "end_blend_time": 1600,
        "id": 142,
        "layer_index": 2,
        "start_blend_time": 2300,
        "tail_motion_type": 0
    },
    {
        "base_state_name": "HipFrontE_IK_add",
        "command_name": "HipFrontE_IK",
        "end_blend_time": 1600,
        "id": 143,
        "layer_index": 2,
        "start_blend_time": 2300,
        "tail_motion_type": 0
    },
    {
        "base_state_name": "HipLeft_IK_add",
        "command_name": "HipLeft_IK",
        "end_blend_time": 1600,
        "id": 144,
        "layer_index": 2,
        "start_blend_time": 2300,
        "tail_motion_type": 0
    },
    {
        "base_state_name": "HipLeftE_IK_add",
        "command_name": "HipLeftE_IK",
        "end_blend_time": 1600,
        "id": 145,
        "layer_index": 2,
        "start_blend_time": 2300,
        "tail_motion_type": 0
    },
    {
        "base_state_name": "HipRight_IK_add",
        "command_name": "HipRight_IK",
        "end_blend_time": 1600,
        "id": 146,
        "layer_index": 2,
        "start_blend_time": 2300,
        "tail_motion_type": 0
    },
    {
        "base_state_name": "HipRightE_IK_add",
        "command_name": "HipRightE_IK",
        "end_blend_time": 1600,
        "id": 147,
        "layer_index": 2,
        "start_blend_time": 2300,
        "tail_motion_type": 0
    },
    {
        "base_state_name": "HipUp_IK_add",
        "command_name": "HipUp_IK",
        "end_blend_time": 1600,
        "id": 148,
        "layer_index": 2,
        "start_blend_time": 2300,
        "tail_motion_type": 0
    },
    {
        "base_state_name": "HipUpE_IK_add",
        "command_name": "HipUpE_IK",
        "end_blend_time": 1600,
        "id": 149,
        "layer_index": 2,
        "start_blend_time": 2300,
        "tail_motion_type": 0
    }
]