[
    {
        "eye_l": "Base",
        "eye_r": "Base",
        "eyebrow_l": "Base",
        "eyebrow_r": "Base",
        "inverce_face_type": "FutuB",
        "label": "Base",
        "mouth": "Base",
        "mouth_shape_type": 1,
        "set_face_group": 0
    },
    {
        "eye_l": "WaraiA",
        "eye_r": "Base",
        "eyebrow_l": "WaraiB",
        "eyebrow_r": "Base",
        "inverce_face_type": "FutuB",
        "label": "WinkL",
        "mouth": "WaraiA",
        "mouth_shape_type": 1,
        "set_face_group": 0
    },
    {
        "eye_l": "Base",
        "eye_r": "WaraiA",
        "eyebrow_l": "Base",
        "eyebrow_r": "WaraiB",
        "inverce_face_type": "FutuB",
        "label": "WinkR",
        "mouth": "WaraiA",
        "mouth_shape_type": 1,
        "set_face_group": 0
    },
    {
        "eye_l": "HalfA",
        "eye_r": "HalfA",
        "eyebrow_l": "Base",
        "eyebrow_r": "Base",
        "inverce_face_type": "FutuB",
        "label": "EyeHalfA",
        "mouth": "Base",
        "mouth_shape_type": 1,
        "set_face_group": 1
    },
    {
        "eye_l": "HalfB",
        "eye_r": "HalfB",
        "eyebrow_l": "Base",
        "eyebrow_r": "Base",
        "inverce_face_type": "FutuB",
        "label": "EyeHalfB",
        "mouth": "Base",
        "mouth_shape_type": 1,
        "set_face_group": 1
    },
    {
        "eye_l": "HalfC",
        "eye_r": "HalfC",
        "eyebrow_l": "Base",
        "eyebrow_r": "Base",
        "inverce_face_type": "FutuB",
        "label": "EyeHalfC",
        "mouth": "Base",
        "mouth_shape_type": 1,
        "set_face_group": 1
    },
    {
        "eye_l": "CloseA",
        "eye_r": "CloseA",
        "eyebrow_l": "Base",
        "eyebrow_r": "Base",
        "inverce_face_type": "FutuB",
        "label": "EyeClose",
        "mouth": "Base",
        "mouth_shape_type": 1,
        "set_face_group": 1
    },
    {
        "eye_l": "Base",
        "eye_r": "Base",
        "eyebrow_l": "WaraiA",
        "eyebrow_r": "WaraiA",
        "inverce_face_type": "WaraiB",
        "label": "WaraiA",
        "mouth": "WaraiA",
        "mouth_shape_type": 1,
        "set_face_group": 0
    },
    {
        "eye_l": "Base",
        "eye_r": "Base",
        "eyebrow_l": "WaraiA",
        "eyebrow_r": "WaraiA",
        "inverce_face_type": "WaraiA",
        "label": "WaraiB",
        "mouth": "Base__010|WaraiC__090",
        "mouth_shape_type": 2,
        "set_face_group": 0
    },
    {
        "eye_l": "WaraiA",
        "eye_r": "WaraiA",
        "eyebrow_l": "WaraiB",
        "eyebrow_r": "WaraiB",
        "inverce_face_type": "WaraiD",
        "label": "WaraiC",
        "mouth": "WaraiA",
        "mouth_shape_type": 1,
        "set_face_group": 0
    },
    {
        "eye_l": "WaraiA",
        "eye_r": "WaraiA",
        "eyebrow_l": "WaraiB",
        "eyebrow_r": "WaraiB",
        "inverce_face_type": "WaraiC",
        "label": "WaraiD",
        "mouth": "WaraiB",
        "mouth_shape_type": 2,
        "set_face_group": 0
    },
    {
        "eye_l": "WaraiA",
        "eye_r": "WaraiA",
        "eyebrow_l": "WaraiD",
        "eyebrow_r": "WaraiD",
        "inverce_face_type": "FutuB",
        "label": "WaraiE",
        "mouth": "WaraiE",
        "mouth_shape_type": 1,
        "set_face_group": 0
    },
    {
        "eye_l": "Base__010|IkariA__090",
        "eye_r": "Base__010|IkariA__090",
        "eyebrow_l": "Base__010|IkariA__090",
        "eyebrow_r": "Base__010|IkariA__090",
        "inverce_face_type": "IkariB",
        "label": "IkariA",
        "mouth": "Base__030|IkariA__070",
        "mouth_shape_type": 1,
        "set_face_group": 0
    },
    {
        "eye_l": "Base__010|IkariA__090",
        "eye_r": "Base__010|IkariA__090",
        "eyebrow_l": "Base__010|IkariA__090",
        "eyebrow_r": "Base__010|IkariA__090",
        "inverce_face_type": "IkariA",
        "label": "IkariB",
        "mouth": "Base__040|TalkA_O_S__060",
        "mouth_shape_type": 2,
        "set_face_group": 0
    },
    {
        "eye_l": "IkariA",
        "eye_r": "IkariA",
        "eyebrow_l": "IkariA",
        "eyebrow_r": "IkariA",
        "inverce_face_type": "IkariD",
        "label": "IkariC",
        "mouth": "IkariA",
        "mouth_shape_type": 1,
        "set_face_group": 0
    },
    {
        "eye_l": "IkariA",
        "eye_r": "IkariA",
        "eyebrow_l": "IkariA",
        "eyebrow_r": "IkariA",
        "inverce_face_type": "IkariC",
        "label": "IkariD",
        "mouth": "IkariB",
        "mouth_shape_type": 2,
        "set_face_group": 0
    },
    {
        "eye_l": "Base",
        "eye_r": "Base",
        "eyebrow_l": "Base__015|KanasiA__085",
        "eyebrow_r": "Base__015|KanasiA__085",
        "inverce_face_type": "KanasiB",
        "label": "KanasiA",
        "mouth": "Base__015|IkariA__085",
        "mouth_shape_type": 1,
        "set_face_group": 0
    },
    {
        "eye_l": "Base",
        "eye_r": "Base",
        "eyebrow_l": "Base__015|KanasiA__085",
        "eyebrow_r": "Base__015|KanasiA__085",
        "inverce_face_type": "KanasiA",
        "label": "KanasiB",
        "mouth": "Base__040|TalkA_O_S__060",
        "mouth_shape_type": 2,
        "set_face_group": 0
    },
    {
        "eye_l": "WaraiC",
        "eye_r": "WaraiC",
        "eyebrow_l": "KanasiA",
        "eyebrow_r": "KanasiA",
        "inverce_face_type": "KanasiD",
        "label": "KanasiC",
        "mouth": "KanasiA",
        "mouth_shape_type": 1,
        "set_face_group": 0
    },
    {
        "eye_l": "WaraiC",
        "eye_r": "WaraiC",
        "eyebrow_l": "KanasiA",
        "eyebrow_r": "KanasiA",
        "inverce_face_type": "KanasiC",
        "label": "KanasiD",
        "mouth": "Base__040|TalkA_O_S__060",
        "mouth_shape_type": 2,
        "set_face_group": 0
    },
    {
        "eye_l": "Base",
        "eye_r": "Base",
        "eyebrow_l": "DoyaA",
        "eyebrow_r": "DoyaA",
        "inverce_face_type": "DoyaB",
        "label": "DoyaA",
        "mouth": "DoyaA",
        "mouth_shape_type": 1,
        "set_face_group": 0
    },
    {
        "eye_l": "Base",
        "eye_r": "Base",
        "eyebrow_l": "DoyaA",
        "eyebrow_r": "DoyaA",
        "inverce_face_type": "DoyaA",
        "label": "DoyaB",
        "mouth": "Base__015|WaraiB__085",
        "mouth_shape_type": 2,
        "set_face_group": 0
    },
    {
        "eye_l": "Base",
        "eye_r": "Base",
        "eyebrow_l": "Base",
        "eyebrow_r": "Base",
        "inverce_face_type": "FutuB",
        "label": "FutuA",
        "mouth": "Normal",
        "mouth_shape_type": 1,
        "set_face_group": 0
    },
    {
        "eye_l": "Base",
        "eye_r": "Base",
        "eyebrow_l": "Base",
        "eyebrow_r": "Base",
        "inverce_face_type": "FutuA",
        "label": "FutuB",
        "mouth": "Base__035|WaraiB__065",
        "mouth_shape_type": 2,
        "set_face_group": 0
    },
    {
        "eye_l": "Base__030|OdorokiA__070",
        "eye_r": "Base__030|OdorokiA__070",
        "eyebrow_l": "Base__030|OdorokiA__070",
        "eyebrow_r": "Base__030|OdorokiA__070",
        "inverce_face_type": "OdorokiB",
        "label": "OdorokiA",
        "mouth": "Base__060|IkariA__040",
        "mouth_shape_type": 1,
        "set_face_group": 0
    },
    {
        "eye_l": "Base__030|OdorokiA__070",
        "eye_r": "Base__030|OdorokiA__070",
        "eyebrow_l": "Base__030|OdorokiA__070",
        "eyebrow_r": "Base__030|OdorokiA__070",
        "inverce_face_type": "OdorokiA",
        "label": "OdorokiB",
        "mouth": "Base__030|TalkA_O_S__070",
        "mouth_shape_type": 2,
        "set_face_group": 0
    },
    {
        "eye_l": "OdorokiA",
        "eye_r": "OdorokiA",
        "eyebrow_l": "OdorokiA",
        "eyebrow_r": "OdorokiA",
        "inverce_face_type": "OdorokiD",
        "label": "OdorokiC",
        "mouth": "Base__030|IkariA__070",
        "mouth_shape_type": 1,
        "set_face_group": 0
    },
    {
        "eye_l": "OdorokiA",
        "eye_r": "OdorokiA",
        "eyebrow_l": "OdorokiA",
        "eyebrow_r": "OdorokiA",
        "inverce_face_type": "OdorokiC",
        "label": "OdorokiD",
        "mouth": "IkariB",
        "mouth_shape_type": 2,
        "set_face_group": 0
    },
    {
        "eye_l": "OdorokiB",
        "eye_r": "OdorokiB",
        "eyebrow_l": "OdorokiB",
        "eyebrow_r": "OdorokiB",
        "inverce_face_type": "IkariA",
        "label": "OdorokiE",
        "mouth": "OdorokiB",
        "mouth_shape_type": 2,
        "set_face_group": 0
    },
    {
        "eye_l": "OdorokiC",
        "eye_r": "OdorokiC",
        "eyebrow_l": "Base",
        "eyebrow_r": "Base",
        "inverce_face_type": "IkariA",
        "label": "OdorokiF",
        "mouth": "Base",
        "mouth_shape_type": 1,
        "set_face_group": 0
    },
    {
        "eye_l": "JitoA",
        "eye_r": "JitoA",
        "eyebrow_l": "JitoA",
        "eyebrow_r": "JitoA",
        "inverce_face_type": "JitomeB",
        "label": "JitomeA",
        "mouth": "Base__050|IkariA__050",
        "mouth_shape_type": 1,
        "set_face_group": 0
    },
    {
        "eye_l": "JitoA",
        "eye_r": "JitoA",
        "eyebrow_l": "JitoA",
        "eyebrow_r": "JitoA",
        "inverce_face_type": "JitomeA",
        "label": "JitomeB",
        "mouth": "JitoA",
        "mouth_shape_type": 2,
        "set_face_group": 0
    },
    {
        "eye_l": "Base",
        "eye_r": "Base",
        "eyebrow_l": "Base__030|KomariA__070",
        "eyebrow_r": "Base__030|KomariA__070",
        "inverce_face_type": "KomariB",
        "label": "KomariA",
        "mouth": "IkariA",
        "mouth_shape_type": 1,
        "set_face_group": 0
    },
    {
        "eye_l": "Base",
        "eye_r": "Base",
        "eyebrow_l": "Base__030|KomariA__070",
        "eyebrow_r": "Base__030|KomariA__070",
        "inverce_face_type": "KomariA",
        "label": "KomariB",
        "mouth": "Base__040|TalkA_O_S__060",
        "mouth_shape_type": 2,
        "set_face_group": 0
    },
    {
        "eye_l": "Base",
        "eye_r": "Base",
        "eyebrow_l": "KomariA",
        "eyebrow_r": "KomariA",
        "inverce_face_type": "KomariD",
        "label": "KomariC",
        "mouth": "Base__075|IkariA__025",
        "mouth_shape_type": 1,
        "set_face_group": 0
    },
    {
        "eye_l": "Base",
        "eye_r": "Base",
        "eyebrow_l": "KomariA",
        "eyebrow_r": "KomariA",
        "inverce_face_type": "KomariC",
        "label": "KomariD",
        "mouth": "KomariA",
        "mouth_shape_type": 2,
        "set_face_group": 0
    },
    {
        "eye_l": "DereA",
        "eye_r": "DereA",
        "eyebrow_l": "DereA",
        "eyebrow_r": "DereA",
        "inverce_face_type": "DereB",
        "label": "DereA",
        "mouth": "DereA",
        "mouth_shape_type": 1,
        "set_face_group": 0
    },
    {
        "eye_l": "DereA",
        "eye_r": "DereA",
        "eyebrow_l": "DereA",
        "eyebrow_r": "DereA",
        "inverce_face_type": "DereA",
        "label": "DereB",
        "mouth": "Base__055|WaraiB__045",
        "mouth_shape_type": 2,
        "set_face_group": 0
    },
    {
        "eye_l": "WaraiA",
        "eye_r": "WaraiA",
        "eyebrow_l": "Base__015|KusyoA__085",
        "eyebrow_r": "Base__015|KusyoA__085",
        "inverce_face_type": "KusyoBL",
        "label": "KusyoAL",
        "mouth": "DereA",
        "mouth_shape_type": 1,
        "set_face_group": 0
    },
    {
        "eye_l": "WaraiA",
        "eye_r": "WaraiA",
        "eyebrow_l": "Base__015|KusyoA__085",
        "eyebrow_r": "Base__015|KusyoA__085",
        "inverce_face_type": "KusyoAL",
        "label": "KusyoBL",
        "mouth": "Base__080|WaraiB__020",
        "mouth_shape_type": 2,
        "set_face_group": 0
    },
    {
        "eye_l": "KusyoA",
        "eye_r": "KusyoA",
        "eyebrow_l": "KusyoA",
        "eyebrow_r": "KusyoA",
        "inverce_face_type": "KusyoDL",
        "label": "KusyoCL",
        "mouth": "KusyoA_L",
        "mouth_shape_type": 1,
        "set_face_group": 0
    },
    {
        "eye_l": "KusyoA",
        "eye_r": "KusyoA",
        "eyebrow_l": "KusyoA",
        "eyebrow_r": "KusyoA",
        "inverce_face_type": "KusyoCL",
        "label": "KusyoDL",
        "mouth": "KusyoB_L",
        "mouth_shape_type": 2,
        "set_face_group": 0
    },
    {
        "eye_l": "WaraiB",
        "eye_r": "WaraiB",
        "eyebrow_l": "WaraiC",
        "eyebrow_r": "WaraiC",
        "inverce_face_type": "WaraiC",
        "label": "EyeWarai",
        "mouth": "WaraiC",
        "mouth_shape_type": 2,
        "set_face_group": 0
    },
    {
        "eye_l": "WaraiC",
        "eye_r": "WaraiC",
        "eyebrow_l": "WaraiD",
        "eyebrow_r": "WaraiD",
        "inverce_face_type": "DereB",
        "label": "EyeHohoemi",
        "mouth": "UreiA",
        "mouth_shape_type": 1,
        "set_face_group": 0
    },
    {
        "eye_l": "UreiA",
        "eye_r": "UreiA",
        "eyebrow_l": "UreiA",
        "eyebrow_r": "UreiA",
        "inverce_face_type": "DereB",
        "label": "EyeUrei",
        "mouth": "UreiA",
        "mouth_shape_type": 1,
        "set_face_group": 0
    },
    {
        "eye_l": "WaraiD",
        "eye_r": "WaraiD",
        "eyebrow_l": "WaraiB",
        "eyebrow_r": "WaraiB",
        "inverce_face_type": "UniqueB",
        "label": "UniqueA",
        "mouth": "WaraiA",
        "mouth_shape_type": 1,
        "set_face_group": 0
    },
    {
        "eye_l": "WaraiD",
        "eye_r": "WaraiD",
        "eyebrow_l": "WaraiB",
        "eyebrow_r": "WaraiB",
        "inverce_face_type": "UniqueA",
        "label": "UniqueB",
        "mouth": "WaraiD",
        "mouth_shape_type": 2,
        "set_face_group": 0
    },
    {
        "eye_l": "Base",
        "eye_r": "Base",
        "eyebrow_l": "Base",
        "eyebrow_r": "Base",
        "inverce_face_type": "UniqueD",
        "label": "UniqueC",
        "mouth": "Base",
        "mouth_shape_type": 1,
        "set_face_group": 0
    },
    {
        "eye_l": "Base",
        "eye_r": "Base",
        "eyebrow_l": "Base",
        "eyebrow_r": "Base",
        "inverce_face_type": "UniqueC",
        "label": "UniqueD",
        "mouth": "Base",
        "mouth_shape_type": 2,
        "set_face_group": 0
    },
    {
        "eye_l": "Base",
        "eye_r": "Base",
        "eyebrow_l": "Base",
        "eyebrow_r": "Base",
        "inverce_face_type": "UniqueE",
        "label": "UniqueE",
        "mouth": "Base",
        "mouth_shape_type": 0,
        "set_face_group": 0
    },
    {
        "eye_l": "Base",
        "eye_r": "Base",
        "eyebrow_l": "Base",
        "eyebrow_r": "Base",
        "inverce_face_type": "UniqueF",
        "label": "UniqueF",
        "mouth": "Base",
        "mouth_shape_type": 0,
        "set_face_group": 0
    },
    {
        "eye_l": "Base",
        "eye_r": "Base",
        "eyebrow_l": "Base",
        "eyebrow_r": "Base",
        "inverce_face_type": "UniqueG",
        "label": "UniqueG",
        "mouth": "Base",
        "mouth_shape_type": 0,
        "set_face_group": 0
    },
    {
        "eye_l": "Base",
        "eye_r": "Base",
        "eyebrow_l": "Base",
        "eyebrow_r": "Base",
        "inverce_face_type": "UniqueH",
        "label": "UniqueH",
        "mouth": "Base",
        "mouth_shape_type": 0,
        "set_face_group": 0
    },
    {
        "eye_l": "Base",
        "eye_r": "Base",
        "eyebrow_l": "Base",
        "eyebrow_r": "Base",
        "inverce_face_type": "UniqueI",
        "label": "UniqueI",
        "mouth": "Base",
        "mouth_shape_type": 0,
        "set_face_group": 0
    },
    {
        "eye_l": "Base",
        "eye_r": "Base",
        "eyebrow_l": "Base",
        "eyebrow_r": "Base",
        "inverce_face_type": "UniqueJ",
        "label": "UniqueJ",
        "mouth": "Base",
        "mouth_shape_type": 0,
        "set_face_group": 0
    },
    {
        "eye_l": "Base",
        "eye_r": "Base",
        "eyebrow_l": "Base",
        "eyebrow_r": "Base",
        "inverce_face_type": "UniqueK",
        "label": "UniqueK",
        "mouth": "Base",
        "mouth_shape_type": 0,
        "set_face_group": 0
    },
    {
        "eye_l": "Base",
        "eye_r": "Base",
        "eyebrow_l": "Base",
        "eyebrow_r": "Base",
        "inverce_face_type": "MouthAS",
        "label": "MouthAS",
        "mouth": "TalkA_A_S",
        "mouth_shape_type": 0,
        "set_face_group": 2
    },
    {
        "eye_l": "Base",
        "eye_r": "Base",
        "eyebrow_l": "Base",
        "eyebrow_r": "Base",
        "inverce_face_type": "MouthAM",
        "label": "MouthAM",
        "mouth": "TalkA_A_S__050|TalkA_A_L__050",
        "mouth_shape_type": 0,
        "set_face_group": 0
    },
    {
        "eye_l": "Base",
        "eye_r": "Base",
        "eyebrow_l": "Base",
        "eyebrow_r": "Base",
        "inverce_face_type": "MouthAL",
        "label": "MouthAL",
        "mouth": "TalkA_A_L",
        "mouth_shape_type": 0,
        "set_face_group": 2
    },
    {
        "eye_l": "Base",
        "eye_r": "Base",
        "eyebrow_l": "Base",
        "eyebrow_r": "Base",
        "inverce_face_type": "MouthKanasiAS",
        "label": "MouthKanasiAS",
        "mouth": "TalkB_A_S",
        "mouth_shape_type": 0,
        "set_face_group": 0
    },
    {
        "eye_l": "Base",
        "eye_r": "Base",
        "eyebrow_l": "Base",
        "eyebrow_r": "Base",
        "inverce_face_type": "MouthKanasiAM",
        "label": "MouthKanasiAM",
        "mouth": "TalkB_A_S__050|TalkB_A_L__050",
        "mouth_shape_type": 0,
        "set_face_group": 0
    },
    {
        "eye_l": "Base",
        "eye_r": "Base",
        "eyebrow_l": "Base",
        "eyebrow_r": "Base",
        "inverce_face_type": "MouthKanasiAL",
        "label": "MouthKanasiAL",
        "mouth": "TalkB_A_L",
        "mouth_shape_type": 0,
        "set_face_group": 0
    },
    {
        "eye_l": "Base",
        "eye_r": "Base",
        "eyebrow_l": "Base",
        "eyebrow_r": "Base",
        "inverce_face_type": "MouthIS",
        "label": "MouthIS",
        "mouth": "TalkA_I_S",
        "mouth_shape_type": 0,
        "set_face_group": 2
    },
    {
        "eye_l": "Base",
        "eye_r": "Base",
        "eyebrow_l": "Base",
        "eyebrow_r": "Base",
        "inverce_face_type": "MouthIM",
        "label": "MouthIM",
        "mouth": "TalkA_I_S__060|TalkA_I_L__040",
        "mouth_shape_type": 0,
        "set_face_group": 0
    },
    {
        "eye_l": "Base",
        "eye_r": "Base",
        "eyebrow_l": "Base",
        "eyebrow_r": "Base",
        "inverce_face_type": "MouthIL",
        "label": "MouthIL",
        "mouth": "TalkA_I_L",
        "mouth_shape_type": 0,
        "set_face_group": 2
    },
    {
        "eye_l": "Base",
        "eye_r": "Base",
        "eyebrow_l": "Base",
        "eyebrow_r": "Base",
        "inverce_face_type": "MouthKanasiIS",
        "label": "MouthKanasiIS",
        "mouth": "TalkB_I_S",
        "mouth_shape_type": 0,
        "set_face_group": 0
    },
    {
        "eye_l": "Base",
        "eye_r": "Base",
        "eyebrow_l": "Base",
        "eyebrow_r": "Base",
        "inverce_face_type": "MouthKanasiIM",
        "label": "MouthKanasiIM",
        "mouth": "TalkB_I_S__060|TalkB_I_L__040",
        "mouth_shape_type": 0,
        "set_face_group": 0
    },
    {
        "eye_l": "Base",
        "eye_r": "Base",
        "eyebrow_l": "Base",
        "eyebrow_r": "Base",
        "inverce_face_type": "MouthKanasiIL",
        "label": "MouthKanasiIL",
        "mouth": "TalkB_I_L",
        "mouth_shape_type": 0,
        "set_face_group": 0
    },
    {
        "eye_l": "Base",
        "eye_r": "Base",
        "eyebrow_l": "Base",
        "eyebrow_r": "Base",
        "inverce_face_type": "MouthUS",
        "label": "MouthUS",
        "mouth": "TalkA_U_S",
        "mouth_shape_type": 0,
        "set_face_group": 2
    },
    {
        "eye_l": "Base",
        "eye_r": "Base",
        "eyebrow_l": "Base",
        "eyebrow_r": "Base",
        "inverce_face_type": "MouthUM",
        "label": "MouthUM",
        "mouth": "TalkA_U_S__050|TalkA_U_L__050",
        "mouth_shape_type": 0,
        "set_face_group": 0
    },
    {
        "eye_l": "Base",
        "eye_r": "Base",
        "eyebrow_l": "Base",
        "eyebrow_r": "Base",
        "inverce_face_type": "MouthUL",
        "label": "MouthUL",
        "mouth": "TalkA_U_L",
        "mouth_shape_type": 0,
        "set_face_group": 2
    },
    {
        "eye_l": "Base",
        "eye_r": "Base",
        "eyebrow_l": "Base",
        "eyebrow_r": "Base",
        "inverce_face_type": "MouthES",
        "label": "MouthES",
        "mouth": "TalkA_E_S",
        "mouth_shape_type": 0,
        "set_face_group": 2
    },
    {
        "eye_l": "Base",
        "eye_r": "Base",
        "eyebrow_l": "Base",
        "eyebrow_r": "Base",
        "inverce_face_type": "MouthEM",
        "label": "MouthEM",
        "mouth": "TalkA_E_S__050|TalkA_E_L__050",
        "mouth_shape_type": 0,
        "set_face_group": 0
    },
    {
        "eye_l": "Base",
        "eye_r": "Base",
        "eyebrow_l": "Base",
        "eyebrow_r": "Base",
        "inverce_face_type": "MouthEL",
        "label": "MouthEL",
        "mouth": "TalkA_E_L",
        "mouth_shape_type": 0,
        "set_face_group": 2
    },
    {
        "eye_l": "Base",
        "eye_r": "Base",
        "eyebrow_l": "Base",
        "eyebrow_r": "Base",
        "inverce_face_type": "MouthKanasiES",
        "label": "MouthKanasiES",
        "mouth": "TalkB_E_S",
        "mouth_shape_type": 0,
        "set_face_group": 0
    },
    {
        "eye_l": "Base",
        "eye_r": "Base",
        "eyebrow_l": "Base",
        "eyebrow_r": "Base",
        "inverce_face_type": "MouthKanasiEM",
        "label": "MouthKanasiEM",
        "mouth": "TalkB_E_S__050|TalkB_E_L__050",
        "mouth_shape_type": 0,
        "set_face_group": 0
    },
    {
        "eye_l": "Base",
        "eye_r": "Base",
        "eyebrow_l": "Base",
        "eyebrow_r": "Base",
        "inverce_face_type": "MouthKanasiEL",
        "label": "MouthKanasiEL",
        "mouth": "TalkB_E_L",
        "mouth_shape_type": 0,
        "set_face_group": 0
    },
    {
        "eye_l": "Base",
        "eye_r": "Base",
        "eyebrow_l": "Base",
        "eyebrow_r": "Base",
        "inverce_face_type": "MouthOS",
        "label": "MouthOS",
        "mouth": "TalkA_O_S",
        "mouth_shape_type": 0,
        "set_face_group": 2
    },
    {
        "eye_l": "Base",
        "eye_r": "Base",
        "eyebrow_l": "Base",
        "eyebrow_r": "Base",
        "inverce_face_type": "MouthOM",
        "label": "MouthOM",
        "mouth": "TalkA_O_S__050|TalkA_O_L__050",
        "mouth_shape_type": 0,
        "set_face_group": 0
    },
    {
        "eye_l": "Base",
        "eye_r": "Base",
        "eyebrow_l": "Base",
        "eyebrow_r": "Base",
        "inverce_face_type": "MouthOL",
        "label": "MouthOL",
        "mouth": "TalkA_O_L",
        "mouth_shape_type": 0,
        "set_face_group": 2
    },
    {
        "eye_l": "Base",
        "eye_r": "Base",
        "eyebrow_l": "Base",
        "eyebrow_r": "Base",
        "inverce_face_type": "RunSlowA",
        "label": "RunSlowA",
        "mouth": "Base__020|OdorokiA__080",
        "mouth_shape_type": 0,
        "set_face_group": 0
    },
    {
        "eye_l": "Base",
        "eye_r": "Base",
        "eyebrow_l": "Base",
        "eyebrow_r": "Base",
        "inverce_face_type": "RunSlowB",
        "label": "RunSlowB",
        "mouth": "OdorokiA",
        "mouth_shape_type": 0,
        "set_face_group": 0
    },
    {
        "eye_l": "Base",
        "eye_r": "Base",
        "eyebrow_l": "IkariA",
        "eyebrow_r": "IkariA",
        "inverce_face_type": "RunNormalA",
        "label": "RunNormalA",
        "mouth": "Base__050|RunA__050",
        "mouth_shape_type": 0,
        "set_face_group": 0
    },
    {
        "eye_l": "IkariA",
        "eye_r": "IkariA",
        "eyebrow_l": "RunA",
        "eyebrow_r": "RunA",
        "inverce_face_type": "RunNormalB",
        "label": "RunNormalB",
        "mouth": "RunA",
        "mouth_shape_type": 0,
        "set_face_group": 0
    },
    {
        "eye_l": "Base",
        "eye_r": "Base",
        "eyebrow_l": "RunA",
        "eyebrow_r": "RunA",
        "inverce_face_type": "RunFastA",
        "label": "RunFastA",
        "mouth": "TalkA_I_S__060|RunB__040",
        "mouth_shape_type": 0,
        "set_face_group": 0
    },
    {
        "eye_l": "RunA",
        "eye_r": "RunA",
        "eyebrow_l": "RunB",
        "eyebrow_r": "RunB",
        "inverce_face_type": "RunFastB",
        "label": "RunFastB",
        "mouth": "RunB",
        "mouth_shape_type": 0,
        "set_face_group": 0
    },
    {
        "eye_l": "XRange",
        "eye_r": "XRange",
        "eyebrow_l": "Base",
        "eyebrow_r": "Base",
        "inverce_face_type": "_EyeRangeH",
        "label": "_EyeRangeH",
        "mouth": "Base",
        "mouth_shape_type": 0,
        "set_face_group": 0
    },
    {
        "eye_l": "YRange",
        "eye_r": "YRange",
        "eyebrow_l": "Base",
        "eyebrow_r": "Base",
        "inverce_face_type": "_EyeRangeV",
        "label": "_EyeRangeV",
        "mouth": "Base",
        "mouth_shape_type": 0,
        "set_face_group": 0
    },
    {
        "eye_l": "DrivenA",
        "eye_r": "DrivenA",
        "eyebrow_l": "Base",
        "eyebrow_r": "Base",
        "inverce_face_type": "_DrivenA",
        "label": "_DrivenA",
        "mouth": "DrivenA",
        "mouth_shape_type": 0,
        "set_face_group": 0
    },
    {
        "eye_l": "KusyoA",
        "eye_r": "KusyoA",
        "eyebrow_l": "KusyoA",
        "eyebrow_r": "KusyoA",
        "inverce_face_type": "_KusyoCR",
        "label": "_KusyoCR",
        "mouth": "KusyoA_R",
        "mouth_shape_type": 0,
        "set_face_group": 0
    },
    {
        "eye_l": "KusyoA",
        "eye_r": "KusyoA",
        "eyebrow_l": "KusyoA",
        "eyebrow_r": "KusyoA",
        "inverce_face_type": "_KusyoDR",
        "label": "_KusyoDR",
        "mouth": "KusyoB_R",
        "mouth_shape_type": 0,
        "set_face_group": 0
    },
    {
        "eye_l": "Base",
        "eye_r": "Base",
        "eyebrow_l": "Base",
        "eyebrow_r": "Base",
        "inverce_face_type": "_ToothHide",
        "label": "_ToothHide",
        "mouth": "ToothHide",
        "mouth_shape_type": 0,
        "set_face_group": 0
    },
    {
        "eye_l": "Base",
        "eye_r": "Base",
        "eyebrow_l": "Base",
        "eyebrow_r": "Base",
        "inverce_face_type": "_Magao",
        "label": "_Magao",
        "mouth": "Base",
        "mouth_shape_type": 0,
        "set_face_group": 0
    },
    {
        "eye_l": "Base",
        "eye_r": "Base",
        "eyebrow_l": "Base",
        "eyebrow_r": "Base",
        "inverce_face_type": "_RunNormalMouth",
        "label": "_RunNormalMouth",
        "mouth": "RunA",
        "mouth_shape_type": 0,
        "set_face_group": 0
    },
    {
        "eye_l": "Base",
        "eye_r": "Base",
        "eyebrow_l": "Base",
        "eyebrow_r": "Base",
        "inverce_face_type": "_RunFastMouth",
        "label": "_RunFastMouth",
        "mouth": "RunB",
        "mouth_shape_type": 0,
        "set_face_group": 0
    },
    {
        "eye_l": "EyeHideA",
        "eye_r": "EyeHideA",
        "eyebrow_l": "Base",
        "eyebrow_r": "Base",
        "inverce_face_type": "EyeHideA",
        "label": "EyeHideA",
        "mouth": "Base",
        "mouth_shape_type": 0,
        "set_face_group": 0
    },
    {
        "eye_l": "Base",
        "eye_r": "Base",
        "eyebrow_l": "Base",
        "eyebrow_r": "Base",
        "inverce_face_type": "FutuB",
        "label": "CheekA_L",
        "mouth": "CheekA_L",
        "mouth_shape_type": 1,
        "set_face_group": 0
    },
    {
        "eye_l": "Base",
        "eye_r": "Base",
        "eyebrow_l": "Base",
        "eyebrow_r": "Base",
        "inverce_face_type": "FutuB",
        "label": "CheekA_R",
        "mouth": "CheekA_R",
        "mouth_shape_type": 1,
        "set_face_group": 0
    },
    {
        "eye_l": "Base",
        "eye_r": "Base",
        "eyebrow_l": "Base",
        "eyebrow_r": "Base",
        "inverce_face_type": "FutuB",
        "label": "CheekA_LR",
        "mouth": "CheekA_L|CheekA_R",
        "mouth_shape_type": 1,
        "set_face_group": 0
    },
    {
        "eye_l": "Base",
        "eye_r": "Base",
        "eyebrow_l": "SeriousA",
        "eyebrow_r": "SeriousA",
        "inverce_face_type": "IkariB",
        "label": "SeriousA",
        "mouth": "Base",
        "mouth_shape_type": 1,
        "set_face_group": 0
    },
    {
        "eye_l": "SeriousA",
        "eye_r": "SeriousA",
        "eyebrow_l": "SeriousB",
        "eyebrow_r": "SeriousB",
        "inverce_face_type": "IkariB",
        "label": "SeriousB",
        "mouth": "Base",
        "mouth_shape_type": 1,
        "set_face_group": 0
    },
    {
        "eye_l": "Base",
        "eye_r": "Base",
        "eyebrow_l": "ShiwaA",
        "eyebrow_r": "ShiwaA",
        "inverce_face_type": "IkariB",
        "label": "ShiwaA",
        "mouth": "Base",
        "mouth_shape_type": 1,
        "set_face_group": 0
    },
    {
        "eye_l": "Base",
        "eye_r": "Base",
        "eyebrow_l": "ShiwaB",
        "eyebrow_r": "ShiwaB",
        "inverce_face_type": "IkariB",
        "label": "ShiwaB",
        "mouth": "Base",
        "mouth_shape_type": 1,
        "set_face_group": 0
    },
    {
        "eye_l": "Base",
        "eye_r": "Base",
        "eyebrow_l": "Base",
        "eyebrow_r": "Base",
        "inverce_face_type": "TalkC_I",
        "label": "TalkC_I",
        "mouth": "TalkC_I",
        "mouth_shape_type": 0,
        "set_face_group": 2
    },
    {
        "eye_l": "Base",
        "eye_r": "Base",
        "eyebrow_l": "Base",
        "eyebrow_r": "Base",
        "inverce_face_type": "TanA",
        "label": "TanA",
        "mouth": "TanA",
        "mouth_shape_type": 0,
        "set_face_group": 2
    },
    {
        "eye_l": "Base",
        "eye_r": "Base",
        "eyebrow_l": "Base",
        "eyebrow_r": "Base",
        "inverce_face_type": "TanB",
        "label": "TanB",
        "mouth": "TanB",
        "mouth_shape_type": 0,
        "set_face_group": 2
    },
    {
        "eye_l": "Base",
        "eye_r": "Base",
        "eyebrow_l": "Base",
        "eyebrow_r": "Base",
        "inverce_face_type": "TanC_L",
        "label": "TanC_L",
        "mouth": "TanC_L",
        "mouth_shape_type": 0,
        "set_face_group": 2
    },
    {
        "eye_l": "Base",
        "eye_r": "Base",
        "eyebrow_l": "Base",
        "eyebrow_r": "Base",
        "inverce_face_type": "TanC_R",
        "label": "TanC_R",
        "mouth": "TanC_R",
        "mouth_shape_type": 0,
        "set_face_group": 2
    },
    {
        "eye_l": "Base",
        "eye_r": "Base",
        "eyebrow_l": "Base",
        "eyebrow_r": "Base",
        "inverce_face_type": "TanD_L",
        "label": "TanD_L",
        "mouth": "TanD_L",
        "mouth_shape_type": 0,
        "set_face_group": 2
    },
    {
        "eye_l": "Base",
        "eye_r": "Base",
        "eyebrow_l": "Base",
        "eyebrow_r": "Base",
        "inverce_face_type": "TanD_R",
        "label": "TanD_R",
        "mouth": "TanD_R",
        "mouth_shape_type": 0,
        "set_face_group": 2
    },
    {
        "eye_l": "Base",
        "eye_r": "Base",
        "eyebrow_l": "Base",
        "eyebrow_r": "Base",
        "inverce_face_type": "FutuB",
        "label": "OutGameWaraiA",
        "mouth": "WaraiA",
        "mouth_shape_type": 1,
        "set_face_group": 0
    },
    {
        "eye_l": "DereA",
        "eye_r": "DereA",
        "eyebrow_l": "Base__030|OdorokiA__070",
        "eyebrow_r": "Base__030|OdorokiA__070",
        "inverce_face_type": "FutuB",
        "label": "OutGameWaraiB",
        "mouth": "WaraiA",
        "mouth_shape_type": 1,
        "set_face_group": 0
    },
    {
        "eye_l": "EyelidHideA",
        "eye_r": "EyelidHideA",
        "eyebrow_l": "Base",
        "eyebrow_r": "Base",
        "inverce_face_type": "FutuB",
        "label": "EyelidHideA",
        "mouth": "Base",
        "mouth_shape_type": 1,
        "set_face_group": 1
    },
    {
        "eye_l": "EyelidHideB",
        "eye_r": "EyelidHideB",
        "eyebrow_l": "Base",
        "eyebrow_r": "Base",
        "inverce_face_type": "FutuB",
        "label": "EyelidHideB",
        "mouth": "Base",
        "mouth_shape_type": 1,
        "set_face_group": 1
    }
]