[
    {
        "after_facialname": "IkariB",
        "before_facialname": "FutuB",
        "chara_id": 1006,
        "id": 1
    },
    {
        "after_facialname": "IkariB",
        "before_facialname": "FutuB",
        "chara_id": 1008,
        "id": 2
    },
    {
        "after_facialname": "IkariB",
        "before_facialname": "FutuB",
        "chara_id": 1017,
        "id": 4
    },
    {
        "after_facialname": "OdorokiB",
        "before_facialname": "FutuB",
        "chara_id": 1018,
        "id": 5
    },
    {
        "after_facialname": "WaraiA",
        "before_facialname": "FutuA",
        "chara_id": 1021,
        "id": 6
    },
    {
        "after_facialname": "IkariB",
        "before_facialname": "FutuB",
        "chara_id": 1023,
        "id": 7
    },
    {
        "after_facialname": "KomariB",
        "before_facialname": "FutuB",
        "chara_id": 1025,
        "id": 8
    },
    {
        "after_facialname": "IkariB",
        "before_facialname": "FutuB",
        "chara_id": 1036,
        "id": 9
    },
    {
        "after_facialname": "IkariB",
        "before_facialname": "FutuB",
        "chara_id": 1040,
        "id": 10
    },
    {
        "after_facialname": "JitomeB",
        "before_facialname": "FutuB",
        "chara_id": 1050,
        "id": 11
    },
    {
        "after_facialname": "KomariB",
        "before_facialname": "FutuB",
        "chara_id": 1060,
        "id": 12
    },
    {
        "after_facialname": "KomariB",
        "before_facialname": "FutuB",
        "chara_id": 1030,
        "id": 13
    },
    {
        "after_facialname": "KomariB",
        "before_facialname": "FutuB",
        "chara_id": 1002,
        "id": 14
    },
    {
        "after_facialname": "FutuA",
        "before_facialname": "KusyoAL",
        "chara_id": 1002,
        "id": 15
    }
]