[
    {
        "card_id": 100101,
        "card_type": 1,
        "disp_order": 1,
        "gacha_id": 30002,
        "pay_item_num": 200
    },
    {
        "card_id": 100201,
        "card_type": 1,
        "disp_order": 2,
        "gacha_id": 30002,
        "pay_item_num": 200
    },
    {
        "card_id": 100301,
        "card_type": 1,
        "disp_order": 3,
        "gacha_id": 30002,
        "pay_item_num": 200
    },
    {
        "card_id": 100401,
        "card_type": 1,
        "disp_order": 4,
        "gacha_id": 30002,
        "pay_item_num": 200
    },
    {
        "card_id": 101301,
        "card_type": 1,
        "disp_order": 5,
        "gacha_id": 30002,
        "pay_item_num": 200
    },
    {
        "card_id": 100601,
        "card_type": 1,
        "disp_order": 6,
        "gacha_id": 30002,
        "pay_item_num": 200
    },
    {
        "card_id": 101701,
        "card_type": 1,
        "disp_order": 7,
        "gacha_id": 30002,
        "pay_item_num": 200
    },
    {
        "card_id": 101001,
        "card_type": 1,
        "disp_order": 8,
        "gacha_id": 30002,
        "pay_item_num": 200
    },
    {
        "card_id": 103001,
        "card_type": 1,
        "disp_order": 9,
        "gacha_id": 30002,
        "pay_item_num": 200
    },
    {
        "card_id": 30001,
        "card_type": 2,
        "disp_order": 1,
        "gacha_id": 30003,
        "pay_item_num": 200
    },
    {
        "card_id": 30002,
        "card_type": 2,
        "disp_order": 2,
        "gacha_id": 30003,
        "pay_item_num": 200
    },
    {
        "card_id": 30003,
        "card_type": 2,
        "disp_order": 3,
        "gacha_id": 30003,
        "pay_item_num": 200
    },
    {
        "card_id": 30004,
        "card_type": 2,
        "disp_order": 4,
        "gacha_id": 30003,
        "pay_item_num": 200
    },
    {
        "card_id": 30005,
        "card_type": 2,
        "disp_order": 5,
        "gacha_id": 30003,
        "pay_item_num": 200
    },
    {
        "card_id": 30006,
        "card_type": 2,
        "disp_order": 6,
        "gacha_id": 30003,
        "pay_item_num": 200
    },
    {
        "card_id": 30007,
        "card_type": 2,
        "disp_order": 7,
        "gacha_id": 30003,
        "pay_item_num": 200
    },
    {
        "card_id": 30008,
        "card_type": 2,
        "disp_order": 8,
        "gacha_id": 30003,
        "pay_item_num": 200
    },
    {
        "card_id": 30009,
        "card_type": 2,
        "disp_order": 9,
        "gacha_id": 30003,
        "pay_item_num": 200
    },
    {
        "card_id": 30010,
        "card_type": 2,
        "disp_order": 10,
        "gacha_id": 30003,
        "pay_item_num": 200
    },
    {
        "card_id": 30011,
        "card_type": 2,
        "disp_order": 11,
        "gacha_id": 30003,
        "pay_item_num": 200
    },
    {
        "card_id": 30012,
        "card_type": 2,
        "disp_order": 12,
        "gacha_id": 30003,
        "pay_item_num": 200
    },
    {
        "card_id": 30013,
        "card_type": 2,
        "disp_order": 13,
        "gacha_id": 30003,
        "pay_item_num": 200
    },
    {
        "card_id": 30014,
        "card_type": 2,
        "disp_order": 14,
        "gacha_id": 30003,
        "pay_item_num": 200
    },
    {
        "card_id": 30015,
        "card_type": 2,
        "disp_order": 15,
        "gacha_id": 30003,
        "pay_item_num": 200
    },
    {
        "card_id": 30016,
        "card_type": 2,
        "disp_order": 16,
        "gacha_id": 30003,
        "pay_item_num": 200
    },
    {
        "card_id": 30017,
        "card_type": 2,
        "disp_order": 17,
        "gacha_id": 30003,
        "pay_item_num": 200
    },
    {
        "card_id": 30018,
        "card_type": 2,
        "disp_order": 18,
        "gacha_id": 30003,
        "pay_item_num": 200
    },
    {
        "card_id": 30020,
        "card_type": 2,
        "disp_order": 19,
        "gacha_id": 30003,
        "pay_item_num": 200
    },
    {
        "card_id": 30021,
        "card_type": 2,
        "disp_order": 20,
        "gacha_id": 30003,
        "pay_item_num": 200
    },
    {
        "card_id": 101501,
        "card_type": 1,
        "disp_order": 1,
        "gacha_id": 30004,
        "pay_item_num": 200
    },
    {
        "card_id": 30024,
        "card_type": 2,
        "disp_order": 1,
        "gacha_id": 30005,
        "pay_item_num": 200
    },
    {
        "card_id": 102601,
        "card_type": 1,
        "disp_order": 1,
        "gacha_id": 30006,
        "pay_item_num": 200
    },
    {
        "card_id": 30026,
        "card_type": 2,
        "disp_order": 1,
        "gacha_id": 30007,
        "pay_item_num": 200
    },
    {
        "card_id": 102301,
        "card_type": 1,
        "disp_order": 1,
        "gacha_id": 30008,
        "pay_item_num": 200
    },
    {
        "card_id": 30027,
        "card_type": 2,
        "disp_order": 1,
        "gacha_id": 30009,
        "pay_item_num": 200
    },
    {
        "card_id": 100302,
        "card_type": 1,
        "disp_order": 1,
        "gacha_id": 30010,
        "pay_item_num": 200
    },
    {
        "card_id": 101302,
        "card_type": 1,
        "disp_order": 2,
        "gacha_id": 30010,
        "pay_item_num": 200
    },
    {
        "card_id": 30028,
        "card_type": 2,
        "disp_order": 1,
        "gacha_id": 30011,
        "pay_item_num": 200
    },
    {
        "card_id": 30029,
        "card_type": 2,
        "disp_order": 2,
        "gacha_id": 30011,
        "pay_item_num": 200
    },
    {
        "card_id": 103801,
        "card_type": 1,
        "disp_order": 1,
        "gacha_id": 30012,
        "pay_item_num": 200
    },
    {
        "card_id": 30031,
        "card_type": 2,
        "disp_order": 1,
        "gacha_id": 30013,
        "pay_item_num": 200
    },
    {
        "card_id": 105001,
        "card_type": 1,
        "disp_order": 1,
        "gacha_id": 30014,
        "pay_item_num": 200
    },
    {
        "card_id": 30032,
        "card_type": 2,
        "disp_order": 1,
        "gacha_id": 30015,
        "pay_item_num": 200
    },
    {
        "card_id": 104601,
        "card_type": 1,
        "disp_order": 1,
        "gacha_id": 30016,
        "pay_item_num": 200
    },
    {
        "card_id": 30016,
        "card_type": 2,
        "disp_order": 1,
        "gacha_id": 30017,
        "pay_item_num": 200
    },
    {
        "card_id": 30021,
        "card_type": 2,
        "disp_order": 2,
        "gacha_id": 30017,
        "pay_item_num": 200
    },
    {
        "card_id": 101601,
        "card_type": 1,
        "disp_order": 1,
        "gacha_id": 30018,
        "pay_item_num": 200
    },
    {
        "card_id": 30038,
        "card_type": 2,
        "disp_order": 1,
        "gacha_id": 30019,
        "pay_item_num": 200
    },
    {
        "card_id": 30039,
        "card_type": 2,
        "disp_order": 1,
        "gacha_id": 30021,
        "pay_item_num": 200
    },
    {
        "card_id": 30040,
        "card_type": 2,
        "disp_order": 2,
        "gacha_id": 30021,
        "pay_item_num": 200
    },
    {
        "card_id": 30002,
        "card_type": 2,
        "disp_order": 1,
        "gacha_id": 30023,
        "pay_item_num": 200
    },
    {
        "card_id": 30009,
        "card_type": 2,
        "disp_order": 2,
        "gacha_id": 30023,
        "pay_item_num": 200
    },
    {
        "card_id": 30042,
        "card_type": 2,
        "disp_order": 1,
        "gacha_id": 30025,
        "pay_item_num": 200
    },
    {
        "card_id": 30055,
        "card_type": 2,
        "disp_order": 1,
        "gacha_id": 30027,
        "pay_item_num": 200
    },
    {
        "card_id": 30056,
        "card_type": 2,
        "disp_order": 2,
        "gacha_id": 30027,
        "pay_item_num": 200
    },
    {
        "card_id": 30048,
        "card_type": 2,
        "disp_order": 1,
        "gacha_id": 30029,
        "pay_item_num": 200
    },
    {
        "card_id": 30005,
        "card_type": 2,
        "disp_order": 2,
        "gacha_id": 30031,
        "pay_item_num": 200
    },
    {
        "card_id": 30018,
        "card_type": 2,
        "disp_order": 1,
        "gacha_id": 30031,
        "pay_item_num": 200
    },
    {
        "card_id": 30045,
        "card_type": 2,
        "disp_order": 1,
        "gacha_id": 30033,
        "pay_item_num": 200
    },
    {
        "card_id": 30046,
        "card_type": 2,
        "disp_order": 2,
        "gacha_id": 30033,
        "pay_item_num": 200
    },
    {
        "card_id": 30001,
        "card_type": 2,
        "disp_order": 1,
        "gacha_id": 30035,
        "pay_item_num": 200
    },
    {
        "card_id": 30003,
        "card_type": 2,
        "disp_order": 2,
        "gacha_id": 30035,
        "pay_item_num": 200
    },
    {
        "card_id": 30054,
        "card_type": 2,
        "disp_order": 1,
        "gacha_id": 30037,
        "pay_item_num": 200
    },
    {
        "card_id": 30034,
        "card_type": 2,
        "disp_order": 1,
        "gacha_id": 30039,
        "pay_item_num": 200
    },
    {
        "card_id": 30036,
        "card_type": 2,
        "disp_order": 2,
        "gacha_id": 30039,
        "pay_item_num": 200
    }
]