[
    {
        "gacha_id": 30002,
        "id": 1,
        "logo_size_x": 0,
        "logo_size_y": 0
    },
    {
        "gacha_id": 30003,
        "id": 2,
        "logo_size_x": 0,
        "logo_size_y": 0
    },
    {
        "gacha_id": 20001,
        "id": 3,
        "logo_size_x": 0,
        "logo_size_y": 0
    },
    {
        "gacha_id": 20002,
        "id": 4,
        "logo_size_x": 0,
        "logo_size_y": 0
    },
    {
        "gacha_id": 50001,
        "id": 5,
        "logo_size_x": 0,
        "logo_size_y": 0
    },
    {
        "gacha_id": 50002,
        "id": 6,
        "logo_size_x": 0,
        "logo_size_y": 0
    },
    {
        "gacha_id": 20003,
        "id": 7,
        "logo_size_x": 0,
        "logo_size_y": 0
    },
    {
        "gacha_id": 20004,
        "id": 8,
        "logo_size_x": 0,
        "logo_size_y": 0
    },
    {
        "gacha_id": 30004,
        "id": 9,
        "logo_size_x": 0,
        "logo_size_y": 0
    },
    {
        "gacha_id": 30005,
        "id": 10,
        "logo_size_x": 0,
        "logo_size_y": 0
    },
    {
        "gacha_id": 30006,
        "id": 11,
        "logo_size_x": 0,
        "logo_size_y": 0
    },
    {
        "gacha_id": 30007,
        "id": 12,
        "logo_size_x": 0,
        "logo_size_y": 0
    },
    {
        "gacha_id": 30008,
        "id": 13,
        "logo_size_x": 0,
        "logo_size_y": 0
    },
    {
        "gacha_id": 30009,
        "id": 14,
        "logo_size_x": 0,
        "logo_size_y": 0
    },
    {
        "gacha_id": 10001,
        "id": 15,
        "logo_size_x": 0,
        "logo_size_y": 0
    },
    {
        "gacha_id": 10002,
        "id": 16,
        "logo_size_x": 0,
        "logo_size_y": 0
    },
    {
        "gacha_id": 30010,
        "id": 17,
        "logo_size_x": 0,
        "logo_size_y": 0
    },
    {
        "gacha_id": 30011,
        "id": 18,
        "logo_size_x": 0,
        "logo_size_y": 0
    },
    {
        "gacha_id": 30012,
        "id": 19,
        "logo_size_x": 0,
        "logo_size_y": 0
    },
    {
        "gacha_id": 30013,
        "id": 20,
        "logo_size_x": 0,
        "logo_size_y": 0
    },
    {
        "gacha_id": 30014,
        "id": 21,
        "logo_size_x": 0,
        "logo_size_y": 0
    },
    {
        "gacha_id": 30015,
        "id": 22,
        "logo_size_x": 0,
        "logo_size_y": 0
    },
    {
        "gacha_id": 30016,
        "id": 23,
        "logo_size_x": 0,
        "logo_size_y": 0
    },
    {
        "gacha_id": 30017,
        "id": 24,
        "logo_size_x": 0,
        "logo_size_y": 0
    },
    {
        "gacha_id": 30018,
        "id": 25,
        "logo_size_x": 0,
        "logo_size_y": 0
    },
    {
        "gacha_id": 30019,
        "id": 26,
        "logo_size_x": 0,
        "logo_size_y": 0
    },
    {
        "gacha_id": 30020,
        "id": 27,
        "logo_size_x": 0,
        "logo_size_y": 0
    },
    {
        "gacha_id": 30021,
        "id": 28,
        "logo_size_x": 0,
        "logo_size_y": 0
    },
    {
        "gacha_id": 30022,
        "id": 29,
        "logo_size_x": 0,
        "logo_size_y": 0
    },
    {
        "gacha_id": 30023,
        "id": 30,
        "logo_size_x": 0,
        "logo_size_y": 0
    },
    {
        "gacha_id": 30024,
        "id": 31,
        "logo_size_x": 0,
        "logo_size_y": 0
    },
    {
        "gacha_id": 30025,
        "id": 32,
        "logo_size_x": 0,
        "logo_size_y": 0
    },
    {
        "gacha_id": 30026,
        "id": 33,
        "logo_size_x": 0,
        "logo_size_y": 0
    },
    {
        "gacha_id": 30027,
        "id": 34,
        "logo_size_x": 0,
        "logo_size_y": 0
    },
    {
        "gacha_id": 30028,
        "id": 35,
        "logo_size_x": 0,
        "logo_size_y": 0
    },
    {
        "gacha_id": 30029,
        "id": 36,
        "logo_size_x": 0,
        "logo_size_y": 0
    },
    {
        "gacha_id": 30030,
        "id": 37,
        "logo_size_x": 0,
        "logo_size_y": 0
    },
    {
        "gacha_id": 30031,
        "id": 38,
        "logo_size_x": 0,
        "logo_size_y": 0
    },
    {
        "gacha_id": 30032,
        "id": 39,
        "logo_size_x": 0,
        "logo_size_y": 0
    },
    {
        "gacha_id": 30033,
        "id": 40,
        "logo_size_x": 0,
        "logo_size_y": 0
    },
    {
        "gacha_id": 30034,
        "id": 41,
        "logo_size_x": 0,
        "logo_size_y": 0
    },
    {
        "gacha_id": 30035,
        "id": 42,
        "logo_size_x": 0,
        "logo_size_y": 0
    },
    {
        "gacha_id": 30036,
        "id": 43,
        "logo_size_x": 0,
        "logo_size_y": 0
    },
    {
        "gacha_id": 30037,
        "id": 44,
        "logo_size_x": 0,
        "logo_size_y": 0
    },
    {
        "gacha_id": 50003,
        "id": 45,
        "logo_size_x": 434,
        "logo_size_y": 240
    },
    {
        "gacha_id": 50004,
        "id": 46,
        "logo_size_x": 434,
        "logo_size_y": 240
    },
    {
        "gacha_id": 30038,
        "id": 47,
        "logo_size_x": 0,
        "logo_size_y": 0
    },
    {
        "gacha_id": 30039,
        "id": 48,
        "logo_size_x": 0,
        "logo_size_y": 0
    }
]