[
    {
        "additional_piece_num_1": 5,
        "additional_piece_num_2": 10,
        "additional_piece_num_3": 60,
        "additional_piece_num_4": 0,
        "additional_piece_num_5": 0,
        "additional_piece_num_6": 0,
        "additional_piece_target_card_id_1": 0,
        "additional_piece_target_card_id_2": 0,
        "additional_piece_target_card_id_3": 0,
        "additional_piece_target_card_id_4": 0,
        "additional_piece_target_card_id_5": 0,
        "additional_piece_target_card_id_6": 0,
        "additional_piece_target_card_type_1": 1,
        "additional_piece_target_card_type_2": 1,
        "additional_piece_target_card_type_3": 1,
        "additional_piece_target_card_type_4": 0,
        "additional_piece_target_card_type_5": 0,
        "additional_piece_target_card_type_6": 0,
        "additional_piece_target_rarity_1": 1,
        "additional_piece_target_rarity_2": 2,
        "additional_piece_target_rarity_3": 3,
        "additional_piece_target_rarity_4": 0,
        "additional_piece_target_rarity_5": 0,
        "additional_piece_target_rarity_6": 0,
        "bonus_item_category_1": 0,
        "bonus_item_category_2": 0,
        "bonus_item_id_1": 0,
        "bonus_item_id_2": 0,
        "bonus_item_num_1": 0,
        "bonus_item_num_2": 0,
        "bonus_target_draw_num": 0,
        "card_type": 1,
        "cost_single": 150,
        "cost_type": 90,
        "daily_pay_cost": 50,
        "disp_order": 400,
        "draw_guarantee_num": 1,
        "draw_guarantee_rarity": 2,
        "end_date": 2524618799,
        "id": 10001,
        "only_once_flag": 0,
        "prize_odds_id": 0,
        "rarity_odds_id": 1001,
        "start_date": 1609480800,
        "type": 1
    },
    {
        "additional_piece_num_1": 0,
        "additional_piece_num_2": 0,
        "additional_piece_num_3": 0,
        "additional_piece_num_4": 0,
        "additional_piece_num_5": 0,
        "additional_piece_num_6": 0,
        "additional_piece_target_card_id_1": 0,
        "additional_piece_target_card_id_2": 0,
        "additional_piece_target_card_id_3": 0,
        "additional_piece_target_card_id_4": 0,
        "additional_piece_target_card_id_5": 0,
        "additional_piece_target_card_id_6": 0,
        "additional_piece_target_card_type_1": 0,
        "additional_piece_target_card_type_2": 0,
        "additional_piece_target_card_type_3": 0,
        "additional_piece_target_card_type_4": 0,
        "additional_piece_target_card_type_5": 0,
        "additional_piece_target_card_type_6": 0,
        "additional_piece_target_rarity_1": 0,
        "additional_piece_target_rarity_2": 0,
        "additional_piece_target_rarity_3": 0,
        "additional_piece_target_rarity_4": 0,
        "additional_piece_target_rarity_5": 0,
        "additional_piece_target_rarity_6": 0,
        "bonus_item_category_1": 0,
        "bonus_item_category_2": 0,
        "bonus_item_id_1": 0,
        "bonus_item_id_2": 0,
        "bonus_item_num_1": 0,
        "bonus_item_num_2": 0,
        "bonus_target_draw_num": 0,
        "card_type": 2,
        "cost_single": 150,
        "cost_type": 90,
        "daily_pay_cost": 50,
        "disp_order": 390,
        "draw_guarantee_num": 1,
        "draw_guarantee_rarity": 2,
        "end_date": 2524618799,
        "id": 10002,
        "only_once_flag": 0,
        "prize_odds_id": 0,
        "rarity_odds_id": 1002,
        "start_date": 1609480800,
        "type": 1
    },
    {
        "additional_piece_num_1": 60,
        "additional_piece_num_2": 0,
        "additional_piece_num_3": 0,
        "additional_piece_num_4": 0,
        "additional_piece_num_5": 0,
        "additional_piece_num_6": 0,
        "additional_piece_target_card_id_1": 0,
        "additional_piece_target_card_id_2": 0,
        "additional_piece_target_card_id_3": 0,
        "additional_piece_target_card_id_4": 0,
        "additional_piece_target_card_id_5": 0,
        "additional_piece_target_card_id_6": 0,
        "additional_piece_target_card_type_1": 1,
        "additional_piece_target_card_type_2": 0,
        "additional_piece_target_card_type_3": 0,
        "additional_piece_target_card_type_4": 0,
        "additional_piece_target_card_type_5": 0,
        "additional_piece_target_card_type_6": 0,
        "additional_piece_target_rarity_1": 3,
        "additional_piece_target_rarity_2": 0,
        "additional_piece_target_rarity_3": 0,
        "additional_piece_target_rarity_4": 0,
        "additional_piece_target_rarity_5": 0,
        "additional_piece_target_rarity_6": 0,
        "bonus_item_category_1": 0,
        "bonus_item_category_2": 0,
        "bonus_item_id_1": 0,
        "bonus_item_id_2": 0,
        "bonus_item_num_1": 0,
        "bonus_item_num_2": 0,
        "bonus_target_draw_num": 0,
        "card_type": 1,
        "cost_single": 0,
        "cost_type": 40,
        "daily_pay_cost": 0,
        "disp_order": 300,
        "draw_guarantee_num": 1,
        "draw_guarantee_rarity": 3,
        "end_date": 2524629600,
        "id": 20001,
        "only_once_flag": 0,
        "prize_odds_id": 0,
        "rarity_odds_id": 2001,
        "start_date": 1609480800,
        "type": 2
    },
    {
        "additional_piece_num_1": 0,
        "additional_piece_num_2": 0,
        "additional_piece_num_3": 0,
        "additional_piece_num_4": 0,
        "additional_piece_num_5": 0,
        "additional_piece_num_6": 0,
        "additional_piece_target_card_id_1": 0,
        "additional_piece_target_card_id_2": 0,
        "additional_piece_target_card_id_3": 0,
        "additional_piece_target_card_id_4": 0,
        "additional_piece_target_card_id_5": 0,
        "additional_piece_target_card_id_6": 0,
        "additional_piece_target_card_type_1": 0,
        "additional_piece_target_card_type_2": 0,
        "additional_piece_target_card_type_3": 0,
        "additional_piece_target_card_type_4": 0,
        "additional_piece_target_card_type_5": 0,
        "additional_piece_target_card_type_6": 0,
        "additional_piece_target_rarity_1": 0,
        "additional_piece_target_rarity_2": 0,
        "additional_piece_target_rarity_3": 0,
        "additional_piece_target_rarity_4": 0,
        "additional_piece_target_rarity_5": 0,
        "additional_piece_target_rarity_6": 0,
        "bonus_item_category_1": 0,
        "bonus_item_category_2": 0,
        "bonus_item_id_1": 0,
        "bonus_item_id_2": 0,
        "bonus_item_num_1": 0,
        "bonus_item_num_2": 0,
        "bonus_target_draw_num": 0,
        "card_type": 2,
        "cost_single": 0,
        "cost_type": 40,
        "daily_pay_cost": 0,
        "disp_order": 290,
        "draw_guarantee_num": 1,
        "draw_guarantee_rarity": 3,
        "end_date": 2524629600,
        "id": 20002,
        "only_once_flag": 0,
        "prize_odds_id": 0,
        "rarity_odds_id": 2002,
        "start_date": 1609480800,
        "type": 2
    },
    {
        "additional_piece_num_1": 10,
        "additional_piece_num_2": 60,
        "additional_piece_num_3": 0,
        "additional_piece_num_4": 0,
        "additional_piece_num_5": 0,
        "additional_piece_num_6": 0,
        "additional_piece_target_card_id_1": 0,
        "additional_piece_target_card_id_2": 0,
        "additional_piece_target_card_id_3": 0,
        "additional_piece_target_card_id_4": 0,
        "additional_piece_target_card_id_5": 0,
        "additional_piece_target_card_id_6": 0,
        "additional_piece_target_card_type_1": 1,
        "additional_piece_target_card_type_2": 1,
        "additional_piece_target_card_type_3": 0,
        "additional_piece_target_card_type_4": 0,
        "additional_piece_target_card_type_5": 0,
        "additional_piece_target_card_type_6": 0,
        "additional_piece_target_rarity_1": 2,
        "additional_piece_target_rarity_2": 3,
        "additional_piece_target_rarity_3": 0,
        "additional_piece_target_rarity_4": 0,
        "additional_piece_target_rarity_5": 0,
        "additional_piece_target_rarity_6": 0,
        "bonus_item_category_1": 0,
        "bonus_item_category_2": 0,
        "bonus_item_id_1": 0,
        "bonus_item_id_2": 0,
        "bonus_item_num_1": 0,
        "bonus_item_num_2": 0,
        "bonus_target_draw_num": 0,
        "card_type": 1,
        "cost_single": 0,
        "cost_type": 40,
        "daily_pay_cost": 0,
        "disp_order": 280,
        "draw_guarantee_num": 1,
        "draw_guarantee_rarity": 2,
        "end_date": 2524629600,
        "id": 20003,
        "only_once_flag": 0,
        "prize_odds_id": 0,
        "rarity_odds_id": 3001,
        "start_date": 1609480800,
        "type": 2
    },
    {
        "additional_piece_num_1": 0,
        "additional_piece_num_2": 0,
        "additional_piece_num_3": 0,
        "additional_piece_num_4": 0,
        "additional_piece_num_5": 0,
        "additional_piece_num_6": 0,
        "additional_piece_target_card_id_1": 0,
        "additional_piece_target_card_id_2": 0,
        "additional_piece_target_card_id_3": 0,
        "additional_piece_target_card_id_4": 0,
        "additional_piece_target_card_id_5": 0,
        "additional_piece_target_card_id_6": 0,
        "additional_piece_target_card_type_1": 0,
        "additional_piece_target_card_type_2": 0,
        "additional_piece_target_card_type_3": 0,
        "additional_piece_target_card_type_4": 0,
        "additional_piece_target_card_type_5": 0,
        "additional_piece_target_card_type_6": 0,
        "additional_piece_target_rarity_1": 0,
        "additional_piece_target_rarity_2": 0,
        "additional_piece_target_rarity_3": 0,
        "additional_piece_target_rarity_4": 0,
        "additional_piece_target_rarity_5": 0,
        "additional_piece_target_rarity_6": 0,
        "bonus_item_category_1": 0,
        "bonus_item_category_2": 0,
        "bonus_item_id_1": 0,
        "bonus_item_id_2": 0,
        "bonus_item_num_1": 0,
        "bonus_item_num_2": 0,
        "bonus_target_draw_num": 0,
        "card_type": 2,
        "cost_single": 0,
        "cost_type": 40,
        "daily_pay_cost": 0,
        "disp_order": 270,
        "draw_guarantee_num": 1,
        "draw_guarantee_rarity": 2,
        "end_date": 2524629600,
        "id": 20004,
        "only_once_flag": 0,
        "prize_odds_id": 0,
        "rarity_odds_id": 3002,
        "start_date": 1609480800,
        "type": 2
    },
    {
        "additional_piece_num_1": 5,
        "additional_piece_num_2": 10,
        "additional_piece_num_3": 60,
        "additional_piece_num_4": 0,
        "additional_piece_num_5": 0,
        "additional_piece_num_6": 0,
        "additional_piece_target_card_id_1": 0,
        "additional_piece_target_card_id_2": 0,
        "additional_piece_target_card_id_3": 0,
        "additional_piece_target_card_id_4": 0,
        "additional_piece_target_card_id_5": 0,
        "additional_piece_target_card_id_6": 0,
        "additional_piece_target_card_type_1": 1,
        "additional_piece_target_card_type_2": 1,
        "additional_piece_target_card_type_3": 1,
        "additional_piece_target_card_type_4": 0,
        "additional_piece_target_card_type_5": 0,
        "additional_piece_target_card_type_6": 0,
        "additional_piece_target_rarity_1": 1,
        "additional_piece_target_rarity_2": 2,
        "additional_piece_target_rarity_3": 3,
        "additional_piece_target_rarity_4": 0,
        "additional_piece_target_rarity_5": 0,
        "additional_piece_target_rarity_6": 0,
        "bonus_item_category_1": 0,
        "bonus_item_category_2": 0,
        "bonus_item_id_1": 0,
        "bonus_item_id_2": 0,
        "bonus_item_num_1": 0,
        "bonus_item_num_2": 0,
        "bonus_target_draw_num": 0,
        "card_type": 1,
        "cost_single": 150,
        "cost_type": 90,
        "daily_pay_cost": 50,
        "disp_order": 400,
        "draw_guarantee_num": 1,
        "draw_guarantee_rarity": 2,
        "end_date": 1656298799,
        "id": 30002,
        "only_once_flag": 0,
        "prize_odds_id": 0,
        "rarity_odds_id": 1001,
        "start_date": 1609480800,
        "type": 3
    },
    {
        "additional_piece_num_1": 0,
        "additional_piece_num_2": 0,
        "additional_piece_num_3": 0,
        "additional_piece_num_4": 0,
        "additional_piece_num_5": 0,
        "additional_piece_num_6": 0,
        "additional_piece_target_card_id_1": 0,
        "additional_piece_target_card_id_2": 0,
        "additional_piece_target_card_id_3": 0,
        "additional_piece_target_card_id_4": 0,
        "additional_piece_target_card_id_5": 0,
        "additional_piece_target_card_id_6": 0,
        "additional_piece_target_card_type_1": 0,
        "additional_piece_target_card_type_2": 0,
        "additional_piece_target_card_type_3": 0,
        "additional_piece_target_card_type_4": 0,
        "additional_piece_target_card_type_5": 0,
        "additional_piece_target_card_type_6": 0,
        "additional_piece_target_rarity_1": 0,
        "additional_piece_target_rarity_2": 0,
        "additional_piece_target_rarity_3": 0,
        "additional_piece_target_rarity_4": 0,
        "additional_piece_target_rarity_5": 0,
        "additional_piece_target_rarity_6": 0,
        "bonus_item_category_1": 0,
        "bonus_item_category_2": 0,
        "bonus_item_id_1": 0,
        "bonus_item_id_2": 0,
        "bonus_item_num_1": 0,
        "bonus_item_num_2": 0,
        "bonus_target_draw_num": 0,
        "card_type": 2,
        "cost_single": 150,
        "cost_type": 90,
        "daily_pay_cost": 50,
        "disp_order": 390,
        "draw_guarantee_num": 1,
        "draw_guarantee_rarity": 2,
        "end_date": 1656298799,
        "id": 30003,
        "only_once_flag": 0,
        "prize_odds_id": 0,
        "rarity_odds_id": 1002,
        "start_date": 1609480800,
        "type": 3
    },
    {
        "additional_piece_num_1": 90,
        "additional_piece_num_2": 5,
        "additional_piece_num_3": 10,
        "additional_piece_num_4": 60,
        "additional_piece_num_5": 0,
        "additional_piece_num_6": 0,
        "additional_piece_target_card_id_1": 101501,
        "additional_piece_target_card_id_2": 0,
        "additional_piece_target_card_id_3": 0,
        "additional_piece_target_card_id_4": 0,
        "additional_piece_target_card_id_5": 0,
        "additional_piece_target_card_id_6": 0,
        "additional_piece_target_card_type_1": 1,
        "additional_piece_target_card_type_2": 1,
        "additional_piece_target_card_type_3": 1,
        "additional_piece_target_card_type_4": 1,
        "additional_piece_target_card_type_5": 0,
        "additional_piece_target_card_type_6": 0,
        "additional_piece_target_rarity_1": 0,
        "additional_piece_target_rarity_2": 1,
        "additional_piece_target_rarity_3": 2,
        "additional_piece_target_rarity_4": 3,
        "additional_piece_target_rarity_5": 0,
        "additional_piece_target_rarity_6": 0,
        "bonus_item_category_1": 0,
        "bonus_item_category_2": 0,
        "bonus_item_id_1": 0,
        "bonus_item_id_2": 0,
        "bonus_item_num_1": 0,
        "bonus_item_num_2": 0,
        "bonus_target_draw_num": 0,
        "card_type": 1,
        "cost_single": 150,
        "cost_type": 90,
        "daily_pay_cost": 50,
        "disp_order": 801,
        "draw_guarantee_num": 1,
        "draw_guarantee_rarity": 2,
        "end_date": 1656903599,
        "id": 30004,
        "only_once_flag": 0,
        "prize_odds_id": 0,
        "rarity_odds_id": 1001,
        "start_date": 1656298800,
        "type": 3
    },
    {
        "additional_piece_num_1": 0,
        "additional_piece_num_2": 0,
        "additional_piece_num_3": 0,
        "additional_piece_num_4": 0,
        "additional_piece_num_5": 0,
        "additional_piece_num_6": 0,
        "additional_piece_target_card_id_1": 0,
        "additional_piece_target_card_id_2": 0,
        "additional_piece_target_card_id_3": 0,
        "additional_piece_target_card_id_4": 0,
        "additional_piece_target_card_id_5": 0,
        "additional_piece_target_card_id_6": 0,
        "additional_piece_target_card_type_1": 0,
        "additional_piece_target_card_type_2": 0,
        "additional_piece_target_card_type_3": 0,
        "additional_piece_target_card_type_4": 0,
        "additional_piece_target_card_type_5": 0,
        "additional_piece_target_card_type_6": 0,
        "additional_piece_target_rarity_1": 0,
        "additional_piece_target_rarity_2": 0,
        "additional_piece_target_rarity_3": 0,
        "additional_piece_target_rarity_4": 0,
        "additional_piece_target_rarity_5": 0,
        "additional_piece_target_rarity_6": 0,
        "bonus_item_category_1": 0,
        "bonus_item_category_2": 0,
        "bonus_item_id_1": 0,
        "bonus_item_id_2": 0,
        "bonus_item_num_1": 0,
        "bonus_item_num_2": 0,
        "bonus_target_draw_num": 0,
        "card_type": 2,
        "cost_single": 150,
        "cost_type": 90,
        "daily_pay_cost": 50,
        "disp_order": 800,
        "draw_guarantee_num": 1,
        "draw_guarantee_rarity": 2,
        "end_date": 1656903599,
        "id": 30005,
        "only_once_flag": 0,
        "prize_odds_id": 0,
        "rarity_odds_id": 1002,
        "start_date": 1656298800,
        "type": 3
    },
    {
        "additional_piece_num_1": 90,
        "additional_piece_num_2": 5,
        "additional_piece_num_3": 10,
        "additional_piece_num_4": 60,
        "additional_piece_num_5": 0,
        "additional_piece_num_6": 0,
        "additional_piece_target_card_id_1": 102601,
        "additional_piece_target_card_id_2": 0,
        "additional_piece_target_card_id_3": 0,
        "additional_piece_target_card_id_4": 0,
        "additional_piece_target_card_id_5": 0,
        "additional_piece_target_card_id_6": 0,
        "additional_piece_target_card_type_1": 1,
        "additional_piece_target_card_type_2": 1,
        "additional_piece_target_card_type_3": 1,
        "additional_piece_target_card_type_4": 1,
        "additional_piece_target_card_type_5": 0,
        "additional_piece_target_card_type_6": 0,
        "additional_piece_target_rarity_1": 0,
        "additional_piece_target_rarity_2": 1,
        "additional_piece_target_rarity_3": 2,
        "additional_piece_target_rarity_4": 3,
        "additional_piece_target_rarity_5": 0,
        "additional_piece_target_rarity_6": 0,
        "bonus_item_category_1": 0,
        "bonus_item_category_2": 0,
        "bonus_item_id_1": 0,
        "bonus_item_id_2": 0,
        "bonus_item_num_1": 0,
        "bonus_item_num_2": 0,
        "bonus_target_draw_num": 0,
        "card_type": 1,
        "cost_single": 150,
        "cost_type": 90,
        "daily_pay_cost": 50,
        "disp_order": 803,
        "draw_guarantee_num": 1,
        "draw_guarantee_rarity": 2,
        "end_date": 1657681199,
        "id": 30006,
        "only_once_flag": 0,
        "prize_odds_id": 0,
        "rarity_odds_id": 1001,
        "start_date": 1656903600,
        "type": 3
    },
    {
        "additional_piece_num_1": 0,
        "additional_piece_num_2": 0,
        "additional_piece_num_3": 0,
        "additional_piece_num_4": 0,
        "additional_piece_num_5": 0,
        "additional_piece_num_6": 0,
        "additional_piece_target_card_id_1": 0,
        "additional_piece_target_card_id_2": 0,
        "additional_piece_target_card_id_3": 0,
        "additional_piece_target_card_id_4": 0,
        "additional_piece_target_card_id_5": 0,
        "additional_piece_target_card_id_6": 0,
        "additional_piece_target_card_type_1": 0,
        "additional_piece_target_card_type_2": 0,
        "additional_piece_target_card_type_3": 0,
        "additional_piece_target_card_type_4": 0,
        "additional_piece_target_card_type_5": 0,
        "additional_piece_target_card_type_6": 0,
        "additional_piece_target_rarity_1": 0,
        "additional_piece_target_rarity_2": 0,
        "additional_piece_target_rarity_3": 0,
        "additional_piece_target_rarity_4": 0,
        "additional_piece_target_rarity_5": 0,
        "additional_piece_target_rarity_6": 0,
        "bonus_item_category_1": 0,
        "bonus_item_category_2": 0,
        "bonus_item_id_1": 0,
        "bonus_item_id_2": 0,
        "bonus_item_num_1": 0,
        "bonus_item_num_2": 0,
        "bonus_target_draw_num": 0,
        "card_type": 2,
        "cost_single": 150,
        "cost_type": 90,
        "daily_pay_cost": 50,
        "disp_order": 802,
        "draw_guarantee_num": 1,
        "draw_guarantee_rarity": 2,
        "end_date": 1657681199,
        "id": 30007,
        "only_once_flag": 0,
        "prize_odds_id": 0,
        "rarity_odds_id": 1002,
        "start_date": 1656903600,
        "type": 3
    },
    {
        "additional_piece_num_1": 90,
        "additional_piece_num_2": 5,
        "additional_piece_num_3": 10,
        "additional_piece_num_4": 60,
        "additional_piece_num_5": 0,
        "additional_piece_num_6": 0,
        "additional_piece_target_card_id_1": 102301,
        "additional_piece_target_card_id_2": 0,
        "additional_piece_target_card_id_3": 0,
        "additional_piece_target_card_id_4": 0,
        "additional_piece_target_card_id_5": 0,
        "additional_piece_target_card_id_6": 0,
        "additional_piece_target_card_type_1": 1,
        "additional_piece_target_card_type_2": 1,
        "additional_piece_target_card_type_3": 1,
        "additional_piece_target_card_type_4": 1,
        "additional_piece_target_card_type_5": 0,
        "additional_piece_target_card_type_6": 0,
        "additional_piece_target_rarity_1": 0,
        "additional_piece_target_rarity_2": 1,
        "additional_piece_target_rarity_3": 2,
        "additional_piece_target_rarity_4": 3,
        "additional_piece_target_rarity_5": 0,
        "additional_piece_target_rarity_6": 0,
        "bonus_item_category_1": 0,
        "bonus_item_category_2": 0,
        "bonus_item_id_1": 0,
        "bonus_item_id_2": 0,
        "bonus_item_num_1": 0,
        "bonus_item_num_2": 0,
        "bonus_target_draw_num": 0,
        "card_type": 1,
        "cost_single": 150,
        "cost_type": 90,
        "daily_pay_cost": 50,
        "disp_order": 803,
        "draw_guarantee_num": 1,
        "draw_guarantee_rarity": 2,
        "end_date": 1658717999,
        "id": 30008,
        "only_once_flag": 0,
        "prize_odds_id": 0,
        "rarity_odds_id": 1001,
        "start_date": 1657681200,
        "type": 3
    },
    {
        "additional_piece_num_1": 0,
        "additional_piece_num_2": 0,
        "additional_piece_num_3": 0,
        "additional_piece_num_4": 0,
        "additional_piece_num_5": 0,
        "additional_piece_num_6": 0,
        "additional_piece_target_card_id_1": 0,
        "additional_piece_target_card_id_2": 0,
        "additional_piece_target_card_id_3": 0,
        "additional_piece_target_card_id_4": 0,
        "additional_piece_target_card_id_5": 0,
        "additional_piece_target_card_id_6": 0,
        "additional_piece_target_card_type_1": 0,
        "additional_piece_target_card_type_2": 0,
        "additional_piece_target_card_type_3": 0,
        "additional_piece_target_card_type_4": 0,
        "additional_piece_target_card_type_5": 0,
        "additional_piece_target_card_type_6": 0,
        "additional_piece_target_rarity_1": 0,
        "additional_piece_target_rarity_2": 0,
        "additional_piece_target_rarity_3": 0,
        "additional_piece_target_rarity_4": 0,
        "additional_piece_target_rarity_5": 0,
        "additional_piece_target_rarity_6": 0,
        "bonus_item_category_1": 0,
        "bonus_item_category_2": 0,
        "bonus_item_id_1": 0,
        "bonus_item_id_2": 0,
        "bonus_item_num_1": 0,
        "bonus_item_num_2": 0,
        "bonus_target_draw_num": 0,
        "card_type": 2,
        "cost_single": 150,
        "cost_type": 90,
        "daily_pay_cost": 50,
        "disp_order": 802,
        "draw_guarantee_num": 1,
        "draw_guarantee_rarity": 2,
        "end_date": 1658717999,
        "id": 30009,
        "only_once_flag": 0,
        "prize_odds_id": 0,
        "rarity_odds_id": 1002,
        "start_date": 1657681200,
        "type": 3
    },
    {
        "additional_piece_num_1": 90,
        "additional_piece_num_2": 90,
        "additional_piece_num_3": 5,
        "additional_piece_num_4": 10,
        "additional_piece_num_5": 60,
        "additional_piece_num_6": 0,
        "additional_piece_target_card_id_1": 100302,
        "additional_piece_target_card_id_2": 101302,
        "additional_piece_target_card_id_3": 0,
        "additional_piece_target_card_id_4": 0,
        "additional_piece_target_card_id_5": 0,
        "additional_piece_target_card_id_6": 0,
        "additional_piece_target_card_type_1": 1,
        "additional_piece_target_card_type_2": 1,
        "additional_piece_target_card_type_3": 1,
        "additional_piece_target_card_type_4": 1,
        "additional_piece_target_card_type_5": 1,
        "additional_piece_target_card_type_6": 0,
        "additional_piece_target_rarity_1": 0,
        "additional_piece_target_rarity_2": 0,
        "additional_piece_target_rarity_3": 1,
        "additional_piece_target_rarity_4": 2,
        "additional_piece_target_rarity_5": 3,
        "additional_piece_target_rarity_6": 0,
        "bonus_item_category_1": 0,
        "bonus_item_category_2": 0,
        "bonus_item_id_1": 0,
        "bonus_item_id_2": 0,
        "bonus_item_num_1": 0,
        "bonus_item_num_2": 0,
        "bonus_target_draw_num": 0,
        "card_type": 1,
        "cost_single": 150,
        "cost_type": 90,
        "daily_pay_cost": 50,
        "disp_order": 803,
        "draw_guarantee_num": 1,
        "draw_guarantee_rarity": 2,
        "end_date": 1660100399,
        "id": 30010,
        "only_once_flag": 0,
        "prize_odds_id": 0,
        "rarity_odds_id": 1001,
        "start_date": 1658718000,
        "type": 3
    },
    {
        "additional_piece_num_1": 0,
        "additional_piece_num_2": 0,
        "additional_piece_num_3": 0,
        "additional_piece_num_4": 0,
        "additional_piece_num_5": 0,
        "additional_piece_num_6": 0,
        "additional_piece_target_card_id_1": 0,
        "additional_piece_target_card_id_2": 0,
        "additional_piece_target_card_id_3": 0,
        "additional_piece_target_card_id_4": 0,
        "additional_piece_target_card_id_5": 0,
        "additional_piece_target_card_id_6": 0,
        "additional_piece_target_card_type_1": 0,
        "additional_piece_target_card_type_2": 0,
        "additional_piece_target_card_type_3": 0,
        "additional_piece_target_card_type_4": 0,
        "additional_piece_target_card_type_5": 0,
        "additional_piece_target_card_type_6": 0,
        "additional_piece_target_rarity_1": 0,
        "additional_piece_target_rarity_2": 0,
        "additional_piece_target_rarity_3": 0,
        "additional_piece_target_rarity_4": 0,
        "additional_piece_target_rarity_5": 0,
        "additional_piece_target_rarity_6": 0,
        "bonus_item_category_1": 0,
        "bonus_item_category_2": 0,
        "bonus_item_id_1": 0,
        "bonus_item_id_2": 0,
        "bonus_item_num_1": 0,
        "bonus_item_num_2": 0,
        "bonus_target_draw_num": 0,
        "card_type": 2,
        "cost_single": 150,
        "cost_type": 90,
        "daily_pay_cost": 50,
        "disp_order": 802,
        "draw_guarantee_num": 1,
        "draw_guarantee_rarity": 2,
        "end_date": 1660100399,
        "id": 30011,
        "only_once_flag": 0,
        "prize_odds_id": 0,
        "rarity_odds_id": 1002,
        "start_date": 1658718000,
        "type": 3
    },
    {
        "additional_piece_num_1": 90,
        "additional_piece_num_2": 5,
        "additional_piece_num_3": 10,
        "additional_piece_num_4": 60,
        "additional_piece_num_5": 0,
        "additional_piece_num_6": 0,
        "additional_piece_target_card_id_1": 103801,
        "additional_piece_target_card_id_2": 0,
        "additional_piece_target_card_id_3": 0,
        "additional_piece_target_card_id_4": 0,
        "additional_piece_target_card_id_5": 0,
        "additional_piece_target_card_id_6": 0,
        "additional_piece_target_card_type_1": 1,
        "additional_piece_target_card_type_2": 1,
        "additional_piece_target_card_type_3": 1,
        "additional_piece_target_card_type_4": 1,
        "additional_piece_target_card_type_5": 0,
        "additional_piece_target_card_type_6": 0,
        "additional_piece_target_rarity_1": 0,
        "additional_piece_target_rarity_2": 1,
        "additional_piece_target_rarity_3": 2,
        "additional_piece_target_rarity_4": 3,
        "additional_piece_target_rarity_5": 0,
        "additional_piece_target_rarity_6": 0,
        "bonus_item_category_1": 0,
        "bonus_item_category_2": 0,
        "bonus_item_id_1": 0,
        "bonus_item_id_2": 0,
        "bonus_item_num_1": 0,
        "bonus_item_num_2": 0,
        "bonus_target_draw_num": 0,
        "card_type": 1,
        "cost_single": 150,
        "cost_type": 90,
        "daily_pay_cost": 50,
        "disp_order": 803,
        "draw_guarantee_num": 1,
        "draw_guarantee_rarity": 2,
        "end_date": 1660791599,
        "id": 30012,
        "only_once_flag": 0,
        "prize_odds_id": 0,
        "rarity_odds_id": 1001,
        "start_date": 1660100400,
        "type": 3
    },
    {
        "additional_piece_num_1": 0,
        "additional_piece_num_2": 0,
        "additional_piece_num_3": 0,
        "additional_piece_num_4": 0,
        "additional_piece_num_5": 0,
        "additional_piece_num_6": 0,
        "additional_piece_target_card_id_1": 0,
        "additional_piece_target_card_id_2": 0,
        "additional_piece_target_card_id_3": 0,
        "additional_piece_target_card_id_4": 0,
        "additional_piece_target_card_id_5": 0,
        "additional_piece_target_card_id_6": 0,
        "additional_piece_target_card_type_1": 0,
        "additional_piece_target_card_type_2": 0,
        "additional_piece_target_card_type_3": 0,
        "additional_piece_target_card_type_4": 0,
        "additional_piece_target_card_type_5": 0,
        "additional_piece_target_card_type_6": 0,
        "additional_piece_target_rarity_1": 0,
        "additional_piece_target_rarity_2": 0,
        "additional_piece_target_rarity_3": 0,
        "additional_piece_target_rarity_4": 0,
        "additional_piece_target_rarity_5": 0,
        "additional_piece_target_rarity_6": 0,
        "bonus_item_category_1": 0,
        "bonus_item_category_2": 0,
        "bonus_item_id_1": 0,
        "bonus_item_id_2": 0,
        "bonus_item_num_1": 0,
        "bonus_item_num_2": 0,
        "bonus_target_draw_num": 0,
        "card_type": 2,
        "cost_single": 150,
        "cost_type": 90,
        "daily_pay_cost": 50,
        "disp_order": 802,
        "draw_guarantee_num": 1,
        "draw_guarantee_rarity": 2,
        "end_date": 1660791599,
        "id": 30013,
        "only_once_flag": 0,
        "prize_odds_id": 0,
        "rarity_odds_id": 1002,
        "start_date": 1660100400,
        "type": 3
    },
    {
        "additional_piece_num_1": 90,
        "additional_piece_num_2": 5,
        "additional_piece_num_3": 10,
        "additional_piece_num_4": 60,
        "additional_piece_num_5": 0,
        "additional_piece_num_6": 0,
        "additional_piece_target_card_id_1": 105001,
        "additional_piece_target_card_id_2": 0,
        "additional_piece_target_card_id_3": 0,
        "additional_piece_target_card_id_4": 0,
        "additional_piece_target_card_id_5": 0,
        "additional_piece_target_card_id_6": 0,
        "additional_piece_target_card_type_1": 1,
        "additional_piece_target_card_type_2": 1,
        "additional_piece_target_card_type_3": 1,
        "additional_piece_target_card_type_4": 1,
        "additional_piece_target_card_type_5": 0,
        "additional_piece_target_card_type_6": 0,
        "additional_piece_target_rarity_1": 0,
        "additional_piece_target_rarity_2": 1,
        "additional_piece_target_rarity_3": 2,
        "additional_piece_target_rarity_4": 3,
        "additional_piece_target_rarity_5": 0,
        "additional_piece_target_rarity_6": 0,
        "bonus_item_category_1": 0,
        "bonus_item_category_2": 0,
        "bonus_item_id_1": 0,
        "bonus_item_id_2": 0,
        "bonus_item_num_1": 0,
        "bonus_item_num_2": 0,
        "bonus_target_draw_num": 0,
        "card_type": 1,
        "cost_single": 150,
        "cost_type": 90,
        "daily_pay_cost": 50,
        "disp_order": 803,
        "draw_guarantee_num": 1,
        "draw_guarantee_rarity": 2,
        "end_date": 1661482799,
        "id": 30014,
        "only_once_flag": 0,
        "prize_odds_id": 0,
        "rarity_odds_id": 1001,
        "start_date": 1660791600,
        "type": 3
    },
    {
        "additional_piece_num_1": 0,
        "additional_piece_num_2": 0,
        "additional_piece_num_3": 0,
        "additional_piece_num_4": 0,
        "additional_piece_num_5": 0,
        "additional_piece_num_6": 0,
        "additional_piece_target_card_id_1": 0,
        "additional_piece_target_card_id_2": 0,
        "additional_piece_target_card_id_3": 0,
        "additional_piece_target_card_id_4": 0,
        "additional_piece_target_card_id_5": 0,
        "additional_piece_target_card_id_6": 0,
        "additional_piece_target_card_type_1": 0,
        "additional_piece_target_card_type_2": 0,
        "additional_piece_target_card_type_3": 0,
        "additional_piece_target_card_type_4": 0,
        "additional_piece_target_card_type_5": 0,
        "additional_piece_target_card_type_6": 0,
        "additional_piece_target_rarity_1": 0,
        "additional_piece_target_rarity_2": 0,
        "additional_piece_target_rarity_3": 0,
        "additional_piece_target_rarity_4": 0,
        "additional_piece_target_rarity_5": 0,
        "additional_piece_target_rarity_6": 0,
        "bonus_item_category_1": 0,
        "bonus_item_category_2": 0,
        "bonus_item_id_1": 0,
        "bonus_item_id_2": 0,
        "bonus_item_num_1": 0,
        "bonus_item_num_2": 0,
        "bonus_target_draw_num": 0,
        "card_type": 2,
        "cost_single": 150,
        "cost_type": 90,
        "daily_pay_cost": 50,
        "disp_order": 802,
        "draw_guarantee_num": 1,
        "draw_guarantee_rarity": 2,
        "end_date": 1661482799,
        "id": 30015,
        "only_once_flag": 0,
        "prize_odds_id": 0,
        "rarity_odds_id": 1002,
        "start_date": 1660791600,
        "type": 3
    },
    {
        "additional_piece_num_1": 90,
        "additional_piece_num_2": 5,
        "additional_piece_num_3": 10,
        "additional_piece_num_4": 60,
        "additional_piece_num_5": 0,
        "additional_piece_num_6": 0,
        "additional_piece_target_card_id_1": 104601,
        "additional_piece_target_card_id_2": 0,
        "additional_piece_target_card_id_3": 0,
        "additional_piece_target_card_id_4": 0,
        "additional_piece_target_card_id_5": 0,
        "additional_piece_target_card_id_6": 0,
        "additional_piece_target_card_type_1": 1,
        "additional_piece_target_card_type_2": 1,
        "additional_piece_target_card_type_3": 1,
        "additional_piece_target_card_type_4": 1,
        "additional_piece_target_card_type_5": 0,
        "additional_piece_target_card_type_6": 0,
        "additional_piece_target_rarity_1": 0,
        "additional_piece_target_rarity_2": 1,
        "additional_piece_target_rarity_3": 2,
        "additional_piece_target_rarity_4": 3,
        "additional_piece_target_rarity_5": 0,
        "additional_piece_target_rarity_6": 0,
        "bonus_item_category_1": 0,
        "bonus_item_category_2": 0,
        "bonus_item_id_1": 0,
        "bonus_item_id_2": 0,
        "bonus_item_num_1": 0,
        "bonus_item_num_2": 0,
        "bonus_target_draw_num": 0,
        "card_type": 1,
        "cost_single": 150,
        "cost_type": 90,
        "daily_pay_cost": 50,
        "disp_order": 803,
        "draw_guarantee_num": 1,
        "draw_guarantee_rarity": 2,
        "end_date": 1662346799,
        "id": 30016,
        "only_once_flag": 0,
        "prize_odds_id": 0,
        "rarity_odds_id": 1001,
        "start_date": 1661482800,
        "type": 3
    },
    {
        "additional_piece_num_1": 0,
        "additional_piece_num_2": 0,
        "additional_piece_num_3": 0,
        "additional_piece_num_4": 0,
        "additional_piece_num_5": 0,
        "additional_piece_num_6": 0,
        "additional_piece_target_card_id_1": 0,
        "additional_piece_target_card_id_2": 0,
        "additional_piece_target_card_id_3": 0,
        "additional_piece_target_card_id_4": 0,
        "additional_piece_target_card_id_5": 0,
        "additional_piece_target_card_id_6": 0,
        "additional_piece_target_card_type_1": 0,
        "additional_piece_target_card_type_2": 0,
        "additional_piece_target_card_type_3": 0,
        "additional_piece_target_card_type_4": 0,
        "additional_piece_target_card_type_5": 0,
        "additional_piece_target_card_type_6": 0,
        "additional_piece_target_rarity_1": 0,
        "additional_piece_target_rarity_2": 0,
        "additional_piece_target_rarity_3": 0,
        "additional_piece_target_rarity_4": 0,
        "additional_piece_target_rarity_5": 0,
        "additional_piece_target_rarity_6": 0,
        "bonus_item_category_1": 0,
        "bonus_item_category_2": 0,
        "bonus_item_id_1": 0,
        "bonus_item_id_2": 0,
        "bonus_item_num_1": 0,
        "bonus_item_num_2": 0,
        "bonus_target_draw_num": 0,
        "card_type": 2,
        "cost_single": 150,
        "cost_type": 90,
        "daily_pay_cost": 50,
        "disp_order": 802,
        "draw_guarantee_num": 1,
        "draw_guarantee_rarity": 2,
        "end_date": 1662346799,
        "id": 30017,
        "only_once_flag": 0,
        "prize_odds_id": 0,
        "rarity_odds_id": 1002,
        "start_date": 1661482800,
        "type": 3
    },
    {
        "additional_piece_num_1": 90,
        "additional_piece_num_2": 5,
        "additional_piece_num_3": 10,
        "additional_piece_num_4": 60,
        "additional_piece_num_5": 0,
        "additional_piece_num_6": 0,
        "additional_piece_target_card_id_1": 101601,
        "additional_piece_target_card_id_2": 0,
        "additional_piece_target_card_id_3": 0,
        "additional_piece_target_card_id_4": 0,
        "additional_piece_target_card_id_5": 0,
        "additional_piece_target_card_id_6": 0,
        "additional_piece_target_card_type_1": 1,
        "additional_piece_target_card_type_2": 1,
        "additional_piece_target_card_type_3": 1,
        "additional_piece_target_card_type_4": 1,
        "additional_piece_target_card_type_5": 0,
        "additional_piece_target_card_type_6": 0,
        "additional_piece_target_rarity_1": 0,
        "additional_piece_target_rarity_2": 1,
        "additional_piece_target_rarity_3": 2,
        "additional_piece_target_rarity_4": 3,
        "additional_piece_target_rarity_5": 0,
        "additional_piece_target_rarity_6": 0,
        "bonus_item_category_1": 0,
        "bonus_item_category_2": 0,
        "bonus_item_id_1": 0,
        "bonus_item_id_2": 0,
        "bonus_item_num_1": 0,
        "bonus_item_num_2": 0,
        "bonus_target_draw_num": 0,
        "card_type": 1,
        "cost_single": 150,
        "cost_type": 90,
        "daily_pay_cost": 50,
        "disp_order": 803,
        "draw_guarantee_num": 1,
        "draw_guarantee_rarity": 2,
        "end_date": 1663210799,
        "id": 30018,
        "only_once_flag": 0,
        "prize_odds_id": 0,
        "rarity_odds_id": 1001,
        "start_date": 1662346800,
        "type": 3
    },
    {
        "additional_piece_num_1": 0,
        "additional_piece_num_2": 0,
        "additional_piece_num_3": 0,
        "additional_piece_num_4": 0,
        "additional_piece_num_5": 0,
        "additional_piece_num_6": 0,
        "additional_piece_target_card_id_1": 0,
        "additional_piece_target_card_id_2": 0,
        "additional_piece_target_card_id_3": 0,
        "additional_piece_target_card_id_4": 0,
        "additional_piece_target_card_id_5": 0,
        "additional_piece_target_card_id_6": 0,
        "additional_piece_target_card_type_1": 0,
        "additional_piece_target_card_type_2": 0,
        "additional_piece_target_card_type_3": 0,
        "additional_piece_target_card_type_4": 0,
        "additional_piece_target_card_type_5": 0,
        "additional_piece_target_card_type_6": 0,
        "additional_piece_target_rarity_1": 0,
        "additional_piece_target_rarity_2": 0,
        "additional_piece_target_rarity_3": 0,
        "additional_piece_target_rarity_4": 0,
        "additional_piece_target_rarity_5": 0,
        "additional_piece_target_rarity_6": 0,
        "bonus_item_category_1": 0,
        "bonus_item_category_2": 0,
        "bonus_item_id_1": 0,
        "bonus_item_id_2": 0,
        "bonus_item_num_1": 0,
        "bonus_item_num_2": 0,
        "bonus_target_draw_num": 0,
        "card_type": 2,
        "cost_single": 150,
        "cost_type": 90,
        "daily_pay_cost": 50,
        "disp_order": 802,
        "draw_guarantee_num": 1,
        "draw_guarantee_rarity": 2,
        "end_date": 1663210799,
        "id": 30019,
        "only_once_flag": 0,
        "prize_odds_id": 0,
        "rarity_odds_id": 1002,
        "start_date": 1662346800,
        "type": 3
    },
    {
        "additional_piece_num_1": 0,
        "additional_piece_num_2": 0,
        "additional_piece_num_3": 0,
        "additional_piece_num_4": 0,
        "additional_piece_num_5": 0,
        "additional_piece_num_6": 0,
        "additional_piece_target_card_id_1": 0,
        "additional_piece_target_card_id_2": 0,
        "additional_piece_target_card_id_3": 0,
        "additional_piece_target_card_id_4": 0,
        "additional_piece_target_card_id_5": 0,
        "additional_piece_target_card_id_6": 0,
        "additional_piece_target_card_type_1": 0,
        "additional_piece_target_card_type_2": 0,
        "additional_piece_target_card_type_3": 0,
        "additional_piece_target_card_type_4": 0,
        "additional_piece_target_card_type_5": 0,
        "additional_piece_target_card_type_6": 0,
        "additional_piece_target_rarity_1": 0,
        "additional_piece_target_rarity_2": 0,
        "additional_piece_target_rarity_3": 0,
        "additional_piece_target_rarity_4": 0,
        "additional_piece_target_rarity_5": 0,
        "additional_piece_target_rarity_6": 0,
        "bonus_item_category_1": 0,
        "bonus_item_category_2": 0,
        "bonus_item_id_1": 0,
        "bonus_item_id_2": 0,
        "bonus_item_num_1": 0,
        "bonus_item_num_2": 0,
        "bonus_target_draw_num": 0,
        "card_type": 2,
        "cost_single": 150,
        "cost_type": 90,
        "daily_pay_cost": 50,
        "disp_order": 802,
        "draw_guarantee_num": 1,
        "draw_guarantee_rarity": 2,
        "end_date": 1664333999,
        "id": 30021,
        "only_once_flag": 0,
        "prize_odds_id": 0,
        "rarity_odds_id": 1002,
        "start_date": 1663210800,
        "type": 3
    },
    {
        "additional_piece_num_1": 0,
        "additional_piece_num_2": 0,
        "additional_piece_num_3": 0,
        "additional_piece_num_4": 0,
        "additional_piece_num_5": 0,
        "additional_piece_num_6": 0,
        "additional_piece_target_card_id_1": 0,
        "additional_piece_target_card_id_2": 0,
        "additional_piece_target_card_id_3": 0,
        "additional_piece_target_card_id_4": 0,
        "additional_piece_target_card_id_5": 0,
        "additional_piece_target_card_id_6": 0,
        "additional_piece_target_card_type_1": 0,
        "additional_piece_target_card_type_2": 0,
        "additional_piece_target_card_type_3": 0,
        "additional_piece_target_card_type_4": 0,
        "additional_piece_target_card_type_5": 0,
        "additional_piece_target_card_type_6": 0,
        "additional_piece_target_rarity_1": 0,
        "additional_piece_target_rarity_2": 0,
        "additional_piece_target_rarity_3": 0,
        "additional_piece_target_rarity_4": 0,
        "additional_piece_target_rarity_5": 0,
        "additional_piece_target_rarity_6": 0,
        "bonus_item_category_1": 0,
        "bonus_item_category_2": 0,
        "bonus_item_id_1": 0,
        "bonus_item_id_2": 0,
        "bonus_item_num_1": 0,
        "bonus_item_num_2": 0,
        "bonus_target_draw_num": 0,
        "card_type": 2,
        "cost_single": 150,
        "cost_type": 90,
        "daily_pay_cost": 50,
        "disp_order": 802,
        "draw_guarantee_num": 1,
        "draw_guarantee_rarity": 2,
        "end_date": 1665457199,
        "id": 30023,
        "only_once_flag": 0,
        "prize_odds_id": 0,
        "rarity_odds_id": 1002,
        "start_date": 1664334000,
        "type": 3
    },
    {
        "additional_piece_num_1": 0,
        "additional_piece_num_2": 0,
        "additional_piece_num_3": 0,
        "additional_piece_num_4": 0,
        "additional_piece_num_5": 0,
        "additional_piece_num_6": 0,
        "additional_piece_target_card_id_1": 0,
        "additional_piece_target_card_id_2": 0,
        "additional_piece_target_card_id_3": 0,
        "additional_piece_target_card_id_4": 0,
        "additional_piece_target_card_id_5": 0,
        "additional_piece_target_card_id_6": 0,
        "additional_piece_target_card_type_1": 0,
        "additional_piece_target_card_type_2": 0,
        "additional_piece_target_card_type_3": 0,
        "additional_piece_target_card_type_4": 0,
        "additional_piece_target_card_type_5": 0,
        "additional_piece_target_card_type_6": 0,
        "additional_piece_target_rarity_1": 0,
        "additional_piece_target_rarity_2": 0,
        "additional_piece_target_rarity_3": 0,
        "additional_piece_target_rarity_4": 0,
        "additional_piece_target_rarity_5": 0,
        "additional_piece_target_rarity_6": 0,
        "bonus_item_category_1": 0,
        "bonus_item_category_2": 0,
        "bonus_item_id_1": 0,
        "bonus_item_id_2": 0,
        "bonus_item_num_1": 0,
        "bonus_item_num_2": 0,
        "bonus_target_draw_num": 0,
        "card_type": 2,
        "cost_single": 150,
        "cost_type": 90,
        "daily_pay_cost": 50,
        "disp_order": 802,
        "draw_guarantee_num": 1,
        "draw_guarantee_rarity": 2,
        "end_date": 1666061999,
        "id": 30025,
        "only_once_flag": 0,
        "prize_odds_id": 0,
        "rarity_odds_id": 1002,
        "start_date": 1665457200,
        "type": 3
    },
    {
        "additional_piece_num_1": 0,
        "additional_piece_num_2": 0,
        "additional_piece_num_3": 0,
        "additional_piece_num_4": 0,
        "additional_piece_num_5": 0,
        "additional_piece_num_6": 0,
        "additional_piece_target_card_id_1": 0,
        "additional_piece_target_card_id_2": 0,
        "additional_piece_target_card_id_3": 0,
        "additional_piece_target_card_id_4": 0,
        "additional_piece_target_card_id_5": 0,
        "additional_piece_target_card_id_6": 0,
        "additional_piece_target_card_type_1": 0,
        "additional_piece_target_card_type_2": 0,
        "additional_piece_target_card_type_3": 0,
        "additional_piece_target_card_type_4": 0,
        "additional_piece_target_card_type_5": 0,
        "additional_piece_target_card_type_6": 0,
        "additional_piece_target_rarity_1": 0,
        "additional_piece_target_rarity_2": 0,
        "additional_piece_target_rarity_3": 0,
        "additional_piece_target_rarity_4": 0,
        "additional_piece_target_rarity_5": 0,
        "additional_piece_target_rarity_6": 0,
        "bonus_item_category_1": 0,
        "bonus_item_category_2": 0,
        "bonus_item_id_1": 0,
        "bonus_item_id_2": 0,
        "bonus_item_num_1": 0,
        "bonus_item_num_2": 0,
        "bonus_target_draw_num": 0,
        "card_type": 2,
        "cost_single": 150,
        "cost_type": 90,
        "daily_pay_cost": 50,
        "disp_order": 802,
        "draw_guarantee_num": 1,
        "draw_guarantee_rarity": 2,
        "end_date": 1667185199,
        "id": 30027,
        "only_once_flag": 0,
        "prize_odds_id": 0,
        "rarity_odds_id": 1002,
        "start_date": 1666062000,
        "type": 3
    },
    {
        "additional_piece_num_1": 0,
        "additional_piece_num_2": 0,
        "additional_piece_num_3": 0,
        "additional_piece_num_4": 0,
        "additional_piece_num_5": 0,
        "additional_piece_num_6": 0,
        "additional_piece_target_card_id_1": 0,
        "additional_piece_target_card_id_2": 0,
        "additional_piece_target_card_id_3": 0,
        "additional_piece_target_card_id_4": 0,
        "additional_piece_target_card_id_5": 0,
        "additional_piece_target_card_id_6": 0,
        "additional_piece_target_card_type_1": 0,
        "additional_piece_target_card_type_2": 0,
        "additional_piece_target_card_type_3": 0,
        "additional_piece_target_card_type_4": 0,
        "additional_piece_target_card_type_5": 0,
        "additional_piece_target_card_type_6": 0,
        "additional_piece_target_rarity_1": 0,
        "additional_piece_target_rarity_2": 0,
        "additional_piece_target_rarity_3": 0,
        "additional_piece_target_rarity_4": 0,
        "additional_piece_target_rarity_5": 0,
        "additional_piece_target_rarity_6": 0,
        "bonus_item_category_1": 0,
        "bonus_item_category_2": 0,
        "bonus_item_id_1": 0,
        "bonus_item_id_2": 0,
        "bonus_item_num_1": 0,
        "bonus_item_num_2": 0,
        "bonus_target_draw_num": 0,
        "card_type": 2,
        "cost_single": 150,
        "cost_type": 90,
        "daily_pay_cost": 50,
        "disp_order": 802,
        "draw_guarantee_num": 1,
        "draw_guarantee_rarity": 2,
        "end_date": 1667789999,
        "id": 30029,
        "only_once_flag": 0,
        "prize_odds_id": 0,
        "rarity_odds_id": 1002,
        "start_date": 1667185200,
        "type": 3
    },
    {
        "additional_piece_num_1": 0,
        "additional_piece_num_2": 0,
        "additional_piece_num_3": 0,
        "additional_piece_num_4": 0,
        "additional_piece_num_5": 0,
        "additional_piece_num_6": 0,
        "additional_piece_target_card_id_1": 0,
        "additional_piece_target_card_id_2": 0,
        "additional_piece_target_card_id_3": 0,
        "additional_piece_target_card_id_4": 0,
        "additional_piece_target_card_id_5": 0,
        "additional_piece_target_card_id_6": 0,
        "additional_piece_target_card_type_1": 0,
        "additional_piece_target_card_type_2": 0,
        "additional_piece_target_card_type_3": 0,
        "additional_piece_target_card_type_4": 0,
        "additional_piece_target_card_type_5": 0,
        "additional_piece_target_card_type_6": 0,
        "additional_piece_target_rarity_1": 0,
        "additional_piece_target_rarity_2": 0,
        "additional_piece_target_rarity_3": 0,
        "additional_piece_target_rarity_4": 0,
        "additional_piece_target_rarity_5": 0,
        "additional_piece_target_rarity_6": 0,
        "bonus_item_category_1": 0,
        "bonus_item_category_2": 0,
        "bonus_item_id_1": 0,
        "bonus_item_id_2": 0,
        "bonus_item_num_1": 0,
        "bonus_item_num_2": 0,
        "bonus_target_draw_num": 0,
        "card_type": 2,
        "cost_single": 150,
        "cost_type": 90,
        "daily_pay_cost": 50,
        "disp_order": 802,
        "draw_guarantee_num": 1,
        "draw_guarantee_rarity": 2,
        "end_date": 1668481199,
        "id": 30031,
        "only_once_flag": 0,
        "prize_odds_id": 0,
        "rarity_odds_id": 1002,
        "start_date": 1667790000,
        "type": 3
    },
    {
        "additional_piece_num_1": 0,
        "additional_piece_num_2": 0,
        "additional_piece_num_3": 0,
        "additional_piece_num_4": 0,
        "additional_piece_num_5": 0,
        "additional_piece_num_6": 0,
        "additional_piece_target_card_id_1": 0,
        "additional_piece_target_card_id_2": 0,
        "additional_piece_target_card_id_3": 0,
        "additional_piece_target_card_id_4": 0,
        "additional_piece_target_card_id_5": 0,
        "additional_piece_target_card_id_6": 0,
        "additional_piece_target_card_type_1": 0,
        "additional_piece_target_card_type_2": 0,
        "additional_piece_target_card_type_3": 0,
        "additional_piece_target_card_type_4": 0,
        "additional_piece_target_card_type_5": 0,
        "additional_piece_target_card_type_6": 0,
        "additional_piece_target_rarity_1": 0,
        "additional_piece_target_rarity_2": 0,
        "additional_piece_target_rarity_3": 0,
        "additional_piece_target_rarity_4": 0,
        "additional_piece_target_rarity_5": 0,
        "additional_piece_target_rarity_6": 0,
        "bonus_item_category_1": 0,
        "bonus_item_category_2": 0,
        "bonus_item_id_1": 0,
        "bonus_item_id_2": 0,
        "bonus_item_num_1": 0,
        "bonus_item_num_2": 0,
        "bonus_target_draw_num": 0,
        "card_type": 2,
        "cost_single": 150,
        "cost_type": 90,
        "daily_pay_cost": 50,
        "disp_order": 802,
        "draw_guarantee_num": 1,
        "draw_guarantee_rarity": 2,
        "end_date": 1669604399,
        "id": 30033,
        "only_once_flag": 0,
        "prize_odds_id": 0,
        "rarity_odds_id": 1002,
        "start_date": 1668481200,
        "type": 3
    },
    {
        "additional_piece_num_1": 0,
        "additional_piece_num_2": 0,
        "additional_piece_num_3": 0,
        "additional_piece_num_4": 0,
        "additional_piece_num_5": 0,
        "additional_piece_num_6": 0,
        "additional_piece_target_card_id_1": 0,
        "additional_piece_target_card_id_2": 0,
        "additional_piece_target_card_id_3": 0,
        "additional_piece_target_card_id_4": 0,
        "additional_piece_target_card_id_5": 0,
        "additional_piece_target_card_id_6": 0,
        "additional_piece_target_card_type_1": 0,
        "additional_piece_target_card_type_2": 0,
        "additional_piece_target_card_type_3": 0,
        "additional_piece_target_card_type_4": 0,
        "additional_piece_target_card_type_5": 0,
        "additional_piece_target_card_type_6": 0,
        "additional_piece_target_rarity_1": 0,
        "additional_piece_target_rarity_2": 0,
        "additional_piece_target_rarity_3": 0,
        "additional_piece_target_rarity_4": 0,
        "additional_piece_target_rarity_5": 0,
        "additional_piece_target_rarity_6": 0,
        "bonus_item_category_1": 0,
        "bonus_item_category_2": 0,
        "bonus_item_id_1": 0,
        "bonus_item_id_2": 0,
        "bonus_item_num_1": 0,
        "bonus_item_num_2": 0,
        "bonus_target_draw_num": 0,
        "card_type": 2,
        "cost_single": 150,
        "cost_type": 90,
        "daily_pay_cost": 50,
        "disp_order": 802,
        "draw_guarantee_num": 1,
        "draw_guarantee_rarity": 2,
        "end_date": 1670295599,
        "id": 30035,
        "only_once_flag": 0,
        "prize_odds_id": 0,
        "rarity_odds_id": 1002,
        "start_date": 1669604400,
        "type": 3
    },
    {
        "additional_piece_num_1": 0,
        "additional_piece_num_2": 0,
        "additional_piece_num_3": 0,
        "additional_piece_num_4": 0,
        "additional_piece_num_5": 0,
        "additional_piece_num_6": 0,
        "additional_piece_target_card_id_1": 0,
        "additional_piece_target_card_id_2": 0,
        "additional_piece_target_card_id_3": 0,
        "additional_piece_target_card_id_4": 0,
        "additional_piece_target_card_id_5": 0,
        "additional_piece_target_card_id_6": 0,
        "additional_piece_target_card_type_1": 0,
        "additional_piece_target_card_type_2": 0,
        "additional_piece_target_card_type_3": 0,
        "additional_piece_target_card_type_4": 0,
        "additional_piece_target_card_type_5": 0,
        "additional_piece_target_card_type_6": 0,
        "additional_piece_target_rarity_1": 0,
        "additional_piece_target_rarity_2": 0,
        "additional_piece_target_rarity_3": 0,
        "additional_piece_target_rarity_4": 0,
        "additional_piece_target_rarity_5": 0,
        "additional_piece_target_rarity_6": 0,
        "bonus_item_category_1": 0,
        "bonus_item_category_2": 0,
        "bonus_item_id_1": 0,
        "bonus_item_id_2": 0,
        "bonus_item_num_1": 0,
        "bonus_item_num_2": 0,
        "bonus_target_draw_num": 0,
        "card_type": 2,
        "cost_single": 150,
        "cost_type": 90,
        "daily_pay_cost": 50,
        "disp_order": 802,
        "draw_guarantee_num": 1,
        "draw_guarantee_rarity": 2,
        "end_date": 1671073199,
        "id": 30037,
        "only_once_flag": 0,
        "prize_odds_id": 0,
        "rarity_odds_id": 1002,
        "start_date": 1670295600,
        "type": 3
    },
    {
        "additional_piece_num_1": 0,
        "additional_piece_num_2": 0,
        "additional_piece_num_3": 0,
        "additional_piece_num_4": 0,
        "additional_piece_num_5": 0,
        "additional_piece_num_6": 0,
        "additional_piece_target_card_id_1": 0,
        "additional_piece_target_card_id_2": 0,
        "additional_piece_target_card_id_3": 0,
        "additional_piece_target_card_id_4": 0,
        "additional_piece_target_card_id_5": 0,
        "additional_piece_target_card_id_6": 0,
        "additional_piece_target_card_type_1": 0,
        "additional_piece_target_card_type_2": 0,
        "additional_piece_target_card_type_3": 0,
        "additional_piece_target_card_type_4": 0,
        "additional_piece_target_card_type_5": 0,
        "additional_piece_target_card_type_6": 0,
        "additional_piece_target_rarity_1": 0,
        "additional_piece_target_rarity_2": 0,
        "additional_piece_target_rarity_3": 0,
        "additional_piece_target_rarity_4": 0,
        "additional_piece_target_rarity_5": 0,
        "additional_piece_target_rarity_6": 0,
        "bonus_item_category_1": 0,
        "bonus_item_category_2": 0,
        "bonus_item_id_1": 0,
        "bonus_item_id_2": 0,
        "bonus_item_num_1": 0,
        "bonus_item_num_2": 0,
        "bonus_target_draw_num": 0,
        "card_type": 2,
        "cost_single": 150,
        "cost_type": 90,
        "daily_pay_cost": 50,
        "disp_order": 802,
        "draw_guarantee_num": 1,
        "draw_guarantee_rarity": 2,
        "end_date": 1672023599,
        "id": 30039,
        "only_once_flag": 0,
        "prize_odds_id": 0,
        "rarity_odds_id": 1002,
        "start_date": 1671073200,
        "type": 3
    },
    {
        "additional_piece_num_1": 5,
        "additional_piece_num_2": 10,
        "additional_piece_num_3": 60,
        "additional_piece_num_4": 0,
        "additional_piece_num_5": 0,
        "additional_piece_num_6": 0,
        "additional_piece_target_card_id_1": 0,
        "additional_piece_target_card_id_2": 0,
        "additional_piece_target_card_id_3": 0,
        "additional_piece_target_card_id_4": 0,
        "additional_piece_target_card_id_5": 0,
        "additional_piece_target_card_id_6": 0,
        "additional_piece_target_card_type_1": 1,
        "additional_piece_target_card_type_2": 1,
        "additional_piece_target_card_type_3": 1,
        "additional_piece_target_card_type_4": 0,
        "additional_piece_target_card_type_5": 0,
        "additional_piece_target_card_type_6": 0,
        "additional_piece_target_rarity_1": 1,
        "additional_piece_target_rarity_2": 2,
        "additional_piece_target_rarity_3": 3,
        "additional_piece_target_rarity_4": 0,
        "additional_piece_target_rarity_5": 0,
        "additional_piece_target_rarity_6": 0,
        "bonus_item_category_1": 0,
        "bonus_item_category_2": 0,
        "bonus_item_id_1": 0,
        "bonus_item_id_2": 0,
        "bonus_item_num_1": 0,
        "bonus_item_num_2": 0,
        "bonus_target_draw_num": 0,
        "card_type": 1,
        "cost_single": 150,
        "cost_type": 92,
        "daily_pay_cost": 0,
        "disp_order": 500,
        "draw_guarantee_num": 1,
        "draw_guarantee_rarity": 3,
        "end_date": 2524629600,
        "id": 50001,
        "only_once_flag": 1,
        "prize_odds_id": 0,
        "rarity_odds_id": 1001,
        "start_date": 1609480800,
        "type": 5
    },
    {
        "additional_piece_num_1": 0,
        "additional_piece_num_2": 0,
        "additional_piece_num_3": 0,
        "additional_piece_num_4": 0,
        "additional_piece_num_5": 0,
        "additional_piece_num_6": 0,
        "additional_piece_target_card_id_1": 0,
        "additional_piece_target_card_id_2": 0,
        "additional_piece_target_card_id_3": 0,
        "additional_piece_target_card_id_4": 0,
        "additional_piece_target_card_id_5": 0,
        "additional_piece_target_card_id_6": 0,
        "additional_piece_target_card_type_1": 0,
        "additional_piece_target_card_type_2": 0,
        "additional_piece_target_card_type_3": 0,
        "additional_piece_target_card_type_4": 0,
        "additional_piece_target_card_type_5": 0,
        "additional_piece_target_card_type_6": 0,
        "additional_piece_target_rarity_1": 0,
        "additional_piece_target_rarity_2": 0,
        "additional_piece_target_rarity_3": 0,
        "additional_piece_target_rarity_4": 0,
        "additional_piece_target_rarity_5": 0,
        "additional_piece_target_rarity_6": 0,
        "bonus_item_category_1": 0,
        "bonus_item_category_2": 0,
        "bonus_item_id_1": 0,
        "bonus_item_id_2": 0,
        "bonus_item_num_1": 0,
        "bonus_item_num_2": 0,
        "bonus_target_draw_num": 0,
        "card_type": 2,
        "cost_single": 150,
        "cost_type": 92,
        "daily_pay_cost": 0,
        "disp_order": 490,
        "draw_guarantee_num": 1,
        "draw_guarantee_rarity": 3,
        "end_date": 2524629600,
        "id": 50002,
        "only_once_flag": 1,
        "prize_odds_id": 0,
        "rarity_odds_id": 1002,
        "start_date": 1609480800,
        "type": 5
    },
    {
        "additional_piece_num_1": 0,
        "additional_piece_num_2": 0,
        "additional_piece_num_3": 0,
        "additional_piece_num_4": 0,
        "additional_piece_num_5": 0,
        "additional_piece_num_6": 0,
        "additional_piece_target_card_id_1": 0,
        "additional_piece_target_card_id_2": 0,
        "additional_piece_target_card_id_3": 0,
        "additional_piece_target_card_id_4": 0,
        "additional_piece_target_card_id_5": 0,
        "additional_piece_target_card_id_6": 0,
        "additional_piece_target_card_type_1": 0,
        "additional_piece_target_card_type_2": 0,
        "additional_piece_target_card_type_3": 0,
        "additional_piece_target_card_type_4": 0,
        "additional_piece_target_card_type_5": 0,
        "additional_piece_target_card_type_6": 0,
        "additional_piece_target_rarity_1": 0,
        "additional_piece_target_rarity_2": 0,
        "additional_piece_target_rarity_3": 0,
        "additional_piece_target_rarity_4": 0,
        "additional_piece_target_rarity_5": 0,
        "additional_piece_target_rarity_6": 0,
        "bonus_item_category_1": 0,
        "bonus_item_category_2": 0,
        "bonus_item_id_1": 0,
        "bonus_item_id_2": 0,
        "bonus_item_num_1": 0,
        "bonus_item_num_2": 0,
        "bonus_target_draw_num": 0,
        "card_type": 2,
        "cost_single": 150,
        "cost_type": 92,
        "daily_pay_cost": 0,
        "disp_order": 809,
        "draw_guarantee_num": 1,
        "draw_guarantee_rarity": 3,
        "end_date": 1673405999,
        "id": 50004,
        "only_once_flag": 1,
        "prize_odds_id": 0,
        "rarity_odds_id": 1002,
        "start_date": 1670727600,
        "type": 5
    }
]