[
    {
        "end_date": 1656273599,
        "gacha_id": 30002,
        "id": 1,
        "start_date": 1655668800,
        "target_draw_type": 1
    },
    {
        "end_date": 1656903599,
        "gacha_id": 30005,
        "id": 2,
        "start_date": 1656298800,
        "target_draw_type": 1
    },
    {
        "end_date": 1661482799,
        "gacha_id": 30015,
        "id": 3,
        "start_date": 1660964400,
        "target_draw_type": 1
    },
    {
        "end_date": 1662235199,
        "gacha_id": 30016,
        "id": 4,
        "start_date": 1661482800,
        "target_draw_type": 1
    },
    {
        "end_date": 1671073199,
        "gacha_id": 30037,
        "id": 7,
        "start_date": 1670702400,
        "target_draw_type": 1
    },
    {
        "end_date": 1671566399,
        "gacha_id": 30039,
        "id": 8,
        "start_date": 1671073200,
        "target_draw_type": 1
    }
]