[
    {
        "chara_id_1": 1001,
        "chara_id_2": 0,
        "chara_id_3": 0,
        "id": 1
    },
    {
        "chara_id_1": 1002,
        "chara_id_2": 0,
        "chara_id_3": 0,
        "id": 2
    },
    {
        "chara_id_1": 1003,
        "chara_id_2": 0,
        "chara_id_3": 0,
        "id": 3
    },
    {
        "chara_id_1": 1004,
        "chara_id_2": 0,
        "chara_id_3": 0,
        "id": 4
    },
    {
        "chara_id_1": 1005,
        "chara_id_2": 0,
        "chara_id_3": 0,
        "id": 5
    },
    {
        "chara_id_1": 1006,
        "chara_id_2": 0,
        "chara_id_3": 0,
        "id": 6
    },
    {
        "chara_id_1": 1007,
        "chara_id_2": 0,
        "chara_id_3": 0,
        "id": 7
    },
    {
        "chara_id_1": 1008,
        "chara_id_2": 0,
        "chara_id_3": 0,
        "id": 8
    },
    {
        "chara_id_1": 1009,
        "chara_id_2": 0,
        "chara_id_3": 0,
        "id": 9
    },
    {
        "chara_id_1": 1010,
        "chara_id_2": 0,
        "chara_id_3": 0,
        "id": 10
    },
    {
        "chara_id_1": 1011,
        "chara_id_2": 0,
        "chara_id_3": 0,
        "id": 11
    },
    {
        "chara_id_1": 1013,
        "chara_id_2": 0,
        "chara_id_3": 0,
        "id": 13
    },
    {
        "chara_id_1": 1014,
        "chara_id_2": 0,
        "chara_id_3": 0,
        "id": 14
    },
    {
        "chara_id_1": 1015,
        "chara_id_2": 0,
        "chara_id_3": 0,
        "id": 15
    },
    {
        "chara_id_1": 1017,
        "chara_id_2": 0,
        "chara_id_3": 0,
        "id": 16
    },
    {
        "chara_id_1": 1018,
        "chara_id_2": 0,
        "chara_id_3": 0,
        "id": 17
    },
    {
        "chara_id_1": 1024,
        "chara_id_2": 0,
        "chara_id_3": 0,
        "id": 19
    },
    {
        "chara_id_1": 1027,
        "chara_id_2": 0,
        "chara_id_3": 0,
        "id": 20
    },
    {
        "chara_id_1": 1030,
        "chara_id_2": 0,
        "chara_id_3": 0,
        "id": 21
    },
    {
        "chara_id_1": 1032,
        "chara_id_2": 0,
        "chara_id_3": 0,
        "id": 22
    },
    {
        "chara_id_1": 1035,
        "chara_id_2": 0,
        "chara_id_3": 0,
        "id": 23
    },
    {
        "chara_id_1": 1040,
        "chara_id_2": 0,
        "chara_id_3": 0,
        "id": 24
    },
    {
        "chara_id_1": 1041,
        "chara_id_2": 0,
        "chara_id_3": 0,
        "id": 25
    },
    {
        "chara_id_1": 1045,
        "chara_id_2": 0,
        "chara_id_3": 0,
        "id": 26
    },
    {
        "chara_id_1": 1052,
        "chara_id_2": 0,
        "chara_id_3": 0,
        "id": 27
    },
    {
        "chara_id_1": 1056,
        "chara_id_2": 0,
        "chara_id_3": 0,
        "id": 28
    },
    {
        "chara_id_1": 1060,
        "chara_id_2": 0,
        "chara_id_3": 0,
        "id": 29
    },
    {
        "chara_id_1": 1061,
        "chara_id_2": 0,
        "chara_id_3": 0,
        "id": 30
    },
    {
        "chara_id_1": 1026,
        "chara_id_2": 0,
        "chara_id_3": 0,
        "id": 31
    },
    {
        "chara_id_1": 1023,
        "chara_id_2": 0,
        "chara_id_3": 0,
        "id": 32
    },
    {
        "chara_id_1": 1038,
        "chara_id_2": 0,
        "chara_id_3": 0,
        "id": 33
    },
    {
        "chara_id_1": 1050,
        "chara_id_2": 0,
        "chara_id_3": 0,
        "id": 34
    },
    {
        "chara_id_1": 1046,
        "chara_id_2": 0,
        "chara_id_3": 0,
        "id": 35
    },
    {
        "chara_id_1": 1016,
        "chara_id_2": 0,
        "chara_id_3": 0,
        "id": 36
    },
    {
        "chara_id_1": 1020,
        "chara_id_2": 0,
        "chara_id_3": 0,
        "id": 37
    },
    {
        "chara_id_1": 1012,
        "chara_id_2": 0,
        "chara_id_3": 0,
        "id": 38
    },
    {
        "chara_id_1": 1058,
        "chara_id_2": 0,
        "chara_id_3": 0,
        "id": 39
    },
    {
        "chara_id_1": 1037,
        "chara_id_2": 0,
        "chara_id_3": 0,
        "id": 40
    }
]