[
    {
        "detail_value": 1,
        "end_date": 2524575600,
        "height": 256,
        "id": 1004,
        "posi_horizontal": 85,
        "posi_vertical": -11,
        "priority": 0,
        "start_date": 2498191200,
        "url": "https://anime-umamusume.jp/archive/1st/bd/",
        "url_value": 1,
        "width": 162
    },
    {
        "detail_value": 1,
        "end_date": 2524575600,
        "height": 123,
        "id": 1005,
        "posi_horizontal": -80,
        "posi_vertical": -9,
        "priority": 2,
        "start_date": 2498191200,
        "url": "https://www.youtube.com/channel/UCAWxPGGuIfWME2KTLUmSCHw",
        "url_value": 1,
        "width": 256
    },
    {
        "detail_value": 1,
        "end_date": 2524575600,
        "height": 256,
        "id": 1006,
        "posi_horizontal": 3,
        "posi_vertical": 3,
        "priority": 4,
        "start_date": 2498191200,
        "url": "https://anime-umamusume.jp/",
        "url_value": 1,
        "width": 181
    },
    {
        "detail_value": 1,
        "end_date": 2524575600,
        "height": 256,
        "id": 1007,
        "posi_horizontal": 85,
        "posi_vertical": -11,
        "priority": 0,
        "start_date": 2498191200,
        "url": "https://anime-umamusume.jp/bd/",
        "url_value": 1,
        "width": 164
    },
    {
        "detail_value": 1,
        "end_date": 1621022399,
        "height": 256,
        "id": 1009,
        "posi_horizontal": 3,
        "posi_vertical": 3,
        "priority": 4,
        "start_date": 1619924400,
        "url": "https://www.youtube.com/playlist?list=PLzFNGS7Rcf-NQVVNdLtg51ol1Z6iNw8h8",
        "url_value": 1,
        "width": 192
    },
    {
        "detail_value": 1,
        "end_date": 2524575600,
        "height": 256,
        "id": 1010,
        "posi_horizontal": 85,
        "posi_vertical": -11,
        "priority": 0,
        "start_date": 2507857200,
        "url": "https://anime-umamusume.jp/bd/",
        "url_value": 1,
        "width": 164
    },
    {
        "detail_value": 1,
        "end_date": 2524575600,
        "height": 256,
        "id": 1011,
        "posi_horizontal": 85,
        "posi_vertical": -11,
        "priority": 1,
        "start_date": 2510362800,
        "url": "https://anime-umamusume.jp/bd/",
        "url_value": 1,
        "width": 164
    },
    {
        "detail_value": 1,
        "end_date": 2524575600,
        "height": 256,
        "id": 1012,
        "posi_horizontal": 85,
        "posi_vertical": -11,
        "priority": 3,
        "start_date": 2512263600,
        "url": "https://anime-umamusume.jp/bd/",
        "url_value": 1,
        "width": 164
    },
    {
        "detail_value": 1,
        "end_date": 2524575600,
        "height": 256,
        "id": 9001,
        "posi_horizontal": -85,
        "posi_vertical": -11,
        "priority": 2,
        "start_date": 1614578400,
        "url": "https://www.youtube.com/channel/UCdgMWbAY387rhHy8Rrtzq3A/featured",
        "url_value": 1,
        "width": 164
    },
    {
        "detail_value": 1,
        "end_date": 2524575600,
        "height": 256,
        "id": 9002,
        "posi_horizontal": 0,
        "posi_vertical": 3,
        "priority": 3,
        "start_date": 1614578400,
        "url": "https://twitter.com/umamusume_kor",
        "url_value": 1,
        "width": 164
    },
    {
        "detail_value": 1,
        "end_date": 2524575600,
        "height": 256,
        "id": 9003,
        "posi_horizontal": 85,
        "posi_vertical": -11,
        "priority": 4,
        "start_date": 1628650800,
        "url": "kakaoUmaFriend",
        "url_value": 1,
        "width": 164
    }
]