[
    {
        "id": 2000,
        "item_exchange_disp_order": 10,
        "item_exchange_type": 0
    },
    {
        "id": 3000,
        "item_exchange_disp_order": 70,
        "item_exchange_type": 0
    },
    {
        "id": 4000,
        "item_exchange_disp_order": 60,
        "item_exchange_type": 0
    },
    {
        "id": 5000,
        "item_exchange_disp_order": 80,
        "item_exchange_type": 1
    },
    {
        "id": 5001,
        "item_exchange_disp_order": 81,
        "item_exchange_type": 1
    },
    {
        "id": 5500,
        "item_exchange_disp_order": 90,
        "item_exchange_type": 0
    },
    {
        "id": 5501,
        "item_exchange_disp_order": 91,
        "item_exchange_type": 0
    },
    {
        "id": 7000,
        "item_exchange_disp_order": 30,
        "item_exchange_type": 0
    },
    {
        "id": 7001,
        "item_exchange_disp_order": 40,
        "item_exchange_type": 0
    },
    {
        "id": 7002,
        "item_exchange_disp_order": 50,
        "item_exchange_type": 0
    },
    {
        "id": 8000,
        "item_exchange_disp_order": 20,
        "item_exchange_type": 0
    },
    {
        "id": 9000,
        "item_exchange_disp_order": 100,
        "item_exchange_type": 0
    }
]