[
    {
        "group_id": 2,
        "id": 1
    },
    {
        "group_id": 2,
        "id": 4
    },
    {
        "group_id": 2,
        "id": 7
    },
    {
        "group_id": 2,
        "id": 10
    },
    {
        "group_id": 2,
        "id": 13
    },
    {
        "group_id": 1,
        "id": 69
    },
    {
        "group_id": 1,
        "id": 70
    },
    {
        "group_id": 1,
        "id": 71
    },
    {
        "group_id": 1,
        "id": 72
    },
    {
        "group_id": 1,
        "id": 73
    },
    {
        "group_id": 1,
        "id": 74
    },
    {
        "group_id": 1,
        "id": 75
    },
    {
        "group_id": 1,
        "id": 76
    },
    {
        "group_id": 1,
        "id": 77
    },
    {
        "group_id": 1,
        "id": 78
    },
    {
        "group_id": 1,
        "id": 79
    },
    {
        "group_id": 1,
        "id": 80
    },
    {
        "group_id": 1,
        "id": 81
    },
    {
        "group_id": 1,
        "id": 82
    },
    {
        "group_id": 1,
        "id": 83
    },
    {
        "group_id": 1,
        "id": 84
    },
    {
        "group_id": 1,
        "id": 85
    },
    {
        "group_id": 1,
        "id": 86
    },
    {
        "group_id": 1,
        "id": 87
    },
    {
        "group_id": 1,
        "id": 88
    },
    {
        "group_id": 1,
        "id": 89
    },
    {
        "group_id": 1,
        "id": 90
    },
    {
        "group_id": 1,
        "id": 91
    },
    {
        "group_id": 1,
        "id": 92
    },
    {
        "group_id": 1,
        "id": 101
    },
    {
        "group_id": 1,
        "id": 102
    },
    {
        "group_id": 1,
        "id": 103
    },
    {
        "group_id": 1,
        "id": 104
    },
    {
        "group_id": 1,
        "id": 105
    },
    {
        "group_id": 1,
        "id": 106
    }
]