[
    {
        "end_date": "2030-01-10 00:00:00",
        "id": 1,
        "item_category": 41,
        "item_id": 130,
        "item_num": 1,
        "item_pack_id": 1000,
        "start_date": "2017-01-01 12:00:00"
    },
    {
        "end_date": "2030-01-10 00:00:00",
        "id": 2,
        "item_category": 42,
        "item_id": 131,
        "item_num": 1,
        "item_pack_id": 1001,
        "start_date": "2017-01-01 12:00:00"
    },
    {
        "end_date": "2050-01-10 00:00:00",
        "id": 90,
        "item_category": 91,
        "item_id": 59,
        "item_num": 200000,
        "item_pack_id": 91000,
        "start_date": "2017-01-01 12:00:00"
    },
    {
        "end_date": "2050-01-10 00:00:00",
        "id": 91,
        "item_category": 30,
        "item_id": 110,
        "item_num": 50000,
        "item_pack_id": 91000,
        "start_date": "2017-01-01 12:00:00"
    },
    {
        "end_date": "2050-01-10 00:00:00",
        "id": 92,
        "item_category": 91,
        "item_id": 59,
        "item_num": 300000,
        "item_pack_id": 91001,
        "start_date": "2017-01-01 12:00:00"
    },
    {
        "end_date": "2050-01-10 00:00:00",
        "id": 93,
        "item_category": 34,
        "item_id": 95,
        "item_num": 20,
        "item_pack_id": 91001,
        "start_date": "2017-01-01 12:00:00"
    },
    {
        "end_date": "2050-01-10 00:00:00",
        "id": 94,
        "item_category": 11,
        "item_id": 1,
        "item_num": 30,
        "item_pack_id": 91001,
        "start_date": "2017-01-01 12:00:00"
    },
    {
        "end_date": "2050-01-10 00:00:00",
        "id": 95,
        "item_category": 11,
        "item_id": 4,
        "item_num": 30,
        "item_pack_id": 91001,
        "start_date": "2017-01-01 12:00:00"
    },
    {
        "end_date": "2050-01-10 00:00:00",
        "id": 96,
        "item_category": 11,
        "item_id": 7,
        "item_num": 30,
        "item_pack_id": 91001,
        "start_date": "2017-01-01 12:00:00"
    },
    {
        "end_date": "2050-01-10 00:00:00",
        "id": 97,
        "item_category": 11,
        "item_id": 10,
        "item_num": 30,
        "item_pack_id": 91001,
        "start_date": "2017-01-01 12:00:00"
    },
    {
        "end_date": "2050-01-10 00:00:00",
        "id": 98,
        "item_category": 11,
        "item_id": 13,
        "item_num": 30,
        "item_pack_id": 91001,
        "start_date": "2017-01-01 12:00:00"
    },
    {
        "end_date": "2050-01-10 00:00:00",
        "id": 99,
        "item_category": 20,
        "item_id": 32,
        "item_num": 40,
        "item_pack_id": 91002,
        "start_date": "2017-01-01 12:00:00"
    },
    {
        "end_date": "2050-01-10 00:00:00",
        "id": 100,
        "item_category": 21,
        "item_id": 34,
        "item_num": 10,
        "item_pack_id": 91002,
        "start_date": "2017-01-01 12:00:00"
    }
]