[
    {
        "card_rarity_data_id": 10140103,
        "chara_id": 1014,
        "guts": 647,
        "id": 103,
        "nickname_id": 68,
        "post": 0,
        "pow": 604,
        "proper_distance_long": 4,
        "proper_distance_middle": 7,
        "proper_distance_mile": 7,
        "proper_distance_short": 6,
        "proper_ground_dirt": 7,
        "proper_ground_turf": 7,
        "proper_running_style_nige": 3,
        "proper_running_style_oikomi": 5,
        "proper_running_style_sashi": 6,
        "proper_running_style_senko": 7,
        "race_dress_id": 101401,
        "skill_set_id": 32101402,
        "speed": 641,
        "stamina": 610,
        "wiz": 622
    },
    {
        "card_rarity_data_id": 10010103,
        "chara_id": 1001,
        "guts": 544,
        "id": 105,
        "nickname_id": 66,
        "post": 0,
        "pow": 620,
        "proper_distance_long": 7,
        "proper_distance_middle": 7,
        "proper_distance_mile": 5,
        "proper_distance_short": 2,
        "proper_ground_dirt": 1,
        "proper_ground_turf": 7,
        "proper_running_style_nige": 1,
        "proper_running_style_oikomi": 5,
        "proper_running_style_sashi": 7,
        "proper_running_style_senko": 6,
        "race_dress_id": 100101,
        "skill_set_id": 32100102,
        "speed": 643,
        "stamina": 670,
        "wiz": 591
    },
    {
        "card_rarity_data_id": 10170103,
        "chara_id": 1017,
        "guts": 557,
        "id": 107,
        "nickname_id": 78,
        "post": 0,
        "pow": 608,
        "proper_distance_long": 7,
        "proper_distance_middle": 7,
        "proper_distance_mile": 6,
        "proper_distance_short": 3,
        "proper_ground_dirt": 1,
        "proper_ground_turf": 7,
        "proper_running_style_nige": 6,
        "proper_running_style_oikomi": 5,
        "proper_running_style_sashi": 6,
        "proper_running_style_senko": 7,
        "race_dress_id": 101701,
        "skill_set_id": 32101702,
        "speed": 638,
        "stamina": 617,
        "wiz": 660
    },
    {
        "card_rarity_data_id": 10610103,
        "chara_id": 1061,
        "guts": 463,
        "id": 109,
        "nickname_id": 126,
        "post": 2,
        "pow": 955,
        "proper_distance_long": 5,
        "proper_distance_middle": 6,
        "proper_distance_mile": 6,
        "proper_distance_short": 7,
        "proper_ground_dirt": 1,
        "proper_ground_turf": 7,
        "proper_running_style_nige": 1,
        "proper_running_style_oikomi": 4,
        "proper_running_style_sashi": 7,
        "proper_running_style_senko": 6,
        "race_dress_id": 106101,
        "skill_set_id": 32106102,
        "speed": 847,
        "stamina": 386,
        "wiz": 728
    },
    {
        "card_rarity_data_id": 10100103,
        "chara_id": 1010,
        "guts": 430,
        "id": 111,
        "nickname_id": 83,
        "post": 0,
        "pow": 826,
        "proper_distance_long": 1,
        "proper_distance_middle": 3,
        "proper_distance_mile": 7,
        "proper_distance_short": 7,
        "proper_ground_dirt": 5,
        "proper_ground_turf": 7,
        "proper_running_style_nige": 5,
        "proper_running_style_oikomi": 1,
        "proper_running_style_sashi": 3,
        "proper_running_style_senko": 7,
        "race_dress_id": 101001,
        "skill_set_id": 32101002,
        "speed": 849,
        "stamina": 419,
        "wiz": 691
    },
    {
        "card_rarity_data_id": 10410103,
        "chara_id": 1041,
        "guts": 451,
        "id": 113,
        "nickname_id": 71,
        "post": 0,
        "pow": 744,
        "proper_distance_long": 1,
        "proper_distance_middle": 1,
        "proper_distance_mile": 6,
        "proper_distance_short": 7,
        "proper_ground_dirt": 1,
        "proper_ground_turf": 7,
        "proper_running_style_nige": 6,
        "proper_running_style_oikomi": 1,
        "proper_running_style_sashi": 2,
        "proper_running_style_senko": 7,
        "race_dress_id": 104101,
        "skill_set_id": 32104102,
        "speed": 753,
        "stamina": 415,
        "wiz": 697
    },
    {
        "card_rarity_data_id": 10380103,
        "chara_id": 1038,
        "guts": 551,
        "id": 115,
        "nickname_id": 89,
        "post": 0,
        "pow": 699,
        "proper_distance_long": 1,
        "proper_distance_middle": 3,
        "proper_distance_mile": 7,
        "proper_distance_short": 7,
        "proper_ground_dirt": 5,
        "proper_ground_turf": 7,
        "proper_running_style_nige": 5,
        "proper_running_style_oikomi": 1,
        "proper_running_style_sashi": 3,
        "proper_running_style_senko": 7,
        "race_dress_id": 103801,
        "skill_set_id": 32103802,
        "speed": 772,
        "stamina": 367,
        "wiz": 634
    },
    {
        "card_rarity_data_id": 10350103,
        "chara_id": 1035,
        "guts": 666,
        "id": 117,
        "nickname_id": 47,
        "post": 2,
        "pow": 807,
        "proper_distance_long": 6,
        "proper_distance_middle": 7,
        "proper_distance_mile": 2,
        "proper_distance_short": 1,
        "proper_ground_dirt": 1,
        "proper_ground_turf": 7,
        "proper_running_style_nige": 1,
        "proper_running_style_oikomi": 1,
        "proper_running_style_sashi": 7,
        "proper_running_style_senko": 6,
        "race_dress_id": 103501,
        "skill_set_id": 32103502,
        "speed": 651,
        "stamina": 633,
        "wiz": 732
    },
    {
        "card_rarity_data_id": 10080103,
        "chara_id": 1008,
        "guts": 502,
        "id": 119,
        "nickname_id": 74,
        "post": 2,
        "pow": 853,
        "proper_distance_long": 2,
        "proper_distance_middle": 7,
        "proper_distance_mile": 7,
        "proper_distance_short": 2,
        "proper_ground_dirt": 1,
        "proper_ground_turf": 7,
        "proper_running_style_nige": 5,
        "proper_running_style_oikomi": 2,
        "proper_running_style_sashi": 7,
        "proper_running_style_senko": 6,
        "race_dress_id": 100801,
        "skill_set_id": 32100802,
        "speed": 673,
        "stamina": 577,
        "wiz": 713
    },
    {
        "card_rarity_data_id": 10030103,
        "chara_id": 1003,
        "guts": 582,
        "id": 121,
        "nickname_id": 76,
        "post": 0,
        "pow": 726,
        "proper_distance_long": 6,
        "proper_distance_middle": 7,
        "proper_distance_mile": 3,
        "proper_distance_short": 2,
        "proper_ground_dirt": 1,
        "proper_ground_turf": 7,
        "proper_running_style_nige": 1,
        "proper_running_style_oikomi": 2,
        "proper_running_style_sashi": 4,
        "proper_running_style_senko": 7,
        "race_dress_id": 100301,
        "skill_set_id": 32100302,
        "speed": 738,
        "stamina": 606,
        "wiz": 726
    },
    {
        "card_rarity_data_id": 10450103,
        "chara_id": 1045,
        "guts": 580,
        "id": 123,
        "nickname_id": 72,
        "post": 0,
        "pow": 501,
        "proper_distance_long": 7,
        "proper_distance_middle": 7,
        "proper_distance_mile": 1,
        "proper_distance_short": 1,
        "proper_ground_dirt": 1,
        "proper_ground_turf": 7,
        "proper_running_style_nige": 4,
        "proper_running_style_oikomi": 1,
        "proper_running_style_sashi": 6,
        "proper_running_style_senko": 7,
        "race_dress_id": 104501,
        "skill_set_id": 32104502,
        "speed": 530,
        "stamina": 608,
        "wiz": 515
    },
    {
        "card_rarity_data_id": 10130103,
        "chara_id": 1013,
        "guts": 522,
        "id": 125,
        "nickname_id": 127,
        "post": 0,
        "pow": 518,
        "proper_distance_long": 7,
        "proper_distance_middle": 7,
        "proper_distance_mile": 2,
        "proper_distance_short": 1,
        "proper_ground_dirt": 1,
        "proper_ground_turf": 7,
        "proper_running_style_nige": 6,
        "proper_running_style_oikomi": 2,
        "proper_running_style_sashi": 4,
        "proper_running_style_senko": 7,
        "race_dress_id": 101301,
        "skill_set_id": 32101302,
        "speed": 601,
        "stamina": 727,
        "wiz": 476
    },
    {
        "card_rarity_data_id": 10150103,
        "chara_id": 1015,
        "guts": 529,
        "id": 127,
        "nickname_id": 86,
        "post": 0,
        "pow": 578,
        "proper_distance_long": 7,
        "proper_distance_middle": 7,
        "proper_distance_mile": 3,
        "proper_distance_short": 1,
        "proper_ground_dirt": 1,
        "proper_ground_turf": 7,
        "proper_running_style_nige": 5,
        "proper_running_style_oikomi": 1,
        "proper_running_style_sashi": 6,
        "proper_running_style_senko": 7,
        "race_dress_id": 101501,
        "skill_set_id": 32101502,
        "speed": 621,
        "stamina": 763,
        "wiz": 454
    },
    {
        "card_rarity_data_id": 10240103,
        "chara_id": 1024,
        "guts": 569,
        "id": 129,
        "nickname_id": 70,
        "post": 2,
        "pow": 617,
        "proper_distance_long": 7,
        "proper_distance_middle": 7,
        "proper_distance_mile": 4,
        "proper_distance_short": 4,
        "proper_ground_dirt": 1,
        "proper_ground_turf": 7,
        "proper_running_style_nige": 6,
        "proper_running_style_oikomi": 7,
        "proper_running_style_sashi": 6,
        "proper_running_style_senko": 6,
        "race_dress_id": 102401,
        "skill_set_id": 32102402,
        "speed": 555,
        "stamina": 769,
        "wiz": 462
    },
    {
        "card_rarity_data_id": 10270103,
        "chara_id": 1027,
        "guts": 621,
        "id": 131,
        "nickname_id": 82,
        "post": 2,
        "pow": 640,
        "proper_distance_long": 6,
        "proper_distance_middle": 7,
        "proper_distance_mile": 5,
        "proper_distance_short": 3,
        "proper_ground_dirt": 1,
        "proper_ground_turf": 7,
        "proper_running_style_nige": 2,
        "proper_running_style_oikomi": 2,
        "proper_running_style_sashi": 7,
        "proper_running_style_senko": 6,
        "race_dress_id": 102701,
        "skill_set_id": 32102702,
        "speed": 662,
        "stamina": 672,
        "wiz": 640
    },
    {
        "card_rarity_data_id": 10020103,
        "chara_id": 1002,
        "guts": 629,
        "id": 133,
        "nickname_id": 67,
        "post": 0,
        "pow": 699,
        "proper_distance_long": 3,
        "proper_distance_middle": 7,
        "proper_distance_mile": 7,
        "proper_distance_short": 4,
        "proper_ground_dirt": 1,
        "proper_ground_turf": 7,
        "proper_running_style_nige": 7,
        "proper_running_style_oikomi": 1,
        "proper_running_style_sashi": 3,
        "proper_running_style_senko": 5,
        "race_dress_id": 100201,
        "skill_set_id": 32100201,
        "speed": 655,
        "stamina": 543,
        "wiz": 692
    },
    {
        "card_rarity_data_id": 10070103,
        "chara_id": 1007,
        "guts": 638,
        "id": 135,
        "nickname_id": 77,
        "post": 2,
        "pow": 624,
        "proper_distance_long": 7,
        "proper_distance_middle": 7,
        "proper_distance_mile": 5,
        "proper_distance_short": 1,
        "proper_ground_dirt": 1,
        "proper_ground_turf": 7,
        "proper_running_style_nige": 1,
        "proper_running_style_oikomi": 7,
        "proper_running_style_sashi": 6,
        "proper_running_style_senko": 6,
        "race_dress_id": 100701,
        "skill_set_id": 32100702,
        "speed": 632,
        "stamina": 664,
        "wiz": 656
    }
]