[
    {
        "cost_num": 1,
        "difficulty": 3,
        "drop_reward_odds_id": 10001,
        "end_date": 1657742399,
        "first_clear_item_category_1": 102,
        "first_clear_item_category_2": 90,
        "first_clear_item_category_3": 91,
        "first_clear_item_id_1": 101401,
        "first_clear_item_id_2": 43,
        "first_clear_item_id_3": 59,
        "first_clear_item_num_1": 10,
        "first_clear_item_num_2": 150,
        "first_clear_item_num_3": 10000,
        "ground": 1,
        "group_id": 101406,
        "id": 2,
        "image_id": 101401,
        "legend_bg_id": 24,
        "legend_bg_sub_id": 111,
        "legend_race_boss_npc_id": 103,
        "notice_date": "",
        "pick_up_item_category_1": 102,
        "pick_up_item_category_2": 0,
        "pick_up_item_category_3": 0,
        "pick_up_item_id_1": 101401,
        "pick_up_item_id_2": 0,
        "pick_up_item_id_3": 0,
        "pick_up_item_num_1": 1,
        "pick_up_item_num_2": 0,
        "pick_up_item_num_3": 0,
        "race_instance_id": 592001,
        "season": 3,
        "start_date": 1657508400,
        "victory_reward_odds_id": 10002,
        "weather": 1
    },
    {
        "cost_num": 1,
        "difficulty": 3,
        "drop_reward_odds_id": 10003,
        "end_date": 1658001599,
        "first_clear_item_category_1": 102,
        "first_clear_item_category_2": 90,
        "first_clear_item_category_3": 91,
        "first_clear_item_id_1": 100101,
        "first_clear_item_id_2": 43,
        "first_clear_item_id_3": 59,
        "first_clear_item_num_1": 10,
        "first_clear_item_num_2": 150,
        "first_clear_item_num_3": 10000,
        "ground": 1,
        "group_id": 100106,
        "id": 3,
        "image_id": 100101,
        "legend_bg_id": 24,
        "legend_bg_sub_id": 111,
        "legend_race_boss_npc_id": 105,
        "notice_date": "",
        "pick_up_item_category_1": 102,
        "pick_up_item_category_2": 0,
        "pick_up_item_category_3": 0,
        "pick_up_item_id_1": 100101,
        "pick_up_item_id_2": 0,
        "pick_up_item_id_3": 0,
        "pick_up_item_num_1": 1,
        "pick_up_item_num_2": 0,
        "pick_up_item_num_3": 0,
        "race_instance_id": 592002,
        "season": 3,
        "start_date": 1657742400,
        "victory_reward_odds_id": 10004,
        "weather": 1
    },
    {
        "cost_num": 1,
        "difficulty": 3,
        "drop_reward_odds_id": 10005,
        "end_date": 1658260799,
        "first_clear_item_category_1": 102,
        "first_clear_item_category_2": 90,
        "first_clear_item_category_3": 91,
        "first_clear_item_id_1": 101701,
        "first_clear_item_id_2": 43,
        "first_clear_item_id_3": 59,
        "first_clear_item_num_1": 10,
        "first_clear_item_num_2": 150,
        "first_clear_item_num_3": 10000,
        "ground": 1,
        "group_id": 101706,
        "id": 4,
        "image_id": 101701,
        "legend_bg_id": 24,
        "legend_bg_sub_id": 111,
        "legend_race_boss_npc_id": 107,
        "notice_date": "",
        "pick_up_item_category_1": 102,
        "pick_up_item_category_2": 0,
        "pick_up_item_category_3": 0,
        "pick_up_item_id_1": 101701,
        "pick_up_item_id_2": 0,
        "pick_up_item_id_3": 0,
        "pick_up_item_num_1": 1,
        "pick_up_item_num_2": 0,
        "pick_up_item_num_3": 0,
        "race_instance_id": 592003,
        "season": 3,
        "start_date": 1658001600,
        "victory_reward_odds_id": 10006,
        "weather": 1
    },
    {
        "cost_num": 1,
        "difficulty": 3,
        "drop_reward_odds_id": 10007,
        "end_date": 1660507199,
        "first_clear_item_category_1": 102,
        "first_clear_item_category_2": 90,
        "first_clear_item_category_3": 91,
        "first_clear_item_id_1": 106101,
        "first_clear_item_id_2": 43,
        "first_clear_item_id_3": 59,
        "first_clear_item_num_1": 10,
        "first_clear_item_num_2": 150,
        "first_clear_item_num_3": 10000,
        "ground": 1,
        "group_id": 106106,
        "id": 6,
        "image_id": 106101,
        "legend_bg_id": 77,
        "legend_bg_sub_id": 111,
        "legend_race_boss_npc_id": 109,
        "notice_date": 1660014000,
        "pick_up_item_category_1": 102,
        "pick_up_item_category_2": 0,
        "pick_up_item_category_3": 0,
        "pick_up_item_id_1": 106101,
        "pick_up_item_id_2": 0,
        "pick_up_item_id_3": 0,
        "pick_up_item_num_1": 1,
        "pick_up_item_num_2": 0,
        "pick_up_item_num_3": 0,
        "race_instance_id": 594501,
        "season": 3,
        "start_date": 1660273200,
        "victory_reward_odds_id": 10008,
        "weather": 1
    },
    {
        "cost_num": 1,
        "difficulty": 3,
        "drop_reward_odds_id": 10009,
        "end_date": 1660766399,
        "first_clear_item_category_1": 102,
        "first_clear_item_category_2": 90,
        "first_clear_item_category_3": 91,
        "first_clear_item_id_1": 101001,
        "first_clear_item_id_2": 43,
        "first_clear_item_id_3": 59,
        "first_clear_item_num_1": 10,
        "first_clear_item_num_2": 150,
        "first_clear_item_num_3": 10000,
        "ground": 1,
        "group_id": 101006,
        "id": 7,
        "image_id": 101001,
        "legend_bg_id": 77,
        "legend_bg_sub_id": 111,
        "legend_race_boss_npc_id": 111,
        "notice_date": 1660507200,
        "pick_up_item_category_1": 102,
        "pick_up_item_category_2": 0,
        "pick_up_item_category_3": 0,
        "pick_up_item_id_1": 101001,
        "pick_up_item_id_2": 0,
        "pick_up_item_id_3": 0,
        "pick_up_item_num_1": 1,
        "pick_up_item_num_2": 0,
        "pick_up_item_num_3": 0,
        "race_instance_id": 594503,
        "season": 3,
        "start_date": 1660507200,
        "victory_reward_odds_id": 10010,
        "weather": 1
    },
    {
        "cost_num": 1,
        "difficulty": 3,
        "drop_reward_odds_id": 10011,
        "end_date": 1661025599,
        "first_clear_item_category_1": 102,
        "first_clear_item_category_2": 90,
        "first_clear_item_category_3": 91,
        "first_clear_item_id_1": 104101,
        "first_clear_item_id_2": 43,
        "first_clear_item_id_3": 59,
        "first_clear_item_num_1": 10,
        "first_clear_item_num_2": 150,
        "first_clear_item_num_3": 10000,
        "ground": 1,
        "group_id": 104106,
        "id": 8,
        "image_id": 104101,
        "legend_bg_id": 77,
        "legend_bg_sub_id": 111,
        "legend_race_boss_npc_id": 113,
        "notice_date": 1660766400,
        "pick_up_item_category_1": 102,
        "pick_up_item_category_2": 0,
        "pick_up_item_category_3": 0,
        "pick_up_item_id_1": 104101,
        "pick_up_item_id_2": 0,
        "pick_up_item_id_3": 0,
        "pick_up_item_num_1": 1,
        "pick_up_item_num_2": 0,
        "pick_up_item_num_3": 0,
        "race_instance_id": 594502,
        "season": 3,
        "start_date": 1660766400,
        "victory_reward_odds_id": 10012,
        "weather": 1
    },
    {
        "cost_num": 1,
        "difficulty": 3,
        "drop_reward_odds_id": 10013,
        "end_date": 1661284799,
        "first_clear_item_category_1": 102,
        "first_clear_item_category_2": 90,
        "first_clear_item_category_3": 91,
        "first_clear_item_id_1": 103801,
        "first_clear_item_id_2": 43,
        "first_clear_item_id_3": 59,
        "first_clear_item_num_1": 10,
        "first_clear_item_num_2": 150,
        "first_clear_item_num_3": 10000,
        "ground": 1,
        "group_id": 103801,
        "id": 9,
        "image_id": 103801,
        "legend_bg_id": 77,
        "legend_bg_sub_id": 111,
        "legend_race_boss_npc_id": 115,
        "notice_date": 1661025600,
        "pick_up_item_category_1": 102,
        "pick_up_item_category_2": 0,
        "pick_up_item_category_3": 0,
        "pick_up_item_id_1": 103801,
        "pick_up_item_id_2": 0,
        "pick_up_item_id_3": 0,
        "pick_up_item_num_1": 1,
        "pick_up_item_num_2": 0,
        "pick_up_item_num_3": 0,
        "race_instance_id": 594504,
        "season": 3,
        "start_date": 1661025600,
        "victory_reward_odds_id": 10014,
        "weather": 1
    },
    {
        "cost_num": 1,
        "difficulty": 3,
        "drop_reward_odds_id": 10015,
        "end_date": 1662580799,
        "first_clear_item_category_1": 102,
        "first_clear_item_category_2": 90,
        "first_clear_item_category_3": 91,
        "first_clear_item_id_1": 103501,
        "first_clear_item_id_2": 43,
        "first_clear_item_id_3": 59,
        "first_clear_item_num_1": 10,
        "first_clear_item_num_2": 150,
        "first_clear_item_num_3": 10000,
        "ground": 1,
        "group_id": 103506,
        "id": 11,
        "image_id": 103501,
        "legend_bg_id": 24,
        "legend_bg_sub_id": 111,
        "legend_race_boss_npc_id": 117,
        "notice_date": 1662087600,
        "pick_up_item_category_1": 102,
        "pick_up_item_category_2": 0,
        "pick_up_item_category_3": 0,
        "pick_up_item_id_1": 103501,
        "pick_up_item_id_2": 0,
        "pick_up_item_id_3": 0,
        "pick_up_item_num_1": 1,
        "pick_up_item_num_2": 0,
        "pick_up_item_num_3": 0,
        "race_instance_id": 593501,
        "season": 1,
        "start_date": 1662346800,
        "victory_reward_odds_id": 10016,
        "weather": 1
    },
    {
        "cost_num": 1,
        "difficulty": 3,
        "drop_reward_odds_id": 10017,
        "end_date": 1662839999,
        "first_clear_item_category_1": 102,
        "first_clear_item_category_2": 90,
        "first_clear_item_category_3": 91,
        "first_clear_item_id_1": 100801,
        "first_clear_item_id_2": 43,
        "first_clear_item_id_3": 59,
        "first_clear_item_num_1": 10,
        "first_clear_item_num_2": 150,
        "first_clear_item_num_3": 10000,
        "ground": 1,
        "group_id": 100806,
        "id": 12,
        "image_id": 100801,
        "legend_bg_id": 24,
        "legend_bg_sub_id": 111,
        "legend_race_boss_npc_id": 119,
        "notice_date": 1662580800,
        "pick_up_item_category_1": 102,
        "pick_up_item_category_2": 0,
        "pick_up_item_category_3": 0,
        "pick_up_item_id_1": 100801,
        "pick_up_item_id_2": 0,
        "pick_up_item_id_3": 0,
        "pick_up_item_num_1": 1,
        "pick_up_item_num_2": 0,
        "pick_up_item_num_3": 0,
        "race_instance_id": 593502,
        "season": 1,
        "start_date": 1662580800,
        "victory_reward_odds_id": 10018,
        "weather": 1
    },
    {
        "cost_num": 1,
        "difficulty": 3,
        "drop_reward_odds_id": 10019,
        "end_date": 1663099199,
        "first_clear_item_category_1": 102,
        "first_clear_item_category_2": 90,
        "first_clear_item_category_3": 91,
        "first_clear_item_id_1": 100301,
        "first_clear_item_id_2": 43,
        "first_clear_item_id_3": 59,
        "first_clear_item_num_1": 10,
        "first_clear_item_num_2": 150,
        "first_clear_item_num_3": 10000,
        "ground": 1,
        "group_id": 100306,
        "id": 13,
        "image_id": 100301,
        "legend_bg_id": 24,
        "legend_bg_sub_id": 111,
        "legend_race_boss_npc_id": 121,
        "notice_date": 1662840000,
        "pick_up_item_category_1": 102,
        "pick_up_item_category_2": 0,
        "pick_up_item_category_3": 0,
        "pick_up_item_id_1": 100301,
        "pick_up_item_id_2": 0,
        "pick_up_item_id_3": 0,
        "pick_up_item_num_1": 1,
        "pick_up_item_num_2": 0,
        "pick_up_item_num_3": 0,
        "race_instance_id": 593503,
        "season": 1,
        "start_date": 1662840000,
        "victory_reward_odds_id": 10020,
        "weather": 1
    },
    {
        "cost_num": 1,
        "difficulty": 3,
        "drop_reward_odds_id": 10027,
        "end_date": 1665259199,
        "first_clear_item_category_1": 102,
        "first_clear_item_category_2": 90,
        "first_clear_item_category_3": 91,
        "first_clear_item_id_1": 102401,
        "first_clear_item_id_2": 43,
        "first_clear_item_id_3": 59,
        "first_clear_item_num_1": 10,
        "first_clear_item_num_2": 150,
        "first_clear_item_num_3": 10000,
        "ground": 1,
        "group_id": 102406,
        "id": 15,
        "image_id": 102401,
        "legend_bg_id": 79,
        "legend_bg_sub_id": 111,
        "legend_race_boss_npc_id": 129,
        "notice_date": 1664766000,
        "pick_up_item_category_1": 102,
        "pick_up_item_category_2": 0,
        "pick_up_item_category_3": 0,
        "pick_up_item_id_1": 102401,
        "pick_up_item_id_2": 0,
        "pick_up_item_id_3": 0,
        "pick_up_item_num_1": 1,
        "pick_up_item_num_2": 0,
        "pick_up_item_num_3": 0,
        "race_instance_id": 593004,
        "season": 1,
        "start_date": 1665025200,
        "victory_reward_odds_id": 10028,
        "weather": 1
    },
    {
        "cost_num": 1,
        "difficulty": 3,
        "drop_reward_odds_id": 10023,
        "end_date": 1665518399,
        "first_clear_item_category_1": 102,
        "first_clear_item_category_2": 90,
        "first_clear_item_category_3": 91,
        "first_clear_item_id_1": 101301,
        "first_clear_item_id_2": 43,
        "first_clear_item_id_3": 59,
        "first_clear_item_num_1": 10,
        "first_clear_item_num_2": 150,
        "first_clear_item_num_3": 10000,
        "ground": 1,
        "group_id": 101306,
        "id": 16,
        "image_id": 101301,
        "legend_bg_id": 79,
        "legend_bg_sub_id": 111,
        "legend_race_boss_npc_id": 125,
        "notice_date": 1665259200,
        "pick_up_item_category_1": 102,
        "pick_up_item_category_2": 0,
        "pick_up_item_category_3": 0,
        "pick_up_item_id_1": 101301,
        "pick_up_item_id_2": 0,
        "pick_up_item_id_3": 0,
        "pick_up_item_num_1": 1,
        "pick_up_item_num_2": 0,
        "pick_up_item_num_3": 0,
        "race_instance_id": 593002,
        "season": 1,
        "start_date": 1665259200,
        "victory_reward_odds_id": 10024,
        "weather": 1
    },
    {
        "cost_num": 1,
        "difficulty": 3,
        "drop_reward_odds_id": 10025,
        "end_date": 1665777599,
        "first_clear_item_category_1": 102,
        "first_clear_item_category_2": 90,
        "first_clear_item_category_3": 91,
        "first_clear_item_id_1": 101501,
        "first_clear_item_id_2": 43,
        "first_clear_item_id_3": 59,
        "first_clear_item_num_1": 10,
        "first_clear_item_num_2": 150,
        "first_clear_item_num_3": 10000,
        "ground": 1,
        "group_id": 101506,
        "id": 17,
        "image_id": 101501,
        "legend_bg_id": 79,
        "legend_bg_sub_id": 111,
        "legend_race_boss_npc_id": 127,
        "notice_date": 1665518400,
        "pick_up_item_category_1": 102,
        "pick_up_item_category_2": 0,
        "pick_up_item_category_3": 0,
        "pick_up_item_id_1": 101501,
        "pick_up_item_id_2": 0,
        "pick_up_item_id_3": 0,
        "pick_up_item_num_1": 1,
        "pick_up_item_num_2": 0,
        "pick_up_item_num_3": 0,
        "race_instance_id": 593003,
        "season": 1,
        "start_date": 1665518400,
        "victory_reward_odds_id": 10026,
        "weather": 1
    },
    {
        "cost_num": 1,
        "difficulty": 3,
        "drop_reward_odds_id": 10021,
        "end_date": 1666036799,
        "first_clear_item_category_1": 102,
        "first_clear_item_category_2": 90,
        "first_clear_item_category_3": 91,
        "first_clear_item_id_1": 104501,
        "first_clear_item_id_2": 43,
        "first_clear_item_id_3": 59,
        "first_clear_item_num_1": 10,
        "first_clear_item_num_2": 150,
        "first_clear_item_num_3": 10000,
        "ground": 1,
        "group_id": 104506,
        "id": 18,
        "image_id": 104501,
        "legend_bg_id": 79,
        "legend_bg_sub_id": 111,
        "legend_race_boss_npc_id": 123,
        "notice_date": 1665777600,
        "pick_up_item_category_1": 102,
        "pick_up_item_category_2": 0,
        "pick_up_item_category_3": 0,
        "pick_up_item_id_1": 104501,
        "pick_up_item_id_2": 0,
        "pick_up_item_id_3": 0,
        "pick_up_item_num_1": 1,
        "pick_up_item_num_2": 0,
        "pick_up_item_num_3": 0,
        "race_instance_id": 593001,
        "season": 1,
        "start_date": 1665777600,
        "victory_reward_odds_id": 10022,
        "weather": 1
    },
    {
        "cost_num": 1,
        "difficulty": 3,
        "drop_reward_odds_id": 10029,
        "end_date": 1669924799,
        "first_clear_item_category_1": 102,
        "first_clear_item_category_2": 90,
        "first_clear_item_category_3": 91,
        "first_clear_item_id_1": 102701,
        "first_clear_item_id_2": 43,
        "first_clear_item_id_3": 59,
        "first_clear_item_num_1": 10,
        "first_clear_item_num_2": 150,
        "first_clear_item_num_3": 10000,
        "ground": 1,
        "group_id": 102706,
        "id": 19,
        "image_id": 102701,
        "legend_bg_id": 79,
        "legend_bg_sub_id": 111,
        "legend_race_boss_npc_id": 131,
        "notice_date": 1669431600,
        "pick_up_item_category_1": 102,
        "pick_up_item_category_2": 0,
        "pick_up_item_category_3": 0,
        "pick_up_item_id_1": 102701,
        "pick_up_item_id_2": 0,
        "pick_up_item_id_3": 0,
        "pick_up_item_num_1": 1,
        "pick_up_item_num_2": 0,
        "pick_up_item_num_3": 0,
        "race_instance_id": 594001,
        "season": 1,
        "start_date": 1669690800,
        "victory_reward_odds_id": 10030,
        "weather": 1
    },
    {
        "cost_num": 1,
        "difficulty": 3,
        "drop_reward_odds_id": 10031,
        "end_date": 1670183999,
        "first_clear_item_category_1": 102,
        "first_clear_item_category_2": 90,
        "first_clear_item_category_3": 91,
        "first_clear_item_id_1": 100201,
        "first_clear_item_id_2": 43,
        "first_clear_item_id_3": 59,
        "first_clear_item_num_1": 10,
        "first_clear_item_num_2": 150,
        "first_clear_item_num_3": 10000,
        "ground": 1,
        "group_id": 100206,
        "id": 20,
        "image_id": 100201,
        "legend_bg_id": 78,
        "legend_bg_sub_id": 111,
        "legend_race_boss_npc_id": 133,
        "notice_date": 1669924800,
        "pick_up_item_category_1": 102,
        "pick_up_item_category_2": 0,
        "pick_up_item_category_3": 0,
        "pick_up_item_id_1": 100201,
        "pick_up_item_id_2": 0,
        "pick_up_item_id_3": 0,
        "pick_up_item_num_1": 1,
        "pick_up_item_num_2": 0,
        "pick_up_item_num_3": 0,
        "race_instance_id": 594002,
        "season": 1,
        "start_date": 1669924800,
        "victory_reward_odds_id": 10032,
        "weather": 1
    },
    {
        "cost_num": 1,
        "difficulty": 3,
        "drop_reward_odds_id": 10033,
        "end_date": 1670443199,
        "first_clear_item_category_1": 102,
        "first_clear_item_category_2": 90,
        "first_clear_item_category_3": 91,
        "first_clear_item_id_1": 100701,
        "first_clear_item_id_2": 43,
        "first_clear_item_id_3": 59,
        "first_clear_item_num_1": 10,
        "first_clear_item_num_2": 150,
        "first_clear_item_num_3": 10000,
        "ground": 1,
        "group_id": 100706,
        "id": 21,
        "image_id": 100701,
        "legend_bg_id": 78,
        "legend_bg_sub_id": 111,
        "legend_race_boss_npc_id": 135,
        "notice_date": 1670184000,
        "pick_up_item_category_1": 102,
        "pick_up_item_category_2": 0,
        "pick_up_item_category_3": 0,
        "pick_up_item_id_1": 100701,
        "pick_up_item_id_2": 0,
        "pick_up_item_id_3": 0,
        "pick_up_item_num_1": 1,
        "pick_up_item_num_2": 0,
        "pick_up_item_num_3": 0,
        "race_instance_id": 594003,
        "season": 1,
        "start_date": 1670184000,
        "victory_reward_odds_id": 10034,
        "weather": 1
    }
]