[
    {
        "daily_race_ceiling": 3,
        "daily_race_odds": 350000,
        "end_date": 1670727599,
        "id": 1,
        "item_exchange_top_id": 9000,
        "item_lineup_value": 6,
        "legend_race_ceiling": 2,
        "legend_race_odds": 400000,
        "odds_id": 1000,
        "open_value": 3,
        "single_mode_ceiling": 0,
        "single_mode_odds": 0,
        "start_date": 1496242800,
        "team_stadium_ceiling": 4,
        "team_stadium_odds": 300000
    },
    {
        "daily_race_ceiling": 3,
        "daily_race_odds": 350000,
        "end_date": 2556111599,
        "id": 2,
        "item_exchange_top_id": 9000,
        "item_lineup_value": 7,
        "legend_race_ceiling": 2,
        "legend_race_odds": 400000,
        "odds_id": 1001,
        "open_value": 3,
        "single_mode_ceiling": 0,
        "single_mode_odds": 0,
        "start_date": 1670727600,
        "team_stadium_ceiling": 4,
        "team_stadium_odds": 300000
    }
]