[
    {
        "group_id": 101,
        "id": 1,
        "item_exchange_id": 10220,
        "odds": 1000000,
        "ribbon_value": 0
    },
    {
        "group_id": 102,
        "id": 2,
        "item_exchange_id": 10221,
        "odds": 1000000,
        "ribbon_value": 0
    },
    {
        "group_id": 103,
        "id": 3,
        "item_exchange_id": 10226,
        "odds": 200000,
        "ribbon_value": 0
    },
    {
        "group_id": 103,
        "id": 4,
        "item_exchange_id": 10227,
        "odds": 200000,
        "ribbon_value": 0
    },
    {
        "group_id": 103,
        "id": 5,
        "item_exchange_id": 10228,
        "odds": 200000,
        "ribbon_value": 0
    },
    {
        "group_id": 103,
        "id": 6,
        "item_exchange_id": 10229,
        "odds": 200000,
        "ribbon_value": 0
    },
    {
        "group_id": 103,
        "id": 7,
        "item_exchange_id": 10230,
        "odds": 200000,
        "ribbon_value": 0
    },
    {
        "group_id": 104,
        "id": 8,
        "item_exchange_id": 10232,
        "odds": 1000000,
        "ribbon_value": 0
    },
    {
        "group_id": 105,
        "id": 9,
        "item_exchange_id": 10000,
        "odds": 40000,
        "ribbon_value": 0
    },
    {
        "group_id": 105,
        "id": 10,
        "item_exchange_id": 10003,
        "odds": 40000,
        "ribbon_value": 0
    },
    {
        "group_id": 105,
        "id": 11,
        "item_exchange_id": 10004,
        "odds": 40000,
        "ribbon_value": 0
    },
    {
        "group_id": 105,
        "id": 12,
        "item_exchange_id": 10010,
        "odds": 40000,
        "ribbon_value": 0
    },
    {
        "group_id": 105,
        "id": 13,
        "item_exchange_id": 10016,
        "odds": 40000,
        "ribbon_value": 0
    },
    {
        "group_id": 105,
        "id": 14,
        "item_exchange_id": 10005,
        "odds": 87500,
        "ribbon_value": 0
    },
    {
        "group_id": 105,
        "id": 15,
        "item_exchange_id": 10006,
        "odds": 87500,
        "ribbon_value": 0
    },
    {
        "group_id": 105,
        "id": 16,
        "item_exchange_id": 10007,
        "odds": 87500,
        "ribbon_value": 0
    },
    {
        "group_id": 105,
        "id": 17,
        "item_exchange_id": 10013,
        "odds": 87500,
        "ribbon_value": 0
    },
    {
        "group_id": 105,
        "id": 18,
        "item_exchange_id": 10017,
        "odds": 112500,
        "ribbon_value": 0
    },
    {
        "group_id": 105,
        "id": 19,
        "item_exchange_id": 10019,
        "odds": 112500,
        "ribbon_value": 0
    },
    {
        "group_id": 105,
        "id": 20,
        "item_exchange_id": 10022,
        "odds": 112500,
        "ribbon_value": 0
    },
    {
        "group_id": 105,
        "id": 21,
        "item_exchange_id": 10023,
        "odds": 112500,
        "ribbon_value": 0
    },
    {
        "group_id": 106,
        "id": 22,
        "item_exchange_id": 10001,
        "odds": 50000,
        "ribbon_value": 0
    },
    {
        "group_id": 106,
        "id": 23,
        "item_exchange_id": 10002,
        "odds": 50000,
        "ribbon_value": 0
    },
    {
        "group_id": 106,
        "id": 24,
        "item_exchange_id": 10008,
        "odds": 50000,
        "ribbon_value": 0
    },
    {
        "group_id": 106,
        "id": 25,
        "item_exchange_id": 10012,
        "odds": 50000,
        "ribbon_value": 0
    },
    {
        "group_id": 106,
        "id": 26,
        "item_exchange_id": 10009,
        "odds": 87500,
        "ribbon_value": 0
    },
    {
        "group_id": 106,
        "id": 27,
        "item_exchange_id": 10011,
        "odds": 87500,
        "ribbon_value": 0
    },
    {
        "group_id": 106,
        "id": 28,
        "item_exchange_id": 10020,
        "odds": 87500,
        "ribbon_value": 0
    },
    {
        "group_id": 106,
        "id": 29,
        "item_exchange_id": 10014,
        "odds": 87500,
        "ribbon_value": 0
    },
    {
        "group_id": 106,
        "id": 30,
        "item_exchange_id": 10015,
        "odds": 112500,
        "ribbon_value": 0
    },
    {
        "group_id": 106,
        "id": 31,
        "item_exchange_id": 10018,
        "odds": 112500,
        "ribbon_value": 0
    },
    {
        "group_id": 106,
        "id": 32,
        "item_exchange_id": 10021,
        "odds": 112500,
        "ribbon_value": 0
    },
    {
        "group_id": 106,
        "id": 33,
        "item_exchange_id": 10024,
        "odds": 112500,
        "ribbon_value": 0
    },
    {
        "group_id": 111,
        "id": 34,
        "item_exchange_id": 10220,
        "odds": 1000000,
        "ribbon_value": 0
    },
    {
        "group_id": 112,
        "id": 35,
        "item_exchange_id": 10221,
        "odds": 1000000,
        "ribbon_value": 0
    },
    {
        "group_id": 113,
        "id": 36,
        "item_exchange_id": 10226,
        "odds": 200000,
        "ribbon_value": 0
    },
    {
        "group_id": 113,
        "id": 37,
        "item_exchange_id": 10227,
        "odds": 200000,
        "ribbon_value": 0
    },
    {
        "group_id": 113,
        "id": 38,
        "item_exchange_id": 10228,
        "odds": 200000,
        "ribbon_value": 0
    },
    {
        "group_id": 113,
        "id": 39,
        "item_exchange_id": 10229,
        "odds": 200000,
        "ribbon_value": 0
    },
    {
        "group_id": 113,
        "id": 40,
        "item_exchange_id": 10230,
        "odds": 200000,
        "ribbon_value": 0
    },
    {
        "group_id": 114,
        "id": 41,
        "item_exchange_id": 10232,
        "odds": 1000000,
        "ribbon_value": 0
    },
    {
        "group_id": 115,
        "id": 42,
        "item_exchange_id": 10000,
        "odds": 13340,
        "ribbon_value": 0
    },
    {
        "group_id": 115,
        "id": 43,
        "item_exchange_id": 10003,
        "odds": 13340,
        "ribbon_value": 0
    },
    {
        "group_id": 115,
        "id": 44,
        "item_exchange_id": 10004,
        "odds": 13340,
        "ribbon_value": 0
    },
    {
        "group_id": 115,
        "id": 45,
        "item_exchange_id": 10010,
        "odds": 13340,
        "ribbon_value": 0
    },
    {
        "group_id": 115,
        "id": 46,
        "item_exchange_id": 10016,
        "odds": 13340,
        "ribbon_value": 0
    },
    {
        "group_id": 115,
        "id": 47,
        "item_exchange_id": 10043,
        "odds": 13340,
        "ribbon_value": 0
    },
    {
        "group_id": 115,
        "id": 48,
        "item_exchange_id": 10026,
        "odds": 13340,
        "ribbon_value": 0
    },
    {
        "group_id": 115,
        "id": 49,
        "item_exchange_id": 10027,
        "odds": 13340,
        "ribbon_value": 0
    },
    {
        "group_id": 115,
        "id": 50,
        "item_exchange_id": 10029,
        "odds": 13340,
        "ribbon_value": 0
    },
    {
        "group_id": 115,
        "id": 57,
        "item_exchange_id": 10005,
        "odds": 87500,
        "ribbon_value": 0
    },
    {
        "group_id": 115,
        "id": 58,
        "item_exchange_id": 10006,
        "odds": 87500,
        "ribbon_value": 0
    },
    {
        "group_id": 115,
        "id": 59,
        "item_exchange_id": 10007,
        "odds": 87500,
        "ribbon_value": 0
    },
    {
        "group_id": 115,
        "id": 60,
        "item_exchange_id": 10013,
        "odds": 87500,
        "ribbon_value": 0
    },
    {
        "group_id": 115,
        "id": 61,
        "item_exchange_id": 10017,
        "odds": 112475,
        "ribbon_value": 0
    },
    {
        "group_id": 115,
        "id": 62,
        "item_exchange_id": 10019,
        "odds": 112475,
        "ribbon_value": 0
    },
    {
        "group_id": 115,
        "id": 63,
        "item_exchange_id": 10022,
        "odds": 112475,
        "ribbon_value": 0
    },
    {
        "group_id": 115,
        "id": 64,
        "item_exchange_id": 10023,
        "odds": 112475,
        "ribbon_value": 0
    },
    {
        "group_id": 116,
        "id": 65,
        "item_exchange_id": 10001,
        "odds": 14286,
        "ribbon_value": 0
    },
    {
        "group_id": 116,
        "id": 66,
        "item_exchange_id": 10002,
        "odds": 14286,
        "ribbon_value": 0
    },
    {
        "group_id": 116,
        "id": 67,
        "item_exchange_id": 10008,
        "odds": 14286,
        "ribbon_value": 0
    },
    {
        "group_id": 116,
        "id": 68,
        "item_exchange_id": 10012,
        "odds": 14286,
        "ribbon_value": 0
    },
    {
        "group_id": 116,
        "id": 69,
        "item_exchange_id": 10041,
        "odds": 14286,
        "ribbon_value": 0
    },
    {
        "group_id": 116,
        "id": 70,
        "item_exchange_id": 10044,
        "odds": 14286,
        "ribbon_value": 0
    },
    {
        "group_id": 116,
        "id": 71,
        "item_exchange_id": 10025,
        "odds": 14286,
        "ribbon_value": 0
    },
    {
        "group_id": 116,
        "id": 72,
        "item_exchange_id": 10028,
        "odds": 14286,
        "ribbon_value": 0
    },
    {
        "group_id": 116,
        "id": 73,
        "item_exchange_id": 10030,
        "odds": 14286,
        "ribbon_value": 0
    },
    {
        "group_id": 116,
        "id": 79,
        "item_exchange_id": 10009,
        "odds": 87500,
        "ribbon_value": 0
    },
    {
        "group_id": 116,
        "id": 80,
        "item_exchange_id": 10011,
        "odds": 87500,
        "ribbon_value": 0
    },
    {
        "group_id": 116,
        "id": 81,
        "item_exchange_id": 10020,
        "odds": 87500,
        "ribbon_value": 0
    },
    {
        "group_id": 116,
        "id": 82,
        "item_exchange_id": 10014,
        "odds": 87500,
        "ribbon_value": 0
    },
    {
        "group_id": 116,
        "id": 83,
        "item_exchange_id": 10015,
        "odds": 112499,
        "ribbon_value": 0
    },
    {
        "group_id": 116,
        "id": 84,
        "item_exchange_id": 10018,
        "odds": 112499,
        "ribbon_value": 0
    },
    {
        "group_id": 116,
        "id": 85,
        "item_exchange_id": 10021,
        "odds": 112499,
        "ribbon_value": 0
    },
    {
        "group_id": 116,
        "id": 86,
        "item_exchange_id": 10024,
        "odds": 112499,
        "ribbon_value": 0
    },
    {
        "group_id": 117,
        "id": 87,
        "item_exchange_id": 10300,
        "odds": 33300,
        "ribbon_value": 0
    },
    {
        "group_id": 117,
        "id": 88,
        "item_exchange_id": 10301,
        "odds": 33300,
        "ribbon_value": 0
    },
    {
        "group_id": 117,
        "id": 89,
        "item_exchange_id": 10302,
        "odds": 33300,
        "ribbon_value": 0
    },
    {
        "group_id": 117,
        "id": 90,
        "item_exchange_id": 10303,
        "odds": 33300,
        "ribbon_value": 0
    },
    {
        "group_id": 117,
        "id": 91,
        "item_exchange_id": 10304,
        "odds": 33300,
        "ribbon_value": 0
    },
    {
        "group_id": 117,
        "id": 92,
        "item_exchange_id": 10305,
        "odds": 33300,
        "ribbon_value": 0
    },
    {
        "group_id": 117,
        "id": 93,
        "item_exchange_id": 10306,
        "odds": 33300,
        "ribbon_value": 0
    },
    {
        "group_id": 117,
        "id": 94,
        "item_exchange_id": 10307,
        "odds": 33300,
        "ribbon_value": 0
    },
    {
        "group_id": 117,
        "id": 95,
        "item_exchange_id": 10308,
        "odds": 33300,
        "ribbon_value": 0
    },
    {
        "group_id": 117,
        "id": 96,
        "item_exchange_id": 10309,
        "odds": 33300,
        "ribbon_value": 0
    },
    {
        "group_id": 117,
        "id": 97,
        "item_exchange_id": 10310,
        "odds": 33300,
        "ribbon_value": 0
    },
    {
        "group_id": 117,
        "id": 98,
        "item_exchange_id": 10311,
        "odds": 33300,
        "ribbon_value": 0
    },
    {
        "group_id": 117,
        "id": 99,
        "item_exchange_id": 10312,
        "odds": 33300,
        "ribbon_value": 0
    },
    {
        "group_id": 117,
        "id": 100,
        "item_exchange_id": 10313,
        "odds": 33300,
        "ribbon_value": 0
    },
    {
        "group_id": 117,
        "id": 101,
        "item_exchange_id": 10314,
        "odds": 33300,
        "ribbon_value": 0
    },
    {
        "group_id": 117,
        "id": 102,
        "item_exchange_id": 10315,
        "odds": 33300,
        "ribbon_value": 0
    },
    {
        "group_id": 117,
        "id": 103,
        "item_exchange_id": 10316,
        "odds": 33300,
        "ribbon_value": 0
    },
    {
        "group_id": 117,
        "id": 104,
        "item_exchange_id": 10317,
        "odds": 33300,
        "ribbon_value": 0
    },
    {
        "group_id": 117,
        "id": 105,
        "item_exchange_id": 10318,
        "odds": 33300,
        "ribbon_value": 0
    },
    {
        "group_id": 117,
        "id": 106,
        "item_exchange_id": 10319,
        "odds": 33300,
        "ribbon_value": 0
    },
    {
        "group_id": 117,
        "id": 107,
        "item_exchange_id": 10320,
        "odds": 33300,
        "ribbon_value": 0
    },
    {
        "group_id": 117,
        "id": 108,
        "item_exchange_id": 10321,
        "odds": 33300,
        "ribbon_value": 0
    },
    {
        "group_id": 117,
        "id": 109,
        "item_exchange_id": 10322,
        "odds": 33300,
        "ribbon_value": 0
    },
    {
        "group_id": 117,
        "id": 110,
        "item_exchange_id": 10323,
        "odds": 33300,
        "ribbon_value": 0
    },
    {
        "group_id": 117,
        "id": 111,
        "item_exchange_id": 10324,
        "odds": 33300,
        "ribbon_value": 0
    },
    {
        "group_id": 117,
        "id": 112,
        "item_exchange_id": 10325,
        "odds": 33300,
        "ribbon_value": 0
    },
    {
        "group_id": 117,
        "id": 113,
        "item_exchange_id": 10326,
        "odds": 33300,
        "ribbon_value": 0
    },
    {
        "group_id": 117,
        "id": 114,
        "item_exchange_id": 10327,
        "odds": 33300,
        "ribbon_value": 0
    },
    {
        "group_id": 117,
        "id": 115,
        "item_exchange_id": 10328,
        "odds": 33300,
        "ribbon_value": 0
    },
    {
        "group_id": 117,
        "id": 116,
        "item_exchange_id": 10329,
        "odds": 33300,
        "ribbon_value": 0
    }
]