[
    {
        "backdancer_dress": 7,
        "backdancer_dress_color": 0,
        "backdancer_order": 4,
        "condition_type": 2,
        "default_main_dress": 101,
        "default_main_dress_color": 0,
        "default_mob_dress": 7,
        "default_mob_dress_color": 0,
        "end_date": 4102412399,
        "live_member_number": 18,
        "music_id": 1001,
        "music_type": 1,
        "song_chara_type": 1,
        "sort": 9,
        "start_date": 1561960800,
        "title_color_bottom": "#ff55ac",
        "title_color_top": "#f387bf"
    },
    {
        "backdancer_dress": 102,
        "backdancer_dress_color": 0,
        "backdancer_order": 4,
        "condition_type": 2,
        "default_main_dress": 102,
        "default_main_dress_color": 0,
        "default_mob_dress": 102,
        "default_mob_dress_color": 0,
        "end_date": 4102412399,
        "live_member_number": 18,
        "music_id": 1004,
        "music_type": 5,
        "song_chara_type": 2,
        "sort": 300,
        "start_date": 1670727600,
        "title_color_bottom": "#2e64b7",
        "title_color_top": "#524ead"
    },
    {
        "backdancer_dress": 7,
        "backdancer_dress_color": 1,
        "backdancer_order": 4,
        "condition_type": 2,
        "default_main_dress": 101,
        "default_main_dress_color": 0,
        "default_mob_dress": 7,
        "default_mob_dress_color": 1,
        "end_date": 4102412399,
        "live_member_number": 18,
        "music_id": 1005,
        "music_type": 1,
        "song_chara_type": 2,
        "sort": 3,
        "start_date": 1561960800,
        "title_color_bottom": "#ffda7e",
        "title_color_top": "#f89892"
    },
    {
        "backdancer_dress": 7,
        "backdancer_dress_color": 2,
        "backdancer_order": 4,
        "condition_type": 2,
        "default_main_dress": 101,
        "default_main_dress_color": 0,
        "default_mob_dress": 7,
        "default_mob_dress_color": 2,
        "end_date": 4102412399,
        "live_member_number": 18,
        "music_id": 1006,
        "music_type": 1,
        "song_chara_type": 1,
        "sort": 1,
        "start_date": 1561960800,
        "title_color_bottom": "#001b82",
        "title_color_top": "#0269f6"
    },
    {
        "backdancer_dress": 7,
        "backdancer_dress_color": 3,
        "backdancer_order": 4,
        "condition_type": 2,
        "default_main_dress": 101,
        "default_main_dress_color": 0,
        "default_mob_dress": 7,
        "default_mob_dress_color": 3,
        "end_date": 4102412399,
        "live_member_number": 18,
        "music_id": 1007,
        "music_type": 1,
        "song_chara_type": 2,
        "sort": 2,
        "start_date": 1561960800,
        "title_color_bottom": "#d5e799",
        "title_color_top": "#88df26"
    },
    {
        "backdancer_dress": 7,
        "backdancer_dress_color": 0,
        "backdancer_order": 4,
        "condition_type": 2,
        "default_main_dress": 101,
        "default_main_dress_color": 0,
        "default_mob_dress": 7,
        "default_mob_dress_color": 0,
        "end_date": 4102412399,
        "live_member_number": 18,
        "music_id": 1008,
        "music_type": 1,
        "song_chara_type": 2,
        "sort": 7,
        "start_date": 1561960800,
        "title_color_bottom": "#ff7a00",
        "title_color_top": "#ff2500"
    },
    {
        "backdancer_dress": 7,
        "backdancer_dress_color": 0,
        "backdancer_order": 4,
        "condition_type": 2,
        "default_main_dress": 101,
        "default_main_dress_color": 0,
        "default_mob_dress": 7,
        "default_mob_dress_color": 0,
        "end_date": 4102412399,
        "live_member_number": 18,
        "music_id": 1009,
        "music_type": 1,
        "song_chara_type": 2,
        "sort": 6,
        "start_date": 1561960800,
        "title_color_bottom": "#0d2452",
        "title_color_top": "#acddff"
    },
    {
        "backdancer_dress": 7,
        "backdancer_dress_color": 1,
        "backdancer_order": 5,
        "condition_type": 2,
        "default_main_dress": 101,
        "default_main_dress_color": 0,
        "default_mob_dress": 7,
        "default_mob_dress_color": 1,
        "end_date": 4102412399,
        "live_member_number": 18,
        "music_id": 1010,
        "music_type": 1,
        "song_chara_type": 2,
        "sort": 8,
        "start_date": 1561960800,
        "title_color_bottom": "#211cac",
        "title_color_top": "#ff9551"
    },
    {
        "backdancer_dress": 7,
        "backdancer_dress_color": 0,
        "backdancer_order": 2,
        "condition_type": 2,
        "default_main_dress": 101,
        "default_main_dress_color": 0,
        "default_mob_dress": 7,
        "default_mob_dress_color": 0,
        "end_date": 4102412399,
        "live_member_number": 1,
        "music_id": 1025,
        "music_type": 2,
        "song_chara_type": 2,
        "sort": 100,
        "start_date": 1561960800,
        "title_color_bottom": "#004552",
        "title_color_top": "#88ffff"
    },
    {
        "backdancer_dress": 7,
        "backdancer_dress_color": 0,
        "backdancer_order": 2,
        "condition_type": 2,
        "default_main_dress": 101,
        "default_main_dress_color": 0,
        "default_mob_dress": 7,
        "default_mob_dress_color": 0,
        "end_date": 4102412399,
        "live_member_number": 1,
        "music_id": 1026,
        "music_type": 2,
        "song_chara_type": 2,
        "sort": 101,
        "start_date": 1561960800,
        "title_color_bottom": "#24154d",
        "title_color_top": "#88a5ff"
    },
    {
        "backdancer_dress": 7,
        "backdancer_dress_color": 0,
        "backdancer_order": 4,
        "condition_type": 2,
        "default_main_dress": 101,
        "default_main_dress_color": 0,
        "default_mob_dress": 7,
        "default_mob_dress_color": 0,
        "end_date": 4102412399,
        "live_member_number": 18,
        "music_id": 1027,
        "music_type": 1,
        "song_chara_type": 2,
        "sort": 5,
        "start_date": 1561960800,
        "title_color_bottom": "#1500cb",
        "title_color_top": "#4ffbff"
    },
    {
        "backdancer_dress": 7,
        "backdancer_dress_color": 0,
        "backdancer_order": 4,
        "condition_type": 2,
        "default_main_dress": 101,
        "default_main_dress_color": 0,
        "default_mob_dress": 7,
        "default_mob_dress_color": 0,
        "end_date": 4102412399,
        "live_member_number": 18,
        "music_id": 1028,
        "music_type": 1,
        "song_chara_type": 2,
        "sort": 4,
        "start_date": 1561960800,
        "title_color_bottom": "#ff4b00",
        "title_color_top": "#ffc139"
    },
    {
        "backdancer_dress": 7,
        "backdancer_dress_color": 2,
        "backdancer_order": 4,
        "condition_type": 2,
        "default_main_dress": 101,
        "default_main_dress_color": 0,
        "default_mob_dress": 7,
        "default_mob_dress_color": 2,
        "end_date": 4102412399,
        "live_member_number": 3,
        "music_id": 1030,
        "music_type": 2,
        "song_chara_type": 2,
        "sort": 102,
        "start_date": 1660791600,
        "title_color_bottom": "#1773ff",
        "title_color_top": "#42c3ff"
    },
    {
        "backdancer_dress": 7,
        "backdancer_dress_color": 0,
        "backdancer_order": 2,
        "condition_type": 2,
        "default_main_dress": 101,
        "default_main_dress_color": 0,
        "default_mob_dress": 7,
        "default_mob_dress_color": 0,
        "end_date": 4102412399,
        "live_member_number": 1,
        "music_id": 1031,
        "music_type": 2,
        "song_chara_type": 2,
        "sort": 103,
        "start_date": 1667790000,
        "title_color_bottom": "#0e0318",
        "title_color_top": "#7434a4"
    },
    {
        "backdancer_dress": 7,
        "backdancer_dress_color": 1,
        "backdancer_order": 4,
        "condition_type": 2,
        "default_main_dress": 101,
        "default_main_dress_color": 0,
        "default_mob_dress": 7,
        "default_mob_dress_color": 1,
        "end_date": 4102412399,
        "live_member_number": 15,
        "music_id": 1032,
        "music_type": 3,
        "song_chara_type": 2,
        "sort": 200,
        "start_date": 1658718000,
        "title_color_bottom": "#002eff",
        "title_color_top": "#4066ff"
    },
    {
        "backdancer_dress": 7,
        "backdancer_dress_color": 2,
        "backdancer_order": 11,
        "condition_type": 2,
        "default_main_dress": 101,
        "default_main_dress_color": 0,
        "default_mob_dress": 7,
        "default_mob_dress_color": 2,
        "end_date": 4102412399,
        "live_member_number": 10,
        "music_id": 1035,
        "music_type": 1,
        "song_chara_type": 2,
        "sort": 10,
        "start_date": 1671073200,
        "title_color_bottom": "#205cff",
        "title_color_top": "#77daff"
    }
]