[
    {
        "count": 1,
        "id": 1,
        "item_category": 90,
        "item_category_2": 0,
        "item_category_3": 0,
        "item_category_4": 0,
        "item_category_5": 0,
        "item_id": 43,
        "item_id_2": 0,
        "item_id_3": 0,
        "item_id_4": 0,
        "item_id_5": 0,
        "item_num": 20,
        "item_num_2": 0,
        "item_num_3": 0,
        "item_num_4": 0,
        "item_num_5": 0,
        "login_bonus_id": 10001
    },
    {
        "count": 2,
        "id": 2,
        "item_category": 30,
        "item_category_2": 0,
        "item_category_3": 0,
        "item_category_4": 0,
        "item_category_5": 0,
        "item_id": 110,
        "item_id_2": 0,
        "item_id_3": 0,
        "item_id_4": 0,
        "item_id_5": 0,
        "item_num": 300,
        "item_num_2": 0,
        "item_num_3": 0,
        "item_num_4": 0,
        "item_num_5": 0,
        "login_bonus_id": 10001
    },
    {
        "count": 3,
        "id": 3,
        "item_category": 90,
        "item_category_2": 0,
        "item_category_3": 0,
        "item_category_4": 0,
        "item_category_5": 0,
        "item_id": 43,
        "item_id_2": 0,
        "item_id_3": 0,
        "item_id_4": 0,
        "item_id_5": 0,
        "item_num": 20,
        "item_num_2": 0,
        "item_num_3": 0,
        "item_num_4": 0,
        "item_num_5": 0,
        "login_bonus_id": 10001
    },
    {
        "count": 4,
        "id": 4,
        "item_category": 91,
        "item_category_2": 0,
        "item_category_3": 0,
        "item_category_4": 0,
        "item_category_5": 0,
        "item_id": 59,
        "item_id_2": 0,
        "item_id_3": 0,
        "item_id_4": 0,
        "item_id_5": 0,
        "item_num": 1000,
        "item_num_2": 0,
        "item_num_3": 0,
        "item_num_4": 0,
        "item_num_5": 0,
        "login_bonus_id": 10001
    },
    {
        "count": 5,
        "id": 5,
        "item_category": 90,
        "item_category_2": 0,
        "item_category_3": 0,
        "item_category_4": 0,
        "item_category_5": 0,
        "item_id": 43,
        "item_id_2": 0,
        "item_id_3": 0,
        "item_id_4": 0,
        "item_id_5": 0,
        "item_num": 20,
        "item_num_2": 0,
        "item_num_3": 0,
        "item_num_4": 0,
        "item_num_5": 0,
        "login_bonus_id": 10001
    },
    {
        "count": 6,
        "id": 6,
        "item_category": 103,
        "item_category_2": 0,
        "item_category_3": 0,
        "item_category_4": 0,
        "item_category_5": 0,
        "item_id": 98,
        "item_id_2": 0,
        "item_id_3": 0,
        "item_id_4": 0,
        "item_id_5": 0,
        "item_num": 100,
        "item_num_2": 0,
        "item_num_3": 0,
        "item_num_4": 0,
        "item_num_5": 0,
        "login_bonus_id": 10001
    },
    {
        "count": 7,
        "id": 7,
        "item_category": 90,
        "item_category_2": 0,
        "item_category_3": 0,
        "item_category_4": 0,
        "item_category_5": 0,
        "item_id": 43,
        "item_id_2": 0,
        "item_id_3": 0,
        "item_id_4": 0,
        "item_id_5": 0,
        "item_num": 50,
        "item_num_2": 0,
        "item_num_3": 0,
        "item_num_4": 0,
        "item_num_5": 0,
        "login_bonus_id": 10001
    },
    {
        "count": 1,
        "id": 8,
        "item_category": 90,
        "item_category_2": 0,
        "item_category_3": 0,
        "item_category_4": 0,
        "item_category_5": 0,
        "item_id": 43,
        "item_id_2": 0,
        "item_id_3": 0,
        "item_id_4": 0,
        "item_id_5": 0,
        "item_num": 150,
        "item_num_2": 0,
        "item_num_3": 0,
        "item_num_4": 0,
        "item_num_5": 0,
        "login_bonus_id": 20001
    },
    {
        "count": 2,
        "id": 9,
        "item_category": 90,
        "item_category_2": 0,
        "item_category_3": 0,
        "item_category_4": 0,
        "item_category_5": 0,
        "item_id": 43,
        "item_id_2": 0,
        "item_id_3": 0,
        "item_id_4": 0,
        "item_id_5": 0,
        "item_num": 150,
        "item_num_2": 0,
        "item_num_3": 0,
        "item_num_4": 0,
        "item_num_5": 0,
        "login_bonus_id": 20001
    },
    {
        "count": 3,
        "id": 10,
        "item_category": 90,
        "item_category_2": 0,
        "item_category_3": 0,
        "item_category_4": 0,
        "item_category_5": 0,
        "item_id": 43,
        "item_id_2": 0,
        "item_id_3": 0,
        "item_id_4": 0,
        "item_id_5": 0,
        "item_num": 150,
        "item_num_2": 0,
        "item_num_3": 0,
        "item_num_4": 0,
        "item_num_5": 0,
        "login_bonus_id": 20001
    },
    {
        "count": 4,
        "id": 11,
        "item_category": 90,
        "item_category_2": 0,
        "item_category_3": 0,
        "item_category_4": 0,
        "item_category_5": 0,
        "item_id": 43,
        "item_id_2": 0,
        "item_id_3": 0,
        "item_id_4": 0,
        "item_id_5": 0,
        "item_num": 150,
        "item_num_2": 0,
        "item_num_3": 0,
        "item_num_4": 0,
        "item_num_5": 0,
        "login_bonus_id": 20001
    },
    {
        "count": 5,
        "id": 12,
        "item_category": 90,
        "item_category_2": 0,
        "item_category_3": 0,
        "item_category_4": 0,
        "item_category_5": 0,
        "item_id": 43,
        "item_id_2": 0,
        "item_id_3": 0,
        "item_id_4": 0,
        "item_id_5": 0,
        "item_num": 150,
        "item_num_2": 0,
        "item_num_3": 0,
        "item_num_4": 0,
        "item_num_5": 0,
        "login_bonus_id": 20001
    },
    {
        "count": 6,
        "id": 13,
        "item_category": 90,
        "item_category_2": 0,
        "item_category_3": 0,
        "item_category_4": 0,
        "item_category_5": 0,
        "item_id": 43,
        "item_id_2": 0,
        "item_id_3": 0,
        "item_id_4": 0,
        "item_id_5": 0,
        "item_num": 150,
        "item_num_2": 0,
        "item_num_3": 0,
        "item_num_4": 0,
        "item_num_5": 0,
        "login_bonus_id": 20001
    },
    {
        "count": 7,
        "id": 14,
        "item_category": 90,
        "item_category_2": 0,
        "item_category_3": 0,
        "item_category_4": 0,
        "item_category_5": 0,
        "item_id": 43,
        "item_id_2": 0,
        "item_id_3": 0,
        "item_id_4": 0,
        "item_id_5": 0,
        "item_num": 150,
        "item_num_2": 0,
        "item_num_3": 0,
        "item_num_4": 0,
        "item_num_5": 0,
        "login_bonus_id": 20001
    },
    {
        "count": 8,
        "id": 15,
        "item_category": 90,
        "item_category_2": 0,
        "item_category_3": 0,
        "item_category_4": 0,
        "item_category_5": 0,
        "item_id": 43,
        "item_id_2": 0,
        "item_id_3": 0,
        "item_id_4": 0,
        "item_id_5": 0,
        "item_num": 150,
        "item_num_2": 0,
        "item_num_3": 0,
        "item_num_4": 0,
        "item_num_5": 0,
        "login_bonus_id": 20001
    },
    {
        "count": 9,
        "id": 16,
        "item_category": 90,
        "item_category_2": 0,
        "item_category_3": 0,
        "item_category_4": 0,
        "item_category_5": 0,
        "item_id": 43,
        "item_id_2": 0,
        "item_id_3": 0,
        "item_id_4": 0,
        "item_id_5": 0,
        "item_num": 150,
        "item_num_2": 0,
        "item_num_3": 0,
        "item_num_4": 0,
        "item_num_5": 0,
        "login_bonus_id": 20001
    },
    {
        "count": 10,
        "id": 17,
        "item_category": 90,
        "item_category_2": 0,
        "item_category_3": 0,
        "item_category_4": 0,
        "item_category_5": 0,
        "item_id": 43,
        "item_id_2": 0,
        "item_id_3": 0,
        "item_id_4": 0,
        "item_id_5": 0,
        "item_num": 150,
        "item_num_2": 0,
        "item_num_3": 0,
        "item_num_4": 0,
        "item_num_5": 0,
        "login_bonus_id": 20001
    },
    {
        "count": 1,
        "id": 18,
        "item_category": 90,
        "item_category_2": 0,
        "item_category_3": 0,
        "item_category_4": 0,
        "item_category_5": 0,
        "item_id": 43,
        "item_id_2": 0,
        "item_id_3": 0,
        "item_id_4": 0,
        "item_id_5": 0,
        "item_num": 1500,
        "item_num_2": 0,
        "item_num_3": 0,
        "item_num_4": 0,
        "item_num_5": 0,
        "login_bonus_id": 30001
    },
    {
        "count": 1,
        "id": 19,
        "item_category": 90,
        "item_category_2": 0,
        "item_category_3": 0,
        "item_category_4": 0,
        "item_category_5": 0,
        "item_id": 43,
        "item_id_2": 0,
        "item_id_3": 0,
        "item_id_4": 0,
        "item_id_5": 0,
        "item_num": 300,
        "item_num_2": 0,
        "item_num_3": 0,
        "item_num_4": 0,
        "item_num_5": 0,
        "login_bonus_id": 30002
    },
    {
        "count": 1,
        "id": 20,
        "item_category": 90,
        "item_category_2": 0,
        "item_category_3": 0,
        "item_category_4": 0,
        "item_category_5": 0,
        "item_id": 43,
        "item_id_2": 0,
        "item_id_3": 0,
        "item_id_4": 0,
        "item_id_5": 0,
        "item_num": 300,
        "item_num_2": 0,
        "item_num_3": 0,
        "item_num_4": 0,
        "item_num_5": 0,
        "login_bonus_id": 30003
    },
    {
        "count": 1,
        "id": 21,
        "item_category": 90,
        "item_category_2": 0,
        "item_category_3": 0,
        "item_category_4": 0,
        "item_category_5": 0,
        "item_id": 43,
        "item_id_2": 0,
        "item_id_3": 0,
        "item_id_4": 0,
        "item_id_5": 0,
        "item_num": 300,
        "item_num_2": 0,
        "item_num_3": 0,
        "item_num_4": 0,
        "item_num_5": 0,
        "login_bonus_id": 30004
    },
    {
        "count": 1,
        "id": 22,
        "item_category": 90,
        "item_category_2": 0,
        "item_category_3": 0,
        "item_category_4": 0,
        "item_category_5": 0,
        "item_id": 43,
        "item_id_2": 0,
        "item_id_3": 0,
        "item_id_4": 0,
        "item_id_5": 0,
        "item_num": 300,
        "item_num_2": 0,
        "item_num_3": 0,
        "item_num_4": 0,
        "item_num_5": 0,
        "login_bonus_id": 30005
    },
    {
        "count": 1,
        "id": 23,
        "item_category": 90,
        "item_category_2": 0,
        "item_category_3": 0,
        "item_category_4": 0,
        "item_category_5": 0,
        "item_id": 43,
        "item_id_2": 0,
        "item_id_3": 0,
        "item_id_4": 0,
        "item_id_5": 0,
        "item_num": 300,
        "item_num_2": 0,
        "item_num_3": 0,
        "item_num_4": 0,
        "item_num_5": 0,
        "login_bonus_id": 30006
    },
    {
        "count": 1,
        "id": 24,
        "item_category": 90,
        "item_category_2": 0,
        "item_category_3": 0,
        "item_category_4": 0,
        "item_category_5": 0,
        "item_id": 43,
        "item_id_2": 0,
        "item_id_3": 0,
        "item_id_4": 0,
        "item_id_5": 0,
        "item_num": 300,
        "item_num_2": 0,
        "item_num_3": 0,
        "item_num_4": 0,
        "item_num_5": 0,
        "login_bonus_id": 30007
    },
    {
        "count": 1,
        "id": 25,
        "item_category": 90,
        "item_category_2": 0,
        "item_category_3": 0,
        "item_category_4": 0,
        "item_category_5": 0,
        "item_id": 43,
        "item_id_2": 0,
        "item_id_3": 0,
        "item_id_4": 0,
        "item_id_5": 0,
        "item_num": 150,
        "item_num_2": 0,
        "item_num_3": 0,
        "item_num_4": 0,
        "item_num_5": 0,
        "login_bonus_id": 30008
    },
    {
        "count": 2,
        "id": 26,
        "item_category": 90,
        "item_category_2": 0,
        "item_category_3": 0,
        "item_category_4": 0,
        "item_category_5": 0,
        "item_id": 43,
        "item_id_2": 0,
        "item_id_3": 0,
        "item_id_4": 0,
        "item_id_5": 0,
        "item_num": 150,
        "item_num_2": 0,
        "item_num_3": 0,
        "item_num_4": 0,
        "item_num_5": 0,
        "login_bonus_id": 30008
    },
    {
        "count": 3,
        "id": 27,
        "item_category": 90,
        "item_category_2": 0,
        "item_category_3": 0,
        "item_category_4": 0,
        "item_category_5": 0,
        "item_id": 43,
        "item_id_2": 0,
        "item_id_3": 0,
        "item_id_4": 0,
        "item_id_5": 0,
        "item_num": 150,
        "item_num_2": 0,
        "item_num_3": 0,
        "item_num_4": 0,
        "item_num_5": 0,
        "login_bonus_id": 30008
    },
    {
        "count": 4,
        "id": 28,
        "item_category": 90,
        "item_category_2": 0,
        "item_category_3": 0,
        "item_category_4": 0,
        "item_category_5": 0,
        "item_id": 43,
        "item_id_2": 0,
        "item_id_3": 0,
        "item_id_4": 0,
        "item_id_5": 0,
        "item_num": 150,
        "item_num_2": 0,
        "item_num_3": 0,
        "item_num_4": 0,
        "item_num_5": 0,
        "login_bonus_id": 30008
    },
    {
        "count": 5,
        "id": 29,
        "item_category": 90,
        "item_category_2": 0,
        "item_category_3": 0,
        "item_category_4": 0,
        "item_category_5": 0,
        "item_id": 43,
        "item_id_2": 0,
        "item_id_3": 0,
        "item_id_4": 0,
        "item_id_5": 0,
        "item_num": 150,
        "item_num_2": 0,
        "item_num_3": 0,
        "item_num_4": 0,
        "item_num_5": 0,
        "login_bonus_id": 30008
    },
    {
        "count": 6,
        "id": 30,
        "item_category": 90,
        "item_category_2": 0,
        "item_category_3": 0,
        "item_category_4": 0,
        "item_category_5": 0,
        "item_id": 43,
        "item_id_2": 0,
        "item_id_3": 0,
        "item_id_4": 0,
        "item_id_5": 0,
        "item_num": 150,
        "item_num_2": 0,
        "item_num_3": 0,
        "item_num_4": 0,
        "item_num_5": 0,
        "login_bonus_id": 30008
    },
    {
        "count": 7,
        "id": 31,
        "item_category": 90,
        "item_category_2": 0,
        "item_category_3": 0,
        "item_category_4": 0,
        "item_category_5": 0,
        "item_id": 43,
        "item_id_2": 0,
        "item_id_3": 0,
        "item_id_4": 0,
        "item_id_5": 0,
        "item_num": 150,
        "item_num_2": 0,
        "item_num_3": 0,
        "item_num_4": 0,
        "item_num_5": 0,
        "login_bonus_id": 30008
    },
    {
        "count": 8,
        "id": 32,
        "item_category": 90,
        "item_category_2": 0,
        "item_category_3": 0,
        "item_category_4": 0,
        "item_category_5": 0,
        "item_id": 43,
        "item_id_2": 0,
        "item_id_3": 0,
        "item_id_4": 0,
        "item_id_5": 0,
        "item_num": 150,
        "item_num_2": 0,
        "item_num_3": 0,
        "item_num_4": 0,
        "item_num_5": 0,
        "login_bonus_id": 30008
    },
    {
        "count": 9,
        "id": 33,
        "item_category": 90,
        "item_category_2": 0,
        "item_category_3": 0,
        "item_category_4": 0,
        "item_category_5": 0,
        "item_id": 43,
        "item_id_2": 0,
        "item_id_3": 0,
        "item_id_4": 0,
        "item_id_5": 0,
        "item_num": 150,
        "item_num_2": 0,
        "item_num_3": 0,
        "item_num_4": 0,
        "item_num_5": 0,
        "login_bonus_id": 30008
    },
    {
        "count": 10,
        "id": 34,
        "item_category": 90,
        "item_category_2": 0,
        "item_category_3": 0,
        "item_category_4": 0,
        "item_category_5": 0,
        "item_id": 43,
        "item_id_2": 0,
        "item_id_3": 0,
        "item_id_4": 0,
        "item_id_5": 0,
        "item_num": 150,
        "item_num_2": 0,
        "item_num_3": 0,
        "item_num_4": 0,
        "item_num_5": 0,
        "login_bonus_id": 30008
    },
    {
        "count": 1,
        "id": 35,
        "item_category": 90,
        "item_category_2": 0,
        "item_category_3": 0,
        "item_category_4": 0,
        "item_category_5": 0,
        "item_id": 43,
        "item_id_2": 0,
        "item_id_3": 0,
        "item_id_4": 0,
        "item_id_5": 0,
        "item_num": 564,
        "item_num_2": 0,
        "item_num_3": 0,
        "item_num_4": 0,
        "item_num_5": 0,
        "login_bonus_id": 30009
    },
    {
        "count": 2,
        "id": 36,
        "item_category": 90,
        "item_category_2": 0,
        "item_category_3": 0,
        "item_category_4": 0,
        "item_category_5": 0,
        "item_id": 43,
        "item_id_2": 0,
        "item_id_3": 0,
        "item_id_4": 0,
        "item_id_5": 0,
        "item_num": 564,
        "item_num_2": 0,
        "item_num_3": 0,
        "item_num_4": 0,
        "item_num_5": 0,
        "login_bonus_id": 30009
    },
    {
        "count": 3,
        "id": 37,
        "item_category": 90,
        "item_category_2": 0,
        "item_category_3": 0,
        "item_category_4": 0,
        "item_category_5": 0,
        "item_id": 43,
        "item_id_2": 0,
        "item_id_3": 0,
        "item_id_4": 0,
        "item_id_5": 0,
        "item_num": 564,
        "item_num_2": 0,
        "item_num_3": 0,
        "item_num_4": 0,
        "item_num_5": 0,
        "login_bonus_id": 30009
    },
    {
        "count": 4,
        "id": 38,
        "item_category": 90,
        "item_category_2": 0,
        "item_category_3": 0,
        "item_category_4": 0,
        "item_category_5": 0,
        "item_id": 43,
        "item_id_2": 0,
        "item_id_3": 0,
        "item_id_4": 0,
        "item_id_5": 0,
        "item_num": 564,
        "item_num_2": 0,
        "item_num_3": 0,
        "item_num_4": 0,
        "item_num_5": 0,
        "login_bonus_id": 30009
    },
    {
        "count": 5,
        "id": 39,
        "item_category": 90,
        "item_category_2": 0,
        "item_category_3": 0,
        "item_category_4": 0,
        "item_category_5": 0,
        "item_id": 43,
        "item_id_2": 0,
        "item_id_3": 0,
        "item_id_4": 0,
        "item_id_5": 0,
        "item_num": 564,
        "item_num_2": 0,
        "item_num_3": 0,
        "item_num_4": 0,
        "item_num_5": 0,
        "login_bonus_id": 30009
    },
    {
        "count": 6,
        "id": 40,
        "item_category": 90,
        "item_category_2": 0,
        "item_category_3": 0,
        "item_category_4": 0,
        "item_category_5": 0,
        "item_id": 43,
        "item_id_2": 0,
        "item_id_3": 0,
        "item_id_4": 0,
        "item_id_5": 0,
        "item_num": 564,
        "item_num_2": 0,
        "item_num_3": 0,
        "item_num_4": 0,
        "item_num_5": 0,
        "login_bonus_id": 30009
    },
    {
        "count": 7,
        "id": 41,
        "item_category": 90,
        "item_category_2": 0,
        "item_category_3": 0,
        "item_category_4": 0,
        "item_category_5": 0,
        "item_id": 43,
        "item_id_2": 0,
        "item_id_3": 0,
        "item_id_4": 0,
        "item_id_5": 0,
        "item_num": 564,
        "item_num_2": 0,
        "item_num_3": 0,
        "item_num_4": 0,
        "item_num_5": 0,
        "login_bonus_id": 30009
    },
    {
        "count": 8,
        "id": 42,
        "item_category": 90,
        "item_category_2": 0,
        "item_category_3": 0,
        "item_category_4": 0,
        "item_category_5": 0,
        "item_id": 43,
        "item_id_2": 0,
        "item_id_3": 0,
        "item_id_4": 0,
        "item_id_5": 0,
        "item_num": 564,
        "item_num_2": 0,
        "item_num_3": 0,
        "item_num_4": 0,
        "item_num_5": 0,
        "login_bonus_id": 30009
    },
    {
        "count": 9,
        "id": 43,
        "item_category": 90,
        "item_category_2": 0,
        "item_category_3": 0,
        "item_category_4": 0,
        "item_category_5": 0,
        "item_id": 43,
        "item_id_2": 0,
        "item_id_3": 0,
        "item_id_4": 0,
        "item_id_5": 0,
        "item_num": 564,
        "item_num_2": 0,
        "item_num_3": 0,
        "item_num_4": 0,
        "item_num_5": 0,
        "login_bonus_id": 30009
    },
    {
        "count": 10,
        "id": 44,
        "item_category": 90,
        "item_category_2": 0,
        "item_category_3": 0,
        "item_category_4": 0,
        "item_category_5": 0,
        "item_id": 43,
        "item_id_2": 0,
        "item_id_3": 0,
        "item_id_4": 0,
        "item_id_5": 0,
        "item_num": 564,
        "item_num_2": 0,
        "item_num_3": 0,
        "item_num_4": 0,
        "item_num_5": 0,
        "login_bonus_id": 30009
    },
    {
        "count": 1,
        "id": 45,
        "item_category": 90,
        "item_category_2": 0,
        "item_category_3": 0,
        "item_category_4": 0,
        "item_category_5": 0,
        "item_id": 43,
        "item_id_2": 0,
        "item_id_3": 0,
        "item_id_4": 0,
        "item_id_5": 0,
        "item_num": 150,
        "item_num_2": 0,
        "item_num_3": 0,
        "item_num_4": 0,
        "item_num_5": 0,
        "login_bonus_id": 30010
    },
    {
        "count": 1,
        "id": 46,
        "item_category": 90,
        "item_category_2": 0,
        "item_category_3": 0,
        "item_category_4": 0,
        "item_category_5": 0,
        "item_id": 43,
        "item_id_2": 0,
        "item_id_3": 0,
        "item_id_4": 0,
        "item_id_5": 0,
        "item_num": 150,
        "item_num_2": 0,
        "item_num_3": 0,
        "item_num_4": 0,
        "item_num_5": 0,
        "login_bonus_id": 30011
    },
    {
        "count": 1,
        "id": 47,
        "item_category": 90,
        "item_category_2": 0,
        "item_category_3": 0,
        "item_category_4": 0,
        "item_category_5": 0,
        "item_id": 43,
        "item_id_2": 0,
        "item_id_3": 0,
        "item_id_4": 0,
        "item_id_5": 0,
        "item_num": 150,
        "item_num_2": 0,
        "item_num_3": 0,
        "item_num_4": 0,
        "item_num_5": 0,
        "login_bonus_id": 30012
    },
    {
        "count": 1,
        "id": 48,
        "item_category": 90,
        "item_category_2": 0,
        "item_category_3": 0,
        "item_category_4": 0,
        "item_category_5": 0,
        "item_id": 43,
        "item_id_2": 0,
        "item_id_3": 0,
        "item_id_4": 0,
        "item_id_5": 0,
        "item_num": 150,
        "item_num_2": 0,
        "item_num_3": 0,
        "item_num_4": 0,
        "item_num_5": 0,
        "login_bonus_id": 30013
    },
    {
        "count": 1,
        "id": 49,
        "item_category": 90,
        "item_category_2": 0,
        "item_category_3": 0,
        "item_category_4": 0,
        "item_category_5": 0,
        "item_id": 43,
        "item_id_2": 0,
        "item_id_3": 0,
        "item_id_4": 0,
        "item_id_5": 0,
        "item_num": 150,
        "item_num_2": 0,
        "item_num_3": 0,
        "item_num_4": 0,
        "item_num_5": 0,
        "login_bonus_id": 30014
    },
    {
        "count": 1,
        "id": 50,
        "item_category": 90,
        "item_category_2": 0,
        "item_category_3": 0,
        "item_category_4": 0,
        "item_category_5": 0,
        "item_id": 43,
        "item_id_2": 0,
        "item_id_3": 0,
        "item_id_4": 0,
        "item_id_5": 0,
        "item_num": 150,
        "item_num_2": 0,
        "item_num_3": 0,
        "item_num_4": 0,
        "item_num_5": 0,
        "login_bonus_id": 30015
    },
    {
        "count": 1,
        "id": 51,
        "item_category": 90,
        "item_category_2": 0,
        "item_category_3": 0,
        "item_category_4": 0,
        "item_category_5": 0,
        "item_id": 43,
        "item_id_2": 0,
        "item_id_3": 0,
        "item_id_4": 0,
        "item_id_5": 0,
        "item_num": 150,
        "item_num_2": 0,
        "item_num_3": 0,
        "item_num_4": 0,
        "item_num_5": 0,
        "login_bonus_id": 30016
    },
    {
        "count": 1,
        "id": 52,
        "item_category": 90,
        "item_category_2": 0,
        "item_category_3": 0,
        "item_category_4": 0,
        "item_category_5": 0,
        "item_id": 43,
        "item_id_2": 0,
        "item_id_3": 0,
        "item_id_4": 0,
        "item_id_5": 0,
        "item_num": 150,
        "item_num_2": 0,
        "item_num_3": 0,
        "item_num_4": 0,
        "item_num_5": 0,
        "login_bonus_id": 30017
    },
    {
        "count": 1,
        "id": 53,
        "item_category": 51,
        "item_category_2": 90,
        "item_category_3": 0,
        "item_category_4": 0,
        "item_category_5": 0,
        "item_id": 30062,
        "item_id_2": 43,
        "item_id_3": 0,
        "item_id_4": 0,
        "item_id_5": 0,
        "item_num": 1,
        "item_num_2": 300,
        "item_num_3": 0,
        "item_num_4": 0,
        "item_num_5": 0,
        "login_bonus_id": 30018
    },
    {
        "count": 2,
        "id": 54,
        "item_category": 90,
        "item_category_2": 0,
        "item_category_3": 0,
        "item_category_4": 0,
        "item_category_5": 0,
        "item_id": 43,
        "item_id_2": 0,
        "item_id_3": 0,
        "item_id_4": 0,
        "item_id_5": 0,
        "item_num": 300,
        "item_num_2": 0,
        "item_num_3": 0,
        "item_num_4": 0,
        "item_num_5": 0,
        "login_bonus_id": 30018
    },
    {
        "count": 3,
        "id": 55,
        "item_category": 51,
        "item_category_2": 90,
        "item_category_3": 0,
        "item_category_4": 0,
        "item_category_5": 0,
        "item_id": 30062,
        "item_id_2": 43,
        "item_id_3": 0,
        "item_id_4": 0,
        "item_id_5": 0,
        "item_num": 1,
        "item_num_2": 300,
        "item_num_3": 0,
        "item_num_4": 0,
        "item_num_5": 0,
        "login_bonus_id": 30018
    },
    {
        "count": 4,
        "id": 56,
        "item_category": 90,
        "item_category_2": 0,
        "item_category_3": 0,
        "item_category_4": 0,
        "item_category_5": 0,
        "item_id": 43,
        "item_id_2": 0,
        "item_id_3": 0,
        "item_id_4": 0,
        "item_id_5": 0,
        "item_num": 300,
        "item_num_2": 0,
        "item_num_3": 0,
        "item_num_4": 0,
        "item_num_5": 0,
        "login_bonus_id": 30018
    },
    {
        "count": 5,
        "id": 57,
        "item_category": 90,
        "item_category_2": 0,
        "item_category_3": 0,
        "item_category_4": 0,
        "item_category_5": 0,
        "item_id": 43,
        "item_id_2": 0,
        "item_id_3": 0,
        "item_id_4": 0,
        "item_id_5": 0,
        "item_num": 300,
        "item_num_2": 0,
        "item_num_3": 0,
        "item_num_4": 0,
        "item_num_5": 0,
        "login_bonus_id": 30018
    },
    {
        "count": 6,
        "id": 58,
        "item_category": 90,
        "item_category_2": 0,
        "item_category_3": 0,
        "item_category_4": 0,
        "item_category_5": 0,
        "item_id": 43,
        "item_id_2": 0,
        "item_id_3": 0,
        "item_id_4": 0,
        "item_id_5": 0,
        "item_num": 300,
        "item_num_2": 0,
        "item_num_3": 0,
        "item_num_4": 0,
        "item_num_5": 0,
        "login_bonus_id": 30018
    },
    {
        "count": 7,
        "id": 59,
        "item_category": 90,
        "item_category_2": 0,
        "item_category_3": 0,
        "item_category_4": 0,
        "item_category_5": 0,
        "item_id": 43,
        "item_id_2": 0,
        "item_id_3": 0,
        "item_id_4": 0,
        "item_id_5": 0,
        "item_num": 300,
        "item_num_2": 0,
        "item_num_3": 0,
        "item_num_4": 0,
        "item_num_5": 0,
        "login_bonus_id": 30018
    },
    {
        "count": 8,
        "id": 60,
        "item_category": 90,
        "item_category_2": 0,
        "item_category_3": 0,
        "item_category_4": 0,
        "item_category_5": 0,
        "item_id": 43,
        "item_id_2": 0,
        "item_id_3": 0,
        "item_id_4": 0,
        "item_id_5": 0,
        "item_num": 300,
        "item_num_2": 0,
        "item_num_3": 0,
        "item_num_4": 0,
        "item_num_5": 0,
        "login_bonus_id": 30018
    },
    {
        "count": 9,
        "id": 61,
        "item_category": 90,
        "item_category_2": 0,
        "item_category_3": 0,
        "item_category_4": 0,
        "item_category_5": 0,
        "item_id": 43,
        "item_id_2": 0,
        "item_id_3": 0,
        "item_id_4": 0,
        "item_id_5": 0,
        "item_num": 300,
        "item_num_2": 0,
        "item_num_3": 0,
        "item_num_4": 0,
        "item_num_5": 0,
        "login_bonus_id": 30018
    },
    {
        "count": 10,
        "id": 62,
        "item_category": 90,
        "item_category_2": 0,
        "item_category_3": 0,
        "item_category_4": 0,
        "item_category_5": 0,
        "item_id": 43,
        "item_id_2": 0,
        "item_id_3": 0,
        "item_id_4": 0,
        "item_id_5": 0,
        "item_num": 300,
        "item_num_2": 0,
        "item_num_3": 0,
        "item_num_4": 0,
        "item_num_5": 0,
        "login_bonus_id": 30018
    }
]