[
    {
        "count_num": 7,
        "disp_order": 999,
        "end_date": "2099/12/31 23:59:59",
        "id": 10001,
        "start_date": "2022/6/20 5:00:00",
        "type": 1
    },
    {
        "count_num": 10,
        "disp_order": 3,
        "end_date": "2099/12/31 23:59:59",
        "id": 20001,
        "start_date": "2022/6/20 5:00:00",
        "type": 2
    },
    {
        "count_num": 1,
        "disp_order": 1,
        "end_date": "2022/9/25 4:59:59",
        "id": 30001,
        "start_date": "2022/6/20 5:00:00",
        "type": 3
    },
    {
        "count_num": 1,
        "disp_order": 94,
        "end_date": "2022/6/27 4:59:59",
        "id": 30002,
        "start_date": "2022/6/20 5:00:00",
        "type": 3
    },
    {
        "count_num": 1,
        "disp_order": 95,
        "end_date": "2022/7/04 4:59:59",
        "id": 30003,
        "start_date": "2022/6/27 5:00:00",
        "type": 3
    },
    {
        "count_num": 1,
        "disp_order": 96,
        "end_date": "2022/7/11 4:59:59",
        "id": 30004,
        "start_date": "2022/7/04 5:00:00",
        "type": 3
    },
    {
        "count_num": 1,
        "disp_order": 97,
        "end_date": "2022/7/18 4:59:59",
        "id": 30005,
        "start_date": "2022/7/11 5:00:00",
        "type": 3
    },
    {
        "count_num": 1,
        "disp_order": 98,
        "end_date": "2022/7/25 4:59:59",
        "id": 30006,
        "start_date": "2022/7/18 5:00:00",
        "type": 3
    },
    {
        "count_num": 1,
        "disp_order": 99,
        "end_date": "2022/7/31 4:59:59",
        "id": 30007,
        "start_date": "2022/7/25 5:00:00",
        "type": 3
    },
    {
        "count_num": 10,
        "disp_order": 2,
        "end_date": "2022/9/25 4:59:59",
        "id": 30008,
        "start_date": "2022/7/05 12:00:00",
        "type": 3
    },
    {
        "count_num": 10,
        "disp_order": 4,
        "end_date": "2022/9/04 4:59:59",
        "id": 30009,
        "start_date": "2022/8/20 12:00:00",
        "type": 3
    },
    {
        "count_num": 1,
        "disp_order": 5,
        "end_date": "2022/12/04 4:59:59",
        "id": 30010,
        "start_date": "2022/12/03 12:00:00",
        "type": 2
    },
    {
        "count_num": 1,
        "disp_order": 6,
        "end_date": "2022/12/05 4:59:59",
        "id": 30011,
        "start_date": "2022/12/04 5:00:00",
        "type": 2
    },
    {
        "count_num": 1,
        "disp_order": 7,
        "end_date": "2022/12/06 4:59:59",
        "id": 30012,
        "start_date": "2022/12/05 5:00:00",
        "type": 2
    },
    {
        "count_num": 1,
        "disp_order": 8,
        "end_date": "2022/12/07 4:59:59",
        "id": 30013,
        "start_date": "2022/12/06 5:00:00",
        "type": 2
    },
    {
        "count_num": 1,
        "disp_order": 9,
        "end_date": "2022/12/08 4:59:59",
        "id": 30014,
        "start_date": "2022/12/07 5:00:00",
        "type": 2
    },
    {
        "count_num": 1,
        "disp_order": 10,
        "end_date": "2022/12/09 4:59:59",
        "id": 30015,
        "start_date": "2022/12/08 5:00:00",
        "type": 2
    },
    {
        "count_num": 1,
        "disp_order": 11,
        "end_date": "2022/12/10 4:59:59",
        "id": 30016,
        "start_date": "2022/12/09 5:00:00",
        "type": 2
    },
    {
        "count_num": 1,
        "disp_order": 12,
        "end_date": "2022/12/11 4:59:59",
        "id": 30017,
        "start_date": "2022/12/10 5:00:00",
        "type": 2
    },
    {
        "count_num": 10,
        "disp_order": 13,
        "end_date": "2023/1/17 4:59:59",
        "id": 30018,
        "start_date": "2022/12/11 12:00:00",
        "type": 3
    }
]