[
    {
        "id": 1,
        "rank": 0,
        "total_point": 0
    },
    {
        "id": 2,
        "rank": 1,
        "total_point": 10
    },
    {
        "id": 3,
        "rank": 2,
        "total_point": 22
    },
    {
        "id": 4,
        "rank": 3,
        "total_point": 36
    },
    {
        "id": 5,
        "rank": 4,
        "total_point": 60
    },
    {
        "id": 6,
        "rank": 5,
        "total_point": 100
    },
    {
        "id": 7,
        "rank": 6,
        "total_point": 200
    },
    {
        "id": 8,
        "rank": 7,
        "total_point": 400
    },
    {
        "id": 9,
        "rank": 8,
        "total_point": 800
    },
    {
        "id": 10,
        "rank": 9,
        "total_point": 1600
    },
    {
        "id": 11,
        "rank": 10,
        "total_point": 3200
    }
]