[
    {
        "bonus_type": 1,
        "bonus_value": 5,
        "condition_group": 1,
        "group_id": 1,
        "id": 1
    },
    {
        "bonus_type": 1,
        "bonus_value": 5,
        "condition_group": 2,
        "group_id": 2,
        "id": 2
    },
    {
        "bonus_type": 1,
        "bonus_value": 5,
        "condition_group": 3,
        "group_id": 3,
        "id": 3
    },
    {
        "bonus_type": 1,
        "bonus_value": 5,
        "condition_group": 4,
        "group_id": 4,
        "id": 4
    },
    {
        "bonus_type": 1,
        "bonus_value": 5,
        "condition_group": 4,
        "group_id": 5,
        "id": 5
    },
    {
        "bonus_type": 2,
        "bonus_value": 300011,
        "condition_group": 5,
        "group_id": 5,
        "id": 6
    },
    {
        "bonus_type": 1,
        "bonus_value": 5,
        "condition_group": 6,
        "group_id": 6,
        "id": 7
    },
    {
        "bonus_type": 1,
        "bonus_value": 5,
        "condition_group": 4,
        "group_id": 7,
        "id": 8
    },
    {
        "bonus_type": 2,
        "bonus_value": 300021,
        "condition_group": 7,
        "group_id": 7,
        "id": 9
    }
]