[
    {
        "bonus_chara_1": 1013,
        "bonus_chara_2": 0,
        "bonus_chara_3": 0,
        "bonus_group_id": 1,
        "clear_rank": 1,
        "group_id": 9,
        "id": 1,
        "race_condition_id": 1,
        "race_instance_id": 200901
    },
    {
        "bonus_chara_1": 1013,
        "bonus_chara_2": 0,
        "bonus_chara_3": 0,
        "bonus_group_id": 1,
        "clear_rank": 1,
        "group_id": 10,
        "id": 2,
        "race_condition_id": 13,
        "race_instance_id": 202701
    },
    {
        "bonus_chara_1": 1013,
        "bonus_chara_2": 0,
        "bonus_chara_3": 0,
        "bonus_group_id": 1,
        "clear_rank": 1,
        "group_id": 11,
        "id": 3,
        "race_condition_id": 19,
        "race_instance_id": 700301
    },
    {
        "bonus_chara_1": 1013,
        "bonus_chara_2": 0,
        "bonus_chara_3": 0,
        "bonus_group_id": 1,
        "clear_rank": 1,
        "group_id": 12,
        "id": 4,
        "race_condition_id": 1,
        "race_instance_id": 700401
    },
    {
        "bonus_chara_1": 1030,
        "bonus_chara_2": 0,
        "bonus_chara_3": 0,
        "bonus_group_id": 2,
        "clear_rank": 2,
        "group_id": 13,
        "id": 5,
        "race_condition_id": 4,
        "race_instance_id": 701301
    },
    {
        "bonus_chara_1": 1030,
        "bonus_chara_2": 0,
        "bonus_chara_3": 0,
        "bonus_group_id": 2,
        "clear_rank": 1,
        "group_id": 14,
        "id": 6,
        "race_condition_id": 13,
        "race_instance_id": 700101
    },
    {
        "bonus_chara_1": 1030,
        "bonus_chara_2": 0,
        "bonus_chara_3": 0,
        "bonus_group_id": 2,
        "clear_rank": 1,
        "group_id": 15,
        "id": 7,
        "race_condition_id": 1,
        "race_instance_id": 201101
    },
    {
        "bonus_chara_1": 1030,
        "bonus_chara_2": 0,
        "bonus_chara_3": 0,
        "bonus_group_id": 2,
        "clear_rank": 1,
        "group_id": 16,
        "id": 8,
        "race_condition_id": 4,
        "race_instance_id": 700101
    },
    {
        "bonus_chara_1": 1035,
        "bonus_chara_2": 0,
        "bonus_chara_3": 0,
        "bonus_group_id": 3,
        "clear_rank": 1,
        "group_id": 17,
        "id": 9,
        "race_condition_id": 14,
        "race_instance_id": 700501
    },
    {
        "bonus_chara_1": 1035,
        "bonus_chara_2": 0,
        "bonus_chara_3": 0,
        "bonus_group_id": 3,
        "clear_rank": 1,
        "group_id": 18,
        "id": 10,
        "race_condition_id": 21,
        "race_instance_id": 451701
    },
    {
        "bonus_chara_1": 1035,
        "bonus_chara_2": 0,
        "bonus_chara_3": 0,
        "bonus_group_id": 3,
        "clear_rank": 3,
        "group_id": 19,
        "id": 11,
        "race_condition_id": 6,
        "race_instance_id": 700701
    },
    {
        "bonus_chara_1": 1035,
        "bonus_chara_2": 0,
        "bonus_chara_3": 0,
        "bonus_group_id": 3,
        "clear_rank": 1,
        "group_id": 20,
        "id": 12,
        "race_condition_id": 1,
        "race_instance_id": 700801
    },
    {
        "bonus_chara_1": 0,
        "bonus_chara_2": 0,
        "bonus_chara_3": 0,
        "bonus_group_id": 4,
        "clear_rank": 1,
        "group_id": 21,
        "id": 13,
        "race_condition_id": 19,
        "race_instance_id": 700901
    },
    {
        "bonus_chara_1": 0,
        "bonus_chara_2": 0,
        "bonus_chara_3": 0,
        "bonus_group_id": 5,
        "clear_rank": 1,
        "group_id": 22,
        "id": 14,
        "race_condition_id": 16,
        "race_instance_id": 701001
    },
    {
        "bonus_chara_1": 0,
        "bonus_chara_2": 0,
        "bonus_chara_3": 0,
        "bonus_group_id": 6,
        "clear_rank": 3,
        "group_id": 23,
        "id": 15,
        "race_condition_id": 7,
        "race_instance_id": 701101
    },
    {
        "bonus_chara_1": 0,
        "bonus_chara_2": 0,
        "bonus_chara_3": 0,
        "bonus_group_id": 7,
        "clear_rank": 1,
        "group_id": 24,
        "id": 16,
        "race_condition_id": 19,
        "race_instance_id": 701201
    }
]