[
    {
        "condition_type": 101,
        "condition_value_1": 1013,
        "condition_value_2": 0,
        "group_id": 1,
        "id": 1
    },
    {
        "condition_type": 101,
        "condition_value_1": 1030,
        "condition_value_2": 0,
        "group_id": 2,
        "id": 2
    },
    {
        "condition_type": 101,
        "condition_value_1": 1035,
        "condition_value_2": 0,
        "group_id": 3,
        "id": 3
    },
    {
        "condition_type": 101,
        "condition_value_1": 1016,
        "condition_value_2": 0,
        "group_id": 4,
        "id": 4
    },
    {
        "condition_type": 201,
        "condition_value_1": 168,
        "condition_value_2": 1,
        "group_id": 5,
        "id": 5
    },
    {
        "condition_type": 401,
        "condition_value_1": 201641,
        "condition_value_2": 0,
        "group_id": 6,
        "id": 6
    },
    {
        "condition_type": 201,
        "condition_value_1": 81,
        "condition_value_2": 1,
        "group_id": 7,
        "id": 7
    }
]