[
    {
        "add_reward_category_1": 90,
        "add_reward_id_1": 43,
        "add_reward_num_1": 30,
        "episode_index": 1,
        "id": 101,
        "lock_type_1": 0,
        "lock_type_2": 0,
        "lock_type_3": 0,
        "lock_value_1_1": 0,
        "lock_value_1_2": 0,
        "lock_value_2_1": 0,
        "lock_value_2_2": 0,
        "lock_value_3_1": 0,
        "lock_value_3_2": 0,
        "part_id": 1,
        "story_id_1": 20000001,
        "story_id_2": 0,
        "story_id_3": 0,
        "story_id_4": 0,
        "story_id_5": 0,
        "story_number": 1,
        "story_type_1": 3,
        "story_type_2": 0,
        "story_type_3": 0,
        "story_type_4": 0,
        "story_type_5": 0
    },
    {
        "add_reward_category_1": 90,
        "add_reward_id_1": 43,
        "add_reward_num_1": 30,
        "episode_index": 2,
        "id": 102,
        "lock_type_1": 0,
        "lock_type_2": 0,
        "lock_type_3": 0,
        "lock_value_1_1": 0,
        "lock_value_1_2": 0,
        "lock_value_2_1": 0,
        "lock_value_2_2": 0,
        "lock_value_3_1": 0,
        "lock_value_3_2": 0,
        "part_id": 1,
        "story_id_1": 20001011,
        "story_id_2": 0,
        "story_id_3": 0,
        "story_id_4": 0,
        "story_id_5": 0,
        "story_number": 2,
        "story_type_1": 1,
        "story_type_2": 0,
        "story_type_3": 0,
        "story_type_4": 0,
        "story_type_5": 0
    },
    {
        "add_reward_category_1": 90,
        "add_reward_id_1": 43,
        "add_reward_num_1": 30,
        "episode_index": 3,
        "id": 103,
        "lock_type_1": 0,
        "lock_type_2": 0,
        "lock_type_3": 0,
        "lock_value_1_1": 0,
        "lock_value_1_2": 0,
        "lock_value_2_1": 0,
        "lock_value_2_2": 0,
        "lock_value_3_1": 0,
        "lock_value_3_2": 0,
        "part_id": 1,
        "story_id_1": 20001021,
        "story_id_2": 0,
        "story_id_3": 0,
        "story_id_4": 0,
        "story_id_5": 0,
        "story_number": 3,
        "story_type_1": 1,
        "story_type_2": 0,
        "story_type_3": 0,
        "story_type_4": 0,
        "story_type_5": 0
    },
    {
        "add_reward_category_1": 90,
        "add_reward_id_1": 43,
        "add_reward_num_1": 30,
        "episode_index": 4,
        "id": 104,
        "lock_type_1": 0,
        "lock_type_2": 0,
        "lock_type_3": 0,
        "lock_value_1_1": 0,
        "lock_value_1_2": 0,
        "lock_value_2_1": 0,
        "lock_value_2_2": 0,
        "lock_value_3_1": 0,
        "lock_value_3_2": 0,
        "part_id": 1,
        "story_id_1": 4,
        "story_id_2": 0,
        "story_id_3": 0,
        "story_id_4": 0,
        "story_id_5": 0,
        "story_number": 0,
        "story_type_1": 4,
        "story_type_2": 0,
        "story_type_3": 0,
        "story_type_4": 0,
        "story_type_5": 0
    },
    {
        "add_reward_category_1": 90,
        "add_reward_id_1": 43,
        "add_reward_num_1": 30,
        "episode_index": 5,
        "id": 105,
        "lock_type_1": 0,
        "lock_type_2": 0,
        "lock_type_3": 0,
        "lock_value_1_1": 0,
        "lock_value_1_2": 0,
        "lock_value_2_1": 0,
        "lock_value_2_2": 0,
        "lock_value_3_1": 0,
        "lock_value_3_2": 0,
        "part_id": 1,
        "story_id_1": 20001031,
        "story_id_2": 0,
        "story_id_3": 0,
        "story_id_4": 0,
        "story_id_5": 0,
        "story_number": 4,
        "story_type_1": 1,
        "story_type_2": 0,
        "story_type_3": 0,
        "story_type_4": 0,
        "story_type_5": 0
    },
    {
        "add_reward_category_1": 90,
        "add_reward_id_1": 43,
        "add_reward_num_1": 30,
        "episode_index": 6,
        "id": 106,
        "lock_type_1": 0,
        "lock_type_2": 0,
        "lock_type_3": 0,
        "lock_value_1_1": 0,
        "lock_value_1_2": 0,
        "lock_value_2_1": 0,
        "lock_value_2_2": 0,
        "lock_value_3_1": 0,
        "lock_value_3_2": 0,
        "part_id": 1,
        "story_id_1": 20001041,
        "story_id_2": 0,
        "story_id_3": 0,
        "story_id_4": 0,
        "story_id_5": 0,
        "story_number": 5,
        "story_type_1": 1,
        "story_type_2": 0,
        "story_type_3": 0,
        "story_type_4": 0,
        "story_type_5": 0
    },
    {
        "add_reward_category_1": 90,
        "add_reward_id_1": 43,
        "add_reward_num_1": 30,
        "episode_index": 7,
        "id": 107,
        "lock_type_1": 0,
        "lock_type_2": 0,
        "lock_type_3": 0,
        "lock_value_1_1": 0,
        "lock_value_1_2": 0,
        "lock_value_2_1": 0,
        "lock_value_2_2": 0,
        "lock_value_3_1": 0,
        "lock_value_3_2": 0,
        "part_id": 1,
        "story_id_1": 1,
        "story_id_2": 0,
        "story_id_3": 0,
        "story_id_4": 0,
        "story_id_5": 0,
        "story_number": 0,
        "story_type_1": 4,
        "story_type_2": 0,
        "story_type_3": 0,
        "story_type_4": 0,
        "story_type_5": 0
    },
    {
        "add_reward_category_1": 90,
        "add_reward_id_1": 43,
        "add_reward_num_1": 30,
        "episode_index": 8,
        "id": 108,
        "lock_type_1": 0,
        "lock_type_2": 0,
        "lock_type_3": 0,
        "lock_value_1_1": 0,
        "lock_value_1_2": 0,
        "lock_value_2_1": 0,
        "lock_value_2_2": 0,
        "lock_value_3_1": 0,
        "lock_value_3_2": 0,
        "part_id": 1,
        "story_id_1": 20001051,
        "story_id_2": 20001052,
        "story_id_3": 20001053,
        "story_id_4": 2,
        "story_id_5": 0,
        "story_number": 6,
        "story_type_1": 1,
        "story_type_2": 3,
        "story_type_3": 1,
        "story_type_4": 2,
        "story_type_5": 0
    },
    {
        "add_reward_category_1": 90,
        "add_reward_id_1": 43,
        "add_reward_num_1": 30,
        "episode_index": 9,
        "id": 109,
        "lock_type_1": 0,
        "lock_type_2": 0,
        "lock_type_3": 0,
        "lock_value_1_1": 0,
        "lock_value_1_2": 0,
        "lock_value_2_1": 0,
        "lock_value_2_2": 0,
        "lock_value_3_1": 0,
        "lock_value_3_2": 0,
        "part_id": 1,
        "story_id_1": 20001061,
        "story_id_2": 0,
        "story_id_3": 0,
        "story_id_4": 0,
        "story_id_5": 0,
        "story_number": 7,
        "story_type_1": 1,
        "story_type_2": 0,
        "story_type_3": 0,
        "story_type_4": 0,
        "story_type_5": 0
    },
    {
        "add_reward_category_1": 90,
        "add_reward_id_1": 43,
        "add_reward_num_1": 30,
        "episode_index": 10,
        "id": 110,
        "lock_type_1": 0,
        "lock_type_2": 0,
        "lock_type_3": 0,
        "lock_value_1_1": 0,
        "lock_value_1_2": 0,
        "lock_value_2_1": 0,
        "lock_value_2_2": 0,
        "lock_value_3_1": 0,
        "lock_value_3_2": 0,
        "part_id": 1,
        "story_id_1": 20001071,
        "story_id_2": 0,
        "story_id_3": 0,
        "story_id_4": 0,
        "story_id_5": 0,
        "story_number": 8,
        "story_type_1": 1,
        "story_type_2": 0,
        "story_type_3": 0,
        "story_type_4": 0,
        "story_type_5": 0
    },
    {
        "add_reward_category_1": 90,
        "add_reward_id_1": 43,
        "add_reward_num_1": 30,
        "episode_index": 11,
        "id": 111,
        "lock_type_1": 0,
        "lock_type_2": 0,
        "lock_type_3": 0,
        "lock_value_1_1": 0,
        "lock_value_1_2": 0,
        "lock_value_2_1": 0,
        "lock_value_2_2": 0,
        "lock_value_3_1": 0,
        "lock_value_3_2": 0,
        "part_id": 1,
        "story_id_1": 2,
        "story_id_2": 0,
        "story_id_3": 0,
        "story_id_4": 0,
        "story_id_5": 0,
        "story_number": 0,
        "story_type_1": 4,
        "story_type_2": 0,
        "story_type_3": 0,
        "story_type_4": 0,
        "story_type_5": 0
    },
    {
        "add_reward_category_1": 90,
        "add_reward_id_1": 43,
        "add_reward_num_1": 30,
        "episode_index": 12,
        "id": 112,
        "lock_type_1": 0,
        "lock_type_2": 0,
        "lock_type_3": 0,
        "lock_value_1_1": 0,
        "lock_value_1_2": 0,
        "lock_value_2_1": 0,
        "lock_value_2_2": 0,
        "lock_value_3_1": 0,
        "lock_value_3_2": 0,
        "part_id": 1,
        "story_id_1": 20001081,
        "story_id_2": 0,
        "story_id_3": 0,
        "story_id_4": 0,
        "story_id_5": 0,
        "story_number": 9,
        "story_type_1": 1,
        "story_type_2": 0,
        "story_type_3": 0,
        "story_type_4": 0,
        "story_type_5": 0
    },
    {
        "add_reward_category_1": 90,
        "add_reward_id_1": 43,
        "add_reward_num_1": 30,
        "episode_index": 13,
        "id": 113,
        "lock_type_1": 0,
        "lock_type_2": 0,
        "lock_type_3": 0,
        "lock_value_1_1": 0,
        "lock_value_1_2": 0,
        "lock_value_2_1": 0,
        "lock_value_2_2": 0,
        "lock_value_3_1": 0,
        "lock_value_3_2": 0,
        "part_id": 1,
        "story_id_1": 20001091,
        "story_id_2": 20001092,
        "story_id_3": 0,
        "story_id_4": 0,
        "story_id_5": 0,
        "story_number": 10,
        "story_type_1": 1,
        "story_type_2": 3,
        "story_type_3": 0,
        "story_type_4": 0,
        "story_type_5": 0
    },
    {
        "add_reward_category_1": 90,
        "add_reward_id_1": 43,
        "add_reward_num_1": 30,
        "episode_index": 14,
        "id": 114,
        "lock_type_1": 0,
        "lock_type_2": 0,
        "lock_type_3": 0,
        "lock_value_1_1": 0,
        "lock_value_1_2": 0,
        "lock_value_2_1": 0,
        "lock_value_2_2": 0,
        "lock_value_3_1": 0,
        "lock_value_3_2": 0,
        "part_id": 1,
        "story_id_1": 20001101,
        "story_id_2": 0,
        "story_id_3": 0,
        "story_id_4": 0,
        "story_id_5": 0,
        "story_number": 11,
        "story_type_1": 1,
        "story_type_2": 0,
        "story_type_3": 0,
        "story_type_4": 0,
        "story_type_5": 0
    },
    {
        "add_reward_category_1": 90,
        "add_reward_id_1": 43,
        "add_reward_num_1": 30,
        "episode_index": 15,
        "id": 115,
        "lock_type_1": 0,
        "lock_type_2": 0,
        "lock_type_3": 0,
        "lock_value_1_1": 0,
        "lock_value_1_2": 0,
        "lock_value_2_1": 0,
        "lock_value_2_2": 0,
        "lock_value_3_1": 0,
        "lock_value_3_2": 0,
        "part_id": 1,
        "story_id_1": 20001111,
        "story_id_2": 0,
        "story_id_3": 0,
        "story_id_4": 0,
        "story_id_5": 0,
        "story_number": 12,
        "story_type_1": 1,
        "story_type_2": 0,
        "story_type_3": 0,
        "story_type_4": 0,
        "story_type_5": 0
    },
    {
        "add_reward_category_1": 90,
        "add_reward_id_1": 43,
        "add_reward_num_1": 30,
        "episode_index": 16,
        "id": 116,
        "lock_type_1": 0,
        "lock_type_2": 0,
        "lock_type_3": 0,
        "lock_value_1_1": 0,
        "lock_value_1_2": 0,
        "lock_value_2_1": 0,
        "lock_value_2_2": 0,
        "lock_value_3_1": 0,
        "lock_value_3_2": 0,
        "part_id": 1,
        "story_id_1": 20001121,
        "story_id_2": 20001122,
        "story_id_3": 0,
        "story_id_4": 0,
        "story_id_5": 0,
        "story_number": 13,
        "story_type_1": 1,
        "story_type_2": 3,
        "story_type_3": 0,
        "story_type_4": 0,
        "story_type_5": 0
    },
    {
        "add_reward_category_1": 90,
        "add_reward_id_1": 43,
        "add_reward_num_1": 30,
        "episode_index": 17,
        "id": 117,
        "lock_type_1": 0,
        "lock_type_2": 0,
        "lock_type_3": 0,
        "lock_value_1_1": 0,
        "lock_value_1_2": 0,
        "lock_value_2_1": 0,
        "lock_value_2_2": 0,
        "lock_value_3_1": 0,
        "lock_value_3_2": 0,
        "part_id": 1,
        "story_id_1": 3,
        "story_id_2": 0,
        "story_id_3": 0,
        "story_id_4": 0,
        "story_id_5": 0,
        "story_number": 0,
        "story_type_1": 4,
        "story_type_2": 0,
        "story_type_3": 0,
        "story_type_4": 0,
        "story_type_5": 0
    },
    {
        "add_reward_category_1": 51,
        "add_reward_id_1": 30022,
        "add_reward_num_1": 1,
        "episode_index": 18,
        "id": 118,
        "lock_type_1": 0,
        "lock_type_2": 0,
        "lock_type_3": 0,
        "lock_value_1_1": 0,
        "lock_value_1_2": 0,
        "lock_value_2_1": 0,
        "lock_value_2_2": 0,
        "lock_value_3_1": 0,
        "lock_value_3_2": 0,
        "part_id": 1,
        "story_id_1": 20001131,
        "story_id_2": 1,
        "story_id_3": 0,
        "story_id_4": 0,
        "story_id_5": 0,
        "story_number": 14,
        "story_type_1": 1,
        "story_type_2": 2,
        "story_type_3": 0,
        "story_type_4": 0,
        "story_type_5": 0
    },
    {
        "add_reward_category_1": 90,
        "add_reward_id_1": 43,
        "add_reward_num_1": 30,
        "episode_index": 1,
        "id": 201,
        "lock_type_1": 0,
        "lock_type_2": 0,
        "lock_type_3": 0,
        "lock_value_1_1": 0,
        "lock_value_1_2": 0,
        "lock_value_2_1": 0,
        "lock_value_2_2": 0,
        "lock_value_3_1": 0,
        "lock_value_3_2": 0,
        "part_id": 2,
        "story_id_1": 20002011,
        "story_id_2": 0,
        "story_id_3": 0,
        "story_id_4": 0,
        "story_id_5": 0,
        "story_number": 1,
        "story_type_1": 1,
        "story_type_2": 0,
        "story_type_3": 0,
        "story_type_4": 0,
        "story_type_5": 0
    },
    {
        "add_reward_category_1": 90,
        "add_reward_id_1": 43,
        "add_reward_num_1": 30,
        "episode_index": 2,
        "id": 202,
        "lock_type_1": 0,
        "lock_type_2": 0,
        "lock_type_3": 0,
        "lock_value_1_1": 0,
        "lock_value_1_2": 0,
        "lock_value_2_1": 0,
        "lock_value_2_2": 0,
        "lock_value_3_1": 0,
        "lock_value_3_2": 0,
        "part_id": 2,
        "story_id_1": 20002021,
        "story_id_2": 0,
        "story_id_3": 0,
        "story_id_4": 0,
        "story_id_5": 0,
        "story_number": 2,
        "story_type_1": 1,
        "story_type_2": 0,
        "story_type_3": 0,
        "story_type_4": 0,
        "story_type_5": 0
    },
    {
        "add_reward_category_1": 90,
        "add_reward_id_1": 43,
        "add_reward_num_1": 30,
        "episode_index": 3,
        "id": 203,
        "lock_type_1": 0,
        "lock_type_2": 0,
        "lock_type_3": 0,
        "lock_value_1_1": 0,
        "lock_value_1_2": 0,
        "lock_value_2_1": 0,
        "lock_value_2_2": 0,
        "lock_value_3_1": 0,
        "lock_value_3_2": 0,
        "part_id": 2,
        "story_id_1": 5,
        "story_id_2": 0,
        "story_id_3": 0,
        "story_id_4": 0,
        "story_id_5": 0,
        "story_number": 0,
        "story_type_1": 4,
        "story_type_2": 0,
        "story_type_3": 0,
        "story_type_4": 0,
        "story_type_5": 0
    },
    {
        "add_reward_category_1": 90,
        "add_reward_id_1": 43,
        "add_reward_num_1": 30,
        "episode_index": 4,
        "id": 204,
        "lock_type_1": 0,
        "lock_type_2": 0,
        "lock_type_3": 0,
        "lock_value_1_1": 0,
        "lock_value_1_2": 0,
        "lock_value_2_1": 0,
        "lock_value_2_2": 0,
        "lock_value_3_1": 0,
        "lock_value_3_2": 0,
        "part_id": 2,
        "story_id_1": 20002031,
        "story_id_2": 0,
        "story_id_3": 0,
        "story_id_4": 0,
        "story_id_5": 0,
        "story_number": 3,
        "story_type_1": 1,
        "story_type_2": 0,
        "story_type_3": 0,
        "story_type_4": 0,
        "story_type_5": 0
    },
    {
        "add_reward_category_1": 90,
        "add_reward_id_1": 43,
        "add_reward_num_1": 30,
        "episode_index": 5,
        "id": 205,
        "lock_type_1": 0,
        "lock_type_2": 0,
        "lock_type_3": 0,
        "lock_value_1_1": 0,
        "lock_value_1_2": 0,
        "lock_value_2_1": 0,
        "lock_value_2_2": 0,
        "lock_value_3_1": 0,
        "lock_value_3_2": 0,
        "part_id": 2,
        "story_id_1": 20002041,
        "story_id_2": 20002042,
        "story_id_3": 0,
        "story_id_4": 0,
        "story_id_5": 0,
        "story_number": 4,
        "story_type_1": 1,
        "story_type_2": 3,
        "story_type_3": 0,
        "story_type_4": 0,
        "story_type_5": 0
    },
    {
        "add_reward_category_1": 90,
        "add_reward_id_1": 43,
        "add_reward_num_1": 30,
        "episode_index": 6,
        "id": 206,
        "lock_type_1": 0,
        "lock_type_2": 0,
        "lock_type_3": 0,
        "lock_value_1_1": 0,
        "lock_value_1_2": 0,
        "lock_value_2_1": 0,
        "lock_value_2_2": 0,
        "lock_value_3_1": 0,
        "lock_value_3_2": 0,
        "part_id": 2,
        "story_id_1": 20002051,
        "story_id_2": 0,
        "story_id_3": 0,
        "story_id_4": 0,
        "story_id_5": 0,
        "story_number": 5,
        "story_type_1": 1,
        "story_type_2": 0,
        "story_type_3": 0,
        "story_type_4": 0,
        "story_type_5": 0
    },
    {
        "add_reward_category_1": 90,
        "add_reward_id_1": 43,
        "add_reward_num_1": 30,
        "episode_index": 7,
        "id": 207,
        "lock_type_1": 0,
        "lock_type_2": 0,
        "lock_type_3": 0,
        "lock_value_1_1": 0,
        "lock_value_1_2": 0,
        "lock_value_2_1": 0,
        "lock_value_2_2": 0,
        "lock_value_3_1": 0,
        "lock_value_3_2": 0,
        "part_id": 2,
        "story_id_1": 6,
        "story_id_2": 0,
        "story_id_3": 0,
        "story_id_4": 0,
        "story_id_5": 0,
        "story_number": 0,
        "story_type_1": 4,
        "story_type_2": 0,
        "story_type_3": 0,
        "story_type_4": 0,
        "story_type_5": 0
    },
    {
        "add_reward_category_1": 90,
        "add_reward_id_1": 43,
        "add_reward_num_1": 30,
        "episode_index": 8,
        "id": 208,
        "lock_type_1": 0,
        "lock_type_2": 0,
        "lock_type_3": 0,
        "lock_value_1_1": 0,
        "lock_value_1_2": 0,
        "lock_value_2_1": 0,
        "lock_value_2_2": 0,
        "lock_value_3_1": 0,
        "lock_value_3_2": 0,
        "part_id": 2,
        "story_id_1": 20002061,
        "story_id_2": 20002062,
        "story_id_3": 20002063,
        "story_id_4": 0,
        "story_id_5": 0,
        "story_number": 6,
        "story_type_1": 1,
        "story_type_2": 3,
        "story_type_3": 1,
        "story_type_4": 0,
        "story_type_5": 0
    },
    {
        "add_reward_category_1": 90,
        "add_reward_id_1": 43,
        "add_reward_num_1": 30,
        "episode_index": 9,
        "id": 209,
        "lock_type_1": 0,
        "lock_type_2": 0,
        "lock_type_3": 0,
        "lock_value_1_1": 0,
        "lock_value_1_2": 0,
        "lock_value_2_1": 0,
        "lock_value_2_2": 0,
        "lock_value_3_1": 0,
        "lock_value_3_2": 0,
        "part_id": 2,
        "story_id_1": 20002071,
        "story_id_2": 0,
        "story_id_3": 0,
        "story_id_4": 0,
        "story_id_5": 0,
        "story_number": 7,
        "story_type_1": 1,
        "story_type_2": 0,
        "story_type_3": 0,
        "story_type_4": 0,
        "story_type_5": 0
    },
    {
        "add_reward_category_1": 90,
        "add_reward_id_1": 43,
        "add_reward_num_1": 30,
        "episode_index": 10,
        "id": 210,
        "lock_type_1": 0,
        "lock_type_2": 0,
        "lock_type_3": 0,
        "lock_value_1_1": 0,
        "lock_value_1_2": 0,
        "lock_value_2_1": 0,
        "lock_value_2_2": 0,
        "lock_value_3_1": 0,
        "lock_value_3_2": 0,
        "part_id": 2,
        "story_id_1": 20002081,
        "story_id_2": 0,
        "story_id_3": 0,
        "story_id_4": 0,
        "story_id_5": 0,
        "story_number": 8,
        "story_type_1": 1,
        "story_type_2": 0,
        "story_type_3": 0,
        "story_type_4": 0,
        "story_type_5": 0
    },
    {
        "add_reward_category_1": 90,
        "add_reward_id_1": 43,
        "add_reward_num_1": 30,
        "episode_index": 11,
        "id": 211,
        "lock_type_1": 0,
        "lock_type_2": 0,
        "lock_type_3": 0,
        "lock_value_1_1": 0,
        "lock_value_1_2": 0,
        "lock_value_2_1": 0,
        "lock_value_2_2": 0,
        "lock_value_3_1": 0,
        "lock_value_3_2": 0,
        "part_id": 2,
        "story_id_1": 20002091,
        "story_id_2": 0,
        "story_id_3": 0,
        "story_id_4": 0,
        "story_id_5": 0,
        "story_number": 9,
        "story_type_1": 1,
        "story_type_2": 0,
        "story_type_3": 0,
        "story_type_4": 0,
        "story_type_5": 0
    },
    {
        "add_reward_category_1": 90,
        "add_reward_id_1": 43,
        "add_reward_num_1": 30,
        "episode_index": 12,
        "id": 212,
        "lock_type_1": 0,
        "lock_type_2": 0,
        "lock_type_3": 0,
        "lock_value_1_1": 0,
        "lock_value_1_2": 0,
        "lock_value_2_1": 0,
        "lock_value_2_2": 0,
        "lock_value_3_1": 0,
        "lock_value_3_2": 0,
        "part_id": 2,
        "story_id_1": 7,
        "story_id_2": 0,
        "story_id_3": 0,
        "story_id_4": 0,
        "story_id_5": 0,
        "story_number": 0,
        "story_type_1": 4,
        "story_type_2": 0,
        "story_type_3": 0,
        "story_type_4": 0,
        "story_type_5": 0
    },
    {
        "add_reward_category_1": 90,
        "add_reward_id_1": 43,
        "add_reward_num_1": 30,
        "episode_index": 13,
        "id": 213,
        "lock_type_1": 0,
        "lock_type_2": 0,
        "lock_type_3": 0,
        "lock_value_1_1": 0,
        "lock_value_1_2": 0,
        "lock_value_2_1": 0,
        "lock_value_2_2": 0,
        "lock_value_3_1": 0,
        "lock_value_3_2": 0,
        "part_id": 2,
        "story_id_1": 20002101,
        "story_id_2": 20002102,
        "story_id_3": 0,
        "story_id_4": 0,
        "story_id_5": 0,
        "story_number": 10,
        "story_type_1": 1,
        "story_type_2": 3,
        "story_type_3": 0,
        "story_type_4": 0,
        "story_type_5": 0
    },
    {
        "add_reward_category_1": 90,
        "add_reward_id_1": 43,
        "add_reward_num_1": 30,
        "episode_index": 14,
        "id": 214,
        "lock_type_1": 0,
        "lock_type_2": 0,
        "lock_type_3": 0,
        "lock_value_1_1": 0,
        "lock_value_1_2": 0,
        "lock_value_2_1": 0,
        "lock_value_2_2": 0,
        "lock_value_3_1": 0,
        "lock_value_3_2": 0,
        "part_id": 2,
        "story_id_1": 20002111,
        "story_id_2": 0,
        "story_id_3": 0,
        "story_id_4": 0,
        "story_id_5": 0,
        "story_number": 11,
        "story_type_1": 1,
        "story_type_2": 0,
        "story_type_3": 0,
        "story_type_4": 0,
        "story_type_5": 0
    },
    {
        "add_reward_category_1": 90,
        "add_reward_id_1": 43,
        "add_reward_num_1": 30,
        "episode_index": 15,
        "id": 215,
        "lock_type_1": 0,
        "lock_type_2": 0,
        "lock_type_3": 0,
        "lock_value_1_1": 0,
        "lock_value_1_2": 0,
        "lock_value_2_1": 0,
        "lock_value_2_2": 0,
        "lock_value_3_1": 0,
        "lock_value_3_2": 0,
        "part_id": 2,
        "story_id_1": 20002121,
        "story_id_2": 0,
        "story_id_3": 0,
        "story_id_4": 0,
        "story_id_5": 0,
        "story_number": 12,
        "story_type_1": 1,
        "story_type_2": 0,
        "story_type_3": 0,
        "story_type_4": 0,
        "story_type_5": 0
    },
    {
        "add_reward_category_1": 90,
        "add_reward_id_1": 43,
        "add_reward_num_1": 30,
        "episode_index": 16,
        "id": 216,
        "lock_type_1": 0,
        "lock_type_2": 0,
        "lock_type_3": 0,
        "lock_value_1_1": 0,
        "lock_value_1_2": 0,
        "lock_value_2_1": 0,
        "lock_value_2_2": 0,
        "lock_value_3_1": 0,
        "lock_value_3_2": 0,
        "part_id": 2,
        "story_id_1": 8,
        "story_id_2": 0,
        "story_id_3": 0,
        "story_id_4": 0,
        "story_id_5": 0,
        "story_number": 0,
        "story_type_1": 4,
        "story_type_2": 0,
        "story_type_3": 0,
        "story_type_4": 0,
        "story_type_5": 0
    },
    {
        "add_reward_category_1": 51,
        "add_reward_id_1": 30023,
        "add_reward_num_1": 1,
        "episode_index": 17,
        "id": 217,
        "lock_type_1": 0,
        "lock_type_2": 0,
        "lock_type_3": 0,
        "lock_value_1_1": 0,
        "lock_value_1_2": 0,
        "lock_value_2_1": 0,
        "lock_value_2_2": 0,
        "lock_value_3_1": 0,
        "lock_value_3_2": 0,
        "part_id": 2,
        "story_id_1": 20002131,
        "story_id_2": 3,
        "story_id_3": 20002133,
        "story_id_4": 0,
        "story_id_5": 0,
        "story_number": 13,
        "story_type_1": 1,
        "story_type_2": 2,
        "story_type_3": 1,
        "story_type_4": 0,
        "story_type_5": 0
    },
    {
        "add_reward_category_1": 90,
        "add_reward_id_1": 43,
        "add_reward_num_1": 30,
        "episode_index": 1,
        "id": 218,
        "lock_type_1": 0,
        "lock_type_2": 0,
        "lock_type_3": 0,
        "lock_value_1_1": 0,
        "lock_value_1_2": 0,
        "lock_value_2_1": 0,
        "lock_value_2_2": 0,
        "lock_value_3_1": 0,
        "lock_value_3_2": 0,
        "part_id": 3,
        "story_id_1": 20003011,
        "story_id_2": 0,
        "story_id_3": 0,
        "story_id_4": 0,
        "story_id_5": 0,
        "story_number": 1,
        "story_type_1": 1,
        "story_type_2": 0,
        "story_type_3": 0,
        "story_type_4": 0,
        "story_type_5": 0
    },
    {
        "add_reward_category_1": 90,
        "add_reward_id_1": 43,
        "add_reward_num_1": 30,
        "episode_index": 2,
        "id": 219,
        "lock_type_1": 0,
        "lock_type_2": 0,
        "lock_type_3": 0,
        "lock_value_1_1": 0,
        "lock_value_1_2": 0,
        "lock_value_2_1": 0,
        "lock_value_2_2": 0,
        "lock_value_3_1": 0,
        "lock_value_3_2": 0,
        "part_id": 3,
        "story_id_1": 20003021,
        "story_id_2": 0,
        "story_id_3": 0,
        "story_id_4": 0,
        "story_id_5": 0,
        "story_number": 2,
        "story_type_1": 1,
        "story_type_2": 0,
        "story_type_3": 0,
        "story_type_4": 0,
        "story_type_5": 0
    },
    {
        "add_reward_category_1": 90,
        "add_reward_id_1": 43,
        "add_reward_num_1": 30,
        "episode_index": 3,
        "id": 220,
        "lock_type_1": 0,
        "lock_type_2": 0,
        "lock_type_3": 0,
        "lock_value_1_1": 0,
        "lock_value_1_2": 0,
        "lock_value_2_1": 0,
        "lock_value_2_2": 0,
        "lock_value_3_1": 0,
        "lock_value_3_2": 0,
        "part_id": 3,
        "story_id_1": 9,
        "story_id_2": 0,
        "story_id_3": 0,
        "story_id_4": 0,
        "story_id_5": 0,
        "story_number": 0,
        "story_type_1": 4,
        "story_type_2": 0,
        "story_type_3": 0,
        "story_type_4": 0,
        "story_type_5": 0
    },
    {
        "add_reward_category_1": 90,
        "add_reward_id_1": 43,
        "add_reward_num_1": 30,
        "episode_index": 4,
        "id": 221,
        "lock_type_1": 0,
        "lock_type_2": 0,
        "lock_type_3": 0,
        "lock_value_1_1": 0,
        "lock_value_1_2": 0,
        "lock_value_2_1": 0,
        "lock_value_2_2": 0,
        "lock_value_3_1": 0,
        "lock_value_3_2": 0,
        "part_id": 3,
        "story_id_1": 20003031,
        "story_id_2": 0,
        "story_id_3": 0,
        "story_id_4": 0,
        "story_id_5": 0,
        "story_number": 3,
        "story_type_1": 1,
        "story_type_2": 0,
        "story_type_3": 0,
        "story_type_4": 0,
        "story_type_5": 0
    },
    {
        "add_reward_category_1": 90,
        "add_reward_id_1": 43,
        "add_reward_num_1": 30,
        "episode_index": 5,
        "id": 222,
        "lock_type_1": 0,
        "lock_type_2": 0,
        "lock_type_3": 0,
        "lock_value_1_1": 0,
        "lock_value_1_2": 0,
        "lock_value_2_1": 0,
        "lock_value_2_2": 0,
        "lock_value_3_1": 0,
        "lock_value_3_2": 0,
        "part_id": 3,
        "story_id_1": 20003041,
        "story_id_2": 0,
        "story_id_3": 0,
        "story_id_4": 0,
        "story_id_5": 0,
        "story_number": 4,
        "story_type_1": 1,
        "story_type_2": 0,
        "story_type_3": 0,
        "story_type_4": 0,
        "story_type_5": 0
    },
    {
        "add_reward_category_1": 90,
        "add_reward_id_1": 43,
        "add_reward_num_1": 30,
        "episode_index": 6,
        "id": 223,
        "lock_type_1": 0,
        "lock_type_2": 0,
        "lock_type_3": 0,
        "lock_value_1_1": 0,
        "lock_value_1_2": 0,
        "lock_value_2_1": 0,
        "lock_value_2_2": 0,
        "lock_value_3_1": 0,
        "lock_value_3_2": 0,
        "part_id": 3,
        "story_id_1": 20003051,
        "story_id_2": 0,
        "story_id_3": 0,
        "story_id_4": 0,
        "story_id_5": 0,
        "story_number": 5,
        "story_type_1": 1,
        "story_type_2": 0,
        "story_type_3": 0,
        "story_type_4": 0,
        "story_type_5": 0
    },
    {
        "add_reward_category_1": 90,
        "add_reward_id_1": 43,
        "add_reward_num_1": 30,
        "episode_index": 7,
        "id": 224,
        "lock_type_1": 0,
        "lock_type_2": 0,
        "lock_type_3": 0,
        "lock_value_1_1": 0,
        "lock_value_1_2": 0,
        "lock_value_2_1": 0,
        "lock_value_2_2": 0,
        "lock_value_3_1": 0,
        "lock_value_3_2": 0,
        "part_id": 3,
        "story_id_1": 10,
        "story_id_2": 0,
        "story_id_3": 0,
        "story_id_4": 0,
        "story_id_5": 0,
        "story_number": 0,
        "story_type_1": 4,
        "story_type_2": 0,
        "story_type_3": 0,
        "story_type_4": 0,
        "story_type_5": 0
    },
    {
        "add_reward_category_1": 90,
        "add_reward_id_1": 43,
        "add_reward_num_1": 30,
        "episode_index": 8,
        "id": 225,
        "lock_type_1": 0,
        "lock_type_2": 0,
        "lock_type_3": 0,
        "lock_value_1_1": 0,
        "lock_value_1_2": 0,
        "lock_value_2_1": 0,
        "lock_value_2_2": 0,
        "lock_value_3_1": 0,
        "lock_value_3_2": 0,
        "part_id": 3,
        "story_id_1": 20003061,
        "story_id_2": 20003062,
        "story_id_3": 20003063,
        "story_id_4": 0,
        "story_id_5": 0,
        "story_number": 6,
        "story_type_1": 1,
        "story_type_2": 3,
        "story_type_3": 1,
        "story_type_4": 0,
        "story_type_5": 0
    },
    {
        "add_reward_category_1": 90,
        "add_reward_id_1": 43,
        "add_reward_num_1": 30,
        "episode_index": 9,
        "id": 226,
        "lock_type_1": 0,
        "lock_type_2": 0,
        "lock_type_3": 0,
        "lock_value_1_1": 0,
        "lock_value_1_2": 0,
        "lock_value_2_1": 0,
        "lock_value_2_2": 0,
        "lock_value_3_1": 0,
        "lock_value_3_2": 0,
        "part_id": 3,
        "story_id_1": 20003071,
        "story_id_2": 0,
        "story_id_3": 0,
        "story_id_4": 0,
        "story_id_5": 0,
        "story_number": 7,
        "story_type_1": 1,
        "story_type_2": 0,
        "story_type_3": 0,
        "story_type_4": 0,
        "story_type_5": 0
    },
    {
        "add_reward_category_1": 90,
        "add_reward_id_1": 43,
        "add_reward_num_1": 30,
        "episode_index": 10,
        "id": 227,
        "lock_type_1": 0,
        "lock_type_2": 0,
        "lock_type_3": 0,
        "lock_value_1_1": 0,
        "lock_value_1_2": 0,
        "lock_value_2_1": 0,
        "lock_value_2_2": 0,
        "lock_value_3_1": 0,
        "lock_value_3_2": 0,
        "part_id": 3,
        "story_id_1": 20003081,
        "story_id_2": 0,
        "story_id_3": 0,
        "story_id_4": 0,
        "story_id_5": 0,
        "story_number": 8,
        "story_type_1": 1,
        "story_type_2": 0,
        "story_type_3": 0,
        "story_type_4": 0,
        "story_type_5": 0
    },
    {
        "add_reward_category_1": 90,
        "add_reward_id_1": 43,
        "add_reward_num_1": 30,
        "episode_index": 11,
        "id": 228,
        "lock_type_1": 0,
        "lock_type_2": 0,
        "lock_type_3": 0,
        "lock_value_1_1": 0,
        "lock_value_1_2": 0,
        "lock_value_2_1": 0,
        "lock_value_2_2": 0,
        "lock_value_3_1": 0,
        "lock_value_3_2": 0,
        "part_id": 3,
        "story_id_1": 20003091,
        "story_id_2": 20003092,
        "story_id_3": 0,
        "story_id_4": 0,
        "story_id_5": 0,
        "story_number": 9,
        "story_type_1": 1,
        "story_type_2": 3,
        "story_type_3": 0,
        "story_type_4": 0,
        "story_type_5": 0
    },
    {
        "add_reward_category_1": 90,
        "add_reward_id_1": 43,
        "add_reward_num_1": 30,
        "episode_index": 12,
        "id": 229,
        "lock_type_1": 0,
        "lock_type_2": 0,
        "lock_type_3": 0,
        "lock_value_1_1": 0,
        "lock_value_1_2": 0,
        "lock_value_2_1": 0,
        "lock_value_2_2": 0,
        "lock_value_3_1": 0,
        "lock_value_3_2": 0,
        "part_id": 3,
        "story_id_1": 11,
        "story_id_2": 0,
        "story_id_3": 0,
        "story_id_4": 0,
        "story_id_5": 0,
        "story_number": 0,
        "story_type_1": 4,
        "story_type_2": 0,
        "story_type_3": 0,
        "story_type_4": 0,
        "story_type_5": 0
    },
    {
        "add_reward_category_1": 90,
        "add_reward_id_1": 43,
        "add_reward_num_1": 30,
        "episode_index": 13,
        "id": 230,
        "lock_type_1": 0,
        "lock_type_2": 0,
        "lock_type_3": 0,
        "lock_value_1_1": 0,
        "lock_value_1_2": 0,
        "lock_value_2_1": 0,
        "lock_value_2_2": 0,
        "lock_value_3_1": 0,
        "lock_value_3_2": 0,
        "part_id": 3,
        "story_id_1": 20003101,
        "story_id_2": 0,
        "story_id_3": 0,
        "story_id_4": 0,
        "story_id_5": 0,
        "story_number": 10,
        "story_type_1": 1,
        "story_type_2": 0,
        "story_type_3": 0,
        "story_type_4": 0,
        "story_type_5": 0
    },
    {
        "add_reward_category_1": 90,
        "add_reward_id_1": 43,
        "add_reward_num_1": 30,
        "episode_index": 14,
        "id": 231,
        "lock_type_1": 0,
        "lock_type_2": 0,
        "lock_type_3": 0,
        "lock_value_1_1": 0,
        "lock_value_1_2": 0,
        "lock_value_2_1": 0,
        "lock_value_2_2": 0,
        "lock_value_3_1": 0,
        "lock_value_3_2": 0,
        "part_id": 3,
        "story_id_1": 20003111,
        "story_id_2": 0,
        "story_id_3": 0,
        "story_id_4": 0,
        "story_id_5": 0,
        "story_number": 11,
        "story_type_1": 1,
        "story_type_2": 0,
        "story_type_3": 0,
        "story_type_4": 0,
        "story_type_5": 0
    },
    {
        "add_reward_category_1": 90,
        "add_reward_id_1": 43,
        "add_reward_num_1": 30,
        "episode_index": 15,
        "id": 232,
        "lock_type_1": 0,
        "lock_type_2": 0,
        "lock_type_3": 0,
        "lock_value_1_1": 0,
        "lock_value_1_2": 0,
        "lock_value_2_1": 0,
        "lock_value_2_2": 0,
        "lock_value_3_1": 0,
        "lock_value_3_2": 0,
        "part_id": 3,
        "story_id_1": 20003121,
        "story_id_2": 0,
        "story_id_3": 0,
        "story_id_4": 0,
        "story_id_5": 0,
        "story_number": 12,
        "story_type_1": 1,
        "story_type_2": 0,
        "story_type_3": 0,
        "story_type_4": 0,
        "story_type_5": 0
    },
    {
        "add_reward_category_1": 90,
        "add_reward_id_1": 43,
        "add_reward_num_1": 30,
        "episode_index": 16,
        "id": 233,
        "lock_type_1": 0,
        "lock_type_2": 0,
        "lock_type_3": 0,
        "lock_value_1_1": 0,
        "lock_value_1_2": 0,
        "lock_value_2_1": 0,
        "lock_value_2_2": 0,
        "lock_value_3_1": 0,
        "lock_value_3_2": 0,
        "part_id": 3,
        "story_id_1": 12,
        "story_id_2": 0,
        "story_id_3": 0,
        "story_id_4": 0,
        "story_id_5": 0,
        "story_number": 0,
        "story_type_1": 4,
        "story_type_2": 0,
        "story_type_3": 0,
        "story_type_4": 0,
        "story_type_5": 0
    },
    {
        "add_reward_category_1": 51,
        "add_reward_id_1": 30033,
        "add_reward_num_1": 1,
        "episode_index": 17,
        "id": 234,
        "lock_type_1": 0,
        "lock_type_2": 0,
        "lock_type_3": 0,
        "lock_value_1_1": 0,
        "lock_value_1_2": 0,
        "lock_value_2_1": 0,
        "lock_value_2_2": 0,
        "lock_value_3_1": 0,
        "lock_value_3_2": 0,
        "part_id": 3,
        "story_id_1": 20003131,
        "story_id_2": 20003132,
        "story_id_3": 20003133,
        "story_id_4": 4,
        "story_id_5": 20003134,
        "story_number": 13,
        "story_type_1": 1,
        "story_type_2": 3,
        "story_type_3": 1,
        "story_type_4": 2,
        "story_type_5": 1
    },
    {
        "add_reward_category_1": 90,
        "add_reward_id_1": 43,
        "add_reward_num_1": 30,
        "episode_index": 1,
        "id": 401,
        "lock_type_1": 0,
        "lock_type_2": 0,
        "lock_type_3": 0,
        "lock_value_1_1": 0,
        "lock_value_1_2": 0,
        "lock_value_2_1": 0,
        "lock_value_2_2": 0,
        "lock_value_3_1": 0,
        "lock_value_3_2": 0,
        "part_id": 4,
        "story_id_1": 20004011,
        "story_id_2": 20004012,
        "story_id_3": 0,
        "story_id_4": 0,
        "story_id_5": 0,
        "story_number": 1,
        "story_type_1": 3,
        "story_type_2": 1,
        "story_type_3": 0,
        "story_type_4": 0,
        "story_type_5": 0
    },
    {
        "add_reward_category_1": 90,
        "add_reward_id_1": 43,
        "add_reward_num_1": 30,
        "episode_index": 2,
        "id": 402,
        "lock_type_1": 0,
        "lock_type_2": 0,
        "lock_type_3": 0,
        "lock_value_1_1": 0,
        "lock_value_1_2": 0,
        "lock_value_2_1": 0,
        "lock_value_2_2": 0,
        "lock_value_3_1": 0,
        "lock_value_3_2": 0,
        "part_id": 4,
        "story_id_1": 20004021,
        "story_id_2": 0,
        "story_id_3": 0,
        "story_id_4": 0,
        "story_id_5": 0,
        "story_number": 2,
        "story_type_1": 1,
        "story_type_2": 0,
        "story_type_3": 0,
        "story_type_4": 0,
        "story_type_5": 0
    },
    {
        "add_reward_category_1": 90,
        "add_reward_id_1": 43,
        "add_reward_num_1": 30,
        "episode_index": 3,
        "id": 403,
        "lock_type_1": 0,
        "lock_type_2": 0,
        "lock_type_3": 0,
        "lock_value_1_1": 0,
        "lock_value_1_2": 0,
        "lock_value_2_1": 0,
        "lock_value_2_2": 0,
        "lock_value_3_1": 0,
        "lock_value_3_2": 0,
        "part_id": 4,
        "story_id_1": 13,
        "story_id_2": 0,
        "story_id_3": 0,
        "story_id_4": 0,
        "story_id_5": 0,
        "story_number": 0,
        "story_type_1": 4,
        "story_type_2": 0,
        "story_type_3": 0,
        "story_type_4": 0,
        "story_type_5": 0
    },
    {
        "add_reward_category_1": 90,
        "add_reward_id_1": 43,
        "add_reward_num_1": 30,
        "episode_index": 4,
        "id": 404,
        "lock_type_1": 0,
        "lock_type_2": 0,
        "lock_type_3": 0,
        "lock_value_1_1": 0,
        "lock_value_1_2": 0,
        "lock_value_2_1": 0,
        "lock_value_2_2": 0,
        "lock_value_3_1": 0,
        "lock_value_3_2": 0,
        "part_id": 4,
        "story_id_1": 20004031,
        "story_id_2": 6,
        "story_id_3": 0,
        "story_id_4": 0,
        "story_id_5": 0,
        "story_number": 3,
        "story_type_1": 1,
        "story_type_2": 2,
        "story_type_3": 0,
        "story_type_4": 0,
        "story_type_5": 0
    },
    {
        "add_reward_category_1": 90,
        "add_reward_id_1": 43,
        "add_reward_num_1": 30,
        "episode_index": 5,
        "id": 405,
        "lock_type_1": 0,
        "lock_type_2": 0,
        "lock_type_3": 0,
        "lock_value_1_1": 0,
        "lock_value_1_2": 0,
        "lock_value_2_1": 0,
        "lock_value_2_2": 0,
        "lock_value_3_1": 0,
        "lock_value_3_2": 0,
        "part_id": 4,
        "story_id_1": 20004041,
        "story_id_2": 0,
        "story_id_3": 0,
        "story_id_4": 0,
        "story_id_5": 0,
        "story_number": 4,
        "story_type_1": 1,
        "story_type_2": 0,
        "story_type_3": 0,
        "story_type_4": 0,
        "story_type_5": 0
    },
    {
        "add_reward_category_1": 90,
        "add_reward_id_1": 43,
        "add_reward_num_1": 30,
        "episode_index": 6,
        "id": 406,
        "lock_type_1": 0,
        "lock_type_2": 0,
        "lock_type_3": 0,
        "lock_value_1_1": 0,
        "lock_value_1_2": 0,
        "lock_value_2_1": 0,
        "lock_value_2_2": 0,
        "lock_value_3_1": 0,
        "lock_value_3_2": 0,
        "part_id": 4,
        "story_id_1": 20004051,
        "story_id_2": 0,
        "story_id_3": 0,
        "story_id_4": 0,
        "story_id_5": 0,
        "story_number": 5,
        "story_type_1": 1,
        "story_type_2": 0,
        "story_type_3": 0,
        "story_type_4": 0,
        "story_type_5": 0
    },
    {
        "add_reward_category_1": 90,
        "add_reward_id_1": 43,
        "add_reward_num_1": 30,
        "episode_index": 7,
        "id": 407,
        "lock_type_1": 0,
        "lock_type_2": 0,
        "lock_type_3": 0,
        "lock_value_1_1": 0,
        "lock_value_1_2": 0,
        "lock_value_2_1": 0,
        "lock_value_2_2": 0,
        "lock_value_3_1": 0,
        "lock_value_3_2": 0,
        "part_id": 4,
        "story_id_1": 14,
        "story_id_2": 0,
        "story_id_3": 0,
        "story_id_4": 0,
        "story_id_5": 0,
        "story_number": 0,
        "story_type_1": 4,
        "story_type_2": 0,
        "story_type_3": 0,
        "story_type_4": 0,
        "story_type_5": 0
    },
    {
        "add_reward_category_1": 90,
        "add_reward_id_1": 43,
        "add_reward_num_1": 30,
        "episode_index": 8,
        "id": 408,
        "lock_type_1": 0,
        "lock_type_2": 0,
        "lock_type_3": 0,
        "lock_value_1_1": 0,
        "lock_value_1_2": 0,
        "lock_value_2_1": 0,
        "lock_value_2_2": 0,
        "lock_value_3_1": 0,
        "lock_value_3_2": 0,
        "part_id": 4,
        "story_id_1": 20004061,
        "story_id_2": 0,
        "story_id_3": 0,
        "story_id_4": 0,
        "story_id_5": 0,
        "story_number": 6,
        "story_type_1": 1,
        "story_type_2": 0,
        "story_type_3": 0,
        "story_type_4": 0,
        "story_type_5": 0
    },
    {
        "add_reward_category_1": 90,
        "add_reward_id_1": 43,
        "add_reward_num_1": 30,
        "episode_index": 9,
        "id": 409,
        "lock_type_1": 0,
        "lock_type_2": 0,
        "lock_type_3": 0,
        "lock_value_1_1": 0,
        "lock_value_1_2": 0,
        "lock_value_2_1": 0,
        "lock_value_2_2": 0,
        "lock_value_3_1": 0,
        "lock_value_3_2": 0,
        "part_id": 4,
        "story_id_1": 20004071,
        "story_id_2": 20004072,
        "story_id_3": 20004073,
        "story_id_4": 0,
        "story_id_5": 0,
        "story_number": 7,
        "story_type_1": 1,
        "story_type_2": 3,
        "story_type_3": 1,
        "story_type_4": 0,
        "story_type_5": 0
    },
    {
        "add_reward_category_1": 90,
        "add_reward_id_1": 43,
        "add_reward_num_1": 30,
        "episode_index": 10,
        "id": 410,
        "lock_type_1": 0,
        "lock_type_2": 0,
        "lock_type_3": 0,
        "lock_value_1_1": 0,
        "lock_value_1_2": 0,
        "lock_value_2_1": 0,
        "lock_value_2_2": 0,
        "lock_value_3_1": 0,
        "lock_value_3_2": 0,
        "part_id": 4,
        "story_id_1": 20004081,
        "story_id_2": 0,
        "story_id_3": 0,
        "story_id_4": 0,
        "story_id_5": 0,
        "story_number": 8,
        "story_type_1": 1,
        "story_type_2": 0,
        "story_type_3": 0,
        "story_type_4": 0,
        "story_type_5": 0
    },
    {
        "add_reward_category_1": 90,
        "add_reward_id_1": 43,
        "add_reward_num_1": 30,
        "episode_index": 11,
        "id": 411,
        "lock_type_1": 0,
        "lock_type_2": 0,
        "lock_type_3": 0,
        "lock_value_1_1": 0,
        "lock_value_1_2": 0,
        "lock_value_2_1": 0,
        "lock_value_2_2": 0,
        "lock_value_3_1": 0,
        "lock_value_3_2": 0,
        "part_id": 4,
        "story_id_1": 20004091,
        "story_id_2": 0,
        "story_id_3": 0,
        "story_id_4": 0,
        "story_id_5": 0,
        "story_number": 9,
        "story_type_1": 1,
        "story_type_2": 0,
        "story_type_3": 0,
        "story_type_4": 0,
        "story_type_5": 0
    },
    {
        "add_reward_category_1": 90,
        "add_reward_id_1": 43,
        "add_reward_num_1": 30,
        "episode_index": 12,
        "id": 412,
        "lock_type_1": 0,
        "lock_type_2": 0,
        "lock_type_3": 0,
        "lock_value_1_1": 0,
        "lock_value_1_2": 0,
        "lock_value_2_1": 0,
        "lock_value_2_2": 0,
        "lock_value_3_1": 0,
        "lock_value_3_2": 0,
        "part_id": 4,
        "story_id_1": 15,
        "story_id_2": 0,
        "story_id_3": 0,
        "story_id_4": 0,
        "story_id_5": 0,
        "story_number": 0,
        "story_type_1": 4,
        "story_type_2": 0,
        "story_type_3": 0,
        "story_type_4": 0,
        "story_type_5": 0
    },
    {
        "add_reward_category_1": 90,
        "add_reward_id_1": 43,
        "add_reward_num_1": 30,
        "episode_index": 13,
        "id": 413,
        "lock_type_1": 0,
        "lock_type_2": 0,
        "lock_type_3": 0,
        "lock_value_1_1": 0,
        "lock_value_1_2": 0,
        "lock_value_2_1": 0,
        "lock_value_2_2": 0,
        "lock_value_3_1": 0,
        "lock_value_3_2": 0,
        "part_id": 4,
        "story_id_1": 20004101,
        "story_id_2": 0,
        "story_id_3": 0,
        "story_id_4": 0,
        "story_id_5": 0,
        "story_number": 10,
        "story_type_1": 1,
        "story_type_2": 0,
        "story_type_3": 0,
        "story_type_4": 0,
        "story_type_5": 0
    },
    {
        "add_reward_category_1": 90,
        "add_reward_id_1": 43,
        "add_reward_num_1": 30,
        "episode_index": 14,
        "id": 414,
        "lock_type_1": 0,
        "lock_type_2": 0,
        "lock_type_3": 0,
        "lock_value_1_1": 0,
        "lock_value_1_2": 0,
        "lock_value_2_1": 0,
        "lock_value_2_2": 0,
        "lock_value_3_1": 0,
        "lock_value_3_2": 0,
        "part_id": 4,
        "story_id_1": 20004111,
        "story_id_2": 0,
        "story_id_3": 0,
        "story_id_4": 0,
        "story_id_5": 0,
        "story_number": 11,
        "story_type_1": 1,
        "story_type_2": 0,
        "story_type_3": 0,
        "story_type_4": 0,
        "story_type_5": 0
    },
    {
        "add_reward_category_1": 90,
        "add_reward_id_1": 43,
        "add_reward_num_1": 30,
        "episode_index": 15,
        "id": 415,
        "lock_type_1": 0,
        "lock_type_2": 0,
        "lock_type_3": 0,
        "lock_value_1_1": 0,
        "lock_value_1_2": 0,
        "lock_value_2_1": 0,
        "lock_value_2_2": 0,
        "lock_value_3_1": 0,
        "lock_value_3_2": 0,
        "part_id": 4,
        "story_id_1": 20004121,
        "story_id_2": 0,
        "story_id_3": 0,
        "story_id_4": 0,
        "story_id_5": 0,
        "story_number": 12,
        "story_type_1": 1,
        "story_type_2": 0,
        "story_type_3": 0,
        "story_type_4": 0,
        "story_type_5": 0
    },
    {
        "add_reward_category_1": 90,
        "add_reward_id_1": 43,
        "add_reward_num_1": 30,
        "episode_index": 16,
        "id": 416,
        "lock_type_1": 0,
        "lock_type_2": 0,
        "lock_type_3": 0,
        "lock_value_1_1": 0,
        "lock_value_1_2": 0,
        "lock_value_2_1": 0,
        "lock_value_2_2": 0,
        "lock_value_3_1": 0,
        "lock_value_3_2": 0,
        "part_id": 4,
        "story_id_1": 16,
        "story_id_2": 0,
        "story_id_3": 0,
        "story_id_4": 0,
        "story_id_5": 0,
        "story_number": 0,
        "story_type_1": 4,
        "story_type_2": 0,
        "story_type_3": 0,
        "story_type_4": 0,
        "story_type_5": 0
    },
    {
        "add_reward_category_1": 51,
        "add_reward_id_1": 30044,
        "add_reward_num_1": 1,
        "episode_index": 17,
        "id": 417,
        "lock_type_1": 0,
        "lock_type_2": 0,
        "lock_type_3": 0,
        "lock_value_1_1": 0,
        "lock_value_1_2": 0,
        "lock_value_2_1": 0,
        "lock_value_2_2": 0,
        "lock_value_3_1": 0,
        "lock_value_3_2": 0,
        "part_id": 4,
        "story_id_1": 20004131,
        "story_id_2": 20004132,
        "story_id_3": 20004133,
        "story_id_4": 7,
        "story_id_5": 20004134,
        "story_number": 13,
        "story_type_1": 1,
        "story_type_2": 3,
        "story_type_3": 1,
        "story_type_4": 2,
        "story_type_5": 1
    }
]