[
    {
        "bg_id": 10001,
        "chara_pos_y": "0",
        "chara_shadow": 1,
        "direction": 3,
        "effect_id": 0,
        "effect_start_sec": "",
        "fixed_render_order": 0,
        "grid_pos_x": 1,
        "grid_pos_y": 3,
        "group_id": 0,
        "id": 1000101,
        "is_mob": 0,
        "main_chara_num": 1,
        "motion_name": "Circle01_101",
        "pos_obj": "None",
        "position_anim": "",
        "position_file": "",
        "priority": 0,
        "se_cue_name01": "",
        "se_cue_name02": "",
        "se_cue_sheet01": "",
        "se_cue_sheet02": "",
        "se_start_frame01": 0,
        "se_start_frame02": 0,
        "sub_group_id": 0,
        "timeline": "",
        "timeline_actor": "",
        "use_grid_pos_job_select": 0
    },
    {
        "bg_id": 10001,
        "chara_pos_y": "0",
        "chara_shadow": 1,
        "direction": 7,
        "effect_id": 0,
        "effect_start_sec": "",
        "fixed_render_order": 0,
        "grid_pos_x": 13,
        "grid_pos_y": 0,
        "group_id": 0,
        "id": 1000102,
        "is_mob": 0,
        "main_chara_num": 1,
        "motion_name": "Circle01_102",
        "pos_obj": "None",
        "position_anim": "",
        "position_file": "",
        "priority": 0,
        "se_cue_name01": "snd_sfx_circle_sd_watering",
        "se_cue_name02": "snd_sfx_circle_sd_watering",
        "se_cue_sheet01": "snd_sfx_circle_sd_watering",
        "se_cue_sheet02": "snd_sfx_circle_sd_watering",
        "se_start_frame01": 26,
        "se_start_frame02": 259,
        "sub_group_id": 0,
        "timeline": "",
        "timeline_actor": "",
        "use_grid_pos_job_select": 0
    },
    {
        "bg_id": 10001,
        "chara_pos_y": "0",
        "chara_shadow": 1,
        "direction": 1,
        "effect_id": 0,
        "effect_start_sec": "",
        "fixed_render_order": 0,
        "grid_pos_x": 12,
        "grid_pos_y": 3,
        "group_id": 0,
        "id": 1000103,
        "is_mob": 0,
        "main_chara_num": 1,
        "motion_name": "Circle01_103",
        "pos_obj": "None",
        "position_anim": "",
        "position_file": "",
        "priority": 0,
        "se_cue_name01": "",
        "se_cue_name02": "",
        "se_cue_sheet01": "",
        "se_cue_sheet02": "",
        "se_start_frame01": 0,
        "se_start_frame02": 0,
        "sub_group_id": 0,
        "timeline": "",
        "timeline_actor": "",
        "use_grid_pos_job_select": 0
    },
    {
        "bg_id": 10001,
        "chara_pos_y": "0",
        "chara_shadow": 1,
        "direction": 1,
        "effect_id": 0,
        "effect_start_sec": "",
        "fixed_render_order": 0,
        "grid_pos_x": 10,
        "grid_pos_y": 1,
        "group_id": 0,
        "id": 1000104,
        "is_mob": 0,
        "main_chara_num": 1,
        "motion_name": "Circle01_104_03",
        "pos_obj": "None",
        "position_anim": "",
        "position_file": "",
        "priority": 0,
        "se_cue_name01": "",
        "se_cue_name02": "",
        "se_cue_sheet01": "",
        "se_cue_sheet02": "",
        "se_start_frame01": 0,
        "se_start_frame02": 0,
        "sub_group_id": 0,
        "timeline": "",
        "timeline_actor": "",
        "use_grid_pos_job_select": 0
    },
    {
        "bg_id": 10001,
        "chara_pos_y": "0",
        "chara_shadow": 1,
        "direction": 2,
        "effect_id": 0,
        "effect_start_sec": "",
        "fixed_render_order": 0,
        "grid_pos_x": 3,
        "grid_pos_y": 1,
        "group_id": 0,
        "id": 1000105,
        "is_mob": 0,
        "main_chara_num": 1,
        "motion_name": "Circle01_105",
        "pos_obj": "None",
        "position_anim": "",
        "position_file": "",
        "priority": 0,
        "se_cue_name01": "",
        "se_cue_name02": "",
        "se_cue_sheet01": "",
        "se_cue_sheet02": "",
        "se_start_frame01": 0,
        "se_start_frame02": 0,
        "sub_group_id": 0,
        "timeline": "",
        "timeline_actor": "",
        "use_grid_pos_job_select": 0
    },
    {
        "bg_id": 10001,
        "chara_pos_y": "0",
        "chara_shadow": 1,
        "direction": 8,
        "effect_id": 0,
        "effect_start_sec": "",
        "fixed_render_order": 0,
        "grid_pos_x": 8,
        "grid_pos_y": 4,
        "group_id": 1,
        "id": 1000106,
        "is_mob": 0,
        "main_chara_num": 2,
        "motion_name": "Circle01_201_01",
        "pos_obj": "None",
        "position_anim": "",
        "position_file": "",
        "priority": 1,
        "se_cue_name01": "",
        "se_cue_name02": "",
        "se_cue_sheet01": "",
        "se_cue_sheet02": "",
        "se_start_frame01": 0,
        "se_start_frame02": 0,
        "sub_group_id": 0,
        "timeline": "",
        "timeline_actor": "",
        "use_grid_pos_job_select": 0
    },
    {
        "bg_id": 10001,
        "chara_pos_y": "0",
        "chara_shadow": 1,
        "direction": 2,
        "effect_id": 0,
        "effect_start_sec": "",
        "fixed_render_order": 0,
        "grid_pos_x": 9,
        "grid_pos_y": 4,
        "group_id": 1,
        "id": 1000107,
        "is_mob": 0,
        "main_chara_num": 2,
        "motion_name": "Circle01_201_02",
        "pos_obj": "None",
        "position_anim": "",
        "position_file": "",
        "priority": 1,
        "se_cue_name01": "",
        "se_cue_name02": "",
        "se_cue_sheet01": "",
        "se_cue_sheet02": "",
        "se_start_frame01": 0,
        "se_start_frame02": 0,
        "sub_group_id": 0,
        "timeline": "",
        "timeline_actor": "",
        "use_grid_pos_job_select": 0
    },
    {
        "bg_id": 10001,
        "chara_pos_y": "0",
        "chara_shadow": 0,
        "direction": 1,
        "effect_id": 0,
        "effect_start_sec": "",
        "fixed_render_order": 0,
        "grid_pos_x": 5,
        "grid_pos_y": 2,
        "group_id": 2,
        "id": 1000108,
        "is_mob": 0,
        "main_chara_num": 3,
        "motion_name": "Circle01_301",
        "pos_obj": "None",
        "position_anim": "",
        "position_file": "",
        "priority": 2,
        "se_cue_name01": "",
        "se_cue_name02": "",
        "se_cue_sheet01": "",
        "se_cue_sheet02": "",
        "se_start_frame01": 0,
        "se_start_frame02": 0,
        "sub_group_id": 0,
        "timeline": "",
        "timeline_actor": "",
        "use_grid_pos_job_select": 0
    },
    {
        "bg_id": 10001,
        "chara_pos_y": "0",
        "chara_shadow": 0,
        "direction": 1,
        "effect_id": 0,
        "effect_start_sec": "",
        "fixed_render_order": 0,
        "grid_pos_x": 5,
        "grid_pos_y": 2,
        "group_id": 2,
        "id": 1000109,
        "is_mob": 0,
        "main_chara_num": 3,
        "motion_name": "Circle01_302",
        "pos_obj": "None",
        "position_anim": "",
        "position_file": "",
        "priority": 2,
        "se_cue_name01": "",
        "se_cue_name02": "",
        "se_cue_sheet01": "",
        "se_cue_sheet02": "",
        "se_start_frame01": 0,
        "se_start_frame02": 0,
        "sub_group_id": 0,
        "timeline": "",
        "timeline_actor": "",
        "use_grid_pos_job_select": 0
    },
    {
        "bg_id": 10001,
        "chara_pos_y": "0",
        "chara_shadow": 0,
        "direction": 1,
        "effect_id": 0,
        "effect_start_sec": "",
        "fixed_render_order": 0,
        "grid_pos_x": 5,
        "grid_pos_y": 2,
        "group_id": 2,
        "id": 1000110,
        "is_mob": 0,
        "main_chara_num": 3,
        "motion_name": "Circle01_303",
        "pos_obj": "None",
        "position_anim": "",
        "position_file": "",
        "priority": 2,
        "se_cue_name01": "",
        "se_cue_name02": "",
        "se_cue_sheet01": "",
        "se_cue_sheet02": "",
        "se_start_frame01": 0,
        "se_start_frame02": 0,
        "sub_group_id": 0,
        "timeline": "",
        "timeline_actor": "",
        "use_grid_pos_job_select": 0
    },
    {
        "bg_id": 10002,
        "chara_pos_y": "0",
        "chara_shadow": 1,
        "direction": 2,
        "effect_id": 0,
        "effect_start_sec": "",
        "fixed_render_order": 0,
        "grid_pos_x": 12,
        "grid_pos_y": 1,
        "group_id": 0,
        "id": 1000201,
        "is_mob": 0,
        "main_chara_num": 1,
        "motion_name": "Circle02_101",
        "pos_obj": "None",
        "position_anim": "",
        "position_file": "",
        "priority": 0,
        "se_cue_name01": "",
        "se_cue_name02": "",
        "se_cue_sheet01": "",
        "se_cue_sheet02": "",
        "se_start_frame01": 0,
        "se_start_frame02": 0,
        "sub_group_id": 0,
        "timeline": "",
        "timeline_actor": "",
        "use_grid_pos_job_select": 0
    },
    {
        "bg_id": 10002,
        "chara_pos_y": "0",
        "chara_shadow": 1,
        "direction": 3,
        "effect_id": 0,
        "effect_start_sec": "",
        "fixed_render_order": 0,
        "grid_pos_x": 14,
        "grid_pos_y": 0,
        "group_id": 0,
        "id": 1000202,
        "is_mob": 0,
        "main_chara_num": 1,
        "motion_name": "Circle02_102",
        "pos_obj": "chr01",
        "position_anim": "motion01",
        "position_file": "Circle/Position/pfb_min_cir_type00_02_102_pos",
        "priority": 1,
        "se_cue_name01": "",
        "se_cue_name02": "",
        "se_cue_sheet01": "",
        "se_cue_sheet02": "",
        "se_start_frame01": 0,
        "se_start_frame02": 0,
        "sub_group_id": 0,
        "timeline": "",
        "timeline_actor": "",
        "use_grid_pos_job_select": 1
    },
    {
        "bg_id": 10002,
        "chara_pos_y": "0",
        "chara_shadow": 1,
        "direction": 7,
        "effect_id": 0,
        "effect_start_sec": "",
        "fixed_render_order": 0,
        "grid_pos_x": 0,
        "grid_pos_y": 4,
        "group_id": 1,
        "id": 1000203,
        "is_mob": 0,
        "main_chara_num": 2,
        "motion_name": "Circle02_201",
        "pos_obj": "chr01",
        "position_anim": "motion01",
        "position_file": "Circle/Position/pfb_min_cir_type00_02_201_pos",
        "priority": 1,
        "se_cue_name01": "snd_sfx_circle_sd_traction",
        "se_cue_name02": "",
        "se_cue_sheet01": "snd_sfx_circle_sd_traction",
        "se_cue_sheet02": "",
        "se_start_frame01": 4,
        "se_start_frame02": 0,
        "sub_group_id": 0,
        "timeline": "",
        "timeline_actor": "",
        "use_grid_pos_job_select": 1
    },
    {
        "bg_id": 10002,
        "chara_pos_y": "0",
        "chara_shadow": 1,
        "direction": 7,
        "effect_id": 0,
        "effect_start_sec": "",
        "fixed_render_order": 0,
        "grid_pos_x": 0,
        "grid_pos_y": 4,
        "group_id": 1,
        "id": 1000204,
        "is_mob": 0,
        "main_chara_num": 2,
        "motion_name": "Circle02_202",
        "pos_obj": "chr01",
        "position_anim": "motion01",
        "position_file": "Circle/Position/pfb_min_cir_type00_02_202_pos",
        "priority": 1,
        "se_cue_name01": "",
        "se_cue_name02": "",
        "se_cue_sheet01": "",
        "se_cue_sheet02": "",
        "se_start_frame01": 0,
        "se_start_frame02": 0,
        "sub_group_id": 0,
        "timeline": "",
        "timeline_actor": "",
        "use_grid_pos_job_select": 1
    },
    {
        "bg_id": 10002,
        "chara_pos_y": "0",
        "chara_shadow": 1,
        "direction": 3,
        "effect_id": 0,
        "effect_start_sec": "",
        "fixed_render_order": 0,
        "grid_pos_x": 7,
        "grid_pos_y": 1,
        "group_id": 2,
        "id": 1000205,
        "is_mob": 0,
        "main_chara_num": 3,
        "motion_name": "Circle02_301",
        "pos_obj": "None",
        "position_anim": "",
        "position_file": "",
        "priority": 2,
        "se_cue_name01": "snd_sfx_circle_sd_jumprope",
        "se_cue_name02": "",
        "se_cue_sheet01": "snd_sfx_circle_sd_jumprope",
        "se_cue_sheet02": "",
        "se_start_frame01": 0,
        "se_start_frame02": 0,
        "sub_group_id": 0,
        "timeline": "",
        "timeline_actor": "",
        "use_grid_pos_job_select": 0
    },
    {
        "bg_id": 10002,
        "chara_pos_y": "0",
        "chara_shadow": 1,
        "direction": 3,
        "effect_id": 0,
        "effect_start_sec": "",
        "fixed_render_order": 0,
        "grid_pos_x": 7,
        "grid_pos_y": 1,
        "group_id": 2,
        "id": 1000206,
        "is_mob": 0,
        "main_chara_num": 3,
        "motion_name": "Circle02_302",
        "pos_obj": "None",
        "position_anim": "",
        "position_file": "",
        "priority": 2,
        "se_cue_name01": "",
        "se_cue_name02": "",
        "se_cue_sheet01": "",
        "se_cue_sheet02": "",
        "se_start_frame01": 0,
        "se_start_frame02": 0,
        "sub_group_id": 0,
        "timeline": "",
        "timeline_actor": "",
        "use_grid_pos_job_select": 0
    },
    {
        "bg_id": 10002,
        "chara_pos_y": "0",
        "chara_shadow": 1,
        "direction": 3,
        "effect_id": 0,
        "effect_start_sec": "",
        "fixed_render_order": 0,
        "grid_pos_x": 7,
        "grid_pos_y": 1,
        "group_id": 2,
        "id": 1000207,
        "is_mob": 0,
        "main_chara_num": 3,
        "motion_name": "Circle02_303",
        "pos_obj": "None",
        "position_anim": "",
        "position_file": "",
        "priority": 2,
        "se_cue_name01": "",
        "se_cue_name02": "",
        "se_cue_sheet01": "",
        "se_cue_sheet02": "",
        "se_start_frame01": 0,
        "se_start_frame02": 0,
        "sub_group_id": 0,
        "timeline": "",
        "timeline_actor": "",
        "use_grid_pos_job_select": 0
    },
    {
        "bg_id": 10002,
        "chara_pos_y": "0",
        "chara_shadow": 1,
        "direction": 1,
        "effect_id": 0,
        "effect_start_sec": "",
        "fixed_render_order": 0,
        "grid_pos_x": 12,
        "grid_pos_y": 3,
        "group_id": 3,
        "id": 1000208,
        "is_mob": 0,
        "main_chara_num": 3,
        "motion_name": "Circle02_304",
        "pos_obj": "None",
        "position_anim": "",
        "position_file": "",
        "priority": 1,
        "se_cue_name01": "",
        "se_cue_name02": "",
        "se_cue_sheet01": "",
        "se_cue_sheet02": "",
        "se_start_frame01": 0,
        "se_start_frame02": 0,
        "sub_group_id": 0,
        "timeline": "",
        "timeline_actor": "",
        "use_grid_pos_job_select": 0
    },
    {
        "bg_id": 10002,
        "chara_pos_y": "0",
        "chara_shadow": 1,
        "direction": 1,
        "effect_id": 0,
        "effect_start_sec": "",
        "fixed_render_order": 0,
        "grid_pos_x": 12,
        "grid_pos_y": 3,
        "group_id": 3,
        "id": 1000209,
        "is_mob": 0,
        "main_chara_num": 3,
        "motion_name": "Circle02_305",
        "pos_obj": "None",
        "position_anim": "",
        "position_file": "",
        "priority": 1,
        "se_cue_name01": "",
        "se_cue_name02": "",
        "se_cue_sheet01": "",
        "se_cue_sheet02": "",
        "se_start_frame01": 0,
        "se_start_frame02": 0,
        "sub_group_id": 0,
        "timeline": "",
        "timeline_actor": "",
        "use_grid_pos_job_select": 0
    },
    {
        "bg_id": 10002,
        "chara_pos_y": "0",
        "chara_shadow": 1,
        "direction": 1,
        "effect_id": 0,
        "effect_start_sec": "",
        "fixed_render_order": 0,
        "grid_pos_x": 12,
        "grid_pos_y": 3,
        "group_id": 3,
        "id": 1000210,
        "is_mob": 0,
        "main_chara_num": 3,
        "motion_name": "Circle02_306",
        "pos_obj": "None",
        "position_anim": "",
        "position_file": "",
        "priority": 1,
        "se_cue_name01": "",
        "se_cue_name02": "",
        "se_cue_sheet01": "",
        "se_cue_sheet02": "",
        "se_start_frame01": 0,
        "se_start_frame02": 0,
        "sub_group_id": 0,
        "timeline": "",
        "timeline_actor": "",
        "use_grid_pos_job_select": 0
    },
    {
        "bg_id": 10002,
        "chara_pos_y": "0",
        "chara_shadow": 1,
        "direction": 3,
        "effect_id": 0,
        "effect_start_sec": "",
        "fixed_render_order": 1,
        "grid_pos_x": 1,
        "grid_pos_y": 3,
        "group_id": 4,
        "id": 1000211,
        "is_mob": 0,
        "main_chara_num": 4,
        "motion_name": "Circle02_401",
        "pos_obj": "None",
        "position_anim": "",
        "position_file": "",
        "priority": 2,
        "se_cue_name01": "",
        "se_cue_name02": "",
        "se_cue_sheet01": "",
        "se_cue_sheet02": "",
        "se_start_frame01": 0,
        "se_start_frame02": 0,
        "sub_group_id": 0,
        "timeline": "",
        "timeline_actor": "",
        "use_grid_pos_job_select": 0
    },
    {
        "bg_id": 10002,
        "chara_pos_y": "0",
        "chara_shadow": 1,
        "direction": 3,
        "effect_id": 0,
        "effect_start_sec": "",
        "fixed_render_order": 3,
        "grid_pos_x": 1,
        "grid_pos_y": 3,
        "group_id": 4,
        "id": 1000212,
        "is_mob": 0,
        "main_chara_num": 4,
        "motion_name": "Circle02_402",
        "pos_obj": "None",
        "position_anim": "",
        "position_file": "",
        "priority": 2,
        "se_cue_name01": "",
        "se_cue_name02": "",
        "se_cue_sheet01": "",
        "se_cue_sheet02": "",
        "se_start_frame01": 0,
        "se_start_frame02": 0,
        "sub_group_id": 0,
        "timeline": "",
        "timeline_actor": "",
        "use_grid_pos_job_select": 0
    },
    {
        "bg_id": 10002,
        "chara_pos_y": "0",
        "chara_shadow": 1,
        "direction": 3,
        "effect_id": 0,
        "effect_start_sec": "",
        "fixed_render_order": 2,
        "grid_pos_x": 1,
        "grid_pos_y": 3,
        "group_id": 4,
        "id": 1000213,
        "is_mob": 0,
        "main_chara_num": 4,
        "motion_name": "Circle02_403",
        "pos_obj": "None",
        "position_anim": "",
        "position_file": "",
        "priority": 2,
        "se_cue_name01": "",
        "se_cue_name02": "",
        "se_cue_sheet01": "",
        "se_cue_sheet02": "",
        "se_start_frame01": 0,
        "se_start_frame02": 0,
        "sub_group_id": 0,
        "timeline": "",
        "timeline_actor": "",
        "use_grid_pos_job_select": 0
    },
    {
        "bg_id": 10002,
        "chara_pos_y": "0",
        "chara_shadow": 1,
        "direction": 3,
        "effect_id": 0,
        "effect_start_sec": "",
        "fixed_render_order": 4,
        "grid_pos_x": 1,
        "grid_pos_y": 3,
        "group_id": 4,
        "id": 1000214,
        "is_mob": 0,
        "main_chara_num": 4,
        "motion_name": "Circle02_404",
        "pos_obj": "None",
        "position_anim": "",
        "position_file": "",
        "priority": 2,
        "se_cue_name01": "",
        "se_cue_name02": "",
        "se_cue_sheet01": "",
        "se_cue_sheet02": "",
        "se_start_frame01": 0,
        "se_start_frame02": 0,
        "sub_group_id": 0,
        "timeline": "",
        "timeline_actor": "",
        "use_grid_pos_job_select": 0
    },
    {
        "bg_id": 10003,
        "chara_pos_y": "0.21",
        "chara_shadow": 1,
        "direction": 1,
        "effect_id": 0,
        "effect_start_sec": "",
        "fixed_render_order": 0,
        "grid_pos_x": 7,
        "grid_pos_y": 1,
        "group_id": 0,
        "id": 1000301,
        "is_mob": 0,
        "main_chara_num": 1,
        "motion_name": "Circle03_101",
        "pos_obj": "None",
        "position_anim": "",
        "position_file": "",
        "priority": 1,
        "se_cue_name01": "",
        "se_cue_name02": "",
        "se_cue_sheet01": "",
        "se_cue_sheet02": "",
        "se_start_frame01": 0,
        "se_start_frame02": 0,
        "sub_group_id": 0,
        "timeline": "",
        "timeline_actor": "",
        "use_grid_pos_job_select": 0
    },
    {
        "bg_id": 10003,
        "chara_pos_y": "0",
        "chara_shadow": 1,
        "direction": 1,
        "effect_id": 0,
        "effect_start_sec": "",
        "fixed_render_order": 0,
        "grid_pos_x": 1,
        "grid_pos_y": 6,
        "group_id": 1,
        "id": 1000302,
        "is_mob": 0,
        "main_chara_num": 2,
        "motion_name": "Circle03_201",
        "pos_obj": "None",
        "position_anim": "",
        "position_file": "",
        "priority": 0,
        "se_cue_name01": "",
        "se_cue_name02": "",
        "se_cue_sheet01": "",
        "se_cue_sheet02": "",
        "se_start_frame01": 0,
        "se_start_frame02": 0,
        "sub_group_id": 0,
        "timeline": "",
        "timeline_actor": "",
        "use_grid_pos_job_select": 0
    },
    {
        "bg_id": 10003,
        "chara_pos_y": "0",
        "chara_shadow": 1,
        "direction": 1,
        "effect_id": 0,
        "effect_start_sec": "",
        "fixed_render_order": 0,
        "grid_pos_x": 1,
        "grid_pos_y": 6,
        "group_id": 1,
        "id": 1000303,
        "is_mob": 0,
        "main_chara_num": 2,
        "motion_name": "Circle03_202",
        "pos_obj": "None",
        "position_anim": "",
        "position_file": "",
        "priority": 0,
        "se_cue_name01": "",
        "se_cue_name02": "",
        "se_cue_sheet01": "",
        "se_cue_sheet02": "",
        "se_start_frame01": 0,
        "se_start_frame02": 0,
        "sub_group_id": 0,
        "timeline": "",
        "timeline_actor": "",
        "use_grid_pos_job_select": 0
    },
    {
        "bg_id": 10003,
        "chara_pos_y": "0",
        "chara_shadow": 1,
        "direction": 1,
        "effect_id": 0,
        "effect_start_sec": "",
        "fixed_render_order": 0,
        "grid_pos_x": 13,
        "grid_pos_y": 6,
        "group_id": 2,
        "id": 1000304,
        "is_mob": 0,
        "main_chara_num": 3,
        "motion_name": "Circle03_301",
        "pos_obj": "None",
        "position_anim": "",
        "position_file": "",
        "priority": 0,
        "se_cue_name01": "",
        "se_cue_name02": "",
        "se_cue_sheet01": "",
        "se_cue_sheet02": "",
        "se_start_frame01": 0,
        "se_start_frame02": 0,
        "sub_group_id": 0,
        "timeline": "",
        "timeline_actor": "",
        "use_grid_pos_job_select": 0
    },
    {
        "bg_id": 10003,
        "chara_pos_y": "0",
        "chara_shadow": 1,
        "direction": 1,
        "effect_id": 0,
        "effect_start_sec": "",
        "fixed_render_order": 0,
        "grid_pos_x": 13,
        "grid_pos_y": 6,
        "group_id": 2,
        "id": 1000305,
        "is_mob": 0,
        "main_chara_num": 3,
        "motion_name": "Circle03_302_01",
        "pos_obj": "None",
        "position_anim": "",
        "position_file": "",
        "priority": 0,
        "se_cue_name01": "",
        "se_cue_name02": "",
        "se_cue_sheet01": "",
        "se_cue_sheet02": "",
        "se_start_frame01": 0,
        "se_start_frame02": 0,
        "sub_group_id": 0,
        "timeline": "",
        "timeline_actor": "",
        "use_grid_pos_job_select": 0
    },
    {
        "bg_id": 10003,
        "chara_pos_y": "0",
        "chara_shadow": 1,
        "direction": 1,
        "effect_id": 0,
        "effect_start_sec": "",
        "fixed_render_order": 0,
        "grid_pos_x": 13,
        "grid_pos_y": 6,
        "group_id": 2,
        "id": 1000306,
        "is_mob": 0,
        "main_chara_num": 3,
        "motion_name": "Circle03_303_01",
        "pos_obj": "None",
        "position_anim": "",
        "position_file": "",
        "priority": 0,
        "se_cue_name01": "",
        "se_cue_name02": "",
        "se_cue_sheet01": "",
        "se_cue_sheet02": "",
        "se_start_frame01": 0,
        "se_start_frame02": 0,
        "sub_group_id": 0,
        "timeline": "",
        "timeline_actor": "",
        "use_grid_pos_job_select": 0
    },
    {
        "bg_id": 10003,
        "chara_pos_y": "0",
        "chara_shadow": 1,
        "direction": 1,
        "effect_id": 0,
        "effect_start_sec": "",
        "fixed_render_order": 0,
        "grid_pos_x": 13,
        "grid_pos_y": 6,
        "group_id": 3,
        "id": 1000307,
        "is_mob": 0,
        "main_chara_num": 3,
        "motion_name": "Circle03_301",
        "pos_obj": "None",
        "position_anim": "",
        "position_file": "",
        "priority": 0,
        "se_cue_name01": "",
        "se_cue_name02": "",
        "se_cue_sheet01": "",
        "se_cue_sheet02": "",
        "se_start_frame01": 0,
        "se_start_frame02": 0,
        "sub_group_id": 0,
        "timeline": "",
        "timeline_actor": "",
        "use_grid_pos_job_select": 0
    },
    {
        "bg_id": 10003,
        "chara_pos_y": "0",
        "chara_shadow": 1,
        "direction": 1,
        "effect_id": 0,
        "effect_start_sec": "",
        "fixed_render_order": 0,
        "grid_pos_x": 13,
        "grid_pos_y": 6,
        "group_id": 3,
        "id": 1000308,
        "is_mob": 0,
        "main_chara_num": 3,
        "motion_name": "Circle03_302_02",
        "pos_obj": "None",
        "position_anim": "",
        "position_file": "",
        "priority": 0,
        "se_cue_name01": "",
        "se_cue_name02": "",
        "se_cue_sheet01": "",
        "se_cue_sheet02": "",
        "se_start_frame01": 0,
        "se_start_frame02": 0,
        "sub_group_id": 0,
        "timeline": "",
        "timeline_actor": "",
        "use_grid_pos_job_select": 0
    },
    {
        "bg_id": 10003,
        "chara_pos_y": "0",
        "chara_shadow": 1,
        "direction": 1,
        "effect_id": 0,
        "effect_start_sec": "",
        "fixed_render_order": 0,
        "grid_pos_x": 13,
        "grid_pos_y": 6,
        "group_id": 3,
        "id": 1000309,
        "is_mob": 0,
        "main_chara_num": 3,
        "motion_name": "Circle03_303_02",
        "pos_obj": "None",
        "position_anim": "",
        "position_file": "",
        "priority": 0,
        "se_cue_name01": "",
        "se_cue_name02": "",
        "se_cue_sheet01": "",
        "se_cue_sheet02": "",
        "se_start_frame01": 0,
        "se_start_frame02": 0,
        "sub_group_id": 0,
        "timeline": "",
        "timeline_actor": "",
        "use_grid_pos_job_select": 0
    },
    {
        "bg_id": 10003,
        "chara_pos_y": "0",
        "chara_shadow": 1,
        "direction": 1,
        "effect_id": 0,
        "effect_start_sec": "",
        "fixed_render_order": 0,
        "grid_pos_x": 13,
        "grid_pos_y": 6,
        "group_id": 4,
        "id": 1000310,
        "is_mob": 0,
        "main_chara_num": 3,
        "motion_name": "Circle03_301",
        "pos_obj": "None",
        "position_anim": "",
        "position_file": "",
        "priority": 0,
        "se_cue_name01": "",
        "se_cue_name02": "",
        "se_cue_sheet01": "",
        "se_cue_sheet02": "",
        "se_start_frame01": 0,
        "se_start_frame02": 0,
        "sub_group_id": 0,
        "timeline": "",
        "timeline_actor": "",
        "use_grid_pos_job_select": 0
    },
    {
        "bg_id": 10003,
        "chara_pos_y": "0",
        "chara_shadow": 1,
        "direction": 1,
        "effect_id": 0,
        "effect_start_sec": "",
        "fixed_render_order": 0,
        "grid_pos_x": 13,
        "grid_pos_y": 6,
        "group_id": 4,
        "id": 1000311,
        "is_mob": 0,
        "main_chara_num": 3,
        "motion_name": "Circle03_302_03",
        "pos_obj": "None",
        "position_anim": "",
        "position_file": "",
        "priority": 0,
        "se_cue_name01": "",
        "se_cue_name02": "",
        "se_cue_sheet01": "",
        "se_cue_sheet02": "",
        "se_start_frame01": 0,
        "se_start_frame02": 0,
        "sub_group_id": 0,
        "timeline": "",
        "timeline_actor": "",
        "use_grid_pos_job_select": 0
    },
    {
        "bg_id": 10003,
        "chara_pos_y": "0",
        "chara_shadow": 1,
        "direction": 1,
        "effect_id": 0,
        "effect_start_sec": "",
        "fixed_render_order": 0,
        "grid_pos_x": 13,
        "grid_pos_y": 6,
        "group_id": 4,
        "id": 1000312,
        "is_mob": 0,
        "main_chara_num": 3,
        "motion_name": "Circle03_303_03",
        "pos_obj": "None",
        "position_anim": "",
        "position_file": "",
        "priority": 0,
        "se_cue_name01": "",
        "se_cue_name02": "",
        "se_cue_sheet01": "",
        "se_cue_sheet02": "",
        "se_start_frame01": 0,
        "se_start_frame02": 0,
        "sub_group_id": 0,
        "timeline": "",
        "timeline_actor": "",
        "use_grid_pos_job_select": 0
    },
    {
        "bg_id": 10003,
        "chara_pos_y": "0",
        "chara_shadow": 1,
        "direction": 4,
        "effect_id": 0,
        "effect_start_sec": "",
        "fixed_render_order": 0,
        "grid_pos_x": 9,
        "grid_pos_y": 5,
        "group_id": 0,
        "id": 1000313,
        "is_mob": 0,
        "main_chara_num": 1,
        "motion_name": "Circle03_402",
        "pos_obj": "None",
        "position_anim": "",
        "position_file": "",
        "priority": 0,
        "se_cue_name01": "",
        "se_cue_name02": "",
        "se_cue_sheet01": "",
        "se_cue_sheet02": "",
        "se_start_frame01": 0,
        "se_start_frame02": 0,
        "sub_group_id": 0,
        "timeline": "",
        "timeline_actor": "",
        "use_grid_pos_job_select": 0
    },
    {
        "bg_id": 10003,
        "chara_pos_y": "0",
        "chara_shadow": 1,
        "direction": 4,
        "effect_id": 0,
        "effect_start_sec": "",
        "fixed_render_order": 0,
        "grid_pos_x": 10,
        "grid_pos_y": 5,
        "group_id": 0,
        "id": 1000314,
        "is_mob": 0,
        "main_chara_num": 1,
        "motion_name": "Circle03_403",
        "pos_obj": "None",
        "position_anim": "",
        "position_file": "",
        "priority": 0,
        "se_cue_name01": "",
        "se_cue_name02": "",
        "se_cue_sheet01": "",
        "se_cue_sheet02": "",
        "se_start_frame01": 0,
        "se_start_frame02": 0,
        "sub_group_id": 0,
        "timeline": "",
        "timeline_actor": "",
        "use_grid_pos_job_select": 0
    },
    {
        "bg_id": 10003,
        "chara_pos_y": "0",
        "chara_shadow": 1,
        "direction": 6,
        "effect_id": 0,
        "effect_start_sec": "",
        "fixed_render_order": 0,
        "grid_pos_x": 5,
        "grid_pos_y": 5,
        "group_id": 0,
        "id": 1000315,
        "is_mob": 0,
        "main_chara_num": 1,
        "motion_name": "Circle03_404",
        "pos_obj": "None",
        "position_anim": "",
        "position_file": "",
        "priority": 0,
        "se_cue_name01": "",
        "se_cue_name02": "",
        "se_cue_sheet01": "",
        "se_cue_sheet02": "",
        "se_start_frame01": 0,
        "se_start_frame02": 0,
        "sub_group_id": 0,
        "timeline": "",
        "timeline_actor": "",
        "use_grid_pos_job_select": 0
    },
    {
        "bg_id": 10003,
        "chara_pos_y": "0",
        "chara_shadow": 1,
        "direction": 6,
        "effect_id": 0,
        "effect_start_sec": "",
        "fixed_render_order": 0,
        "grid_pos_x": 4,
        "grid_pos_y": 6,
        "group_id": 0,
        "id": 1000316,
        "is_mob": 0,
        "main_chara_num": 1,
        "motion_name": "Circle03_405",
        "pos_obj": "None",
        "position_anim": "",
        "position_file": "",
        "priority": 0,
        "se_cue_name01": "",
        "se_cue_name02": "",
        "se_cue_sheet01": "",
        "se_cue_sheet02": "",
        "se_start_frame01": 0,
        "se_start_frame02": 0,
        "sub_group_id": 0,
        "timeline": "",
        "timeline_actor": "",
        "use_grid_pos_job_select": 0
    },
    {
        "bg_id": 10003,
        "chara_pos_y": "0",
        "chara_shadow": 1,
        "direction": 6,
        "effect_id": 0,
        "effect_start_sec": "",
        "fixed_render_order": 0,
        "grid_pos_x": 3,
        "grid_pos_y": 5,
        "group_id": 0,
        "id": 1000317,
        "is_mob": 0,
        "main_chara_num": 1,
        "motion_name": "Circle03_406",
        "pos_obj": "None",
        "position_anim": "",
        "position_file": "",
        "priority": 0,
        "se_cue_name01": "",
        "se_cue_name02": "",
        "se_cue_sheet01": "",
        "se_cue_sheet02": "",
        "se_start_frame01": 0,
        "se_start_frame02": 0,
        "sub_group_id": 0,
        "timeline": "",
        "timeline_actor": "",
        "use_grid_pos_job_select": 0
    },
    {
        "bg_id": 10003,
        "chara_pos_y": "0.21",
        "chara_shadow": 1,
        "direction": 1,
        "effect_id": 0,
        "effect_start_sec": "",
        "fixed_render_order": 0,
        "grid_pos_x": 7,
        "grid_pos_y": 1,
        "group_id": 5,
        "id": 1000318,
        "is_mob": 0,
        "main_chara_num": 5,
        "motion_name": "Circle03_501",
        "pos_obj": "None",
        "position_anim": "",
        "position_file": "",
        "priority": 4,
        "se_cue_name01": "",
        "se_cue_name02": "",
        "se_cue_sheet01": "",
        "se_cue_sheet02": "",
        "se_start_frame01": 0,
        "se_start_frame02": 0,
        "sub_group_id": 0,
        "timeline": "",
        "timeline_actor": "",
        "use_grid_pos_job_select": 0
    },
    {
        "bg_id": 10003,
        "chara_pos_y": "0.21",
        "chara_shadow": 1,
        "direction": 1,
        "effect_id": 0,
        "effect_start_sec": "",
        "fixed_render_order": 0,
        "grid_pos_x": 7,
        "grid_pos_y": 1,
        "group_id": 5,
        "id": 1000319,
        "is_mob": 0,
        "main_chara_num": 5,
        "motion_name": "Circle03_502",
        "pos_obj": "None",
        "position_anim": "",
        "position_file": "",
        "priority": 4,
        "se_cue_name01": "",
        "se_cue_name02": "",
        "se_cue_sheet01": "",
        "se_cue_sheet02": "",
        "se_start_frame01": 0,
        "se_start_frame02": 0,
        "sub_group_id": 0,
        "timeline": "",
        "timeline_actor": "",
        "use_grid_pos_job_select": 0
    },
    {
        "bg_id": 10003,
        "chara_pos_y": "0.21",
        "chara_shadow": 1,
        "direction": 1,
        "effect_id": 0,
        "effect_start_sec": "",
        "fixed_render_order": 0,
        "grid_pos_x": 7,
        "grid_pos_y": 1,
        "group_id": 5,
        "id": 1000320,
        "is_mob": 0,
        "main_chara_num": 5,
        "motion_name": "Circle03_503",
        "pos_obj": "None",
        "position_anim": "",
        "position_file": "",
        "priority": 4,
        "se_cue_name01": "",
        "se_cue_name02": "",
        "se_cue_sheet01": "",
        "se_cue_sheet02": "",
        "se_start_frame01": 0,
        "se_start_frame02": 0,
        "sub_group_id": 0,
        "timeline": "",
        "timeline_actor": "",
        "use_grid_pos_job_select": 0
    },
    {
        "bg_id": 10003,
        "chara_pos_y": "0.21",
        "chara_shadow": 1,
        "direction": 1,
        "effect_id": 0,
        "effect_start_sec": "",
        "fixed_render_order": 0,
        "grid_pos_x": 7,
        "grid_pos_y": 1,
        "group_id": 5,
        "id": 1000321,
        "is_mob": 0,
        "main_chara_num": 5,
        "motion_name": "Circle03_504",
        "pos_obj": "None",
        "position_anim": "",
        "position_file": "",
        "priority": 4,
        "se_cue_name01": "",
        "se_cue_name02": "",
        "se_cue_sheet01": "",
        "se_cue_sheet02": "",
        "se_start_frame01": 0,
        "se_start_frame02": 0,
        "sub_group_id": 0,
        "timeline": "",
        "timeline_actor": "",
        "use_grid_pos_job_select": 0
    },
    {
        "bg_id": 10003,
        "chara_pos_y": "0.21",
        "chara_shadow": 1,
        "direction": 1,
        "effect_id": 0,
        "effect_start_sec": "",
        "fixed_render_order": 0,
        "grid_pos_x": 7,
        "grid_pos_y": 1,
        "group_id": 5,
        "id": 1000322,
        "is_mob": 0,
        "main_chara_num": 5,
        "motion_name": "Circle03_505",
        "pos_obj": "None",
        "position_anim": "",
        "position_file": "",
        "priority": 4,
        "se_cue_name01": "",
        "se_cue_name02": "",
        "se_cue_sheet01": "",
        "se_cue_sheet02": "",
        "se_start_frame01": 0,
        "se_start_frame02": 0,
        "sub_group_id": 0,
        "timeline": "",
        "timeline_actor": "",
        "use_grid_pos_job_select": 0
    },
    {
        "bg_id": 10003,
        "chara_pos_y": "0.21",
        "chara_shadow": 1,
        "direction": 1,
        "effect_id": 0,
        "effect_start_sec": "",
        "fixed_render_order": 0,
        "grid_pos_x": 7,
        "grid_pos_y": 1,
        "group_id": 6,
        "id": 1000323,
        "is_mob": 0,
        "main_chara_num": 2,
        "motion_name": "Circle03_201",
        "pos_obj": "None",
        "position_anim": "",
        "position_file": "",
        "priority": 2,
        "se_cue_name01": "",
        "se_cue_name02": "",
        "se_cue_sheet01": "",
        "se_cue_sheet02": "",
        "se_start_frame01": 0,
        "se_start_frame02": 0,
        "sub_group_id": 0,
        "timeline": "",
        "timeline_actor": "",
        "use_grid_pos_job_select": 0
    },
    {
        "bg_id": 10003,
        "chara_pos_y": "0.21",
        "chara_shadow": 1,
        "direction": 1,
        "effect_id": 0,
        "effect_start_sec": "",
        "fixed_render_order": 0,
        "grid_pos_x": 7,
        "grid_pos_y": 1,
        "group_id": 6,
        "id": 1000324,
        "is_mob": 0,
        "main_chara_num": 2,
        "motion_name": "Circle03_202",
        "pos_obj": "None",
        "position_anim": "",
        "position_file": "",
        "priority": 2,
        "se_cue_name01": "",
        "se_cue_name02": "",
        "se_cue_sheet01": "",
        "se_cue_sheet02": "",
        "se_start_frame01": 0,
        "se_start_frame02": 0,
        "sub_group_id": 0,
        "timeline": "",
        "timeline_actor": "",
        "use_grid_pos_job_select": 0
    },
    {
        "bg_id": 10003,
        "chara_pos_y": "0.21",
        "chara_shadow": 1,
        "direction": 1,
        "effect_id": 0,
        "effect_start_sec": "",
        "fixed_render_order": 0,
        "grid_pos_x": 7,
        "grid_pos_y": 1,
        "group_id": 7,
        "id": 1000325,
        "is_mob": 0,
        "main_chara_num": 3,
        "motion_name": "Circle03_301",
        "pos_obj": "None",
        "position_anim": "",
        "position_file": "",
        "priority": 3,
        "se_cue_name01": "",
        "se_cue_name02": "",
        "se_cue_sheet01": "",
        "se_cue_sheet02": "",
        "se_start_frame01": 0,
        "se_start_frame02": 0,
        "sub_group_id": 0,
        "timeline": "",
        "timeline_actor": "",
        "use_grid_pos_job_select": 0
    },
    {
        "bg_id": 10003,
        "chara_pos_y": "0.21",
        "chara_shadow": 1,
        "direction": 1,
        "effect_id": 0,
        "effect_start_sec": "",
        "fixed_render_order": 0,
        "grid_pos_x": 7,
        "grid_pos_y": 1,
        "group_id": 7,
        "id": 1000326,
        "is_mob": 0,
        "main_chara_num": 3,
        "motion_name": "Circle03_302_01",
        "pos_obj": "None",
        "position_anim": "",
        "position_file": "",
        "priority": 3,
        "se_cue_name01": "",
        "se_cue_name02": "",
        "se_cue_sheet01": "",
        "se_cue_sheet02": "",
        "se_start_frame01": 0,
        "se_start_frame02": 0,
        "sub_group_id": 0,
        "timeline": "",
        "timeline_actor": "",
        "use_grid_pos_job_select": 0
    },
    {
        "bg_id": 10003,
        "chara_pos_y": "0.21",
        "chara_shadow": 1,
        "direction": 1,
        "effect_id": 0,
        "effect_start_sec": "",
        "fixed_render_order": 0,
        "grid_pos_x": 7,
        "grid_pos_y": 1,
        "group_id": 7,
        "id": 1000327,
        "is_mob": 0,
        "main_chara_num": 3,
        "motion_name": "Circle03_303_01",
        "pos_obj": "None",
        "position_anim": "",
        "position_file": "",
        "priority": 3,
        "se_cue_name01": "",
        "se_cue_name02": "",
        "se_cue_sheet01": "",
        "se_cue_sheet02": "",
        "se_start_frame01": 0,
        "se_start_frame02": 0,
        "sub_group_id": 0,
        "timeline": "",
        "timeline_actor": "",
        "use_grid_pos_job_select": 0
    },
    {
        "bg_id": 10003,
        "chara_pos_y": "0.21",
        "chara_shadow": 1,
        "direction": 1,
        "effect_id": 0,
        "effect_start_sec": "",
        "fixed_render_order": 0,
        "grid_pos_x": 7,
        "grid_pos_y": 1,
        "group_id": 8,
        "id": 1000328,
        "is_mob": 0,
        "main_chara_num": 3,
        "motion_name": "Circle03_301",
        "pos_obj": "None",
        "position_anim": "",
        "position_file": "",
        "priority": 3,
        "se_cue_name01": "",
        "se_cue_name02": "",
        "se_cue_sheet01": "",
        "se_cue_sheet02": "",
        "se_start_frame01": 0,
        "se_start_frame02": 0,
        "sub_group_id": 0,
        "timeline": "",
        "timeline_actor": "",
        "use_grid_pos_job_select": 0
    },
    {
        "bg_id": 10003,
        "chara_pos_y": "0.21",
        "chara_shadow": 1,
        "direction": 1,
        "effect_id": 0,
        "effect_start_sec": "",
        "fixed_render_order": 0,
        "grid_pos_x": 7,
        "grid_pos_y": 1,
        "group_id": 8,
        "id": 1000329,
        "is_mob": 0,
        "main_chara_num": 3,
        "motion_name": "Circle03_302_02",
        "pos_obj": "None",
        "position_anim": "",
        "position_file": "",
        "priority": 3,
        "se_cue_name01": "",
        "se_cue_name02": "",
        "se_cue_sheet01": "",
        "se_cue_sheet02": "",
        "se_start_frame01": 0,
        "se_start_frame02": 0,
        "sub_group_id": 0,
        "timeline": "",
        "timeline_actor": "",
        "use_grid_pos_job_select": 0
    },
    {
        "bg_id": 10003,
        "chara_pos_y": "0.21",
        "chara_shadow": 1,
        "direction": 1,
        "effect_id": 0,
        "effect_start_sec": "",
        "fixed_render_order": 0,
        "grid_pos_x": 7,
        "grid_pos_y": 1,
        "group_id": 8,
        "id": 1000330,
        "is_mob": 0,
        "main_chara_num": 3,
        "motion_name": "Circle03_303_02",
        "pos_obj": "None",
        "position_anim": "",
        "position_file": "",
        "priority": 3,
        "se_cue_name01": "",
        "se_cue_name02": "",
        "se_cue_sheet01": "",
        "se_cue_sheet02": "",
        "se_start_frame01": 0,
        "se_start_frame02": 0,
        "sub_group_id": 0,
        "timeline": "",
        "timeline_actor": "",
        "use_grid_pos_job_select": 0
    },
    {
        "bg_id": 10003,
        "chara_pos_y": "0.21",
        "chara_shadow": 1,
        "direction": 1,
        "effect_id": 0,
        "effect_start_sec": "",
        "fixed_render_order": 0,
        "grid_pos_x": 7,
        "grid_pos_y": 1,
        "group_id": 9,
        "id": 1000331,
        "is_mob": 0,
        "main_chara_num": 3,
        "motion_name": "Circle03_301",
        "pos_obj": "None",
        "position_anim": "",
        "position_file": "",
        "priority": 3,
        "se_cue_name01": "",
        "se_cue_name02": "",
        "se_cue_sheet01": "",
        "se_cue_sheet02": "",
        "se_start_frame01": 0,
        "se_start_frame02": 0,
        "sub_group_id": 0,
        "timeline": "",
        "timeline_actor": "",
        "use_grid_pos_job_select": 0
    },
    {
        "bg_id": 10003,
        "chara_pos_y": "0.21",
        "chara_shadow": 1,
        "direction": 1,
        "effect_id": 0,
        "effect_start_sec": "",
        "fixed_render_order": 0,
        "grid_pos_x": 7,
        "grid_pos_y": 1,
        "group_id": 9,
        "id": 1000332,
        "is_mob": 0,
        "main_chara_num": 3,
        "motion_name": "Circle03_302_03",
        "pos_obj": "None",
        "position_anim": "",
        "position_file": "",
        "priority": 3,
        "se_cue_name01": "",
        "se_cue_name02": "",
        "se_cue_sheet01": "",
        "se_cue_sheet02": "",
        "se_start_frame01": 0,
        "se_start_frame02": 0,
        "sub_group_id": 0,
        "timeline": "",
        "timeline_actor": "",
        "use_grid_pos_job_select": 0
    },
    {
        "bg_id": 10003,
        "chara_pos_y": "0.21",
        "chara_shadow": 1,
        "direction": 1,
        "effect_id": 0,
        "effect_start_sec": "",
        "fixed_render_order": 0,
        "grid_pos_x": 7,
        "grid_pos_y": 1,
        "group_id": 9,
        "id": 1000333,
        "is_mob": 0,
        "main_chara_num": 3,
        "motion_name": "Circle03_303_03",
        "pos_obj": "None",
        "position_anim": "",
        "position_file": "",
        "priority": 3,
        "se_cue_name01": "",
        "se_cue_name02": "",
        "se_cue_sheet01": "",
        "se_cue_sheet02": "",
        "se_start_frame01": 0,
        "se_start_frame02": 0,
        "sub_group_id": 0,
        "timeline": "",
        "timeline_actor": "",
        "use_grid_pos_job_select": 0
    },
    {
        "bg_id": 20001,
        "chara_pos_y": "0",
        "chara_shadow": 1,
        "direction": 1,
        "effect_id": 0,
        "effect_start_sec": "",
        "fixed_render_order": 0,
        "grid_pos_x": 8,
        "grid_pos_y": 2,
        "group_id": 0,
        "id": 2000101,
        "is_mob": 0,
        "main_chara_num": 1,
        "motion_name": "Idle01",
        "pos_obj": "None",
        "position_anim": "",
        "position_file": "",
        "priority": 0,
        "se_cue_name01": "",
        "se_cue_name02": "",
        "se_cue_sheet01": "",
        "se_cue_sheet02": "",
        "se_start_frame01": 0,
        "se_start_frame02": 0,
        "sub_group_id": 0,
        "timeline": "",
        "timeline_actor": "",
        "use_grid_pos_job_select": 0
    },
    {
        "bg_id": 20001,
        "chara_pos_y": "0",
        "chara_shadow": 1,
        "direction": 1,
        "effect_id": 0,
        "effect_start_sec": "",
        "fixed_render_order": 0,
        "grid_pos_x": 9,
        "grid_pos_y": 2,
        "group_id": 0,
        "id": 2000102,
        "is_mob": 0,
        "main_chara_num": 1,
        "motion_name": "Idle01",
        "pos_obj": "None",
        "position_anim": "",
        "position_file": "",
        "priority": 0,
        "se_cue_name01": "",
        "se_cue_name02": "",
        "se_cue_sheet01": "",
        "se_cue_sheet02": "",
        "se_start_frame01": 0,
        "se_start_frame02": 0,
        "sub_group_id": 0,
        "timeline": "",
        "timeline_actor": "",
        "use_grid_pos_job_select": 0
    },
    {
        "bg_id": 20001,
        "chara_pos_y": "0",
        "chara_shadow": 1,
        "direction": 1,
        "effect_id": 0,
        "effect_start_sec": "",
        "fixed_render_order": 0,
        "grid_pos_x": 7,
        "grid_pos_y": 2,
        "group_id": 0,
        "id": 2000103,
        "is_mob": 0,
        "main_chara_num": 1,
        "motion_name": "Idle01",
        "pos_obj": "None",
        "position_anim": "",
        "position_file": "",
        "priority": 0,
        "se_cue_name01": "",
        "se_cue_name02": "",
        "se_cue_sheet01": "",
        "se_cue_sheet02": "",
        "se_start_frame01": 0,
        "se_start_frame02": 0,
        "sub_group_id": 0,
        "timeline": "",
        "timeline_actor": "",
        "use_grid_pos_job_select": 0
    },
    {
        "bg_id": 20001,
        "chara_pos_y": "0",
        "chara_shadow": 1,
        "direction": 1,
        "effect_id": 0,
        "effect_start_sec": "",
        "fixed_render_order": 0,
        "grid_pos_x": 10,
        "grid_pos_y": 2,
        "group_id": 0,
        "id": 2000104,
        "is_mob": 0,
        "main_chara_num": 1,
        "motion_name": "Idle01",
        "pos_obj": "None",
        "position_anim": "",
        "position_file": "",
        "priority": 0,
        "se_cue_name01": "",
        "se_cue_name02": "",
        "se_cue_sheet01": "",
        "se_cue_sheet02": "",
        "se_start_frame01": 0,
        "se_start_frame02": 0,
        "sub_group_id": 0,
        "timeline": "",
        "timeline_actor": "",
        "use_grid_pos_job_select": 0
    },
    {
        "bg_id": 20001,
        "chara_pos_y": "0",
        "chara_shadow": 1,
        "direction": 1,
        "effect_id": 0,
        "effect_start_sec": "",
        "fixed_render_order": 0,
        "grid_pos_x": 6,
        "grid_pos_y": 2,
        "group_id": 0,
        "id": 2000105,
        "is_mob": 0,
        "main_chara_num": 1,
        "motion_name": "Idle01",
        "pos_obj": "None",
        "position_anim": "",
        "position_file": "",
        "priority": 0,
        "se_cue_name01": "",
        "se_cue_name02": "",
        "se_cue_sheet01": "",
        "se_cue_sheet02": "",
        "se_start_frame01": 0,
        "se_start_frame02": 0,
        "sub_group_id": 0,
        "timeline": "",
        "timeline_actor": "",
        "use_grid_pos_job_select": 0
    },
    {
        "bg_id": 20001,
        "chara_pos_y": "0",
        "chara_shadow": 1,
        "direction": 1,
        "effect_id": 0,
        "effect_start_sec": "",
        "fixed_render_order": 0,
        "grid_pos_x": 11,
        "grid_pos_y": 2,
        "group_id": 0,
        "id": 2000106,
        "is_mob": 0,
        "main_chara_num": 1,
        "motion_name": "Idle01",
        "pos_obj": "None",
        "position_anim": "",
        "position_file": "",
        "priority": 0,
        "se_cue_name01": "",
        "se_cue_name02": "",
        "se_cue_sheet01": "",
        "se_cue_sheet02": "",
        "se_start_frame01": 0,
        "se_start_frame02": 0,
        "sub_group_id": 0,
        "timeline": "",
        "timeline_actor": "",
        "use_grid_pos_job_select": 0
    },
    {
        "bg_id": 20001,
        "chara_pos_y": "0",
        "chara_shadow": 1,
        "direction": 1,
        "effect_id": 0,
        "effect_start_sec": "",
        "fixed_render_order": 0,
        "grid_pos_x": 5,
        "grid_pos_y": 2,
        "group_id": 0,
        "id": 2000107,
        "is_mob": 0,
        "main_chara_num": 1,
        "motion_name": "Idle01",
        "pos_obj": "None",
        "position_anim": "",
        "position_file": "",
        "priority": 0,
        "se_cue_name01": "",
        "se_cue_name02": "",
        "se_cue_sheet01": "",
        "se_cue_sheet02": "",
        "se_start_frame01": 0,
        "se_start_frame02": 0,
        "sub_group_id": 0,
        "timeline": "",
        "timeline_actor": "",
        "use_grid_pos_job_select": 0
    },
    {
        "bg_id": 20001,
        "chara_pos_y": "0",
        "chara_shadow": 1,
        "direction": 1,
        "effect_id": 0,
        "effect_start_sec": "",
        "fixed_render_order": 0,
        "grid_pos_x": 12,
        "grid_pos_y": 2,
        "group_id": 0,
        "id": 2000108,
        "is_mob": 0,
        "main_chara_num": 1,
        "motion_name": "Idle01",
        "pos_obj": "None",
        "position_anim": "",
        "position_file": "",
        "priority": 0,
        "se_cue_name01": "",
        "se_cue_name02": "",
        "se_cue_sheet01": "",
        "se_cue_sheet02": "",
        "se_start_frame01": 0,
        "se_start_frame02": 0,
        "sub_group_id": 0,
        "timeline": "",
        "timeline_actor": "",
        "use_grid_pos_job_select": 0
    },
    {
        "bg_id": 20001,
        "chara_pos_y": "0",
        "chara_shadow": 1,
        "direction": 1,
        "effect_id": 0,
        "effect_start_sec": "",
        "fixed_render_order": 0,
        "grid_pos_x": 4,
        "grid_pos_y": 2,
        "group_id": 0,
        "id": 2000109,
        "is_mob": 0,
        "main_chara_num": 1,
        "motion_name": "Idle01",
        "pos_obj": "None",
        "position_anim": "",
        "position_file": "",
        "priority": 0,
        "se_cue_name01": "",
        "se_cue_name02": "",
        "se_cue_sheet01": "",
        "se_cue_sheet02": "",
        "se_start_frame01": 0,
        "se_start_frame02": 0,
        "sub_group_id": 0,
        "timeline": "",
        "timeline_actor": "",
        "use_grid_pos_job_select": 0
    },
    {
        "bg_id": 20001,
        "chara_pos_y": "0",
        "chara_shadow": 1,
        "direction": 1,
        "effect_id": 0,
        "effect_start_sec": "",
        "fixed_render_order": 0,
        "grid_pos_x": 13,
        "grid_pos_y": 2,
        "group_id": 0,
        "id": 2000110,
        "is_mob": 0,
        "main_chara_num": 1,
        "motion_name": "Idle01",
        "pos_obj": "None",
        "position_anim": "",
        "position_file": "",
        "priority": 0,
        "se_cue_name01": "",
        "se_cue_name02": "",
        "se_cue_sheet01": "",
        "se_cue_sheet02": "",
        "se_start_frame01": 0,
        "se_start_frame02": 0,
        "sub_group_id": 0,
        "timeline": "",
        "timeline_actor": "",
        "use_grid_pos_job_select": 0
    },
    {
        "bg_id": 20001,
        "chara_pos_y": "0",
        "chara_shadow": 1,
        "direction": 1,
        "effect_id": 0,
        "effect_start_sec": "",
        "fixed_render_order": 0,
        "grid_pos_x": 3,
        "grid_pos_y": 2,
        "group_id": 0,
        "id": 2000111,
        "is_mob": 0,
        "main_chara_num": 1,
        "motion_name": "Idle01",
        "pos_obj": "None",
        "position_anim": "",
        "position_file": "",
        "priority": 0,
        "se_cue_name01": "",
        "se_cue_name02": "",
        "se_cue_sheet01": "",
        "se_cue_sheet02": "",
        "se_start_frame01": 0,
        "se_start_frame02": 0,
        "sub_group_id": 0,
        "timeline": "",
        "timeline_actor": "",
        "use_grid_pos_job_select": 0
    },
    {
        "bg_id": 20001,
        "chara_pos_y": "0",
        "chara_shadow": 1,
        "direction": 1,
        "effect_id": 0,
        "effect_start_sec": "",
        "fixed_render_order": 0,
        "grid_pos_x": 14,
        "grid_pos_y": 2,
        "group_id": 0,
        "id": 2000112,
        "is_mob": 0,
        "main_chara_num": 1,
        "motion_name": "Idle01",
        "pos_obj": "None",
        "position_anim": "",
        "position_file": "",
        "priority": 0,
        "se_cue_name01": "",
        "se_cue_name02": "",
        "se_cue_sheet01": "",
        "se_cue_sheet02": "",
        "se_start_frame01": 0,
        "se_start_frame02": 0,
        "sub_group_id": 0,
        "timeline": "",
        "timeline_actor": "",
        "use_grid_pos_job_select": 0
    },
    {
        "bg_id": 20001,
        "chara_pos_y": "0",
        "chara_shadow": 1,
        "direction": 1,
        "effect_id": 0,
        "effect_start_sec": "",
        "fixed_render_order": 0,
        "grid_pos_x": 2,
        "grid_pos_y": 2,
        "group_id": 0,
        "id": 2000113,
        "is_mob": 0,
        "main_chara_num": 1,
        "motion_name": "Idle01",
        "pos_obj": "None",
        "position_anim": "",
        "position_file": "",
        "priority": 0,
        "se_cue_name01": "",
        "se_cue_name02": "",
        "se_cue_sheet01": "",
        "se_cue_sheet02": "",
        "se_start_frame01": 0,
        "se_start_frame02": 0,
        "sub_group_id": 0,
        "timeline": "",
        "timeline_actor": "",
        "use_grid_pos_job_select": 0
    },
    {
        "bg_id": 20001,
        "chara_pos_y": "0",
        "chara_shadow": 1,
        "direction": 1,
        "effect_id": 0,
        "effect_start_sec": "",
        "fixed_render_order": 0,
        "grid_pos_x": 15,
        "grid_pos_y": 2,
        "group_id": 0,
        "id": 2000114,
        "is_mob": 0,
        "main_chara_num": 1,
        "motion_name": "Idle01",
        "pos_obj": "None",
        "position_anim": "",
        "position_file": "",
        "priority": 0,
        "se_cue_name01": "",
        "se_cue_name02": "",
        "se_cue_sheet01": "",
        "se_cue_sheet02": "",
        "se_start_frame01": 0,
        "se_start_frame02": 0,
        "sub_group_id": 0,
        "timeline": "",
        "timeline_actor": "",
        "use_grid_pos_job_select": 0
    },
    {
        "bg_id": 20001,
        "chara_pos_y": "0",
        "chara_shadow": 1,
        "direction": 1,
        "effect_id": 0,
        "effect_start_sec": "",
        "fixed_render_order": 0,
        "grid_pos_x": 1,
        "grid_pos_y": 2,
        "group_id": 0,
        "id": 2000115,
        "is_mob": 0,
        "main_chara_num": 1,
        "motion_name": "Idle01",
        "pos_obj": "None",
        "position_anim": "",
        "position_file": "",
        "priority": 0,
        "se_cue_name01": "",
        "se_cue_name02": "",
        "se_cue_sheet01": "",
        "se_cue_sheet02": "",
        "se_start_frame01": 0,
        "se_start_frame02": 0,
        "sub_group_id": 0,
        "timeline": "",
        "timeline_actor": "",
        "use_grid_pos_job_select": 0
    },
    {
        "bg_id": 20001,
        "chara_pos_y": "0",
        "chara_shadow": 1,
        "direction": 1,
        "effect_id": 0,
        "effect_start_sec": "",
        "fixed_render_order": 0,
        "grid_pos_x": 16,
        "grid_pos_y": 2,
        "group_id": 0,
        "id": 2000116,
        "is_mob": 0,
        "main_chara_num": 1,
        "motion_name": "Idle01",
        "pos_obj": "None",
        "position_anim": "",
        "position_file": "",
        "priority": 0,
        "se_cue_name01": "",
        "se_cue_name02": "",
        "se_cue_sheet01": "",
        "se_cue_sheet02": "",
        "se_start_frame01": 0,
        "se_start_frame02": 0,
        "sub_group_id": 0,
        "timeline": "",
        "timeline_actor": "",
        "use_grid_pos_job_select": 0
    },
    {
        "bg_id": 20001,
        "chara_pos_y": "0",
        "chara_shadow": 1,
        "direction": 1,
        "effect_id": 0,
        "effect_start_sec": "",
        "fixed_render_order": 0,
        "grid_pos_x": 0,
        "grid_pos_y": 2,
        "group_id": 0,
        "id": 2000117,
        "is_mob": 0,
        "main_chara_num": 1,
        "motion_name": "Idle01",
        "pos_obj": "None",
        "position_anim": "",
        "position_file": "",
        "priority": 0,
        "se_cue_name01": "",
        "se_cue_name02": "",
        "se_cue_sheet01": "",
        "se_cue_sheet02": "",
        "se_start_frame01": 0,
        "se_start_frame02": 0,
        "sub_group_id": 0,
        "timeline": "",
        "timeline_actor": "",
        "use_grid_pos_job_select": 0
    },
    {
        "bg_id": 20001,
        "chara_pos_y": "0",
        "chara_shadow": 1,
        "direction": 1,
        "effect_id": 0,
        "effect_start_sec": "",
        "fixed_render_order": 0,
        "grid_pos_x": 17,
        "grid_pos_y": 2,
        "group_id": 0,
        "id": 2000118,
        "is_mob": 0,
        "main_chara_num": 1,
        "motion_name": "Idle01",
        "pos_obj": "None",
        "position_anim": "",
        "position_file": "",
        "priority": 0,
        "se_cue_name01": "",
        "se_cue_name02": "",
        "se_cue_sheet01": "",
        "se_cue_sheet02": "",
        "se_start_frame01": 0,
        "se_start_frame02": 0,
        "sub_group_id": 0,
        "timeline": "",
        "timeline_actor": "",
        "use_grid_pos_job_select": 0
    },
    {
        "bg_id": 99001,
        "chara_pos_y": "0",
        "chara_shadow": 1,
        "direction": 3,
        "effect_id": 0,
        "effect_start_sec": "",
        "fixed_render_order": 0,
        "grid_pos_x": 14,
        "grid_pos_y": 0,
        "group_id": 0,
        "id": 9900001,
        "is_mob": 0,
        "main_chara_num": 1,
        "motion_name": "Circle02_102",
        "pos_obj": "chr01",
        "position_anim": "motion01",
        "position_file": "Circle/Position/pfb_min_cir_type00_02_102_pos",
        "priority": 0,
        "se_cue_name01": "",
        "se_cue_name02": "",
        "se_cue_sheet01": "",
        "se_cue_sheet02": "",
        "se_start_frame01": 0,
        "se_start_frame02": 0,
        "sub_group_id": 0,
        "timeline": "",
        "timeline_actor": "",
        "use_grid_pos_job_select": 1
    },
    {
        "bg_id": 99001,
        "chara_pos_y": "0",
        "chara_shadow": 1,
        "direction": 1,
        "effect_id": 0,
        "effect_start_sec": "",
        "fixed_render_order": 0,
        "grid_pos_x": 7,
        "grid_pos_y": 4,
        "group_id": 1,
        "id": 9900002,
        "is_mob": 0,
        "main_chara_num": 2,
        "motion_name": "Circle02_201",
        "pos_obj": "None",
        "position_anim": "motion01",
        "position_file": "",
        "priority": 1,
        "se_cue_name01": "snd_sfx_circle_sd_traction",
        "se_cue_name02": "",
        "se_cue_sheet01": "snd_sfx_circle_sd_traction",
        "se_cue_sheet02": "",
        "se_start_frame01": 4,
        "se_start_frame02": 0,
        "sub_group_id": 0,
        "timeline": "",
        "timeline_actor": "",
        "use_grid_pos_job_select": 1
    },
    {
        "bg_id": 99001,
        "chara_pos_y": "0",
        "chara_shadow": 1,
        "direction": 1,
        "effect_id": 0,
        "effect_start_sec": "",
        "fixed_render_order": 0,
        "grid_pos_x": 7,
        "grid_pos_y": 4,
        "group_id": 1,
        "id": 9900003,
        "is_mob": 0,
        "main_chara_num": 2,
        "motion_name": "Circle02_202",
        "pos_obj": "None",
        "position_anim": "motion01",
        "position_file": "",
        "priority": 1,
        "se_cue_name01": "",
        "se_cue_name02": "",
        "se_cue_sheet01": "",
        "se_cue_sheet02": "",
        "se_start_frame01": 0,
        "se_start_frame02": 0,
        "sub_group_id": 0,
        "timeline": "",
        "timeline_actor": "",
        "use_grid_pos_job_select": 1
    },
    {
        "bg_id": 99001,
        "chara_pos_y": "0",
        "chara_shadow": 1,
        "direction": 8,
        "effect_id": 0,
        "effect_start_sec": "",
        "fixed_render_order": 0,
        "grid_pos_x": 7,
        "grid_pos_y": 1,
        "group_id": 2,
        "id": 9900004,
        "is_mob": 0,
        "main_chara_num": 3,
        "motion_name": "Circle02_301",
        "pos_obj": "None",
        "position_anim": "",
        "position_file": "",
        "priority": 1,
        "se_cue_name01": "snd_sfx_circle_sd_jumprope",
        "se_cue_name02": "",
        "se_cue_sheet01": "snd_sfx_circle_sd_jumprope",
        "se_cue_sheet02": "",
        "se_start_frame01": 0,
        "se_start_frame02": 0,
        "sub_group_id": 0,
        "timeline": "",
        "timeline_actor": "",
        "use_grid_pos_job_select": 0
    },
    {
        "bg_id": 99001,
        "chara_pos_y": "0",
        "chara_shadow": 1,
        "direction": 8,
        "effect_id": 0,
        "effect_start_sec": "",
        "fixed_render_order": 0,
        "grid_pos_x": 7,
        "grid_pos_y": 1,
        "group_id": 2,
        "id": 9900005,
        "is_mob": 0,
        "main_chara_num": 3,
        "motion_name": "Circle02_302",
        "pos_obj": "None",
        "position_anim": "",
        "position_file": "",
        "priority": 1,
        "se_cue_name01": "",
        "se_cue_name02": "",
        "se_cue_sheet01": "",
        "se_cue_sheet02": "",
        "se_start_frame01": 0,
        "se_start_frame02": 0,
        "sub_group_id": 0,
        "timeline": "",
        "timeline_actor": "",
        "use_grid_pos_job_select": 0
    },
    {
        "bg_id": 99001,
        "chara_pos_y": "0",
        "chara_shadow": 1,
        "direction": 8,
        "effect_id": 0,
        "effect_start_sec": "",
        "fixed_render_order": 0,
        "grid_pos_x": 7,
        "grid_pos_y": 1,
        "group_id": 2,
        "id": 9900006,
        "is_mob": 0,
        "main_chara_num": 3,
        "motion_name": "Circle02_303",
        "pos_obj": "None",
        "position_anim": "",
        "position_file": "",
        "priority": 1,
        "se_cue_name01": "",
        "se_cue_name02": "",
        "se_cue_sheet01": "",
        "se_cue_sheet02": "",
        "se_start_frame01": 0,
        "se_start_frame02": 0,
        "sub_group_id": 0,
        "timeline": "",
        "timeline_actor": "",
        "use_grid_pos_job_select": 0
    },
    {
        "bg_id": 99001,
        "chara_pos_y": "0",
        "chara_shadow": 1,
        "direction": 1,
        "effect_id": 0,
        "effect_start_sec": "",
        "fixed_render_order": 0,
        "grid_pos_x": 7,
        "grid_pos_y": 4,
        "group_id": 3,
        "id": 9900007,
        "is_mob": 0,
        "main_chara_num": 3,
        "motion_name": "Circle03_301",
        "pos_obj": "None",
        "position_anim": "",
        "position_file": "",
        "priority": 1,
        "se_cue_name01": "",
        "se_cue_name02": "",
        "se_cue_sheet01": "",
        "se_cue_sheet02": "",
        "se_start_frame01": 0,
        "se_start_frame02": 0,
        "sub_group_id": 0,
        "timeline": "",
        "timeline_actor": "",
        "use_grid_pos_job_select": 0
    },
    {
        "bg_id": 99001,
        "chara_pos_y": "0",
        "chara_shadow": 1,
        "direction": 1,
        "effect_id": 0,
        "effect_start_sec": "",
        "fixed_render_order": 0,
        "grid_pos_x": 7,
        "grid_pos_y": 4,
        "group_id": 3,
        "id": 9900008,
        "is_mob": 0,
        "main_chara_num": 3,
        "motion_name": "Circle03_302_01",
        "pos_obj": "None",
        "position_anim": "",
        "position_file": "",
        "priority": 1,
        "se_cue_name01": "",
        "se_cue_name02": "",
        "se_cue_sheet01": "",
        "se_cue_sheet02": "",
        "se_start_frame01": 0,
        "se_start_frame02": 0,
        "sub_group_id": 0,
        "timeline": "",
        "timeline_actor": "",
        "use_grid_pos_job_select": 0
    },
    {
        "bg_id": 99001,
        "chara_pos_y": "0",
        "chara_shadow": 1,
        "direction": 1,
        "effect_id": 0,
        "effect_start_sec": "",
        "fixed_render_order": 0,
        "grid_pos_x": 7,
        "grid_pos_y": 4,
        "group_id": 3,
        "id": 9900009,
        "is_mob": 0,
        "main_chara_num": 3,
        "motion_name": "Circle03_303_01",
        "pos_obj": "None",
        "position_anim": "",
        "position_file": "",
        "priority": 1,
        "se_cue_name01": "",
        "se_cue_name02": "",
        "se_cue_sheet01": "",
        "se_cue_sheet02": "",
        "se_start_frame01": 0,
        "se_start_frame02": 0,
        "sub_group_id": 0,
        "timeline": "",
        "timeline_actor": "",
        "use_grid_pos_job_select": 0
    }
]