[
    {
        "dress_id": 2,
        "grid_offset_x": "0",
        "grid_offset_y": "0",
        "id": 10001,
        "position": "",
        "release_num": 1,
        "scene_type": 1,
        "size_x": 15,
        "size_y": 5
    },
    {
        "dress_id": 6,
        "grid_offset_x": "0",
        "grid_offset_y": "0",
        "id": 10002,
        "position": "",
        "release_num": 11,
        "scene_type": 1,
        "size_x": 15,
        "size_y": 5
    },
    {
        "dress_id": 2,
        "grid_offset_x": "0",
        "grid_offset_y": "0",
        "id": 10003,
        "position": "",
        "release_num": 21,
        "scene_type": 1,
        "size_x": 15,
        "size_y": 7
    },
    {
        "dress_id": 2,
        "grid_offset_x": "0",
        "grid_offset_y": "1.5",
        "id": 20001,
        "position": "",
        "release_num": 0,
        "scene_type": 2,
        "size_x": 18,
        "size_y": 6
    },
    {
        "dress_id": 2,
        "grid_offset_x": "0",
        "grid_offset_y": "0",
        "id": 99001,
        "position": "",
        "release_num": 0,
        "scene_type": 99,
        "size_x": 15,
        "size_y": 5
    }
]