[
    {
        "chara_data_id": 0,
        "disp_order": 42,
        "end_date": 2524575600,
        "group_id": 42,
        "id": 1,
        "rank": 1,
        "receive_condition_type": 3,
        "scenario_id": 0,
        "start_date": 1483196400,
        "user_show": 1
    },
    {
        "chara_data_id": 0,
        "disp_order": 43,
        "end_date": 2524575600,
        "group_id": 43,
        "id": 2,
        "rank": 1,
        "receive_condition_type": 3,
        "scenario_id": 0,
        "start_date": 1483196400,
        "user_show": 1
    },
    {
        "chara_data_id": 0,
        "disp_order": 44,
        "end_date": 2524575600,
        "group_id": 44,
        "id": 3,
        "rank": 1,
        "receive_condition_type": 3,
        "scenario_id": 0,
        "start_date": 1483196400,
        "user_show": 1
    },
    {
        "chara_data_id": 0,
        "disp_order": 22,
        "end_date": 2524575600,
        "group_id": 22,
        "id": 4,
        "rank": 1,
        "receive_condition_type": 1,
        "scenario_id": 0,
        "start_date": 1483196400,
        "user_show": 1
    },
    {
        "chara_data_id": 1052,
        "disp_order": 2047,
        "end_date": 2524575600,
        "group_id": 2047,
        "id": 5,
        "rank": 3,
        "receive_condition_type": 3,
        "scenario_id": 0,
        "start_date": 1483196400,
        "user_show": 1
    },
    {
        "chara_data_id": 0,
        "disp_order": 28,
        "end_date": 2524575600,
        "group_id": 28,
        "id": 7,
        "rank": 1,
        "receive_condition_type": 1,
        "scenario_id": 0,
        "start_date": 1483196400,
        "user_show": 1
    },
    {
        "chara_data_id": 0,
        "disp_order": 41,
        "end_date": 2524575600,
        "group_id": 41,
        "id": 8,
        "rank": 1,
        "receive_condition_type": 3,
        "scenario_id": 0,
        "start_date": 1483196400,
        "user_show": 1
    },
    {
        "chara_data_id": 0,
        "disp_order": 12,
        "end_date": 2524575600,
        "group_id": 12,
        "id": 9,
        "rank": 1,
        "receive_condition_type": 3,
        "scenario_id": 0,
        "start_date": 1483196400,
        "user_show": 1
    },
    {
        "chara_data_id": 0,
        "disp_order": 1001,
        "end_date": 2524575600,
        "group_id": 1001,
        "id": 10,
        "rank": 2,
        "receive_condition_type": 3,
        "scenario_id": 0,
        "start_date": 1483196400,
        "user_show": 1
    },
    {
        "chara_data_id": 0,
        "disp_order": 23,
        "end_date": 2524575600,
        "group_id": 23,
        "id": 12,
        "rank": 1,
        "receive_condition_type": 3,
        "scenario_id": 0,
        "start_date": 1483196400,
        "user_show": 1
    },
    {
        "chara_data_id": 0,
        "disp_order": 34,
        "end_date": 2524575600,
        "group_id": 34,
        "id": 13,
        "rank": 1,
        "receive_condition_type": 3,
        "scenario_id": 0,
        "start_date": 1483196400,
        "user_show": 1
    },
    {
        "chara_data_id": 0,
        "disp_order": 35,
        "end_date": 2524575600,
        "group_id": 35,
        "id": 14,
        "rank": 1,
        "receive_condition_type": 3,
        "scenario_id": 0,
        "start_date": 1483196400,
        "user_show": 1
    },
    {
        "chara_data_id": 0,
        "disp_order": 36,
        "end_date": 2524575600,
        "group_id": 36,
        "id": 15,
        "rank": 1,
        "receive_condition_type": 3,
        "scenario_id": 0,
        "start_date": 1483196400,
        "user_show": 1
    },
    {
        "chara_data_id": 0,
        "disp_order": 37,
        "end_date": 2524575600,
        "group_id": 37,
        "id": 16,
        "rank": 1,
        "receive_condition_type": 3,
        "scenario_id": 0,
        "start_date": 1483196400,
        "user_show": 1
    },
    {
        "chara_data_id": 0,
        "disp_order": 38,
        "end_date": 2524575600,
        "group_id": 38,
        "id": 17,
        "rank": 1,
        "receive_condition_type": 3,
        "scenario_id": 0,
        "start_date": 1483196400,
        "user_show": 1
    },
    {
        "chara_data_id": 0,
        "disp_order": 1,
        "end_date": 2524575600,
        "group_id": 1,
        "id": 18,
        "rank": 1,
        "receive_condition_type": 3,
        "scenario_id": 0,
        "start_date": 1483196400,
        "user_show": 1
    },
    {
        "chara_data_id": 0,
        "disp_order": 45,
        "end_date": 2524575600,
        "group_id": 45,
        "id": 19,
        "rank": 1,
        "receive_condition_type": 3,
        "scenario_id": 0,
        "start_date": 1483196400,
        "user_show": 1
    },
    {
        "chara_data_id": 0,
        "disp_order": 14,
        "end_date": 2524575600,
        "group_id": 14,
        "id": 20,
        "rank": 1,
        "receive_condition_type": 1,
        "scenario_id": 0,
        "start_date": 1483196400,
        "user_show": 1
    },
    {
        "chara_data_id": 0,
        "disp_order": 3,
        "end_date": 2524575600,
        "group_id": 3,
        "id": 21,
        "rank": 1,
        "receive_condition_type": 3,
        "scenario_id": 0,
        "start_date": 1483196400,
        "user_show": 1
    },
    {
        "chara_data_id": 0,
        "disp_order": 2,
        "end_date": 2524575600,
        "group_id": 2,
        "id": 22,
        "rank": 1,
        "receive_condition_type": 3,
        "scenario_id": 0,
        "start_date": 1483196400,
        "user_show": 1
    },
    {
        "chara_data_id": 0,
        "disp_order": 4,
        "end_date": 2524575600,
        "group_id": 4,
        "id": 23,
        "rank": 1,
        "receive_condition_type": 3,
        "scenario_id": 0,
        "start_date": 1483196400,
        "user_show": 1
    },
    {
        "chara_data_id": 0,
        "disp_order": 30,
        "end_date": 2524575600,
        "group_id": 30,
        "id": 24,
        "rank": 1,
        "receive_condition_type": 3,
        "scenario_id": 0,
        "start_date": 1483196400,
        "user_show": 1
    },
    {
        "chara_data_id": 0,
        "disp_order": 31,
        "end_date": 2524575600,
        "group_id": 31,
        "id": 25,
        "rank": 1,
        "receive_condition_type": 3,
        "scenario_id": 0,
        "start_date": 1483196400,
        "user_show": 1
    },
    {
        "chara_data_id": 0,
        "disp_order": 1002,
        "end_date": 2524575600,
        "group_id": 1002,
        "id": 26,
        "rank": 2,
        "receive_condition_type": 3,
        "scenario_id": 0,
        "start_date": 1483196400,
        "user_show": 1
    },
    {
        "chara_data_id": 0,
        "disp_order": 1003,
        "end_date": 2524575600,
        "group_id": 1003,
        "id": 27,
        "rank": 2,
        "receive_condition_type": 3,
        "scenario_id": 0,
        "start_date": 1483196400,
        "user_show": 1
    },
    {
        "chara_data_id": 0,
        "disp_order": 1036,
        "end_date": 2524575600,
        "group_id": 1036,
        "id": 28,
        "rank": 2,
        "receive_condition_type": 3,
        "scenario_id": 0,
        "start_date": 1483196400,
        "user_show": 1
    },
    {
        "chara_data_id": 0,
        "disp_order": 1037,
        "end_date": 2524575600,
        "group_id": 1037,
        "id": 29,
        "rank": 2,
        "receive_condition_type": 3,
        "scenario_id": 0,
        "start_date": 1483196400,
        "user_show": 1
    },
    {
        "chara_data_id": 0,
        "disp_order": 1032,
        "end_date": 2524575600,
        "group_id": 1032,
        "id": 30,
        "rank": 2,
        "receive_condition_type": 3,
        "scenario_id": 0,
        "start_date": 1483196400,
        "user_show": 1
    },
    {
        "chara_data_id": 0,
        "disp_order": 1004,
        "end_date": 2524575600,
        "group_id": 1004,
        "id": 31,
        "rank": 2,
        "receive_condition_type": 3,
        "scenario_id": 0,
        "start_date": 1483196400,
        "user_show": 1
    },
    {
        "chara_data_id": 0,
        "disp_order": 1005,
        "end_date": 2524575600,
        "group_id": 1005,
        "id": 32,
        "rank": 2,
        "receive_condition_type": 3,
        "scenario_id": 0,
        "start_date": 1483196400,
        "user_show": 1
    },
    {
        "chara_data_id": 0,
        "disp_order": 5,
        "end_date": 2524575600,
        "group_id": 5,
        "id": 33,
        "rank": 1,
        "receive_condition_type": 3,
        "scenario_id": 0,
        "start_date": 1483196400,
        "user_show": 1
    },
    {
        "chara_data_id": 0,
        "disp_order": 16,
        "end_date": 2524575600,
        "group_id": 16,
        "id": 34,
        "rank": 1,
        "receive_condition_type": 3,
        "scenario_id": 0,
        "start_date": 1483196400,
        "user_show": 1
    },
    {
        "chara_data_id": 0,
        "disp_order": 25,
        "end_date": 2524575600,
        "group_id": 25,
        "id": 35,
        "rank": 1,
        "receive_condition_type": 3,
        "scenario_id": 0,
        "start_date": 1483196400,
        "user_show": 1
    },
    {
        "chara_data_id": 0,
        "disp_order": 27,
        "end_date": 2524575600,
        "group_id": 27,
        "id": 36,
        "rank": 1,
        "receive_condition_type": 3,
        "scenario_id": 0,
        "start_date": 1483196400,
        "user_show": 1
    },
    {
        "chara_data_id": 0,
        "disp_order": 1006,
        "end_date": 2524575600,
        "group_id": 1006,
        "id": 37,
        "rank": 2,
        "receive_condition_type": 3,
        "scenario_id": 0,
        "start_date": 1483196400,
        "user_show": 1
    },
    {
        "chara_data_id": 0,
        "disp_order": 1007,
        "end_date": 2524575600,
        "group_id": 1007,
        "id": 38,
        "rank": 2,
        "receive_condition_type": 3,
        "scenario_id": 0,
        "start_date": 1483196400,
        "user_show": 1
    },
    {
        "chara_data_id": 0,
        "disp_order": 1031,
        "end_date": 2524575600,
        "group_id": 1031,
        "id": 39,
        "rank": 2,
        "receive_condition_type": 3,
        "scenario_id": 0,
        "start_date": 1483196400,
        "user_show": 1
    },
    {
        "chara_data_id": 0,
        "disp_order": 29,
        "end_date": 2524575600,
        "group_id": 29,
        "id": 40,
        "rank": 1,
        "receive_condition_type": 3,
        "scenario_id": 0,
        "start_date": 1483196400,
        "user_show": 1
    },
    {
        "chara_data_id": 0,
        "disp_order": 1025,
        "end_date": 2524575600,
        "group_id": 1025,
        "id": 41,
        "rank": 2,
        "receive_condition_type": 3,
        "scenario_id": 0,
        "start_date": 1483196400,
        "user_show": 1
    },
    {
        "chara_data_id": 0,
        "disp_order": 19,
        "end_date": 2524575600,
        "group_id": 19,
        "id": 42,
        "rank": 1,
        "receive_condition_type": 1,
        "scenario_id": 0,
        "start_date": 1483196400,
        "user_show": 1
    },
    {
        "chara_data_id": 1018,
        "disp_order": 2001,
        "end_date": 2524575600,
        "group_id": 2001,
        "id": 43,
        "rank": 3,
        "receive_condition_type": 3,
        "scenario_id": 0,
        "start_date": 1483196400,
        "user_show": 1
    },
    {
        "chara_data_id": 1040,
        "disp_order": 2002,
        "end_date": 2524575600,
        "group_id": 2002,
        "id": 44,
        "rank": 3,
        "receive_condition_type": 1,
        "scenario_id": 0,
        "start_date": 1667790000,
        "user_show": 1
    },
    {
        "chara_data_id": 1030,
        "disp_order": 2003,
        "end_date": 2524575600,
        "group_id": 2003,
        "id": 45,
        "rank": 3,
        "receive_condition_type": 1,
        "scenario_id": 0,
        "start_date": 1483196400,
        "user_show": 1
    },
    {
        "chara_data_id": 1037,
        "disp_order": 2004,
        "end_date": 2524575600,
        "group_id": 2004,
        "id": 46,
        "rank": 3,
        "receive_condition_type": 1,
        "scenario_id": 0,
        "start_date": 1670295600,
        "user_show": 1
    },
    {
        "chara_data_id": 1035,
        "disp_order": 2005,
        "end_date": 2524575600,
        "group_id": 2005,
        "id": 47,
        "rank": 3,
        "receive_condition_type": 3,
        "scenario_id": 0,
        "start_date": 1483196400,
        "user_show": 1
    },
    {
        "chara_data_id": 1032,
        "disp_order": 2006,
        "end_date": 2524575600,
        "group_id": 2006,
        "id": 48,
        "rank": 3,
        "receive_condition_type": 3,
        "scenario_id": 0,
        "start_date": 1483196400,
        "user_show": 1
    },
    {
        "chara_data_id": 0,
        "disp_order": 2512,
        "end_date": 2524575600,
        "group_id": 2512,
        "id": 49,
        "rank": 3,
        "receive_condition_type": 3,
        "scenario_id": 0,
        "start_date": 1483196400,
        "user_show": 1
    },
    {
        "chara_data_id": 0,
        "disp_order": 1008,
        "end_date": 2524575600,
        "group_id": 1008,
        "id": 50,
        "rank": 2,
        "receive_condition_type": 3,
        "scenario_id": 0,
        "start_date": 1483196400,
        "user_show": 1
    },
    {
        "chara_data_id": 0,
        "disp_order": 1009,
        "end_date": 2524575600,
        "group_id": 1009,
        "id": 51,
        "rank": 2,
        "receive_condition_type": 3,
        "scenario_id": 0,
        "start_date": 1483196400,
        "user_show": 1
    },
    {
        "chara_data_id": 0,
        "disp_order": 1034,
        "end_date": 2524575600,
        "group_id": 1034,
        "id": 52,
        "rank": 2,
        "receive_condition_type": 3,
        "scenario_id": 0,
        "start_date": 1483196400,
        "user_show": 1
    },
    {
        "chara_data_id": 0,
        "disp_order": 2501,
        "end_date": 2524575600,
        "group_id": 2501,
        "id": 54,
        "rank": 3,
        "receive_condition_type": 2,
        "scenario_id": 0,
        "start_date": 1483196400,
        "user_show": 1
    },
    {
        "chara_data_id": 0,
        "disp_order": 2505,
        "end_date": 2524575600,
        "group_id": 2505,
        "id": 55,
        "rank": 3,
        "receive_condition_type": 3,
        "scenario_id": 0,
        "start_date": 1483196400,
        "user_show": 1
    },
    {
        "chara_data_id": 0,
        "disp_order": 1010,
        "end_date": 2524575600,
        "group_id": 1010,
        "id": 56,
        "rank": 2,
        "receive_condition_type": 3,
        "scenario_id": 0,
        "start_date": 1483196400,
        "user_show": 1
    },
    {
        "chara_data_id": 0,
        "disp_order": 2513,
        "end_date": 2524575600,
        "group_id": 2513,
        "id": 57,
        "rank": 3,
        "receive_condition_type": 3,
        "scenario_id": 0,
        "start_date": 1483196400,
        "user_show": 1
    },
    {
        "chara_data_id": 0,
        "disp_order": 2514,
        "end_date": 2524575600,
        "group_id": 2514,
        "id": 58,
        "rank": 3,
        "receive_condition_type": 3,
        "scenario_id": 0,
        "start_date": 1483196400,
        "user_show": 1
    },
    {
        "chara_data_id": 0,
        "disp_order": 1011,
        "end_date": 2524575600,
        "group_id": 1011,
        "id": 59,
        "rank": 2,
        "receive_condition_type": 3,
        "scenario_id": 0,
        "start_date": 1483196400,
        "user_show": 1
    },
    {
        "chara_data_id": 0,
        "disp_order": 2502,
        "end_date": 2524575600,
        "group_id": 2502,
        "id": 60,
        "rank": 3,
        "receive_condition_type": 3,
        "scenario_id": 0,
        "start_date": 1483196400,
        "user_show": 1
    },
    {
        "chara_data_id": 0,
        "disp_order": 2515,
        "end_date": 2524575600,
        "group_id": 2515,
        "id": 61,
        "rank": 3,
        "receive_condition_type": 2,
        "scenario_id": 0,
        "start_date": 1483196400,
        "user_show": 1
    },
    {
        "chara_data_id": 0,
        "disp_order": 24,
        "end_date": 2524575600,
        "group_id": 24,
        "id": 62,
        "rank": 1,
        "receive_condition_type": 3,
        "scenario_id": 0,
        "start_date": 1483196400,
        "user_show": 1
    },
    {
        "chara_data_id": 0,
        "disp_order": 2516,
        "end_date": 2524575600,
        "group_id": 2516,
        "id": 63,
        "rank": 3,
        "receive_condition_type": 3,
        "scenario_id": 0,
        "start_date": 1483196400,
        "user_show": 1
    },
    {
        "chara_data_id": 0,
        "disp_order": 2517,
        "end_date": 2524575600,
        "group_id": 2517,
        "id": 64,
        "rank": 3,
        "receive_condition_type": 3,
        "scenario_id": 0,
        "start_date": 1483196400,
        "user_show": 1
    },
    {
        "chara_data_id": 0,
        "disp_order": 2504,
        "end_date": 2524575600,
        "group_id": 2504,
        "id": 65,
        "rank": 3,
        "receive_condition_type": 3,
        "scenario_id": 0,
        "start_date": 1483196400,
        "user_show": 1
    },
    {
        "chara_data_id": 1001,
        "disp_order": 2017,
        "end_date": 2524575600,
        "group_id": 2017,
        "id": 66,
        "rank": 3,
        "receive_condition_type": 3,
        "scenario_id": 0,
        "start_date": 1483196400,
        "user_show": 1
    },
    {
        "chara_data_id": 1002,
        "disp_order": 2018,
        "end_date": 2524575600,
        "group_id": 2018,
        "id": 67,
        "rank": 3,
        "receive_condition_type": 3,
        "scenario_id": 0,
        "start_date": 1483196400,
        "user_show": 1
    },
    {
        "chara_data_id": 1014,
        "disp_order": 2019,
        "end_date": 2524575600,
        "group_id": 2019,
        "id": 68,
        "rank": 3,
        "receive_condition_type": 1,
        "scenario_id": 0,
        "start_date": 1483196400,
        "user_show": 1
    },
    {
        "chara_data_id": 1004,
        "disp_order": 2020,
        "end_date": 2524575600,
        "group_id": 2020,
        "id": 69,
        "rank": 3,
        "receive_condition_type": 3,
        "scenario_id": 0,
        "start_date": 1483196400,
        "user_show": 1
    },
    {
        "chara_data_id": 1024,
        "disp_order": 2021,
        "end_date": 2524575600,
        "group_id": 2021,
        "id": 70,
        "rank": 3,
        "receive_condition_type": 3,
        "scenario_id": 0,
        "start_date": 1483196400,
        "user_show": 1
    },
    {
        "chara_data_id": 1041,
        "disp_order": 2022,
        "end_date": 2524575600,
        "group_id": 2022,
        "id": 71,
        "rank": 3,
        "receive_condition_type": 3,
        "scenario_id": 0,
        "start_date": 1483196400,
        "user_show": 1
    },
    {
        "chara_data_id": 1045,
        "disp_order": 2023,
        "end_date": 2524575600,
        "group_id": 2023,
        "id": 72,
        "rank": 3,
        "receive_condition_type": 3,
        "scenario_id": 0,
        "start_date": 1483196400,
        "user_show": 1
    },
    {
        "chara_data_id": 1011,
        "disp_order": 2024,
        "end_date": 2524575600,
        "group_id": 2024,
        "id": 73,
        "rank": 3,
        "receive_condition_type": 3,
        "scenario_id": 0,
        "start_date": 1483196400,
        "user_show": 1
    },
    {
        "chara_data_id": 1008,
        "disp_order": 2025,
        "end_date": 2524575600,
        "group_id": 2025,
        "id": 74,
        "rank": 3,
        "receive_condition_type": 3,
        "scenario_id": 0,
        "start_date": 1483196400,
        "user_show": 1
    },
    {
        "chara_data_id": 1009,
        "disp_order": 2026,
        "end_date": 2524575600,
        "group_id": 2026,
        "id": 75,
        "rank": 3,
        "receive_condition_type": 3,
        "scenario_id": 0,
        "start_date": 1483196400,
        "user_show": 1
    },
    {
        "chara_data_id": 1003,
        "disp_order": 2027,
        "end_date": 2524575600,
        "group_id": 2027,
        "id": 76,
        "rank": 3,
        "receive_condition_type": 3,
        "scenario_id": 0,
        "start_date": 1483196400,
        "user_show": 1
    },
    {
        "chara_data_id": 1007,
        "disp_order": 2028,
        "end_date": 2524575600,
        "group_id": 2028,
        "id": 77,
        "rank": 3,
        "receive_condition_type": 3,
        "scenario_id": 0,
        "start_date": 1483196400,
        "user_show": 1
    },
    {
        "chara_data_id": 1017,
        "disp_order": 2029,
        "end_date": 2524575600,
        "group_id": 2029,
        "id": 78,
        "rank": 3,
        "receive_condition_type": 3,
        "scenario_id": 0,
        "start_date": 1483196400,
        "user_show": 1
    },
    {
        "chara_data_id": 1056,
        "disp_order": 2030,
        "end_date": 2524575600,
        "group_id": 2030,
        "id": 79,
        "rank": 3,
        "receive_condition_type": 3,
        "scenario_id": 0,
        "start_date": 1483196400,
        "user_show": 1
    },
    {
        "chara_data_id": 1005,
        "disp_order": 2031,
        "end_date": 2524575600,
        "group_id": 2031,
        "id": 80,
        "rank": 3,
        "receive_condition_type": 3,
        "scenario_id": 0,
        "start_date": 1667185200,
        "user_show": 1
    },
    {
        "chara_data_id": 1060,
        "disp_order": 2032,
        "end_date": 2524575600,
        "group_id": 2032,
        "id": 81,
        "rank": 3,
        "receive_condition_type": 3,
        "scenario_id": 0,
        "start_date": 1483196400,
        "user_show": 1
    },
    {
        "chara_data_id": 1027,
        "disp_order": 2033,
        "end_date": 2524575600,
        "group_id": 2033,
        "id": 82,
        "rank": 3,
        "receive_condition_type": 3,
        "scenario_id": 0,
        "start_date": 1483196400,
        "user_show": 1
    },
    {
        "chara_data_id": 1010,
        "disp_order": 2034,
        "end_date": 2524575600,
        "group_id": 2034,
        "id": 83,
        "rank": 3,
        "receive_condition_type": 3,
        "scenario_id": 0,
        "start_date": 1483196400,
        "user_show": 1
    },
    {
        "chara_data_id": 1006,
        "disp_order": 2035,
        "end_date": 2524575600,
        "group_id": 2035,
        "id": 84,
        "rank": 3,
        "receive_condition_type": 3,
        "scenario_id": 0,
        "start_date": 1483196400,
        "user_show": 1
    },
    {
        "chara_data_id": 1012,
        "disp_order": 2036,
        "end_date": 2524575600,
        "group_id": 2036,
        "id": 85,
        "rank": 3,
        "receive_condition_type": 3,
        "scenario_id": 0,
        "start_date": 1665457200,
        "user_show": 1
    },
    {
        "chara_data_id": 1015,
        "disp_order": 2037,
        "end_date": 2524575600,
        "group_id": 2037,
        "id": 86,
        "rank": 3,
        "receive_condition_type": 3,
        "scenario_id": 0,
        "start_date": 1656298800,
        "user_show": 1
    },
    {
        "chara_data_id": 1026,
        "disp_order": 2038,
        "end_date": 2524575600,
        "group_id": 2038,
        "id": 87,
        "rank": 3,
        "receive_condition_type": 3,
        "scenario_id": 0,
        "start_date": 1656903600,
        "user_show": 1
    },
    {
        "chara_data_id": 1046,
        "disp_order": 2039,
        "end_date": 2524575600,
        "group_id": 2039,
        "id": 88,
        "rank": 3,
        "receive_condition_type": 3,
        "scenario_id": 0,
        "start_date": 1661439600,
        "user_show": 1
    },
    {
        "chara_data_id": 1038,
        "disp_order": 2040,
        "end_date": 2524575600,
        "group_id": 2040,
        "id": 89,
        "rank": 3,
        "receive_condition_type": 3,
        "scenario_id": 0,
        "start_date": 1660100400,
        "user_show": 1
    },
    {
        "chara_data_id": 0,
        "disp_order": 1012,
        "end_date": 2524575600,
        "group_id": 1012,
        "id": 90,
        "rank": 2,
        "receive_condition_type": 3,
        "scenario_id": 0,
        "start_date": 1483196400,
        "user_show": 1
    },
    {
        "chara_data_id": 0,
        "disp_order": 2518,
        "end_date": 2524575600,
        "group_id": 2518,
        "id": 91,
        "rank": 3,
        "receive_condition_type": 3,
        "scenario_id": 0,
        "start_date": 1483196400,
        "user_show": 1
    },
    {
        "chara_data_id": 0,
        "disp_order": 46,
        "end_date": 2524575600,
        "group_id": 46,
        "id": 92,
        "rank": 1,
        "receive_condition_type": 3,
        "scenario_id": 0,
        "start_date": 1483196400,
        "user_show": 1
    },
    {
        "chara_data_id": 0,
        "disp_order": 2510,
        "end_date": 2524575600,
        "group_id": 2510,
        "id": 97,
        "rank": 3,
        "receive_condition_type": 3,
        "scenario_id": 0,
        "start_date": 1483196400,
        "user_show": 1
    },
    {
        "chara_data_id": 0,
        "disp_order": 2511,
        "end_date": 2524575600,
        "group_id": 2511,
        "id": 98,
        "rank": 3,
        "receive_condition_type": 3,
        "scenario_id": 0,
        "start_date": 1483196400,
        "user_show": 1
    },
    {
        "chara_data_id": 0,
        "disp_order": 1035,
        "end_date": 2524575600,
        "group_id": 1035,
        "id": 99,
        "rank": 2,
        "receive_condition_type": 3,
        "scenario_id": 0,
        "start_date": 1483196400,
        "user_show": 1
    },
    {
        "chara_data_id": 0,
        "disp_order": 17,
        "end_date": 2524575600,
        "group_id": 17,
        "id": 100,
        "rank": 1,
        "receive_condition_type": 3,
        "scenario_id": 0,
        "start_date": 1483196400,
        "user_show": 1
    },
    {
        "chara_data_id": 0,
        "disp_order": 18,
        "end_date": 2524575600,
        "group_id": 18,
        "id": 101,
        "rank": 1,
        "receive_condition_type": 3,
        "scenario_id": 0,
        "start_date": 1483196400,
        "user_show": 1
    },
    {
        "chara_data_id": 0,
        "disp_order": 6,
        "end_date": 2524575600,
        "group_id": 6,
        "id": 102,
        "rank": 1,
        "receive_condition_type": 3,
        "scenario_id": 0,
        "start_date": 1483196400,
        "user_show": 1
    },
    {
        "chara_data_id": 0,
        "disp_order": 1018,
        "end_date": 2524575600,
        "group_id": 1018,
        "id": 103,
        "rank": 2,
        "receive_condition_type": 3,
        "scenario_id": 0,
        "start_date": 1483196400,
        "user_show": 1
    },
    {
        "chara_data_id": 0,
        "disp_order": 1019,
        "end_date": 2524575600,
        "group_id": 1019,
        "id": 104,
        "rank": 2,
        "receive_condition_type": 3,
        "scenario_id": 0,
        "start_date": 1483196400,
        "user_show": 1
    },
    {
        "chara_data_id": 0,
        "disp_order": 1013,
        "end_date": 2524575600,
        "group_id": 1013,
        "id": 105,
        "rank": 2,
        "receive_condition_type": 3,
        "scenario_id": 0,
        "start_date": 1483196400,
        "user_show": 1
    },
    {
        "chara_data_id": 0,
        "disp_order": 1014,
        "end_date": 2524575600,
        "group_id": 1014,
        "id": 106,
        "rank": 2,
        "receive_condition_type": 3,
        "scenario_id": 0,
        "start_date": 1483196400,
        "user_show": 1
    },
    {
        "chara_data_id": 0,
        "disp_order": 1015,
        "end_date": 2524575600,
        "group_id": 1015,
        "id": 107,
        "rank": 2,
        "receive_condition_type": 3,
        "scenario_id": 0,
        "start_date": 1483196400,
        "user_show": 1
    },
    {
        "chara_data_id": 0,
        "disp_order": 1016,
        "end_date": 2524575600,
        "group_id": 1016,
        "id": 108,
        "rank": 2,
        "receive_condition_type": 2,
        "scenario_id": 0,
        "start_date": 1483196400,
        "user_show": 1
    },
    {
        "chara_data_id": 0,
        "disp_order": 1017,
        "end_date": 2524575600,
        "group_id": 1017,
        "id": 109,
        "rank": 2,
        "receive_condition_type": 3,
        "scenario_id": 0,
        "start_date": 1483196400,
        "user_show": 1
    },
    {
        "chara_data_id": 0,
        "disp_order": 1020,
        "end_date": 2524575600,
        "group_id": 1020,
        "id": 110,
        "rank": 2,
        "receive_condition_type": 3,
        "scenario_id": 0,
        "start_date": 1483196400,
        "user_show": 1
    },
    {
        "chara_data_id": 0,
        "disp_order": 1021,
        "end_date": 2524575600,
        "group_id": 1021,
        "id": 112,
        "rank": 2,
        "receive_condition_type": 3,
        "scenario_id": 0,
        "start_date": 1483196400,
        "user_show": 1
    },
    {
        "chara_data_id": 0,
        "disp_order": 2500,
        "end_date": 2524575600,
        "group_id": 2500,
        "id": 113,
        "rank": 3,
        "receive_condition_type": 3,
        "scenario_id": 0,
        "start_date": 1483196400,
        "user_show": 1
    },
    {
        "chara_data_id": 0,
        "disp_order": 2519,
        "end_date": 2524575600,
        "group_id": 2519,
        "id": 114,
        "rank": 3,
        "receive_condition_type": 3,
        "scenario_id": 0,
        "start_date": 1483196400,
        "user_show": 1
    },
    {
        "chara_data_id": 0,
        "disp_order": 1033,
        "end_date": 2524575600,
        "group_id": 1033,
        "id": 115,
        "rank": 2,
        "receive_condition_type": 1,
        "scenario_id": 0,
        "start_date": 1483196400,
        "user_show": 1
    },
    {
        "chara_data_id": 0,
        "disp_order": 1022,
        "end_date": 2524575600,
        "group_id": 1022,
        "id": 116,
        "rank": 2,
        "receive_condition_type": 3,
        "scenario_id": 0,
        "start_date": 1483196400,
        "user_show": 1
    },
    {
        "chara_data_id": 0,
        "disp_order": 2520,
        "end_date": 2524575600,
        "group_id": 2520,
        "id": 117,
        "rank": 3,
        "receive_condition_type": 3,
        "scenario_id": 0,
        "start_date": 1483196400,
        "user_show": 1
    },
    {
        "chara_data_id": 0,
        "disp_order": 1023,
        "end_date": 2524575600,
        "group_id": 1023,
        "id": 118,
        "rank": 2,
        "receive_condition_type": 3,
        "scenario_id": 0,
        "start_date": 1483196400,
        "user_show": 1
    },
    {
        "chara_data_id": 0,
        "disp_order": 1024,
        "end_date": 2524575600,
        "group_id": 1024,
        "id": 119,
        "rank": 2,
        "receive_condition_type": 3,
        "scenario_id": 0,
        "start_date": 1483196400,
        "user_show": 1
    },
    {
        "chara_data_id": 0,
        "disp_order": 7,
        "end_date": 2524575600,
        "group_id": 7,
        "id": 120,
        "rank": 1,
        "receive_condition_type": 3,
        "scenario_id": 0,
        "start_date": 1483196400,
        "user_show": 1
    },
    {
        "chara_data_id": 0,
        "disp_order": 8,
        "end_date": 2524575600,
        "group_id": 8,
        "id": 121,
        "rank": 1,
        "receive_condition_type": 3,
        "scenario_id": 0,
        "start_date": 1483196400,
        "user_show": 1
    },
    {
        "chara_data_id": 0,
        "disp_order": 9,
        "end_date": 2524575600,
        "group_id": 9,
        "id": 122,
        "rank": 1,
        "receive_condition_type": 3,
        "scenario_id": 0,
        "start_date": 1483196400,
        "user_show": 1
    },
    {
        "chara_data_id": 0,
        "disp_order": 10,
        "end_date": 2524575600,
        "group_id": 10,
        "id": 123,
        "rank": 1,
        "receive_condition_type": 3,
        "scenario_id": 0,
        "start_date": 1483196400,
        "user_show": 1
    },
    {
        "chara_data_id": 0,
        "disp_order": 11,
        "end_date": 2524575600,
        "group_id": 11,
        "id": 124,
        "rank": 1,
        "receive_condition_type": 3,
        "scenario_id": 0,
        "start_date": 1483196400,
        "user_show": 1
    },
    {
        "chara_data_id": 0,
        "disp_order": 13,
        "end_date": 2524575600,
        "group_id": 13,
        "id": 125,
        "rank": 1,
        "receive_condition_type": 3,
        "scenario_id": 0,
        "start_date": 1483196400,
        "user_show": 1
    },
    {
        "chara_data_id": 1061,
        "disp_order": 2048,
        "end_date": 2524575600,
        "group_id": 2048,
        "id": 126,
        "rank": 3,
        "receive_condition_type": 3,
        "scenario_id": 0,
        "start_date": 1483196400,
        "user_show": 1
    },
    {
        "chara_data_id": 1013,
        "disp_order": 2049,
        "end_date": 2524575600,
        "group_id": 2049,
        "id": 127,
        "rank": 3,
        "receive_condition_type": 3,
        "scenario_id": 0,
        "start_date": 1483196400,
        "user_show": 1
    },
    {
        "chara_data_id": 0,
        "disp_order": 40,
        "end_date": 2524575600,
        "group_id": 40,
        "id": 128,
        "rank": 1,
        "receive_condition_type": 3,
        "scenario_id": 0,
        "start_date": 1483196400,
        "user_show": 1
    },
    {
        "chara_data_id": 0,
        "disp_order": 39,
        "end_date": 2524575600,
        "group_id": 39,
        "id": 129,
        "rank": 1,
        "receive_condition_type": 3,
        "scenario_id": 0,
        "start_date": 1483196400,
        "user_show": 1
    },
    {
        "chara_data_id": 0,
        "disp_order": 1026,
        "end_date": 2524575600,
        "group_id": 1026,
        "id": 130,
        "rank": 2,
        "receive_condition_type": 3,
        "scenario_id": 0,
        "start_date": 1483196400,
        "user_show": 1
    },
    {
        "chara_data_id": 0,
        "disp_order": 32,
        "end_date": 2524575600,
        "group_id": 32,
        "id": 131,
        "rank": 1,
        "receive_condition_type": 3,
        "scenario_id": 0,
        "start_date": 1483196400,
        "user_show": 1
    },
    {
        "chara_data_id": 0,
        "disp_order": 33,
        "end_date": 2524575600,
        "group_id": 33,
        "id": 132,
        "rank": 1,
        "receive_condition_type": 1,
        "scenario_id": 0,
        "start_date": 1483196400,
        "user_show": 1
    },
    {
        "chara_data_id": 0,
        "disp_order": 15,
        "end_date": 2524575600,
        "group_id": 15,
        "id": 133,
        "rank": 1,
        "receive_condition_type": 3,
        "scenario_id": 0,
        "start_date": 1483196400,
        "user_show": 1
    },
    {
        "chara_data_id": 0,
        "disp_order": 20,
        "end_date": 2524575600,
        "group_id": 20,
        "id": 134,
        "rank": 1,
        "receive_condition_type": 3,
        "scenario_id": 0,
        "start_date": 1483196400,
        "user_show": 1
    },
    {
        "chara_data_id": 0,
        "disp_order": 2521,
        "end_date": 2524575600,
        "group_id": 2521,
        "id": 135,
        "rank": 3,
        "receive_condition_type": 3,
        "scenario_id": 0,
        "start_date": 1483196400,
        "user_show": 1
    },
    {
        "chara_data_id": 0,
        "disp_order": 2522,
        "end_date": 2524575600,
        "group_id": 2522,
        "id": 136,
        "rank": 3,
        "receive_condition_type": 3,
        "scenario_id": 0,
        "start_date": 1483196400,
        "user_show": 1
    },
    {
        "chara_data_id": 0,
        "disp_order": 2523,
        "end_date": 2524575600,
        "group_id": 2523,
        "id": 137,
        "rank": 3,
        "receive_condition_type": 3,
        "scenario_id": 0,
        "start_date": 1483196400,
        "user_show": 1
    },
    {
        "chara_data_id": 0,
        "disp_order": 2524,
        "end_date": 2524575600,
        "group_id": 2524,
        "id": 138,
        "rank": 3,
        "receive_condition_type": 3,
        "scenario_id": 0,
        "start_date": 1483196400,
        "user_show": 1
    },
    {
        "chara_data_id": 0,
        "disp_order": 2525,
        "end_date": 2524575600,
        "group_id": 2525,
        "id": 139,
        "rank": 3,
        "receive_condition_type": 3,
        "scenario_id": 0,
        "start_date": 1483196400,
        "user_show": 1
    },
    {
        "chara_data_id": 0,
        "disp_order": 1027,
        "end_date": 2524575600,
        "group_id": 1027,
        "id": 140,
        "rank": 2,
        "receive_condition_type": 3,
        "scenario_id": 0,
        "start_date": 1483196400,
        "user_show": 1
    },
    {
        "chara_data_id": 0,
        "disp_order": 21,
        "end_date": 2524575600,
        "group_id": 21,
        "id": 141,
        "rank": 1,
        "receive_condition_type": 3,
        "scenario_id": 0,
        "start_date": 1483196400,
        "user_show": 1
    },
    {
        "chara_data_id": 0,
        "disp_order": 1028,
        "end_date": 2524575600,
        "group_id": 1028,
        "id": 142,
        "rank": 2,
        "receive_condition_type": 3,
        "scenario_id": 0,
        "start_date": 1483196400,
        "user_show": 1
    },
    {
        "chara_data_id": 0,
        "disp_order": 1029,
        "end_date": 2524575600,
        "group_id": 1029,
        "id": 143,
        "rank": 2,
        "receive_condition_type": 1,
        "scenario_id": 0,
        "start_date": 1483196400,
        "user_show": 1
    },
    {
        "chara_data_id": 0,
        "disp_order": 1030,
        "end_date": 2524575600,
        "group_id": 1030,
        "id": 144,
        "rank": 2,
        "receive_condition_type": 1,
        "scenario_id": 0,
        "start_date": 1483196400,
        "user_show": 1
    },
    {
        "chara_data_id": 0,
        "disp_order": 2508,
        "end_date": 2524575600,
        "group_id": 2508,
        "id": 145,
        "rank": 3,
        "receive_condition_type": 3,
        "scenario_id": 0,
        "start_date": 1483196400,
        "user_show": 1
    },
    {
        "chara_data_id": 0,
        "disp_order": 2506,
        "end_date": 2524575600,
        "group_id": 2506,
        "id": 146,
        "rank": 3,
        "receive_condition_type": 3,
        "scenario_id": 0,
        "start_date": 1483196400,
        "user_show": 1
    },
    {
        "chara_data_id": 0,
        "disp_order": 1000,
        "end_date": 2524575600,
        "group_id": 1000,
        "id": 147,
        "rank": 2,
        "receive_condition_type": 1,
        "scenario_id": 0,
        "start_date": 1483196400,
        "user_show": 1
    },
    {
        "chara_data_id": 0,
        "disp_order": 2509,
        "end_date": 2524575600,
        "group_id": 2509,
        "id": 148,
        "rank": 3,
        "receive_condition_type": 3,
        "scenario_id": 0,
        "start_date": 1483196400,
        "user_show": 1
    },
    {
        "chara_data_id": 0,
        "disp_order": 2507,
        "end_date": 2524575600,
        "group_id": 2507,
        "id": 149,
        "rank": 3,
        "receive_condition_type": 3,
        "scenario_id": 0,
        "start_date": 1483196400,
        "user_show": 1
    },
    {
        "chara_data_id": 0,
        "disp_order": 2503,
        "end_date": 2524575600,
        "group_id": 2503,
        "id": 150,
        "rank": 3,
        "receive_condition_type": 3,
        "scenario_id": 0,
        "start_date": 1483196400,
        "user_show": 1
    },
    {
        "chara_data_id": 1023,
        "disp_order": 2050,
        "end_date": 2524575600,
        "group_id": 2050,
        "id": 151,
        "rank": 3,
        "receive_condition_type": 2,
        "scenario_id": 0,
        "start_date": 1657681200,
        "user_show": 1
    },
    {
        "chara_data_id": 0,
        "disp_order": 3001,
        "end_date": 2524575600,
        "group_id": 3001,
        "id": 152,
        "rank": 2,
        "receive_condition_type": 2,
        "scenario_id": 2,
        "start_date": 1671073200,
        "user_show": 1
    },
    {
        "chara_data_id": 0,
        "disp_order": 3002,
        "end_date": 2524575600,
        "group_id": 3002,
        "id": 153,
        "rank": 2,
        "receive_condition_type": 2,
        "scenario_id": 2,
        "start_date": 1671073200,
        "user_show": 1
    },
    {
        "chara_data_id": 0,
        "disp_order": 3003,
        "end_date": 2524575600,
        "group_id": 3003,
        "id": 154,
        "rank": 3,
        "receive_condition_type": 3,
        "scenario_id": 2,
        "start_date": 1671073200,
        "user_show": 1
    },
    {
        "chara_data_id": 0,
        "disp_order": 3004,
        "end_date": 2524575600,
        "group_id": 3004,
        "id": 155,
        "rank": 3,
        "receive_condition_type": 2,
        "scenario_id": 2,
        "start_date": 1671073200,
        "user_show": 1
    },
    {
        "chara_data_id": 1050,
        "disp_order": 2051,
        "end_date": 2524575600,
        "group_id": 2051,
        "id": 160,
        "rank": 3,
        "receive_condition_type": 3,
        "scenario_id": 0,
        "start_date": 1660791600,
        "user_show": 1
    },
    {
        "chara_data_id": 1016,
        "disp_order": 2052,
        "end_date": 2524575600,
        "group_id": 2052,
        "id": 161,
        "rank": 3,
        "receive_condition_type": 3,
        "scenario_id": 0,
        "start_date": 1662346800,
        "user_show": 1
    },
    {
        "chara_data_id": 0,
        "disp_order": 3007,
        "end_date": 2524575600,
        "group_id": 3007,
        "id": 162,
        "rank": 3,
        "receive_condition_type": 3,
        "scenario_id": 2,
        "start_date": 1671073200,
        "user_show": 1
    },
    {
        "chara_data_id": 0,
        "disp_order": 3008,
        "end_date": 2524575600,
        "group_id": 3008,
        "id": 163,
        "rank": 3,
        "receive_condition_type": 3,
        "scenario_id": 2,
        "start_date": 1671073200,
        "user_show": 1
    },
    {
        "chara_data_id": 1020,
        "disp_order": 2053,
        "end_date": 2524575600,
        "group_id": 2053,
        "id": 164,
        "rank": 3,
        "receive_condition_type": 3,
        "scenario_id": 0,
        "start_date": 1664334000,
        "user_show": 1
    },
    {
        "chara_data_id": 1058,
        "disp_order": 2054,
        "end_date": 2524575600,
        "group_id": 2054,
        "id": 165,
        "rank": 3,
        "receive_condition_type": 3,
        "scenario_id": 0,
        "start_date": 1669604400,
        "user_show": 1
    }
]