[
    {
        "id": 1,
        "sort": 1,
        "text_category_id": 163,
        "text_type": 1
    },
    {
        "id": 2,
        "sort": 2,
        "text_category_id": 162,
        "text_type": 1
    },
    {
        "id": 3,
        "sort": 3,
        "text_category_id": 8,
        "text_type": 1
    },
    {
        "id": 4,
        "sort": 1,
        "text_category_id": 158,
        "text_type": 2
    },
    {
        "id": 5,
        "sort": 2,
        "text_category_id": 9,
        "text_type": 2
    },
    {
        "id": 6,
        "sort": 3,
        "text_category_id": 157,
        "text_type": 2
    },
    {
        "id": 7,
        "sort": 1,
        "text_category_id": 164,
        "text_type": 3
    },
    {
        "id": 8,
        "sort": 2,
        "text_category_id": 165,
        "text_type": 3
    },
    {
        "id": 9,
        "sort": 1,
        "text_category_id": 166,
        "text_type": 4
    },
    {
        "id": 10,
        "sort": 2,
        "text_category_id": 167,
        "text_type": 4
    },
    {
        "id": 11,
        "sort": 1,
        "text_category_id": 168,
        "text_type": 5
    },
    {
        "id": 12,
        "sort": 1,
        "text_category_id": 169,
        "text_type": 6
    },
    {
        "id": 13,
        "sort": 1,
        "text_category_id": 163,
        "text_type": 7
    },
    {
        "id": 14,
        "sort": 2,
        "text_category_id": 173,
        "text_type": 7
    },
    {
        "id": 15,
        "sort": 3,
        "text_category_id": 157,
        "text_type": 7
    },
    {
        "id": 16,
        "sort": 1,
        "text_category_id": 163,
        "text_type": 8
    },
    {
        "id": 17,
        "sort": 2,
        "text_category_id": 173,
        "text_type": 8
    },
    {
        "id": 18,
        "sort": 3,
        "text_category_id": 174,
        "text_type": 8
    },
    {
        "id": 19,
        "sort": 1,
        "text_category_id": 176,
        "text_type": 9
    },
    {
        "id": 20,
        "sort": 2,
        "text_category_id": 177,
        "text_type": 9
    },
    {
        "id": 21,
        "sort": 3,
        "text_category_id": 178,
        "text_type": 9
    }
]