[
    {
        "group_id": 10,
        "id": 1,
        "max_num": 25,
        "min_num": 1,
        "pay_item_num": 1
    },
    {
        "group_id": 10,
        "id": 2,
        "max_num": 50,
        "min_num": 26,
        "pay_item_num": 2
    },
    {
        "group_id": 10,
        "id": 3,
        "max_num": 75,
        "min_num": 51,
        "pay_item_num": 3
    },
    {
        "group_id": 10,
        "id": 4,
        "max_num": 100,
        "min_num": 76,
        "pay_item_num": 4
    },
    {
        "group_id": 10,
        "id": 5,
        "max_num": 650,
        "min_num": 101,
        "pay_item_num": 5
    },
    {
        "group_id": 20,
        "id": 6,
        "max_num": 1,
        "min_num": 1,
        "pay_item_num": 100
    },
    {
        "group_id": 20,
        "id": 7,
        "max_num": 2,
        "min_num": 2,
        "pay_item_num": 900
    },
    {
        "group_id": 20,
        "id": 8,
        "max_num": 3,
        "min_num": 3,
        "pay_item_num": 2000
    },
    {
        "group_id": 20,
        "id": 9,
        "max_num": 4,
        "min_num": 4,
        "pay_item_num": 3000
    }
]