[
    {
        "bgm_cue_name_1": "snd_bgm_DM029A_race_short",
        "bgm_cue_name_10": "",
        "bgm_cue_name_11": "",
        "bgm_cue_name_12": "",
        "bgm_cue_name_13": "",
        "bgm_cue_name_14": "",
        "bgm_cue_name_15": "",
        "bgm_cue_name_16": "",
        "bgm_cue_name_17": "",
        "bgm_cue_name_18": "",
        "bgm_cue_name_19": "",
        "bgm_cue_name_2": "snd_bgm_DM029A_race_full",
        "bgm_cue_name_20": "",
        "bgm_cue_name_21": "",
        "bgm_cue_name_22": "",
        "bgm_cue_name_23": "",
        "bgm_cue_name_24": "",
        "bgm_cue_name_25": "",
        "bgm_cue_name_26": "",
        "bgm_cue_name_27": "",
        "bgm_cue_name_28": "",
        "bgm_cue_name_29": "",
        "bgm_cue_name_3": "",
        "bgm_cue_name_30": "",
        "bgm_cue_name_4": "",
        "bgm_cue_name_5": "",
        "bgm_cue_name_6": "",
        "bgm_cue_name_7": "",
        "bgm_cue_name_8": "",
        "bgm_cue_name_9": "",
        "bgm_cuesheet_name_1": "snd_bgm_DM029",
        "bgm_cuesheet_name_10": "",
        "bgm_cuesheet_name_11": "",
        "bgm_cuesheet_name_12": "",
        "bgm_cuesheet_name_13": "",
        "bgm_cuesheet_name_14": "",
        "bgm_cuesheet_name_15": "",
        "bgm_cuesheet_name_16": "",
        "bgm_cuesheet_name_17": "",
        "bgm_cuesheet_name_18": "",
        "bgm_cuesheet_name_19": "",
        "bgm_cuesheet_name_2": "snd_bgm_DM029",
        "bgm_cuesheet_name_20": "",
        "bgm_cuesheet_name_21": "",
        "bgm_cuesheet_name_22": "",
        "bgm_cuesheet_name_23": "",
        "bgm_cuesheet_name_24": "",
        "bgm_cuesheet_name_25": "",
        "bgm_cuesheet_name_26": "",
        "bgm_cuesheet_name_27": "",
        "bgm_cuesheet_name_28": "",
        "bgm_cuesheet_name_29": "",
        "bgm_cuesheet_name_3": "",
        "bgm_cuesheet_name_30": "",
        "bgm_cuesheet_name_4": "",
        "bgm_cuesheet_name_5": "",
        "bgm_cuesheet_name_6": "",
        "bgm_cuesheet_name_7": "",
        "bgm_cuesheet_name_8": "",
        "bgm_cuesheet_name_9": "",
        "bgm_time_1": 99,
        "bgm_time_10": 0,
        "bgm_time_11": 0,
        "bgm_time_12": 0,
        "bgm_time_13": 0,
        "bgm_time_14": 0,
        "bgm_time_15": 0,
        "bgm_time_16": 0,
        "bgm_time_17": 0,
        "bgm_time_18": 0,
        "bgm_time_19": 0,
        "bgm_time_2": 999,
        "bgm_time_20": 0,
        "bgm_time_21": 0,
        "bgm_time_22": 0,
        "bgm_time_23": 0,
        "bgm_time_24": 0,
        "bgm_time_25": 0,
        "bgm_time_26": 0,
        "bgm_time_27": 0,
        "bgm_time_28": 0,
        "bgm_time_29": 0,
        "bgm_time_3": 0,
        "bgm_time_30": 0,
        "bgm_time_4": 0,
        "bgm_time_5": 0,
        "bgm_time_6": 0,
        "bgm_time_7": 0,
        "bgm_time_8": 0,
        "bgm_time_9": 0,
        "id": 1
    },
    {
        "bgm_cue_name_1": "snd_bgm_DM029B_race_ls_01",
        "bgm_cue_name_10": "snd_bgm_DM029B_race_ls_10",
        "bgm_cue_name_11": "snd_bgm_DM029B_race_ls_11",
        "bgm_cue_name_12": "snd_bgm_DM029B_race_ls_12",
        "bgm_cue_name_13": "snd_bgm_DM029B_race_ls_13",
        "bgm_cue_name_14": "snd_bgm_DM029B_race_ls_14",
        "bgm_cue_name_15": "snd_bgm_DM029B_race_ls_15",
        "bgm_cue_name_16": "snd_bgm_DM029B_race_ls_16",
        "bgm_cue_name_17": "snd_bgm_DM029B_race_ls_17",
        "bgm_cue_name_18": "snd_bgm_DM029B_race_ls_18",
        "bgm_cue_name_19": "snd_bgm_DM029B_race_ls_19",
        "bgm_cue_name_2": "snd_bgm_DM029B_race_ls_02",
        "bgm_cue_name_20": "snd_bgm_DM029B_race_ls_20",
        "bgm_cue_name_21": "snd_bgm_DM029B_race_ls_99",
        "bgm_cue_name_22": "",
        "bgm_cue_name_23": "",
        "bgm_cue_name_24": "",
        "bgm_cue_name_25": "",
        "bgm_cue_name_26": "",
        "bgm_cue_name_27": "",
        "bgm_cue_name_28": "",
        "bgm_cue_name_29": "",
        "bgm_cue_name_3": "snd_bgm_DM029B_race_ls_03",
        "bgm_cue_name_30": "",
        "bgm_cue_name_4": "snd_bgm_DM029B_race_ls_04",
        "bgm_cue_name_5": "snd_bgm_DM029B_race_ls_05",
        "bgm_cue_name_6": "snd_bgm_DM029B_race_ls_06",
        "bgm_cue_name_7": "snd_bgm_DM029B_race_ls_07",
        "bgm_cue_name_8": "snd_bgm_DM029B_race_ls_08",
        "bgm_cue_name_9": "snd_bgm_DM029B_race_ls_09",
        "bgm_cuesheet_name_1": "snd_bgm_DM029B_race_ls_01",
        "bgm_cuesheet_name_10": "snd_bgm_DM029B_race_ls_10",
        "bgm_cuesheet_name_11": "snd_bgm_DM029B_race_ls_11",
        "bgm_cuesheet_name_12": "snd_bgm_DM029B_race_ls_12",
        "bgm_cuesheet_name_13": "snd_bgm_DM029B_race_ls_13",
        "bgm_cuesheet_name_14": "snd_bgm_DM029B_race_ls_14",
        "bgm_cuesheet_name_15": "snd_bgm_DM029B_race_ls_15",
        "bgm_cuesheet_name_16": "snd_bgm_DM029B_race_ls_16",
        "bgm_cuesheet_name_17": "snd_bgm_DM029B_race_ls_17",
        "bgm_cuesheet_name_18": "snd_bgm_DM029B_race_ls_18",
        "bgm_cuesheet_name_19": "snd_bgm_DM029B_race_ls_19",
        "bgm_cuesheet_name_2": "snd_bgm_DM029B_race_ls_02",
        "bgm_cuesheet_name_20": "snd_bgm_DM029B_race_ls_20",
        "bgm_cuesheet_name_21": "snd_bgm_DM029B_race_ls_99",
        "bgm_cuesheet_name_22": "",
        "bgm_cuesheet_name_23": "",
        "bgm_cuesheet_name_24": "",
        "bgm_cuesheet_name_25": "",
        "bgm_cuesheet_name_26": "",
        "bgm_cuesheet_name_27": "",
        "bgm_cuesheet_name_28": "",
        "bgm_cuesheet_name_29": "",
        "bgm_cuesheet_name_3": "snd_bgm_DM029B_race_ls_03",
        "bgm_cuesheet_name_30": "",
        "bgm_cuesheet_name_4": "snd_bgm_DM029B_race_ls_04",
        "bgm_cuesheet_name_5": "snd_bgm_DM029B_race_ls_05",
        "bgm_cuesheet_name_6": "snd_bgm_DM029B_race_ls_06",
        "bgm_cuesheet_name_7": "snd_bgm_DM029B_race_ls_07",
        "bgm_cuesheet_name_8": "snd_bgm_DM029B_race_ls_08",
        "bgm_cuesheet_name_9": "snd_bgm_DM029B_race_ls_09",
        "bgm_time_1": 10,
        "bgm_time_10": 35,
        "bgm_time_11": 38,
        "bgm_time_12": 41,
        "bgm_time_13": 43,
        "bgm_time_14": 46,
        "bgm_time_15": 49,
        "bgm_time_16": 51,
        "bgm_time_17": 54,
        "bgm_time_18": 57,
        "bgm_time_19": 60,
        "bgm_time_2": 13,
        "bgm_time_20": 62,
        "bgm_time_21": 99,
        "bgm_time_22": 0,
        "bgm_time_23": 0,
        "bgm_time_24": 0,
        "bgm_time_25": 0,
        "bgm_time_26": 0,
        "bgm_time_27": 0,
        "bgm_time_28": 0,
        "bgm_time_29": 0,
        "bgm_time_3": 15,
        "bgm_time_30": 0,
        "bgm_time_4": 18,
        "bgm_time_5": 21,
        "bgm_time_6": 23,
        "bgm_time_7": 26,
        "bgm_time_8": 29,
        "bgm_time_9": 32,
        "id": 2
    },
    {
        "bgm_cue_name_1": "snd_bgm_DM029A_race_tutorial",
        "bgm_cue_name_10": "",
        "bgm_cue_name_11": "",
        "bgm_cue_name_12": "",
        "bgm_cue_name_13": "",
        "bgm_cue_name_14": "",
        "bgm_cue_name_15": "",
        "bgm_cue_name_16": "",
        "bgm_cue_name_17": "",
        "bgm_cue_name_18": "",
        "bgm_cue_name_19": "",
        "bgm_cue_name_2": "",
        "bgm_cue_name_20": "",
        "bgm_cue_name_21": "",
        "bgm_cue_name_22": "",
        "bgm_cue_name_23": "",
        "bgm_cue_name_24": "",
        "bgm_cue_name_25": "",
        "bgm_cue_name_26": "",
        "bgm_cue_name_27": "",
        "bgm_cue_name_28": "",
        "bgm_cue_name_29": "",
        "bgm_cue_name_3": "",
        "bgm_cue_name_30": "",
        "bgm_cue_name_4": "",
        "bgm_cue_name_5": "",
        "bgm_cue_name_6": "",
        "bgm_cue_name_7": "",
        "bgm_cue_name_8": "",
        "bgm_cue_name_9": "",
        "bgm_cuesheet_name_1": "snd_bgm_DM029",
        "bgm_cuesheet_name_10": "",
        "bgm_cuesheet_name_11": "",
        "bgm_cuesheet_name_12": "",
        "bgm_cuesheet_name_13": "",
        "bgm_cuesheet_name_14": "",
        "bgm_cuesheet_name_15": "",
        "bgm_cuesheet_name_16": "",
        "bgm_cuesheet_name_17": "",
        "bgm_cuesheet_name_18": "",
        "bgm_cuesheet_name_19": "",
        "bgm_cuesheet_name_2": "",
        "bgm_cuesheet_name_20": "",
        "bgm_cuesheet_name_21": "",
        "bgm_cuesheet_name_22": "",
        "bgm_cuesheet_name_23": "",
        "bgm_cuesheet_name_24": "",
        "bgm_cuesheet_name_25": "",
        "bgm_cuesheet_name_26": "",
        "bgm_cuesheet_name_27": "",
        "bgm_cuesheet_name_28": "",
        "bgm_cuesheet_name_29": "",
        "bgm_cuesheet_name_3": "",
        "bgm_cuesheet_name_30": "",
        "bgm_cuesheet_name_4": "",
        "bgm_cuesheet_name_5": "",
        "bgm_cuesheet_name_6": "",
        "bgm_cuesheet_name_7": "",
        "bgm_cuesheet_name_8": "",
        "bgm_cuesheet_name_9": "",
        "bgm_time_1": 999,
        "bgm_time_10": 0,
        "bgm_time_11": 0,
        "bgm_time_12": 0,
        "bgm_time_13": 0,
        "bgm_time_14": 0,
        "bgm_time_15": 0,
        "bgm_time_16": 0,
        "bgm_time_17": 0,
        "bgm_time_18": 0,
        "bgm_time_19": 0,
        "bgm_time_2": 0,
        "bgm_time_20": 0,
        "bgm_time_21": 0,
        "bgm_time_22": 0,
        "bgm_time_23": 0,
        "bgm_time_24": 0,
        "bgm_time_25": 0,
        "bgm_time_26": 0,
        "bgm_time_27": 0,
        "bgm_time_28": 0,
        "bgm_time_29": 0,
        "bgm_time_3": 0,
        "bgm_time_30": 0,
        "bgm_time_4": 0,
        "bgm_time_5": 0,
        "bgm_time_6": 0,
        "bgm_time_7": 0,
        "bgm_time_8": 0,
        "bgm_time_9": 0,
        "id": 3
    },
    {
        "bgm_cue_name_1": "snd_bgm_DM029B_race_ls_01_tutorial",
        "bgm_cue_name_10": "snd_bgm_DM029B_race_ls_10_tutorial",
        "bgm_cue_name_11": "snd_bgm_DM029B_race_ls_11_tutorial",
        "bgm_cue_name_12": "snd_bgm_DM029B_race_ls_12_tutorial",
        "bgm_cue_name_13": "snd_bgm_DM029B_race_ls_13_tutorial",
        "bgm_cue_name_14": "snd_bgm_DM029B_race_ls_14_tutorial",
        "bgm_cue_name_15": "snd_bgm_DM029B_race_ls_15_tutorial",
        "bgm_cue_name_16": "snd_bgm_DM029B_race_ls_16_tutorial",
        "bgm_cue_name_17": "snd_bgm_DM029B_race_ls_17_tutorial",
        "bgm_cue_name_18": "snd_bgm_DM029B_race_ls_18_tutorial",
        "bgm_cue_name_19": "snd_bgm_DM029B_race_ls_19_tutorial",
        "bgm_cue_name_2": "snd_bgm_DM029B_race_ls_02_tutorial",
        "bgm_cue_name_20": "snd_bgm_DM029B_race_ls_20_tutorial",
        "bgm_cue_name_21": "snd_bgm_DM029B_race_ls_99_tutorial",
        "bgm_cue_name_22": "",
        "bgm_cue_name_23": "",
        "bgm_cue_name_24": "",
        "bgm_cue_name_25": "",
        "bgm_cue_name_26": "",
        "bgm_cue_name_27": "",
        "bgm_cue_name_28": "",
        "bgm_cue_name_29": "",
        "bgm_cue_name_3": "snd_bgm_DM029B_race_ls_03_tutorial",
        "bgm_cue_name_30": "",
        "bgm_cue_name_4": "snd_bgm_DM029B_race_ls_04_tutorial",
        "bgm_cue_name_5": "snd_bgm_DM029B_race_ls_05_tutorial",
        "bgm_cue_name_6": "snd_bgm_DM029B_race_ls_06_tutorial",
        "bgm_cue_name_7": "snd_bgm_DM029B_race_ls_07_tutorial",
        "bgm_cue_name_8": "snd_bgm_DM029B_race_ls_08_tutorial",
        "bgm_cue_name_9": "snd_bgm_DM029B_race_ls_09_tutorial",
        "bgm_cuesheet_name_1": "snd_bgm_DM029B_race_ls_01",
        "bgm_cuesheet_name_10": "snd_bgm_DM029B_race_ls_10",
        "bgm_cuesheet_name_11": "snd_bgm_DM029B_race_ls_11",
        "bgm_cuesheet_name_12": "snd_bgm_DM029B_race_ls_12",
        "bgm_cuesheet_name_13": "snd_bgm_DM029B_race_ls_13",
        "bgm_cuesheet_name_14": "snd_bgm_DM029B_race_ls_14",
        "bgm_cuesheet_name_15": "snd_bgm_DM029B_race_ls_15",
        "bgm_cuesheet_name_16": "snd_bgm_DM029B_race_ls_16",
        "bgm_cuesheet_name_17": "snd_bgm_DM029B_race_ls_17",
        "bgm_cuesheet_name_18": "snd_bgm_DM029B_race_ls_18",
        "bgm_cuesheet_name_19": "snd_bgm_DM029B_race_ls_19",
        "bgm_cuesheet_name_2": "snd_bgm_DM029B_race_ls_02",
        "bgm_cuesheet_name_20": "snd_bgm_DM029B_race_ls_20",
        "bgm_cuesheet_name_21": "snd_bgm_DM029B_race_ls_99",
        "bgm_cuesheet_name_22": "",
        "bgm_cuesheet_name_23": "",
        "bgm_cuesheet_name_24": "",
        "bgm_cuesheet_name_25": "",
        "bgm_cuesheet_name_26": "",
        "bgm_cuesheet_name_27": "",
        "bgm_cuesheet_name_28": "",
        "bgm_cuesheet_name_29": "",
        "bgm_cuesheet_name_3": "snd_bgm_DM029B_race_ls_03",
        "bgm_cuesheet_name_30": "",
        "bgm_cuesheet_name_4": "snd_bgm_DM029B_race_ls_04",
        "bgm_cuesheet_name_5": "snd_bgm_DM029B_race_ls_05",
        "bgm_cuesheet_name_6": "snd_bgm_DM029B_race_ls_06",
        "bgm_cuesheet_name_7": "snd_bgm_DM029B_race_ls_07",
        "bgm_cuesheet_name_8": "snd_bgm_DM029B_race_ls_08",
        "bgm_cuesheet_name_9": "snd_bgm_DM029B_race_ls_09",
        "bgm_time_1": 10,
        "bgm_time_10": 35,
        "bgm_time_11": 38,
        "bgm_time_12": 41,
        "bgm_time_13": 43,
        "bgm_time_14": 46,
        "bgm_time_15": 49,
        "bgm_time_16": 51,
        "bgm_time_17": 54,
        "bgm_time_18": 57,
        "bgm_time_19": 60,
        "bgm_time_2": 13,
        "bgm_time_20": 62,
        "bgm_time_21": 99,
        "bgm_time_22": 0,
        "bgm_time_23": 0,
        "bgm_time_24": 0,
        "bgm_time_25": 0,
        "bgm_time_26": 0,
        "bgm_time_27": 0,
        "bgm_time_28": 0,
        "bgm_time_29": 0,
        "bgm_time_3": 15,
        "bgm_time_30": 0,
        "bgm_time_4": 18,
        "bgm_time_5": 21,
        "bgm_time_6": 23,
        "bgm_time_7": 26,
        "bgm_time_8": 29,
        "bgm_time_9": 32,
        "id": 4
    },
    {
        "bgm_cue_name_1": "snd_bgm_GM038_race_full",
        "bgm_cue_name_10": "",
        "bgm_cue_name_11": "",
        "bgm_cue_name_12": "",
        "bgm_cue_name_13": "",
        "bgm_cue_name_14": "",
        "bgm_cue_name_15": "",
        "bgm_cue_name_16": "",
        "bgm_cue_name_17": "",
        "bgm_cue_name_18": "",
        "bgm_cue_name_19": "",
        "bgm_cue_name_2": "",
        "bgm_cue_name_20": "",
        "bgm_cue_name_21": "",
        "bgm_cue_name_22": "",
        "bgm_cue_name_23": "",
        "bgm_cue_name_24": "",
        "bgm_cue_name_25": "",
        "bgm_cue_name_26": "",
        "bgm_cue_name_27": "",
        "bgm_cue_name_28": "",
        "bgm_cue_name_29": "",
        "bgm_cue_name_3": "",
        "bgm_cue_name_30": "",
        "bgm_cue_name_4": "",
        "bgm_cue_name_5": "",
        "bgm_cue_name_6": "",
        "bgm_cue_name_7": "",
        "bgm_cue_name_8": "",
        "bgm_cue_name_9": "",
        "bgm_cuesheet_name_1": "snd_bgm_GM038",
        "bgm_cuesheet_name_10": "",
        "bgm_cuesheet_name_11": "",
        "bgm_cuesheet_name_12": "",
        "bgm_cuesheet_name_13": "",
        "bgm_cuesheet_name_14": "",
        "bgm_cuesheet_name_15": "",
        "bgm_cuesheet_name_16": "",
        "bgm_cuesheet_name_17": "",
        "bgm_cuesheet_name_18": "",
        "bgm_cuesheet_name_19": "",
        "bgm_cuesheet_name_2": "",
        "bgm_cuesheet_name_20": "",
        "bgm_cuesheet_name_21": "",
        "bgm_cuesheet_name_22": "",
        "bgm_cuesheet_name_23": "",
        "bgm_cuesheet_name_24": "",
        "bgm_cuesheet_name_25": "",
        "bgm_cuesheet_name_26": "",
        "bgm_cuesheet_name_27": "",
        "bgm_cuesheet_name_28": "",
        "bgm_cuesheet_name_29": "",
        "bgm_cuesheet_name_3": "",
        "bgm_cuesheet_name_30": "",
        "bgm_cuesheet_name_4": "",
        "bgm_cuesheet_name_5": "",
        "bgm_cuesheet_name_6": "",
        "bgm_cuesheet_name_7": "",
        "bgm_cuesheet_name_8": "",
        "bgm_cuesheet_name_9": "",
        "bgm_time_1": 999,
        "bgm_time_10": 0,
        "bgm_time_11": 0,
        "bgm_time_12": 0,
        "bgm_time_13": 0,
        "bgm_time_14": 0,
        "bgm_time_15": 0,
        "bgm_time_16": 0,
        "bgm_time_17": 0,
        "bgm_time_18": 0,
        "bgm_time_19": 0,
        "bgm_time_2": 0,
        "bgm_time_20": 0,
        "bgm_time_21": 0,
        "bgm_time_22": 0,
        "bgm_time_23": 0,
        "bgm_time_24": 0,
        "bgm_time_25": 0,
        "bgm_time_26": 0,
        "bgm_time_27": 0,
        "bgm_time_28": 0,
        "bgm_time_29": 0,
        "bgm_time_3": 0,
        "bgm_time_30": 0,
        "bgm_time_4": 0,
        "bgm_time_5": 0,
        "bgm_time_6": 0,
        "bgm_time_7": 0,
        "bgm_time_8": 0,
        "bgm_time_9": 0,
        "id": 5
    },
    {
        "bgm_cue_name_1": "snd_bgm_GM039_race_ls_01",
        "bgm_cue_name_10": "snd_bgm_GM039_race_ls_10",
        "bgm_cue_name_11": "snd_bgm_GM039_race_ls_11",
        "bgm_cue_name_12": "snd_bgm_GM039_race_ls_12",
        "bgm_cue_name_13": "snd_bgm_GM039_race_ls_13",
        "bgm_cue_name_14": "snd_bgm_GM039_race_ls_14",
        "bgm_cue_name_15": "snd_bgm_GM039_race_ls_15",
        "bgm_cue_name_16": "snd_bgm_GM039_race_ls_16",
        "bgm_cue_name_17": "snd_bgm_GM039_race_ls_17",
        "bgm_cue_name_18": "snd_bgm_GM039_race_ls_18",
        "bgm_cue_name_19": "snd_bgm_GM039_race_ls_19",
        "bgm_cue_name_2": "snd_bgm_GM039_race_ls_02",
        "bgm_cue_name_20": "snd_bgm_GM039_race_ls_20",
        "bgm_cue_name_21": "snd_bgm_GM039_race_ls_99",
        "bgm_cue_name_22": "",
        "bgm_cue_name_23": "",
        "bgm_cue_name_24": "",
        "bgm_cue_name_25": "",
        "bgm_cue_name_26": "",
        "bgm_cue_name_27": "",
        "bgm_cue_name_28": "",
        "bgm_cue_name_29": "",
        "bgm_cue_name_3": "snd_bgm_GM039_race_ls_03",
        "bgm_cue_name_30": "",
        "bgm_cue_name_4": "snd_bgm_GM039_race_ls_04",
        "bgm_cue_name_5": "snd_bgm_GM039_race_ls_05",
        "bgm_cue_name_6": "snd_bgm_GM039_race_ls_06",
        "bgm_cue_name_7": "snd_bgm_GM039_race_ls_07",
        "bgm_cue_name_8": "snd_bgm_GM039_race_ls_08",
        "bgm_cue_name_9": "snd_bgm_GM039_race_ls_09",
        "bgm_cuesheet_name_1": "snd_bgm_GM039_race_ls_01",
        "bgm_cuesheet_name_10": "snd_bgm_GM039_race_ls_10",
        "bgm_cuesheet_name_11": "snd_bgm_GM039_race_ls_11",
        "bgm_cuesheet_name_12": "snd_bgm_GM039_race_ls_12",
        "bgm_cuesheet_name_13": "snd_bgm_GM039_race_ls_13",
        "bgm_cuesheet_name_14": "snd_bgm_GM039_race_ls_14",
        "bgm_cuesheet_name_15": "snd_bgm_GM039_race_ls_15",
        "bgm_cuesheet_name_16": "snd_bgm_GM039_race_ls_16",
        "bgm_cuesheet_name_17": "snd_bgm_GM039_race_ls_17",
        "bgm_cuesheet_name_18": "snd_bgm_GM039_race_ls_18",
        "bgm_cuesheet_name_19": "snd_bgm_GM039_race_ls_19",
        "bgm_cuesheet_name_2": "snd_bgm_GM039_race_ls_02",
        "bgm_cuesheet_name_20": "snd_bgm_GM039_race_ls_20",
        "bgm_cuesheet_name_21": "snd_bgm_GM039_race_ls_99",
        "bgm_cuesheet_name_22": "",
        "bgm_cuesheet_name_23": "",
        "bgm_cuesheet_name_24": "",
        "bgm_cuesheet_name_25": "",
        "bgm_cuesheet_name_26": "",
        "bgm_cuesheet_name_27": "",
        "bgm_cuesheet_name_28": "",
        "bgm_cuesheet_name_29": "",
        "bgm_cuesheet_name_3": "snd_bgm_GM039_race_ls_03",
        "bgm_cuesheet_name_30": "",
        "bgm_cuesheet_name_4": "snd_bgm_GM039_race_ls_04",
        "bgm_cuesheet_name_5": "snd_bgm_GM039_race_ls_05",
        "bgm_cuesheet_name_6": "snd_bgm_GM039_race_ls_06",
        "bgm_cuesheet_name_7": "snd_bgm_GM039_race_ls_07",
        "bgm_cuesheet_name_8": "snd_bgm_GM039_race_ls_08",
        "bgm_cuesheet_name_9": "snd_bgm_GM039_race_ls_09",
        "bgm_time_1": 10,
        "bgm_time_10": 34,
        "bgm_time_11": 37,
        "bgm_time_12": 39,
        "bgm_time_13": 42,
        "bgm_time_14": 44,
        "bgm_time_15": 47,
        "bgm_time_16": 50,
        "bgm_time_17": 52,
        "bgm_time_18": 55,
        "bgm_time_19": 58,
        "bgm_time_2": 13,
        "bgm_time_20": 60,
        "bgm_time_21": 99,
        "bgm_time_22": 0,
        "bgm_time_23": 0,
        "bgm_time_24": 0,
        "bgm_time_25": 0,
        "bgm_time_26": 0,
        "bgm_time_27": 0,
        "bgm_time_28": 0,
        "bgm_time_29": 0,
        "bgm_time_3": 15,
        "bgm_time_30": 0,
        "bgm_time_4": 18,
        "bgm_time_5": 21,
        "bgm_time_6": 23,
        "bgm_time_7": 26,
        "bgm_time_8": 29,
        "bgm_time_9": 31,
        "id": 6
    },
    {
        "bgm_cue_name_1": "snd_bgm_GM039_race_ls_01_daily",
        "bgm_cue_name_10": "snd_bgm_GM039_race_ls_10_daily",
        "bgm_cue_name_11": "snd_bgm_GM039_race_ls_11_daily",
        "bgm_cue_name_12": "snd_bgm_GM039_race_ls_12_daily",
        "bgm_cue_name_13": "snd_bgm_GM039_race_ls_13_daily",
        "bgm_cue_name_14": "snd_bgm_GM039_race_ls_14_daily",
        "bgm_cue_name_15": "snd_bgm_GM039_race_ls_15_daily",
        "bgm_cue_name_16": "snd_bgm_GM039_race_ls_16_daily",
        "bgm_cue_name_17": "snd_bgm_GM039_race_ls_17_daily",
        "bgm_cue_name_18": "snd_bgm_GM039_race_ls_18_daily",
        "bgm_cue_name_19": "snd_bgm_GM039_race_ls_19_daily",
        "bgm_cue_name_2": "snd_bgm_GM039_race_ls_02_daily",
        "bgm_cue_name_20": "snd_bgm_GM039_race_ls_20_daily",
        "bgm_cue_name_21": "snd_bgm_GM039_race_ls_99_daily",
        "bgm_cue_name_22": "",
        "bgm_cue_name_23": "",
        "bgm_cue_name_24": "",
        "bgm_cue_name_25": "",
        "bgm_cue_name_26": "",
        "bgm_cue_name_27": "",
        "bgm_cue_name_28": "",
        "bgm_cue_name_29": "",
        "bgm_cue_name_3": "snd_bgm_GM039_race_ls_03_daily",
        "bgm_cue_name_30": "",
        "bgm_cue_name_4": "snd_bgm_GM039_race_ls_04_daily",
        "bgm_cue_name_5": "snd_bgm_GM039_race_ls_05_daily",
        "bgm_cue_name_6": "snd_bgm_GM039_race_ls_06_daily",
        "bgm_cue_name_7": "snd_bgm_GM039_race_ls_07_daily",
        "bgm_cue_name_8": "snd_bgm_GM039_race_ls_08_daily",
        "bgm_cue_name_9": "snd_bgm_GM039_race_ls_09_daily",
        "bgm_cuesheet_name_1": "snd_bgm_GM039_race_ls_01",
        "bgm_cuesheet_name_10": "snd_bgm_GM039_race_ls_10",
        "bgm_cuesheet_name_11": "snd_bgm_GM039_race_ls_11",
        "bgm_cuesheet_name_12": "snd_bgm_GM039_race_ls_12",
        "bgm_cuesheet_name_13": "snd_bgm_GM039_race_ls_13",
        "bgm_cuesheet_name_14": "snd_bgm_GM039_race_ls_14",
        "bgm_cuesheet_name_15": "snd_bgm_GM039_race_ls_15",
        "bgm_cuesheet_name_16": "snd_bgm_GM039_race_ls_16",
        "bgm_cuesheet_name_17": "snd_bgm_GM039_race_ls_17",
        "bgm_cuesheet_name_18": "snd_bgm_GM039_race_ls_18",
        "bgm_cuesheet_name_19": "snd_bgm_GM039_race_ls_19",
        "bgm_cuesheet_name_2": "snd_bgm_GM039_race_ls_02",
        "bgm_cuesheet_name_20": "snd_bgm_GM039_race_ls_20",
        "bgm_cuesheet_name_21": "snd_bgm_GM039_race_ls_99",
        "bgm_cuesheet_name_22": "",
        "bgm_cuesheet_name_23": "",
        "bgm_cuesheet_name_24": "",
        "bgm_cuesheet_name_25": "",
        "bgm_cuesheet_name_26": "",
        "bgm_cuesheet_name_27": "",
        "bgm_cuesheet_name_28": "",
        "bgm_cuesheet_name_29": "",
        "bgm_cuesheet_name_3": "snd_bgm_GM039_race_ls_03",
        "bgm_cuesheet_name_30": "",
        "bgm_cuesheet_name_4": "snd_bgm_GM039_race_ls_04",
        "bgm_cuesheet_name_5": "snd_bgm_GM039_race_ls_05",
        "bgm_cuesheet_name_6": "snd_bgm_GM039_race_ls_06",
        "bgm_cuesheet_name_7": "snd_bgm_GM039_race_ls_07",
        "bgm_cuesheet_name_8": "snd_bgm_GM039_race_ls_08",
        "bgm_cuesheet_name_9": "snd_bgm_GM039_race_ls_09",
        "bgm_time_1": 10,
        "bgm_time_10": 34,
        "bgm_time_11": 37,
        "bgm_time_12": 39,
        "bgm_time_13": 42,
        "bgm_time_14": 44,
        "bgm_time_15": 47,
        "bgm_time_16": 50,
        "bgm_time_17": 52,
        "bgm_time_18": 55,
        "bgm_time_19": 58,
        "bgm_time_2": 13,
        "bgm_time_20": 60,
        "bgm_time_21": 99,
        "bgm_time_22": 0,
        "bgm_time_23": 0,
        "bgm_time_24": 0,
        "bgm_time_25": 0,
        "bgm_time_26": 0,
        "bgm_time_27": 0,
        "bgm_time_28": 0,
        "bgm_time_29": 0,
        "bgm_time_3": 15,
        "bgm_time_30": 0,
        "bgm_time_4": 18,
        "bgm_time_5": 21,
        "bgm_time_6": 23,
        "bgm_time_7": 26,
        "bgm_time_8": 29,
        "bgm_time_9": 31,
        "id": 7
    },
    {
        "bgm_cue_name_1": "snd_bgm_GM003_race_short",
        "bgm_cue_name_10": "",
        "bgm_cue_name_11": "",
        "bgm_cue_name_12": "",
        "bgm_cue_name_13": "",
        "bgm_cue_name_14": "",
        "bgm_cue_name_15": "",
        "bgm_cue_name_16": "",
        "bgm_cue_name_17": "",
        "bgm_cue_name_18": "",
        "bgm_cue_name_19": "",
        "bgm_cue_name_2": "snd_bgm_GM003_race_full",
        "bgm_cue_name_20": "",
        "bgm_cue_name_21": "",
        "bgm_cue_name_22": "",
        "bgm_cue_name_23": "",
        "bgm_cue_name_24": "",
        "bgm_cue_name_25": "",
        "bgm_cue_name_26": "",
        "bgm_cue_name_27": "",
        "bgm_cue_name_28": "",
        "bgm_cue_name_29": "",
        "bgm_cue_name_3": "",
        "bgm_cue_name_30": "",
        "bgm_cue_name_4": "",
        "bgm_cue_name_5": "",
        "bgm_cue_name_6": "",
        "bgm_cue_name_7": "",
        "bgm_cue_name_8": "",
        "bgm_cue_name_9": "",
        "bgm_cuesheet_name_1": "snd_bgm_GM003",
        "bgm_cuesheet_name_10": "",
        "bgm_cuesheet_name_11": "",
        "bgm_cuesheet_name_12": "",
        "bgm_cuesheet_name_13": "",
        "bgm_cuesheet_name_14": "",
        "bgm_cuesheet_name_15": "",
        "bgm_cuesheet_name_16": "",
        "bgm_cuesheet_name_17": "",
        "bgm_cuesheet_name_18": "",
        "bgm_cuesheet_name_19": "",
        "bgm_cuesheet_name_2": "snd_bgm_GM003",
        "bgm_cuesheet_name_20": "",
        "bgm_cuesheet_name_21": "",
        "bgm_cuesheet_name_22": "",
        "bgm_cuesheet_name_23": "",
        "bgm_cuesheet_name_24": "",
        "bgm_cuesheet_name_25": "",
        "bgm_cuesheet_name_26": "",
        "bgm_cuesheet_name_27": "",
        "bgm_cuesheet_name_28": "",
        "bgm_cuesheet_name_29": "",
        "bgm_cuesheet_name_3": "",
        "bgm_cuesheet_name_30": "",
        "bgm_cuesheet_name_4": "",
        "bgm_cuesheet_name_5": "",
        "bgm_cuesheet_name_6": "",
        "bgm_cuesheet_name_7": "",
        "bgm_cuesheet_name_8": "",
        "bgm_cuesheet_name_9": "",
        "bgm_time_1": 72,
        "bgm_time_10": 0,
        "bgm_time_11": 0,
        "bgm_time_12": 0,
        "bgm_time_13": 0,
        "bgm_time_14": 0,
        "bgm_time_15": 0,
        "bgm_time_16": 0,
        "bgm_time_17": 0,
        "bgm_time_18": 0,
        "bgm_time_19": 0,
        "bgm_time_2": 999,
        "bgm_time_20": 0,
        "bgm_time_21": 0,
        "bgm_time_22": 0,
        "bgm_time_23": 0,
        "bgm_time_24": 0,
        "bgm_time_25": 0,
        "bgm_time_26": 0,
        "bgm_time_27": 0,
        "bgm_time_28": 0,
        "bgm_time_29": 0,
        "bgm_time_3": 0,
        "bgm_time_30": 0,
        "bgm_time_4": 0,
        "bgm_time_5": 0,
        "bgm_time_6": 0,
        "bgm_time_7": 0,
        "bgm_time_8": 0,
        "bgm_time_9": 0,
        "id": 8
    },
    {
        "bgm_cue_name_1": "snd_bgm_GM040_race_ls_01",
        "bgm_cue_name_10": "snd_bgm_GM040_race_ls_10",
        "bgm_cue_name_11": "snd_bgm_GM040_race_ls_11",
        "bgm_cue_name_12": "snd_bgm_GM040_race_ls_12",
        "bgm_cue_name_13": "snd_bgm_GM040_race_ls_13",
        "bgm_cue_name_14": "snd_bgm_GM040_race_ls_14",
        "bgm_cue_name_15": "snd_bgm_GM040_race_ls_15",
        "bgm_cue_name_16": "snd_bgm_GM040_race_ls_16",
        "bgm_cue_name_17": "snd_bgm_GM040_race_ls_17",
        "bgm_cue_name_18": "snd_bgm_GM040_race_ls_18",
        "bgm_cue_name_19": "snd_bgm_GM040_race_ls_19",
        "bgm_cue_name_2": "snd_bgm_GM040_race_ls_02",
        "bgm_cue_name_20": "snd_bgm_GM040_race_ls_20",
        "bgm_cue_name_21": "snd_bgm_GM040_race_ls_21",
        "bgm_cue_name_22": "snd_bgm_GM040_race_ls_22",
        "bgm_cue_name_23": "snd_bgm_GM040_race_ls_99",
        "bgm_cue_name_24": "",
        "bgm_cue_name_25": "",
        "bgm_cue_name_26": "",
        "bgm_cue_name_27": "",
        "bgm_cue_name_28": "",
        "bgm_cue_name_29": "",
        "bgm_cue_name_3": "snd_bgm_GM040_race_ls_03",
        "bgm_cue_name_30": "",
        "bgm_cue_name_4": "snd_bgm_GM040_race_ls_04",
        "bgm_cue_name_5": "snd_bgm_GM040_race_ls_05",
        "bgm_cue_name_6": "snd_bgm_GM040_race_ls_06",
        "bgm_cue_name_7": "snd_bgm_GM040_race_ls_07",
        "bgm_cue_name_8": "snd_bgm_GM040_race_ls_08",
        "bgm_cue_name_9": "snd_bgm_GM040_race_ls_09",
        "bgm_cuesheet_name_1": "snd_bgm_GM040_race_ls_01",
        "bgm_cuesheet_name_10": "snd_bgm_GM040_race_ls_10",
        "bgm_cuesheet_name_11": "snd_bgm_GM040_race_ls_11",
        "bgm_cuesheet_name_12": "snd_bgm_GM040_race_ls_12",
        "bgm_cuesheet_name_13": "snd_bgm_GM040_race_ls_13",
        "bgm_cuesheet_name_14": "snd_bgm_GM040_race_ls_14",
        "bgm_cuesheet_name_15": "snd_bgm_GM040_race_ls_15",
        "bgm_cuesheet_name_16": "snd_bgm_GM040_race_ls_16",
        "bgm_cuesheet_name_17": "snd_bgm_GM040_race_ls_17",
        "bgm_cuesheet_name_18": "snd_bgm_GM040_race_ls_18",
        "bgm_cuesheet_name_19": "snd_bgm_GM040_race_ls_19",
        "bgm_cuesheet_name_2": "snd_bgm_GM040_race_ls_02",
        "bgm_cuesheet_name_20": "snd_bgm_GM040_race_ls_20",
        "bgm_cuesheet_name_21": "snd_bgm_GM040_race_ls_21",
        "bgm_cuesheet_name_22": "snd_bgm_GM040_race_ls_22",
        "bgm_cuesheet_name_23": "snd_bgm_GM040_race_ls_99",
        "bgm_cuesheet_name_24": "",
        "bgm_cuesheet_name_25": "",
        "bgm_cuesheet_name_26": "",
        "bgm_cuesheet_name_27": "",
        "bgm_cuesheet_name_28": "",
        "bgm_cuesheet_name_29": "",
        "bgm_cuesheet_name_3": "snd_bgm_GM040_race_ls_03",
        "bgm_cuesheet_name_30": "",
        "bgm_cuesheet_name_4": "snd_bgm_GM040_race_ls_04",
        "bgm_cuesheet_name_5": "snd_bgm_GM040_race_ls_05",
        "bgm_cuesheet_name_6": "snd_bgm_GM040_race_ls_06",
        "bgm_cuesheet_name_7": "snd_bgm_GM040_race_ls_07",
        "bgm_cuesheet_name_8": "snd_bgm_GM040_race_ls_08",
        "bgm_cuesheet_name_9": "snd_bgm_GM040_race_ls_09",
        "bgm_time_1": 9,
        "bgm_time_10": 35,
        "bgm_time_11": 38,
        "bgm_time_12": 41,
        "bgm_time_13": 44,
        "bgm_time_14": 47,
        "bgm_time_15": 50,
        "bgm_time_16": 53,
        "bgm_time_17": 56,
        "bgm_time_18": 59,
        "bgm_time_19": 62,
        "bgm_time_2": 12,
        "bgm_time_20": 65,
        "bgm_time_21": 68,
        "bgm_time_22": 71,
        "bgm_time_23": 99,
        "bgm_time_24": 0,
        "bgm_time_25": 0,
        "bgm_time_26": 0,
        "bgm_time_27": 0,
        "bgm_time_28": 0,
        "bgm_time_29": 0,
        "bgm_time_3": 15,
        "bgm_time_30": 0,
        "bgm_time_4": 18,
        "bgm_time_5": 21,
        "bgm_time_6": 23,
        "bgm_time_7": 26,
        "bgm_time_8": 29,
        "bgm_time_9": 32,
        "id": 9
    },
    {
        "bgm_cue_name_1": "snd_bgm_GM041_race_short",
        "bgm_cue_name_10": "",
        "bgm_cue_name_11": "",
        "bgm_cue_name_12": "",
        "bgm_cue_name_13": "",
        "bgm_cue_name_14": "",
        "bgm_cue_name_15": "",
        "bgm_cue_name_16": "",
        "bgm_cue_name_17": "",
        "bgm_cue_name_18": "",
        "bgm_cue_name_19": "",
        "bgm_cue_name_2": "snd_bgm_GM041_race_full",
        "bgm_cue_name_20": "",
        "bgm_cue_name_21": "",
        "bgm_cue_name_22": "",
        "bgm_cue_name_23": "",
        "bgm_cue_name_24": "",
        "bgm_cue_name_25": "",
        "bgm_cue_name_26": "",
        "bgm_cue_name_27": "",
        "bgm_cue_name_28": "",
        "bgm_cue_name_29": "",
        "bgm_cue_name_3": "",
        "bgm_cue_name_30": "",
        "bgm_cue_name_4": "",
        "bgm_cue_name_5": "",
        "bgm_cue_name_6": "",
        "bgm_cue_name_7": "",
        "bgm_cue_name_8": "",
        "bgm_cue_name_9": "",
        "bgm_cuesheet_name_1": "snd_bgm_GM041",
        "bgm_cuesheet_name_10": "",
        "bgm_cuesheet_name_11": "",
        "bgm_cuesheet_name_12": "",
        "bgm_cuesheet_name_13": "",
        "bgm_cuesheet_name_14": "",
        "bgm_cuesheet_name_15": "",
        "bgm_cuesheet_name_16": "",
        "bgm_cuesheet_name_17": "",
        "bgm_cuesheet_name_18": "",
        "bgm_cuesheet_name_19": "",
        "bgm_cuesheet_name_2": "snd_bgm_GM041",
        "bgm_cuesheet_name_20": "",
        "bgm_cuesheet_name_21": "",
        "bgm_cuesheet_name_22": "",
        "bgm_cuesheet_name_23": "",
        "bgm_cuesheet_name_24": "",
        "bgm_cuesheet_name_25": "",
        "bgm_cuesheet_name_26": "",
        "bgm_cuesheet_name_27": "",
        "bgm_cuesheet_name_28": "",
        "bgm_cuesheet_name_29": "",
        "bgm_cuesheet_name_3": "",
        "bgm_cuesheet_name_30": "",
        "bgm_cuesheet_name_4": "",
        "bgm_cuesheet_name_5": "",
        "bgm_cuesheet_name_6": "",
        "bgm_cuesheet_name_7": "",
        "bgm_cuesheet_name_8": "",
        "bgm_cuesheet_name_9": "",
        "bgm_time_1": 73,
        "bgm_time_10": 0,
        "bgm_time_11": 0,
        "bgm_time_12": 0,
        "bgm_time_13": 0,
        "bgm_time_14": 0,
        "bgm_time_15": 0,
        "bgm_time_16": 0,
        "bgm_time_17": 0,
        "bgm_time_18": 0,
        "bgm_time_19": 0,
        "bgm_time_2": 999,
        "bgm_time_20": 0,
        "bgm_time_21": 0,
        "bgm_time_22": 0,
        "bgm_time_23": 0,
        "bgm_time_24": 0,
        "bgm_time_25": 0,
        "bgm_time_26": 0,
        "bgm_time_27": 0,
        "bgm_time_28": 0,
        "bgm_time_29": 0,
        "bgm_time_3": 0,
        "bgm_time_30": 0,
        "bgm_time_4": 0,
        "bgm_time_5": 0,
        "bgm_time_6": 0,
        "bgm_time_7": 0,
        "bgm_time_8": 0,
        "bgm_time_9": 0,
        "id": 10
    },
    {
        "bgm_cue_name_1": "snd_bgm_GM042_race_ls_01",
        "bgm_cue_name_10": "snd_bgm_GM042_race_ls_10",
        "bgm_cue_name_11": "snd_bgm_GM042_race_ls_11",
        "bgm_cue_name_12": "snd_bgm_GM042_race_ls_12",
        "bgm_cue_name_13": "snd_bgm_GM042_race_ls_13",
        "bgm_cue_name_14": "snd_bgm_GM042_race_ls_14",
        "bgm_cue_name_15": "snd_bgm_GM042_race_ls_15",
        "bgm_cue_name_16": "snd_bgm_GM042_race_ls_16",
        "bgm_cue_name_17": "snd_bgm_GM042_race_ls_17",
        "bgm_cue_name_18": "snd_bgm_GM042_race_ls_18",
        "bgm_cue_name_19": "snd_bgm_GM042_race_ls_19",
        "bgm_cue_name_2": "snd_bgm_GM042_race_ls_02",
        "bgm_cue_name_20": "snd_bgm_GM042_race_ls_20",
        "bgm_cue_name_21": "snd_bgm_GM042_race_ls_21",
        "bgm_cue_name_22": "snd_bgm_GM042_race_ls_99",
        "bgm_cue_name_23": "",
        "bgm_cue_name_24": "",
        "bgm_cue_name_25": "",
        "bgm_cue_name_26": "",
        "bgm_cue_name_27": "",
        "bgm_cue_name_28": "",
        "bgm_cue_name_29": "",
        "bgm_cue_name_3": "snd_bgm_GM042_race_ls_03",
        "bgm_cue_name_30": "",
        "bgm_cue_name_4": "snd_bgm_GM042_race_ls_04",
        "bgm_cue_name_5": "snd_bgm_GM042_race_ls_05",
        "bgm_cue_name_6": "snd_bgm_GM042_race_ls_06",
        "bgm_cue_name_7": "snd_bgm_GM042_race_ls_07",
        "bgm_cue_name_8": "snd_bgm_GM042_race_ls_08",
        "bgm_cue_name_9": "snd_bgm_GM042_race_ls_09",
        "bgm_cuesheet_name_1": "snd_bgm_GM042_race_ls_01",
        "bgm_cuesheet_name_10": "snd_bgm_GM042_race_ls_10",
        "bgm_cuesheet_name_11": "snd_bgm_GM042_race_ls_11",
        "bgm_cuesheet_name_12": "snd_bgm_GM042_race_ls_12",
        "bgm_cuesheet_name_13": "snd_bgm_GM042_race_ls_13",
        "bgm_cuesheet_name_14": "snd_bgm_GM042_race_ls_14",
        "bgm_cuesheet_name_15": "snd_bgm_GM042_race_ls_15",
        "bgm_cuesheet_name_16": "snd_bgm_GM042_race_ls_16",
        "bgm_cuesheet_name_17": "snd_bgm_GM042_race_ls_17",
        "bgm_cuesheet_name_18": "snd_bgm_GM042_race_ls_18",
        "bgm_cuesheet_name_19": "snd_bgm_GM042_race_ls_19",
        "bgm_cuesheet_name_2": "snd_bgm_GM042_race_ls_02",
        "bgm_cuesheet_name_20": "snd_bgm_GM042_race_ls_20",
        "bgm_cuesheet_name_21": "snd_bgm_GM042_race_ls_21",
        "bgm_cuesheet_name_22": "snd_bgm_GM042_race_ls_99",
        "bgm_cuesheet_name_23": "",
        "bgm_cuesheet_name_24": "",
        "bgm_cuesheet_name_25": "",
        "bgm_cuesheet_name_26": "",
        "bgm_cuesheet_name_27": "",
        "bgm_cuesheet_name_28": "",
        "bgm_cuesheet_name_29": "",
        "bgm_cuesheet_name_3": "snd_bgm_GM042_race_ls_03",
        "bgm_cuesheet_name_30": "",
        "bgm_cuesheet_name_4": "snd_bgm_GM042_race_ls_04",
        "bgm_cuesheet_name_5": "snd_bgm_GM042_race_ls_05",
        "bgm_cuesheet_name_6": "snd_bgm_GM042_race_ls_06",
        "bgm_cuesheet_name_7": "snd_bgm_GM042_race_ls_07",
        "bgm_cuesheet_name_8": "snd_bgm_GM042_race_ls_08",
        "bgm_cuesheet_name_9": "snd_bgm_GM042_race_ls_09",
        "bgm_time_1": 9,
        "bgm_time_10": 35,
        "bgm_time_11": 38,
        "bgm_time_12": 41,
        "bgm_time_13": 44,
        "bgm_time_14": 47,
        "bgm_time_15": 50,
        "bgm_time_16": 54,
        "bgm_time_17": 57,
        "bgm_time_18": 60,
        "bgm_time_19": 63,
        "bgm_time_2": 11,
        "bgm_time_20": 66,
        "bgm_time_21": 69,
        "bgm_time_22": 99,
        "bgm_time_23": 0,
        "bgm_time_24": 0,
        "bgm_time_25": 0,
        "bgm_time_26": 0,
        "bgm_time_27": 0,
        "bgm_time_28": 0,
        "bgm_time_29": 0,
        "bgm_time_3": 14,
        "bgm_time_30": 0,
        "bgm_time_4": 17,
        "bgm_time_5": 20,
        "bgm_time_6": 23,
        "bgm_time_7": 26,
        "bgm_time_8": 29,
        "bgm_time_9": 32,
        "id": 11
    },
    {
        "bgm_cue_name_1": "snd_bgm_GM043_race_short",
        "bgm_cue_name_10": "",
        "bgm_cue_name_11": "",
        "bgm_cue_name_12": "",
        "bgm_cue_name_13": "",
        "bgm_cue_name_14": "",
        "bgm_cue_name_15": "",
        "bgm_cue_name_16": "",
        "bgm_cue_name_17": "",
        "bgm_cue_name_18": "",
        "bgm_cue_name_19": "",
        "bgm_cue_name_2": "snd_bgm_GM043_race_full",
        "bgm_cue_name_20": "",
        "bgm_cue_name_21": "",
        "bgm_cue_name_22": "",
        "bgm_cue_name_23": "",
        "bgm_cue_name_24": "",
        "bgm_cue_name_25": "",
        "bgm_cue_name_26": "",
        "bgm_cue_name_27": "",
        "bgm_cue_name_28": "",
        "bgm_cue_name_29": "",
        "bgm_cue_name_3": "",
        "bgm_cue_name_30": "",
        "bgm_cue_name_4": "",
        "bgm_cue_name_5": "",
        "bgm_cue_name_6": "",
        "bgm_cue_name_7": "",
        "bgm_cue_name_8": "",
        "bgm_cue_name_9": "",
        "bgm_cuesheet_name_1": "snd_bgm_GM043",
        "bgm_cuesheet_name_10": "",
        "bgm_cuesheet_name_11": "",
        "bgm_cuesheet_name_12": "",
        "bgm_cuesheet_name_13": "",
        "bgm_cuesheet_name_14": "",
        "bgm_cuesheet_name_15": "",
        "bgm_cuesheet_name_16": "",
        "bgm_cuesheet_name_17": "",
        "bgm_cuesheet_name_18": "",
        "bgm_cuesheet_name_19": "",
        "bgm_cuesheet_name_2": "snd_bgm_GM043",
        "bgm_cuesheet_name_20": "",
        "bgm_cuesheet_name_21": "",
        "bgm_cuesheet_name_22": "",
        "bgm_cuesheet_name_23": "",
        "bgm_cuesheet_name_24": "",
        "bgm_cuesheet_name_25": "",
        "bgm_cuesheet_name_26": "",
        "bgm_cuesheet_name_27": "",
        "bgm_cuesheet_name_28": "",
        "bgm_cuesheet_name_29": "",
        "bgm_cuesheet_name_3": "",
        "bgm_cuesheet_name_30": "",
        "bgm_cuesheet_name_4": "",
        "bgm_cuesheet_name_5": "",
        "bgm_cuesheet_name_6": "",
        "bgm_cuesheet_name_7": "",
        "bgm_cuesheet_name_8": "",
        "bgm_cuesheet_name_9": "",
        "bgm_time_1": 68,
        "bgm_time_10": 0,
        "bgm_time_11": 0,
        "bgm_time_12": 0,
        "bgm_time_13": 0,
        "bgm_time_14": 0,
        "bgm_time_15": 0,
        "bgm_time_16": 0,
        "bgm_time_17": 0,
        "bgm_time_18": 0,
        "bgm_time_19": 0,
        "bgm_time_2": 999,
        "bgm_time_20": 0,
        "bgm_time_21": 0,
        "bgm_time_22": 0,
        "bgm_time_23": 0,
        "bgm_time_24": 0,
        "bgm_time_25": 0,
        "bgm_time_26": 0,
        "bgm_time_27": 0,
        "bgm_time_28": 0,
        "bgm_time_29": 0,
        "bgm_time_3": 0,
        "bgm_time_30": 0,
        "bgm_time_4": 0,
        "bgm_time_5": 0,
        "bgm_time_6": 0,
        "bgm_time_7": 0,
        "bgm_time_8": 0,
        "bgm_time_9": 0,
        "id": 12
    },
    {
        "bgm_cue_name_1": "snd_bgm_GM044_race_ls_01",
        "bgm_cue_name_10": "snd_bgm_GM044_race_ls_10",
        "bgm_cue_name_11": "snd_bgm_GM044_race_ls_11",
        "bgm_cue_name_12": "snd_bgm_GM044_race_ls_12",
        "bgm_cue_name_13": "snd_bgm_GM044_race_ls_13",
        "bgm_cue_name_14": "snd_bgm_GM044_race_ls_14",
        "bgm_cue_name_15": "snd_bgm_GM044_race_ls_15",
        "bgm_cue_name_16": "snd_bgm_GM044_race_ls_16",
        "bgm_cue_name_17": "snd_bgm_GM044_race_ls_17",
        "bgm_cue_name_18": "snd_bgm_GM044_race_ls_18",
        "bgm_cue_name_19": "snd_bgm_GM044_race_ls_19",
        "bgm_cue_name_2": "snd_bgm_GM044_race_ls_02",
        "bgm_cue_name_20": "snd_bgm_GM044_race_ls_20",
        "bgm_cue_name_21": "snd_bgm_GM044_race_ls_21",
        "bgm_cue_name_22": "snd_bgm_GM044_race_ls_22",
        "bgm_cue_name_23": "snd_bgm_GM044_race_ls_23",
        "bgm_cue_name_24": "snd_bgm_GM044_race_ls_99",
        "bgm_cue_name_25": "",
        "bgm_cue_name_26": "",
        "bgm_cue_name_27": "",
        "bgm_cue_name_28": "",
        "bgm_cue_name_29": "",
        "bgm_cue_name_3": "snd_bgm_GM044_race_ls_03",
        "bgm_cue_name_30": "",
        "bgm_cue_name_4": "snd_bgm_GM044_race_ls_04",
        "bgm_cue_name_5": "snd_bgm_GM044_race_ls_05",
        "bgm_cue_name_6": "snd_bgm_GM044_race_ls_06",
        "bgm_cue_name_7": "snd_bgm_GM044_race_ls_07",
        "bgm_cue_name_8": "snd_bgm_GM044_race_ls_08",
        "bgm_cue_name_9": "snd_bgm_GM044_race_ls_09",
        "bgm_cuesheet_name_1": "snd_bgm_GM044_race_ls_01",
        "bgm_cuesheet_name_10": "snd_bgm_GM044_race_ls_10",
        "bgm_cuesheet_name_11": "snd_bgm_GM044_race_ls_11",
        "bgm_cuesheet_name_12": "snd_bgm_GM044_race_ls_12",
        "bgm_cuesheet_name_13": "snd_bgm_GM044_race_ls_13",
        "bgm_cuesheet_name_14": "snd_bgm_GM044_race_ls_14",
        "bgm_cuesheet_name_15": "snd_bgm_GM044_race_ls_15",
        "bgm_cuesheet_name_16": "snd_bgm_GM044_race_ls_16",
        "bgm_cuesheet_name_17": "snd_bgm_GM044_race_ls_17",
        "bgm_cuesheet_name_18": "snd_bgm_GM044_race_ls_18",
        "bgm_cuesheet_name_19": "snd_bgm_GM044_race_ls_19",
        "bgm_cuesheet_name_2": "snd_bgm_GM044_race_ls_02",
        "bgm_cuesheet_name_20": "snd_bgm_GM044_race_ls_20",
        "bgm_cuesheet_name_21": "snd_bgm_GM044_race_ls_21",
        "bgm_cuesheet_name_22": "snd_bgm_GM044_race_ls_22",
        "bgm_cuesheet_name_23": "snd_bgm_GM044_race_ls_23",
        "bgm_cuesheet_name_24": "snd_bgm_GM044_race_ls_99",
        "bgm_cuesheet_name_25": "",
        "bgm_cuesheet_name_26": "",
        "bgm_cuesheet_name_27": "",
        "bgm_cuesheet_name_28": "",
        "bgm_cuesheet_name_29": "",
        "bgm_cuesheet_name_3": "snd_bgm_GM044_race_ls_03",
        "bgm_cuesheet_name_30": "",
        "bgm_cuesheet_name_4": "snd_bgm_GM044_race_ls_04",
        "bgm_cuesheet_name_5": "snd_bgm_GM044_race_ls_05",
        "bgm_cuesheet_name_6": "snd_bgm_GM044_race_ls_06",
        "bgm_cuesheet_name_7": "snd_bgm_GM044_race_ls_07",
        "bgm_cuesheet_name_8": "snd_bgm_GM044_race_ls_08",
        "bgm_cuesheet_name_9": "snd_bgm_GM044_race_ls_09",
        "bgm_time_1": 11,
        "bgm_time_10": 37,
        "bgm_time_11": 40,
        "bgm_time_12": 42,
        "bgm_time_13": 45,
        "bgm_time_14": 48,
        "bgm_time_15": 51,
        "bgm_time_16": 54,
        "bgm_time_17": 56,
        "bgm_time_18": 59,
        "bgm_time_19": 62,
        "bgm_time_2": 14,
        "bgm_time_20": 65,
        "bgm_time_21": 68,
        "bgm_time_22": 70,
        "bgm_time_23": 73,
        "bgm_time_24": 99,
        "bgm_time_25": 0,
        "bgm_time_26": 0,
        "bgm_time_27": 0,
        "bgm_time_28": 0,
        "bgm_time_29": 0,
        "bgm_time_3": 17,
        "bgm_time_30": 0,
        "bgm_time_4": 20,
        "bgm_time_5": 23,
        "bgm_time_6": 25,
        "bgm_time_7": 28,
        "bgm_time_8": 31,
        "bgm_time_9": 34,
        "id": 13
    },
    {
        "bgm_cue_name_1": "snd_bgm_GM045_race_short",
        "bgm_cue_name_10": "",
        "bgm_cue_name_11": "",
        "bgm_cue_name_12": "",
        "bgm_cue_name_13": "",
        "bgm_cue_name_14": "",
        "bgm_cue_name_15": "",
        "bgm_cue_name_16": "",
        "bgm_cue_name_17": "",
        "bgm_cue_name_18": "",
        "bgm_cue_name_19": "",
        "bgm_cue_name_2": "snd_bgm_GM045_race_full",
        "bgm_cue_name_20": "",
        "bgm_cue_name_21": "",
        "bgm_cue_name_22": "",
        "bgm_cue_name_23": "",
        "bgm_cue_name_24": "",
        "bgm_cue_name_25": "",
        "bgm_cue_name_26": "",
        "bgm_cue_name_27": "",
        "bgm_cue_name_28": "",
        "bgm_cue_name_29": "",
        "bgm_cue_name_3": "",
        "bgm_cue_name_30": "",
        "bgm_cue_name_4": "",
        "bgm_cue_name_5": "",
        "bgm_cue_name_6": "",
        "bgm_cue_name_7": "",
        "bgm_cue_name_8": "",
        "bgm_cue_name_9": "",
        "bgm_cuesheet_name_1": "snd_bgm_GM045",
        "bgm_cuesheet_name_10": "",
        "bgm_cuesheet_name_11": "",
        "bgm_cuesheet_name_12": "",
        "bgm_cuesheet_name_13": "",
        "bgm_cuesheet_name_14": "",
        "bgm_cuesheet_name_15": "",
        "bgm_cuesheet_name_16": "",
        "bgm_cuesheet_name_17": "",
        "bgm_cuesheet_name_18": "",
        "bgm_cuesheet_name_19": "",
        "bgm_cuesheet_name_2": "snd_bgm_GM045",
        "bgm_cuesheet_name_20": "",
        "bgm_cuesheet_name_21": "",
        "bgm_cuesheet_name_22": "",
        "bgm_cuesheet_name_23": "",
        "bgm_cuesheet_name_24": "",
        "bgm_cuesheet_name_25": "",
        "bgm_cuesheet_name_26": "",
        "bgm_cuesheet_name_27": "",
        "bgm_cuesheet_name_28": "",
        "bgm_cuesheet_name_29": "",
        "bgm_cuesheet_name_3": "",
        "bgm_cuesheet_name_30": "",
        "bgm_cuesheet_name_4": "",
        "bgm_cuesheet_name_5": "",
        "bgm_cuesheet_name_6": "",
        "bgm_cuesheet_name_7": "",
        "bgm_cuesheet_name_8": "",
        "bgm_cuesheet_name_9": "",
        "bgm_time_1": 138,
        "bgm_time_10": 0,
        "bgm_time_11": 0,
        "bgm_time_12": 0,
        "bgm_time_13": 0,
        "bgm_time_14": 0,
        "bgm_time_15": 0,
        "bgm_time_16": 0,
        "bgm_time_17": 0,
        "bgm_time_18": 0,
        "bgm_time_19": 0,
        "bgm_time_2": 999,
        "bgm_time_20": 0,
        "bgm_time_21": 0,
        "bgm_time_22": 0,
        "bgm_time_23": 0,
        "bgm_time_24": 0,
        "bgm_time_25": 0,
        "bgm_time_26": 0,
        "bgm_time_27": 0,
        "bgm_time_28": 0,
        "bgm_time_29": 0,
        "bgm_time_3": 0,
        "bgm_time_30": 0,
        "bgm_time_4": 0,
        "bgm_time_5": 0,
        "bgm_time_6": 0,
        "bgm_time_7": 0,
        "bgm_time_8": 0,
        "bgm_time_9": 0,
        "id": 14
    },
    {
        "bgm_cue_name_1": "snd_bgm_GM046_race_ls_01",
        "bgm_cue_name_10": "snd_bgm_GM046_race_ls_10",
        "bgm_cue_name_11": "snd_bgm_GM046_race_ls_11",
        "bgm_cue_name_12": "snd_bgm_GM046_race_ls_12",
        "bgm_cue_name_13": "snd_bgm_GM046_race_ls_13",
        "bgm_cue_name_14": "snd_bgm_GM046_race_ls_14",
        "bgm_cue_name_15": "snd_bgm_GM046_race_ls_15",
        "bgm_cue_name_16": "snd_bgm_GM046_race_ls_16",
        "bgm_cue_name_17": "snd_bgm_GM046_race_ls_17",
        "bgm_cue_name_18": "snd_bgm_GM046_race_ls_18",
        "bgm_cue_name_19": "snd_bgm_GM046_race_ls_19",
        "bgm_cue_name_2": "snd_bgm_GM046_race_ls_02",
        "bgm_cue_name_20": "snd_bgm_GM046_race_ls_99",
        "bgm_cue_name_21": "",
        "bgm_cue_name_22": "",
        "bgm_cue_name_23": "",
        "bgm_cue_name_24": "",
        "bgm_cue_name_25": "",
        "bgm_cue_name_26": "",
        "bgm_cue_name_27": "",
        "bgm_cue_name_28": "",
        "bgm_cue_name_29": "",
        "bgm_cue_name_3": "snd_bgm_GM046_race_ls_03",
        "bgm_cue_name_30": "",
        "bgm_cue_name_4": "snd_bgm_GM046_race_ls_04",
        "bgm_cue_name_5": "snd_bgm_GM046_race_ls_05",
        "bgm_cue_name_6": "snd_bgm_GM046_race_ls_06",
        "bgm_cue_name_7": "snd_bgm_GM046_race_ls_07",
        "bgm_cue_name_8": "snd_bgm_GM046_race_ls_08",
        "bgm_cue_name_9": "snd_bgm_GM046_race_ls_09",
        "bgm_cuesheet_name_1": "snd_bgm_GM046_race_ls_01",
        "bgm_cuesheet_name_10": "snd_bgm_GM046_race_ls_10",
        "bgm_cuesheet_name_11": "snd_bgm_GM046_race_ls_11",
        "bgm_cuesheet_name_12": "snd_bgm_GM046_race_ls_12",
        "bgm_cuesheet_name_13": "snd_bgm_GM046_race_ls_13",
        "bgm_cuesheet_name_14": "snd_bgm_GM046_race_ls_14",
        "bgm_cuesheet_name_15": "snd_bgm_GM046_race_ls_15",
        "bgm_cuesheet_name_16": "snd_bgm_GM046_race_ls_16",
        "bgm_cuesheet_name_17": "snd_bgm_GM046_race_ls_17",
        "bgm_cuesheet_name_18": "snd_bgm_GM046_race_ls_18",
        "bgm_cuesheet_name_19": "snd_bgm_GM046_race_ls_19",
        "bgm_cuesheet_name_2": "snd_bgm_GM046_race_ls_02",
        "bgm_cuesheet_name_20": "snd_bgm_GM046_race_ls_99",
        "bgm_cuesheet_name_21": "",
        "bgm_cuesheet_name_22": "",
        "bgm_cuesheet_name_23": "",
        "bgm_cuesheet_name_24": "",
        "bgm_cuesheet_name_25": "",
        "bgm_cuesheet_name_26": "",
        "bgm_cuesheet_name_27": "",
        "bgm_cuesheet_name_28": "",
        "bgm_cuesheet_name_29": "",
        "bgm_cuesheet_name_3": "snd_bgm_GM046_race_ls_03",
        "bgm_cuesheet_name_30": "",
        "bgm_cuesheet_name_4": "snd_bgm_GM046_race_ls_04",
        "bgm_cuesheet_name_5": "snd_bgm_GM046_race_ls_05",
        "bgm_cuesheet_name_6": "snd_bgm_GM046_race_ls_06",
        "bgm_cuesheet_name_7": "snd_bgm_GM046_race_ls_07",
        "bgm_cuesheet_name_8": "snd_bgm_GM046_race_ls_08",
        "bgm_cuesheet_name_9": "snd_bgm_GM046_race_ls_09",
        "bgm_time_1": 9,
        "bgm_time_10": 35,
        "bgm_time_11": 37,
        "bgm_time_12": 40,
        "bgm_time_13": 43,
        "bgm_time_14": 46,
        "bgm_time_15": 49,
        "bgm_time_16": 51,
        "bgm_time_17": 54,
        "bgm_time_18": 57,
        "bgm_time_19": 60,
        "bgm_time_2": 11,
        "bgm_time_20": 99,
        "bgm_time_21": 0,
        "bgm_time_22": 0,
        "bgm_time_23": 0,
        "bgm_time_24": 0,
        "bgm_time_25": 0,
        "bgm_time_26": 0,
        "bgm_time_27": 0,
        "bgm_time_28": 0,
        "bgm_time_29": 0,
        "bgm_time_3": 14,
        "bgm_time_30": 0,
        "bgm_time_4": 17,
        "bgm_time_5": 20,
        "bgm_time_6": 23,
        "bgm_time_7": 26,
        "bgm_time_8": 29,
        "bgm_time_9": 32,
        "id": 15
    },
    {
        "bgm_cue_name_1": "snd_bgm_GM059_race_short",
        "bgm_cue_name_10": "",
        "bgm_cue_name_11": "",
        "bgm_cue_name_12": "",
        "bgm_cue_name_13": "",
        "bgm_cue_name_14": "",
        "bgm_cue_name_15": "",
        "bgm_cue_name_16": "",
        "bgm_cue_name_17": "",
        "bgm_cue_name_18": "",
        "bgm_cue_name_19": "",
        "bgm_cue_name_2": "snd_bgm_GM059_race_full",
        "bgm_cue_name_20": "",
        "bgm_cue_name_21": "",
        "bgm_cue_name_22": "",
        "bgm_cue_name_23": "",
        "bgm_cue_name_24": "",
        "bgm_cue_name_25": "",
        "bgm_cue_name_26": "",
        "bgm_cue_name_27": "",
        "bgm_cue_name_28": "",
        "bgm_cue_name_29": "",
        "bgm_cue_name_3": "",
        "bgm_cue_name_30": "",
        "bgm_cue_name_4": "",
        "bgm_cue_name_5": "",
        "bgm_cue_name_6": "",
        "bgm_cue_name_7": "",
        "bgm_cue_name_8": "",
        "bgm_cue_name_9": "",
        "bgm_cuesheet_name_1": "snd_bgm_GM059",
        "bgm_cuesheet_name_10": "",
        "bgm_cuesheet_name_11": "",
        "bgm_cuesheet_name_12": "",
        "bgm_cuesheet_name_13": "",
        "bgm_cuesheet_name_14": "",
        "bgm_cuesheet_name_15": "",
        "bgm_cuesheet_name_16": "",
        "bgm_cuesheet_name_17": "",
        "bgm_cuesheet_name_18": "",
        "bgm_cuesheet_name_19": "",
        "bgm_cuesheet_name_2": "snd_bgm_GM059",
        "bgm_cuesheet_name_20": "",
        "bgm_cuesheet_name_21": "",
        "bgm_cuesheet_name_22": "",
        "bgm_cuesheet_name_23": "",
        "bgm_cuesheet_name_24": "",
        "bgm_cuesheet_name_25": "",
        "bgm_cuesheet_name_26": "",
        "bgm_cuesheet_name_27": "",
        "bgm_cuesheet_name_28": "",
        "bgm_cuesheet_name_29": "",
        "bgm_cuesheet_name_3": "",
        "bgm_cuesheet_name_30": "",
        "bgm_cuesheet_name_4": "",
        "bgm_cuesheet_name_5": "",
        "bgm_cuesheet_name_6": "",
        "bgm_cuesheet_name_7": "",
        "bgm_cuesheet_name_8": "",
        "bgm_cuesheet_name_9": "",
        "bgm_time_1": 123,
        "bgm_time_10": 0,
        "bgm_time_11": 0,
        "bgm_time_12": 0,
        "bgm_time_13": 0,
        "bgm_time_14": 0,
        "bgm_time_15": 0,
        "bgm_time_16": 0,
        "bgm_time_17": 0,
        "bgm_time_18": 0,
        "bgm_time_19": 0,
        "bgm_time_2": 999,
        "bgm_time_20": 0,
        "bgm_time_21": 0,
        "bgm_time_22": 0,
        "bgm_time_23": 0,
        "bgm_time_24": 0,
        "bgm_time_25": 0,
        "bgm_time_26": 0,
        "bgm_time_27": 0,
        "bgm_time_28": 0,
        "bgm_time_29": 0,
        "bgm_time_3": 0,
        "bgm_time_30": 0,
        "bgm_time_4": 0,
        "bgm_time_5": 0,
        "bgm_time_6": 0,
        "bgm_time_7": 0,
        "bgm_time_8": 0,
        "bgm_time_9": 0,
        "id": 16
    },
    {
        "bgm_cue_name_1": "snd_bgm_GM060_race_ls_01",
        "bgm_cue_name_10": "snd_bgm_GM060_race_ls_10",
        "bgm_cue_name_11": "snd_bgm_GM060_race_ls_11",
        "bgm_cue_name_12": "snd_bgm_GM060_race_ls_12",
        "bgm_cue_name_13": "snd_bgm_GM060_race_ls_13",
        "bgm_cue_name_14": "snd_bgm_GM060_race_ls_14",
        "bgm_cue_name_15": "snd_bgm_GM060_race_ls_15",
        "bgm_cue_name_16": "snd_bgm_GM060_race_ls_16",
        "bgm_cue_name_17": "snd_bgm_GM060_race_ls_17",
        "bgm_cue_name_18": "snd_bgm_GM060_race_ls_18",
        "bgm_cue_name_19": "snd_bgm_GM060_race_ls_19",
        "bgm_cue_name_2": "snd_bgm_GM060_race_ls_02",
        "bgm_cue_name_20": "snd_bgm_GM060_race_ls_20",
        "bgm_cue_name_21": "snd_bgm_GM060_race_ls_21",
        "bgm_cue_name_22": "snd_bgm_GM060_race_ls_99",
        "bgm_cue_name_23": "",
        "bgm_cue_name_24": "",
        "bgm_cue_name_25": "",
        "bgm_cue_name_26": "",
        "bgm_cue_name_27": "",
        "bgm_cue_name_28": "",
        "bgm_cue_name_29": "",
        "bgm_cue_name_3": "snd_bgm_GM060_race_ls_03",
        "bgm_cue_name_30": "",
        "bgm_cue_name_4": "snd_bgm_GM060_race_ls_04",
        "bgm_cue_name_5": "snd_bgm_GM060_race_ls_05",
        "bgm_cue_name_6": "snd_bgm_GM060_race_ls_06",
        "bgm_cue_name_7": "snd_bgm_GM060_race_ls_07",
        "bgm_cue_name_8": "snd_bgm_GM060_race_ls_08",
        "bgm_cue_name_9": "snd_bgm_GM060_race_ls_09",
        "bgm_cuesheet_name_1": "snd_bgm_GM060_race_ls_01",
        "bgm_cuesheet_name_10": "snd_bgm_GM060_race_ls_10",
        "bgm_cuesheet_name_11": "snd_bgm_GM060_race_ls_11",
        "bgm_cuesheet_name_12": "snd_bgm_GM060_race_ls_12",
        "bgm_cuesheet_name_13": "snd_bgm_GM060_race_ls_13",
        "bgm_cuesheet_name_14": "snd_bgm_GM060_race_ls_14",
        "bgm_cuesheet_name_15": "snd_bgm_GM060_race_ls_15",
        "bgm_cuesheet_name_16": "snd_bgm_GM060_race_ls_16",
        "bgm_cuesheet_name_17": "snd_bgm_GM060_race_ls_17",
        "bgm_cuesheet_name_18": "snd_bgm_GM060_race_ls_18",
        "bgm_cuesheet_name_19": "snd_bgm_GM060_race_ls_19",
        "bgm_cuesheet_name_2": "snd_bgm_GM060_race_ls_02",
        "bgm_cuesheet_name_20": "snd_bgm_GM060_race_ls_20",
        "bgm_cuesheet_name_21": "snd_bgm_GM060_race_ls_21",
        "bgm_cuesheet_name_22": "snd_bgm_GM060_race_ls_99",
        "bgm_cuesheet_name_23": "",
        "bgm_cuesheet_name_24": "",
        "bgm_cuesheet_name_25": "",
        "bgm_cuesheet_name_26": "",
        "bgm_cuesheet_name_27": "",
        "bgm_cuesheet_name_28": "",
        "bgm_cuesheet_name_29": "",
        "bgm_cuesheet_name_3": "snd_bgm_GM060_race_ls_03",
        "bgm_cuesheet_name_30": "",
        "bgm_cuesheet_name_4": "snd_bgm_GM060_race_ls_04",
        "bgm_cuesheet_name_5": "snd_bgm_GM060_race_ls_05",
        "bgm_cuesheet_name_6": "snd_bgm_GM060_race_ls_06",
        "bgm_cuesheet_name_7": "snd_bgm_GM060_race_ls_07",
        "bgm_cuesheet_name_8": "snd_bgm_GM060_race_ls_08",
        "bgm_cuesheet_name_9": "snd_bgm_GM060_race_ls_09",
        "bgm_time_1": 11,
        "bgm_time_10": 35,
        "bgm_time_11": 38,
        "bgm_time_12": 41,
        "bgm_time_13": 44,
        "bgm_time_14": 47,
        "bgm_time_15": 50,
        "bgm_time_16": 53,
        "bgm_time_17": 56,
        "bgm_time_18": 59,
        "bgm_time_19": 62,
        "bgm_time_2": 13,
        "bgm_time_20": 65,
        "bgm_time_21": 68,
        "bgm_time_22": 99,
        "bgm_time_23": 0,
        "bgm_time_24": 0,
        "bgm_time_25": 0,
        "bgm_time_26": 0,
        "bgm_time_27": 0,
        "bgm_time_28": 0,
        "bgm_time_29": 0,
        "bgm_time_3": 16,
        "bgm_time_30": 0,
        "bgm_time_4": 19,
        "bgm_time_5": 22,
        "bgm_time_6": 24,
        "bgm_time_7": 26,
        "bgm_time_8": 29,
        "bgm_time_9": 32,
        "id": 17
    },
    {
        "bgm_cue_name_1": "snd_bgm_GM073_race_short",
        "bgm_cue_name_10": "",
        "bgm_cue_name_11": "",
        "bgm_cue_name_12": "",
        "bgm_cue_name_13": "",
        "bgm_cue_name_14": "",
        "bgm_cue_name_15": "",
        "bgm_cue_name_16": "",
        "bgm_cue_name_17": "",
        "bgm_cue_name_18": "",
        "bgm_cue_name_19": "",
        "bgm_cue_name_2": "snd_bgm_GM073_race_full",
        "bgm_cue_name_20": "",
        "bgm_cue_name_21": "",
        "bgm_cue_name_22": "",
        "bgm_cue_name_23": "",
        "bgm_cue_name_24": "",
        "bgm_cue_name_25": "",
        "bgm_cue_name_26": "",
        "bgm_cue_name_27": "",
        "bgm_cue_name_28": "",
        "bgm_cue_name_29": "",
        "bgm_cue_name_3": "",
        "bgm_cue_name_30": "",
        "bgm_cue_name_4": "",
        "bgm_cue_name_5": "",
        "bgm_cue_name_6": "",
        "bgm_cue_name_7": "",
        "bgm_cue_name_8": "",
        "bgm_cue_name_9": "",
        "bgm_cuesheet_name_1": "snd_bgm_GM073",
        "bgm_cuesheet_name_10": "",
        "bgm_cuesheet_name_11": "",
        "bgm_cuesheet_name_12": "",
        "bgm_cuesheet_name_13": "",
        "bgm_cuesheet_name_14": "",
        "bgm_cuesheet_name_15": "",
        "bgm_cuesheet_name_16": "",
        "bgm_cuesheet_name_17": "",
        "bgm_cuesheet_name_18": "",
        "bgm_cuesheet_name_19": "",
        "bgm_cuesheet_name_2": "snd_bgm_GM073",
        "bgm_cuesheet_name_20": "",
        "bgm_cuesheet_name_21": "",
        "bgm_cuesheet_name_22": "",
        "bgm_cuesheet_name_23": "",
        "bgm_cuesheet_name_24": "",
        "bgm_cuesheet_name_25": "",
        "bgm_cuesheet_name_26": "",
        "bgm_cuesheet_name_27": "",
        "bgm_cuesheet_name_28": "",
        "bgm_cuesheet_name_29": "",
        "bgm_cuesheet_name_3": "",
        "bgm_cuesheet_name_30": "",
        "bgm_cuesheet_name_4": "",
        "bgm_cuesheet_name_5": "",
        "bgm_cuesheet_name_6": "",
        "bgm_cuesheet_name_7": "",
        "bgm_cuesheet_name_8": "",
        "bgm_cuesheet_name_9": "",
        "bgm_time_1": 130,
        "bgm_time_10": 0,
        "bgm_time_11": 0,
        "bgm_time_12": 0,
        "bgm_time_13": 0,
        "bgm_time_14": 0,
        "bgm_time_15": 0,
        "bgm_time_16": 0,
        "bgm_time_17": 0,
        "bgm_time_18": 0,
        "bgm_time_19": 0,
        "bgm_time_2": 999,
        "bgm_time_20": 0,
        "bgm_time_21": 0,
        "bgm_time_22": 0,
        "bgm_time_23": 0,
        "bgm_time_24": 0,
        "bgm_time_25": 0,
        "bgm_time_26": 0,
        "bgm_time_27": 0,
        "bgm_time_28": 0,
        "bgm_time_29": 0,
        "bgm_time_3": 0,
        "bgm_time_30": 0,
        "bgm_time_4": 0,
        "bgm_time_5": 0,
        "bgm_time_6": 0,
        "bgm_time_7": 0,
        "bgm_time_8": 0,
        "bgm_time_9": 0,
        "id": 18
    },
    {
        "bgm_cue_name_1": "snd_bgm_GM074_race_ls_01",
        "bgm_cue_name_10": "snd_bgm_GM074_race_ls_10",
        "bgm_cue_name_11": "snd_bgm_GM074_race_ls_11",
        "bgm_cue_name_12": "snd_bgm_GM074_race_ls_12",
        "bgm_cue_name_13": "snd_bgm_GM074_race_ls_13",
        "bgm_cue_name_14": "snd_bgm_GM074_race_ls_14",
        "bgm_cue_name_15": "snd_bgm_GM074_race_ls_15",
        "bgm_cue_name_16": "snd_bgm_GM074_race_ls_16",
        "bgm_cue_name_17": "snd_bgm_GM074_race_ls_17",
        "bgm_cue_name_18": "snd_bgm_GM074_race_ls_18",
        "bgm_cue_name_19": "snd_bgm_GM074_race_ls_19",
        "bgm_cue_name_2": "snd_bgm_GM074_race_ls_02",
        "bgm_cue_name_20": "snd_bgm_GM074_race_ls_20",
        "bgm_cue_name_21": "snd_bgm_GM074_race_ls_21",
        "bgm_cue_name_22": "snd_bgm_GM074_race_ls_22",
        "bgm_cue_name_23": "snd_bgm_GM074_race_ls_23",
        "bgm_cue_name_24": "snd_bgm_GM074_race_ls_24",
        "bgm_cue_name_25": "snd_bgm_GM074_race_ls_25",
        "bgm_cue_name_26": "snd_bgm_GM074_race_ls_99",
        "bgm_cue_name_27": "",
        "bgm_cue_name_28": "",
        "bgm_cue_name_29": "",
        "bgm_cue_name_3": "snd_bgm_GM074_race_ls_03",
        "bgm_cue_name_30": "",
        "bgm_cue_name_4": "snd_bgm_GM074_race_ls_04",
        "bgm_cue_name_5": "snd_bgm_GM074_race_ls_05",
        "bgm_cue_name_6": "snd_bgm_GM074_race_ls_06",
        "bgm_cue_name_7": "snd_bgm_GM074_race_ls_07",
        "bgm_cue_name_8": "snd_bgm_GM074_race_ls_08",
        "bgm_cue_name_9": "snd_bgm_GM074_race_ls_09",
        "bgm_cuesheet_name_1": "snd_bgm_GM074_race_ls_01",
        "bgm_cuesheet_name_10": "snd_bgm_GM074_race_ls_10",
        "bgm_cuesheet_name_11": "snd_bgm_GM074_race_ls_11",
        "bgm_cuesheet_name_12": "snd_bgm_GM074_race_ls_12",
        "bgm_cuesheet_name_13": "snd_bgm_GM074_race_ls_13",
        "bgm_cuesheet_name_14": "snd_bgm_GM074_race_ls_14",
        "bgm_cuesheet_name_15": "snd_bgm_GM074_race_ls_15",
        "bgm_cuesheet_name_16": "snd_bgm_GM074_race_ls_16",
        "bgm_cuesheet_name_17": "snd_bgm_GM074_race_ls_17",
        "bgm_cuesheet_name_18": "snd_bgm_GM074_race_ls_18",
        "bgm_cuesheet_name_19": "snd_bgm_GM074_race_ls_19",
        "bgm_cuesheet_name_2": "snd_bgm_GM074_race_ls_02",
        "bgm_cuesheet_name_20": "snd_bgm_GM074_race_ls_20",
        "bgm_cuesheet_name_21": "snd_bgm_GM074_race_ls_21",
        "bgm_cuesheet_name_22": "snd_bgm_GM074_race_ls_22",
        "bgm_cuesheet_name_23": "snd_bgm_GM074_race_ls_23",
        "bgm_cuesheet_name_24": "snd_bgm_GM074_race_ls_24",
        "bgm_cuesheet_name_25": "snd_bgm_GM074_race_ls_25",
        "bgm_cuesheet_name_26": "snd_bgm_GM074_race_ls_99",
        "bgm_cuesheet_name_27": "",
        "bgm_cuesheet_name_28": "",
        "bgm_cuesheet_name_29": "",
        "bgm_cuesheet_name_3": "snd_bgm_GM074_race_ls_03",
        "bgm_cuesheet_name_30": "",
        "bgm_cuesheet_name_4": "snd_bgm_GM074_race_ls_04",
        "bgm_cuesheet_name_5": "snd_bgm_GM074_race_ls_05",
        "bgm_cuesheet_name_6": "snd_bgm_GM074_race_ls_06",
        "bgm_cuesheet_name_7": "snd_bgm_GM074_race_ls_07",
        "bgm_cuesheet_name_8": "snd_bgm_GM074_race_ls_08",
        "bgm_cuesheet_name_9": "snd_bgm_GM074_race_ls_09",
        "bgm_time_1": 9,
        "bgm_time_10": 36,
        "bgm_time_11": 38,
        "bgm_time_12": 42,
        "bgm_time_13": 44,
        "bgm_time_14": 48,
        "bgm_time_15": 50,
        "bgm_time_16": 52,
        "bgm_time_17": 56,
        "bgm_time_18": 58,
        "bgm_time_19": 60,
        "bgm_time_2": 13,
        "bgm_time_20": 62,
        "bgm_time_21": 65,
        "bgm_time_22": 69,
        "bgm_time_23": 71,
        "bgm_time_24": 75,
        "bgm_time_25": 79,
        "bgm_time_26": 99,
        "bgm_time_27": 0,
        "bgm_time_28": 0,
        "bgm_time_29": 0,
        "bgm_time_3": 14,
        "bgm_time_30": 0,
        "bgm_time_4": 18,
        "bgm_time_5": 21,
        "bgm_time_6": 24,
        "bgm_time_7": 27,
        "bgm_time_8": 29,
        "bgm_time_9": 32,
        "id": 19
    },
    {
        "bgm_cue_name_1": "snd_bgm_GM075_race_short",
        "bgm_cue_name_10": "",
        "bgm_cue_name_11": "",
        "bgm_cue_name_12": "",
        "bgm_cue_name_13": "",
        "bgm_cue_name_14": "",
        "bgm_cue_name_15": "",
        "bgm_cue_name_16": "",
        "bgm_cue_name_17": "",
        "bgm_cue_name_18": "",
        "bgm_cue_name_19": "",
        "bgm_cue_name_2": "snd_bgm_GM075_race_full",
        "bgm_cue_name_20": "",
        "bgm_cue_name_21": "",
        "bgm_cue_name_22": "",
        "bgm_cue_name_23": "",
        "bgm_cue_name_24": "",
        "bgm_cue_name_25": "",
        "bgm_cue_name_26": "",
        "bgm_cue_name_27": "",
        "bgm_cue_name_28": "",
        "bgm_cue_name_29": "",
        "bgm_cue_name_3": "",
        "bgm_cue_name_30": "",
        "bgm_cue_name_4": "",
        "bgm_cue_name_5": "",
        "bgm_cue_name_6": "",
        "bgm_cue_name_7": "",
        "bgm_cue_name_8": "",
        "bgm_cue_name_9": "",
        "bgm_cuesheet_name_1": "snd_bgm_GM075",
        "bgm_cuesheet_name_10": "",
        "bgm_cuesheet_name_11": "",
        "bgm_cuesheet_name_12": "",
        "bgm_cuesheet_name_13": "",
        "bgm_cuesheet_name_14": "",
        "bgm_cuesheet_name_15": "",
        "bgm_cuesheet_name_16": "",
        "bgm_cuesheet_name_17": "",
        "bgm_cuesheet_name_18": "",
        "bgm_cuesheet_name_19": "",
        "bgm_cuesheet_name_2": "snd_bgm_GM075",
        "bgm_cuesheet_name_20": "",
        "bgm_cuesheet_name_21": "",
        "bgm_cuesheet_name_22": "",
        "bgm_cuesheet_name_23": "",
        "bgm_cuesheet_name_24": "",
        "bgm_cuesheet_name_25": "",
        "bgm_cuesheet_name_26": "",
        "bgm_cuesheet_name_27": "",
        "bgm_cuesheet_name_28": "",
        "bgm_cuesheet_name_29": "",
        "bgm_cuesheet_name_3": "",
        "bgm_cuesheet_name_30": "",
        "bgm_cuesheet_name_4": "",
        "bgm_cuesheet_name_5": "",
        "bgm_cuesheet_name_6": "",
        "bgm_cuesheet_name_7": "",
        "bgm_cuesheet_name_8": "",
        "bgm_cuesheet_name_9": "",
        "bgm_time_1": 139,
        "bgm_time_10": 0,
        "bgm_time_11": 0,
        "bgm_time_12": 0,
        "bgm_time_13": 0,
        "bgm_time_14": 0,
        "bgm_time_15": 0,
        "bgm_time_16": 0,
        "bgm_time_17": 0,
        "bgm_time_18": 0,
        "bgm_time_19": 0,
        "bgm_time_2": 999,
        "bgm_time_20": 0,
        "bgm_time_21": 0,
        "bgm_time_22": 0,
        "bgm_time_23": 0,
        "bgm_time_24": 0,
        "bgm_time_25": 0,
        "bgm_time_26": 0,
        "bgm_time_27": 0,
        "bgm_time_28": 0,
        "bgm_time_29": 0,
        "bgm_time_3": 0,
        "bgm_time_30": 0,
        "bgm_time_4": 0,
        "bgm_time_5": 0,
        "bgm_time_6": 0,
        "bgm_time_7": 0,
        "bgm_time_8": 0,
        "bgm_time_9": 0,
        "id": 20
    },
    {
        "bgm_cue_name_1": "snd_bgm_GM076_race_ls_01",
        "bgm_cue_name_10": "snd_bgm_GM076_race_ls_10",
        "bgm_cue_name_11": "snd_bgm_GM076_race_ls_11",
        "bgm_cue_name_12": "snd_bgm_GM076_race_ls_12",
        "bgm_cue_name_13": "snd_bgm_GM076_race_ls_13",
        "bgm_cue_name_14": "snd_bgm_GM076_race_ls_14",
        "bgm_cue_name_15": "snd_bgm_GM076_race_ls_15",
        "bgm_cue_name_16": "snd_bgm_GM076_race_ls_16",
        "bgm_cue_name_17": "snd_bgm_GM076_race_ls_17",
        "bgm_cue_name_18": "snd_bgm_GM076_race_ls_18",
        "bgm_cue_name_19": "snd_bgm_GM076_race_ls_19",
        "bgm_cue_name_2": "snd_bgm_GM076_race_ls_02",
        "bgm_cue_name_20": "snd_bgm_GM076_race_ls_20",
        "bgm_cue_name_21": "snd_bgm_GM076_race_ls_21",
        "bgm_cue_name_22": "snd_bgm_GM076_race_ls_22",
        "bgm_cue_name_23": "snd_bgm_GM076_race_ls_23",
        "bgm_cue_name_24": "snd_bgm_GM076_race_ls_24",
        "bgm_cue_name_25": "snd_bgm_GM076_race_ls_25",
        "bgm_cue_name_26": "snd_bgm_GM076_race_ls_26",
        "bgm_cue_name_27": "snd_bgm_GM076_race_ls_99",
        "bgm_cue_name_28": "",
        "bgm_cue_name_29": "",
        "bgm_cue_name_3": "snd_bgm_GM076_race_ls_03",
        "bgm_cue_name_30": "",
        "bgm_cue_name_4": "snd_bgm_GM076_race_ls_04",
        "bgm_cue_name_5": "snd_bgm_GM076_race_ls_05",
        "bgm_cue_name_6": "snd_bgm_GM076_race_ls_06",
        "bgm_cue_name_7": "snd_bgm_GM076_race_ls_07",
        "bgm_cue_name_8": "snd_bgm_GM076_race_ls_08",
        "bgm_cue_name_9": "snd_bgm_GM076_race_ls_09",
        "bgm_cuesheet_name_1": "snd_bgm_GM076_race_ls_01",
        "bgm_cuesheet_name_10": "snd_bgm_GM076_race_ls_10",
        "bgm_cuesheet_name_11": "snd_bgm_GM076_race_ls_11",
        "bgm_cuesheet_name_12": "snd_bgm_GM076_race_ls_12",
        "bgm_cuesheet_name_13": "snd_bgm_GM076_race_ls_13",
        "bgm_cuesheet_name_14": "snd_bgm_GM076_race_ls_14",
        "bgm_cuesheet_name_15": "snd_bgm_GM076_race_ls_15",
        "bgm_cuesheet_name_16": "snd_bgm_GM076_race_ls_16",
        "bgm_cuesheet_name_17": "snd_bgm_GM076_race_ls_17",
        "bgm_cuesheet_name_18": "snd_bgm_GM076_race_ls_18",
        "bgm_cuesheet_name_19": "snd_bgm_GM076_race_ls_19",
        "bgm_cuesheet_name_2": "snd_bgm_GM076_race_ls_02",
        "bgm_cuesheet_name_20": "snd_bgm_GM076_race_ls_20",
        "bgm_cuesheet_name_21": "snd_bgm_GM076_race_ls_21",
        "bgm_cuesheet_name_22": "snd_bgm_GM076_race_ls_22",
        "bgm_cuesheet_name_23": "snd_bgm_GM076_race_ls_23",
        "bgm_cuesheet_name_24": "snd_bgm_GM076_race_ls_24",
        "bgm_cuesheet_name_25": "snd_bgm_GM076_race_ls_25",
        "bgm_cuesheet_name_26": "snd_bgm_GM076_race_ls_26",
        "bgm_cuesheet_name_27": "snd_bgm_GM076_race_ls_99",
        "bgm_cuesheet_name_28": "",
        "bgm_cuesheet_name_29": "",
        "bgm_cuesheet_name_3": "snd_bgm_GM076_race_ls_03",
        "bgm_cuesheet_name_30": "",
        "bgm_cuesheet_name_4": "snd_bgm_GM076_race_ls_04",
        "bgm_cuesheet_name_5": "snd_bgm_GM076_race_ls_05",
        "bgm_cuesheet_name_6": "snd_bgm_GM076_race_ls_06",
        "bgm_cuesheet_name_7": "snd_bgm_GM076_race_ls_07",
        "bgm_cuesheet_name_8": "snd_bgm_GM076_race_ls_08",
        "bgm_cuesheet_name_9": "snd_bgm_GM076_race_ls_09",
        "bgm_time_1": 9,
        "bgm_time_10": 31,
        "bgm_time_11": 34,
        "bgm_time_12": 36,
        "bgm_time_13": 39,
        "bgm_time_14": 41,
        "bgm_time_15": 44,
        "bgm_time_16": 46,
        "bgm_time_17": 48,
        "bgm_time_18": 51,
        "bgm_time_19": 53,
        "bgm_time_2": 12,
        "bgm_time_20": 56,
        "bgm_time_21": 58,
        "bgm_time_22": 61,
        "bgm_time_23": 64,
        "bgm_time_24": 69,
        "bgm_time_25": 74,
        "bgm_time_26": 79,
        "bgm_time_27": 99,
        "bgm_time_28": 0,
        "bgm_time_29": 0,
        "bgm_time_3": 14,
        "bgm_time_30": 0,
        "bgm_time_4": 17,
        "bgm_time_5": 19,
        "bgm_time_6": 22,
        "bgm_time_7": 24,
        "bgm_time_8": 26,
        "bgm_time_9": 29,
        "id": 21
    },
    {
        "bgm_cue_name_1": "snd_bgm_GM119_race_short",
        "bgm_cue_name_10": "",
        "bgm_cue_name_11": "",
        "bgm_cue_name_12": "",
        "bgm_cue_name_13": "",
        "bgm_cue_name_14": "",
        "bgm_cue_name_15": "",
        "bgm_cue_name_16": "",
        "bgm_cue_name_17": "",
        "bgm_cue_name_18": "",
        "bgm_cue_name_19": "",
        "bgm_cue_name_2": "snd_bgm_GM119_race_full",
        "bgm_cue_name_20": "",
        "bgm_cue_name_21": "",
        "bgm_cue_name_22": "",
        "bgm_cue_name_23": "",
        "bgm_cue_name_24": "",
        "bgm_cue_name_25": "",
        "bgm_cue_name_26": "",
        "bgm_cue_name_27": "",
        "bgm_cue_name_28": "",
        "bgm_cue_name_29": "",
        "bgm_cue_name_3": "",
        "bgm_cue_name_30": "",
        "bgm_cue_name_4": "",
        "bgm_cue_name_5": "",
        "bgm_cue_name_6": "",
        "bgm_cue_name_7": "",
        "bgm_cue_name_8": "",
        "bgm_cue_name_9": "",
        "bgm_cuesheet_name_1": "snd_bgm_GM119",
        "bgm_cuesheet_name_10": "",
        "bgm_cuesheet_name_11": "",
        "bgm_cuesheet_name_12": "",
        "bgm_cuesheet_name_13": "",
        "bgm_cuesheet_name_14": "",
        "bgm_cuesheet_name_15": "",
        "bgm_cuesheet_name_16": "",
        "bgm_cuesheet_name_17": "",
        "bgm_cuesheet_name_18": "",
        "bgm_cuesheet_name_19": "",
        "bgm_cuesheet_name_2": "snd_bgm_GM119",
        "bgm_cuesheet_name_20": "",
        "bgm_cuesheet_name_21": "",
        "bgm_cuesheet_name_22": "",
        "bgm_cuesheet_name_23": "",
        "bgm_cuesheet_name_24": "",
        "bgm_cuesheet_name_25": "",
        "bgm_cuesheet_name_26": "",
        "bgm_cuesheet_name_27": "",
        "bgm_cuesheet_name_28": "",
        "bgm_cuesheet_name_29": "",
        "bgm_cuesheet_name_3": "",
        "bgm_cuesheet_name_30": "",
        "bgm_cuesheet_name_4": "",
        "bgm_cuesheet_name_5": "",
        "bgm_cuesheet_name_6": "",
        "bgm_cuesheet_name_7": "",
        "bgm_cuesheet_name_8": "",
        "bgm_cuesheet_name_9": "",
        "bgm_time_1": 96,
        "bgm_time_10": 0,
        "bgm_time_11": 0,
        "bgm_time_12": 0,
        "bgm_time_13": 0,
        "bgm_time_14": 0,
        "bgm_time_15": 0,
        "bgm_time_16": 0,
        "bgm_time_17": 0,
        "bgm_time_18": 0,
        "bgm_time_19": 0,
        "bgm_time_2": 999,
        "bgm_time_20": 0,
        "bgm_time_21": 0,
        "bgm_time_22": 0,
        "bgm_time_23": 0,
        "bgm_time_24": 0,
        "bgm_time_25": 0,
        "bgm_time_26": 0,
        "bgm_time_27": 0,
        "bgm_time_28": 0,
        "bgm_time_29": 0,
        "bgm_time_3": 0,
        "bgm_time_30": 0,
        "bgm_time_4": 0,
        "bgm_time_5": 0,
        "bgm_time_6": 0,
        "bgm_time_7": 0,
        "bgm_time_8": 0,
        "bgm_time_9": 0,
        "id": 22
    },
    {
        "bgm_cue_name_1": "snd_bgm_GM120_race_ls_01",
        "bgm_cue_name_10": "snd_bgm_GM120_race_ls_10",
        "bgm_cue_name_11": "snd_bgm_GM120_race_ls_11",
        "bgm_cue_name_12": "snd_bgm_GM120_race_ls_12",
        "bgm_cue_name_13": "snd_bgm_GM120_race_ls_13",
        "bgm_cue_name_14": "snd_bgm_GM120_race_ls_14",
        "bgm_cue_name_15": "snd_bgm_GM120_race_ls_15",
        "bgm_cue_name_16": "snd_bgm_GM120_race_ls_16",
        "bgm_cue_name_17": "snd_bgm_GM120_race_ls_17",
        "bgm_cue_name_18": "snd_bgm_GM120_race_ls_18",
        "bgm_cue_name_19": "snd_bgm_GM120_race_ls_19",
        "bgm_cue_name_2": "snd_bgm_GM120_race_ls_02",
        "bgm_cue_name_20": "snd_bgm_GM120_race_ls_20",
        "bgm_cue_name_21": "snd_bgm_GM120_race_ls_21",
        "bgm_cue_name_22": "snd_bgm_GM120_race_ls_22",
        "bgm_cue_name_23": "snd_bgm_GM120_race_ls_23",
        "bgm_cue_name_24": "snd_bgm_GM120_race_ls_24",
        "bgm_cue_name_25": "snd_bgm_GM120_race_ls_25",
        "bgm_cue_name_26": "snd_bgm_GM120_race_ls_99",
        "bgm_cue_name_27": "",
        "bgm_cue_name_28": "",
        "bgm_cue_name_29": "",
        "bgm_cue_name_3": "snd_bgm_GM120_race_ls_03",
        "bgm_cue_name_30": "",
        "bgm_cue_name_4": "snd_bgm_GM120_race_ls_04",
        "bgm_cue_name_5": "snd_bgm_GM120_race_ls_05",
        "bgm_cue_name_6": "snd_bgm_GM120_race_ls_06",
        "bgm_cue_name_7": "snd_bgm_GM120_race_ls_07",
        "bgm_cue_name_8": "snd_bgm_GM120_race_ls_08",
        "bgm_cue_name_9": "snd_bgm_GM120_race_ls_09",
        "bgm_cuesheet_name_1": "snd_bgm_GM120_race_ls_01",
        "bgm_cuesheet_name_10": "snd_bgm_GM120_race_ls_10",
        "bgm_cuesheet_name_11": "snd_bgm_GM120_race_ls_11",
        "bgm_cuesheet_name_12": "snd_bgm_GM120_race_ls_12",
        "bgm_cuesheet_name_13": "snd_bgm_GM120_race_ls_13",
        "bgm_cuesheet_name_14": "snd_bgm_GM120_race_ls_14",
        "bgm_cuesheet_name_15": "snd_bgm_GM120_race_ls_15",
        "bgm_cuesheet_name_16": "snd_bgm_GM120_race_ls_16",
        "bgm_cuesheet_name_17": "snd_bgm_GM120_race_ls_17",
        "bgm_cuesheet_name_18": "snd_bgm_GM120_race_ls_18",
        "bgm_cuesheet_name_19": "snd_bgm_GM120_race_ls_19",
        "bgm_cuesheet_name_2": "snd_bgm_GM120_race_ls_02",
        "bgm_cuesheet_name_20": "snd_bgm_GM120_race_ls_20",
        "bgm_cuesheet_name_21": "snd_bgm_GM120_race_ls_21",
        "bgm_cuesheet_name_22": "snd_bgm_GM120_race_ls_22",
        "bgm_cuesheet_name_23": "snd_bgm_GM120_race_ls_23",
        "bgm_cuesheet_name_24": "snd_bgm_GM120_race_ls_24",
        "bgm_cuesheet_name_25": "snd_bgm_GM120_race_ls_25",
        "bgm_cuesheet_name_26": "snd_bgm_GM120_race_ls_99",
        "bgm_cuesheet_name_27": "",
        "bgm_cuesheet_name_28": "",
        "bgm_cuesheet_name_29": "",
        "bgm_cuesheet_name_3": "snd_bgm_GM120_race_ls_03",
        "bgm_cuesheet_name_30": "",
        "bgm_cuesheet_name_4": "snd_bgm_GM120_race_ls_04",
        "bgm_cuesheet_name_5": "snd_bgm_GM120_race_ls_05",
        "bgm_cuesheet_name_6": "snd_bgm_GM120_race_ls_06",
        "bgm_cuesheet_name_7": "snd_bgm_GM120_race_ls_07",
        "bgm_cuesheet_name_8": "snd_bgm_GM120_race_ls_08",
        "bgm_cuesheet_name_9": "snd_bgm_GM120_race_ls_09",
        "bgm_time_1": 10,
        "bgm_time_10": 37,
        "bgm_time_11": 38,
        "bgm_time_12": 41,
        "bgm_time_13": 47,
        "bgm_time_14": 50,
        "bgm_time_15": 50,
        "bgm_time_16": 53,
        "bgm_time_17": 56,
        "bgm_time_18": 59,
        "bgm_time_19": 62,
        "bgm_time_2": 13,
        "bgm_time_20": 65,
        "bgm_time_21": 68,
        "bgm_time_22": 71,
        "bgm_time_23": 74,
        "bgm_time_24": 77,
        "bgm_time_25": 80,
        "bgm_time_26": 99,
        "bgm_time_27": 0,
        "bgm_time_28": 0,
        "bgm_time_29": 0,
        "bgm_time_3": 16,
        "bgm_time_30": 0,
        "bgm_time_4": 19,
        "bgm_time_5": 22,
        "bgm_time_6": 25,
        "bgm_time_7": 28,
        "bgm_time_8": 31,
        "bgm_time_9": 34,
        "id": 23
    },
    {
        "bgm_cue_name_1": "snd_bgm_GM121_race_short",
        "bgm_cue_name_10": "",
        "bgm_cue_name_11": "",
        "bgm_cue_name_12": "",
        "bgm_cue_name_13": "",
        "bgm_cue_name_14": "",
        "bgm_cue_name_15": "",
        "bgm_cue_name_16": "",
        "bgm_cue_name_17": "",
        "bgm_cue_name_18": "",
        "bgm_cue_name_19": "",
        "bgm_cue_name_2": "snd_bgm_GM121_race_mid",
        "bgm_cue_name_20": "",
        "bgm_cue_name_21": "",
        "bgm_cue_name_22": "",
        "bgm_cue_name_23": "",
        "bgm_cue_name_24": "",
        "bgm_cue_name_25": "",
        "bgm_cue_name_26": "",
        "bgm_cue_name_27": "",
        "bgm_cue_name_28": "",
        "bgm_cue_name_29": "",
        "bgm_cue_name_3": "snd_bgm_GM121_race_full",
        "bgm_cue_name_30": "",
        "bgm_cue_name_4": "",
        "bgm_cue_name_5": "",
        "bgm_cue_name_6": "",
        "bgm_cue_name_7": "",
        "bgm_cue_name_8": "",
        "bgm_cue_name_9": "",
        "bgm_cuesheet_name_1": "snd_bgm_GM121",
        "bgm_cuesheet_name_10": "",
        "bgm_cuesheet_name_11": "",
        "bgm_cuesheet_name_12": "",
        "bgm_cuesheet_name_13": "",
        "bgm_cuesheet_name_14": "",
        "bgm_cuesheet_name_15": "",
        "bgm_cuesheet_name_16": "",
        "bgm_cuesheet_name_17": "",
        "bgm_cuesheet_name_18": "",
        "bgm_cuesheet_name_19": "",
        "bgm_cuesheet_name_2": "snd_bgm_GM121",
        "bgm_cuesheet_name_20": "",
        "bgm_cuesheet_name_21": "",
        "bgm_cuesheet_name_22": "",
        "bgm_cuesheet_name_23": "",
        "bgm_cuesheet_name_24": "",
        "bgm_cuesheet_name_25": "",
        "bgm_cuesheet_name_26": "",
        "bgm_cuesheet_name_27": "",
        "bgm_cuesheet_name_28": "",
        "bgm_cuesheet_name_29": "",
        "bgm_cuesheet_name_3": "snd_bgm_GM121",
        "bgm_cuesheet_name_30": "",
        "bgm_cuesheet_name_4": "",
        "bgm_cuesheet_name_5": "",
        "bgm_cuesheet_name_6": "",
        "bgm_cuesheet_name_7": "",
        "bgm_cuesheet_name_8": "",
        "bgm_cuesheet_name_9": "",
        "bgm_time_1": 93,
        "bgm_time_10": 0,
        "bgm_time_11": 0,
        "bgm_time_12": 0,
        "bgm_time_13": 0,
        "bgm_time_14": 0,
        "bgm_time_15": 0,
        "bgm_time_16": 0,
        "bgm_time_17": 0,
        "bgm_time_18": 0,
        "bgm_time_19": 0,
        "bgm_time_2": 115,
        "bgm_time_20": 0,
        "bgm_time_21": 0,
        "bgm_time_22": 0,
        "bgm_time_23": 0,
        "bgm_time_24": 0,
        "bgm_time_25": 0,
        "bgm_time_26": 0,
        "bgm_time_27": 0,
        "bgm_time_28": 0,
        "bgm_time_29": 0,
        "bgm_time_3": 999,
        "bgm_time_30": 0,
        "bgm_time_4": 0,
        "bgm_time_5": 0,
        "bgm_time_6": 0,
        "bgm_time_7": 0,
        "bgm_time_8": 0,
        "bgm_time_9": 0,
        "id": 24
    },
    {
        "bgm_cue_name_1": "snd_bgm_GM122_race_ls_01",
        "bgm_cue_name_10": "snd_bgm_GM122_race_ls_10",
        "bgm_cue_name_11": "snd_bgm_GM122_race_ls_11",
        "bgm_cue_name_12": "snd_bgm_GM122_race_ls_12",
        "bgm_cue_name_13": "snd_bgm_GM122_race_ls_13",
        "bgm_cue_name_14": "snd_bgm_GM122_race_ls_14",
        "bgm_cue_name_15": "snd_bgm_GM122_race_ls_15",
        "bgm_cue_name_16": "snd_bgm_GM122_race_ls_16",
        "bgm_cue_name_17": "snd_bgm_GM122_race_ls_17",
        "bgm_cue_name_18": "snd_bgm_GM122_race_ls_18",
        "bgm_cue_name_19": "snd_bgm_GM122_race_ls_19",
        "bgm_cue_name_2": "snd_bgm_GM122_race_ls_02",
        "bgm_cue_name_20": "snd_bgm_GM122_race_ls_20",
        "bgm_cue_name_21": "snd_bgm_GM122_race_ls_21",
        "bgm_cue_name_22": "snd_bgm_GM122_race_ls_22",
        "bgm_cue_name_23": "snd_bgm_GM122_race_ls_23",
        "bgm_cue_name_24": "snd_bgm_GM122_race_ls_24",
        "bgm_cue_name_25": "snd_bgm_GM122_race_ls_25",
        "bgm_cue_name_26": "snd_bgm_GM122_race_ls_26",
        "bgm_cue_name_27": "snd_bgm_GM122_race_ls_27",
        "bgm_cue_name_28": "snd_bgm_GM122_race_ls_28",
        "bgm_cue_name_29": "snd_bgm_GM122_race_ls_29",
        "bgm_cue_name_3": "snd_bgm_GM122_race_ls_03",
        "bgm_cue_name_30": "snd_bgm_GM122_race_ls_30",
        "bgm_cue_name_4": "snd_bgm_GM122_race_ls_04",
        "bgm_cue_name_5": "snd_bgm_GM122_race_ls_05",
        "bgm_cue_name_6": "snd_bgm_GM122_race_ls_06",
        "bgm_cue_name_7": "snd_bgm_GM122_race_ls_07",
        "bgm_cue_name_8": "snd_bgm_GM122_race_ls_08",
        "bgm_cue_name_9": "snd_bgm_GM122_race_ls_09",
        "bgm_cuesheet_name_1": "snd_bgm_GM122_race_ls_01",
        "bgm_cuesheet_name_10": "snd_bgm_GM122_race_ls_10",
        "bgm_cuesheet_name_11": "snd_bgm_GM122_race_ls_11",
        "bgm_cuesheet_name_12": "snd_bgm_GM122_race_ls_12",
        "bgm_cuesheet_name_13": "snd_bgm_GM122_race_ls_13",
        "bgm_cuesheet_name_14": "snd_bgm_GM122_race_ls_14",
        "bgm_cuesheet_name_15": "snd_bgm_GM122_race_ls_15",
        "bgm_cuesheet_name_16": "snd_bgm_GM122_race_ls_16",
        "bgm_cuesheet_name_17": "snd_bgm_GM122_race_ls_17",
        "bgm_cuesheet_name_18": "snd_bgm_GM122_race_ls_18",
        "bgm_cuesheet_name_19": "snd_bgm_GM122_race_ls_19",
        "bgm_cuesheet_name_2": "snd_bgm_GM122_race_ls_02",
        "bgm_cuesheet_name_20": "snd_bgm_GM122_race_ls_20",
        "bgm_cuesheet_name_21": "snd_bgm_GM122_race_ls_21",
        "bgm_cuesheet_name_22": "snd_bgm_GM122_race_ls_22",
        "bgm_cuesheet_name_23": "snd_bgm_GM122_race_ls_23",
        "bgm_cuesheet_name_24": "snd_bgm_GM122_race_ls_24",
        "bgm_cuesheet_name_25": "snd_bgm_GM122_race_ls_25",
        "bgm_cuesheet_name_26": "snd_bgm_GM122_race_ls_26",
        "bgm_cuesheet_name_27": "snd_bgm_GM122_race_ls_27",
        "bgm_cuesheet_name_28": "snd_bgm_GM122_race_ls_28",
        "bgm_cuesheet_name_29": "snd_bgm_GM122_race_ls_29",
        "bgm_cuesheet_name_3": "snd_bgm_GM122_race_ls_03",
        "bgm_cuesheet_name_30": "snd_bgm_GM122_race_ls_30",
        "bgm_cuesheet_name_4": "snd_bgm_GM122_race_ls_04",
        "bgm_cuesheet_name_5": "snd_bgm_GM122_race_ls_05",
        "bgm_cuesheet_name_6": "snd_bgm_GM122_race_ls_06",
        "bgm_cuesheet_name_7": "snd_bgm_GM122_race_ls_07",
        "bgm_cuesheet_name_8": "snd_bgm_GM122_race_ls_08",
        "bgm_cuesheet_name_9": "snd_bgm_GM122_race_ls_09",
        "bgm_time_1": 10,
        "bgm_time_10": 28,
        "bgm_time_11": 31,
        "bgm_time_12": 33,
        "bgm_time_13": 35,
        "bgm_time_14": 38,
        "bgm_time_15": 40,
        "bgm_time_16": 42,
        "bgm_time_17": 44,
        "bgm_time_18": 47,
        "bgm_time_19": 49,
        "bgm_time_2": 12,
        "bgm_time_20": 51,
        "bgm_time_21": 54,
        "bgm_time_22": 56,
        "bgm_time_23": 58,
        "bgm_time_24": 61,
        "bgm_time_25": 63,
        "bgm_time_26": 65,
        "bgm_time_27": 68,
        "bgm_time_28": 72,
        "bgm_time_29": 77,
        "bgm_time_3": 14,
        "bgm_time_30": 99,
        "bgm_time_4": 16,
        "bgm_time_5": 18,
        "bgm_time_6": 20,
        "bgm_time_7": 22,
        "bgm_time_8": 24,
        "bgm_time_9": 26,
        "id": 25
    }
]