[
    {
        "id": 0,
        "proper_rate_power": 0,
        "proper_rate_speed": 0
    },
    {
        "id": 1,
        "proper_rate_power": 4000,
        "proper_rate_speed": 1000
    },
    {
        "id": 2,
        "proper_rate_power": 5000,
        "proper_rate_speed": 2000
    },
    {
        "id": 3,
        "proper_rate_power": 6000,
        "proper_rate_speed": 4000
    },
    {
        "id": 4,
        "proper_rate_power": 10000,
        "proper_rate_speed": 6000
    },
    {
        "id": 5,
        "proper_rate_power": 10000,
        "proper_rate_speed": 8000
    },
    {
        "id": 6,
        "proper_rate_power": 10000,
        "proper_rate_speed": 9000
    },
    {
        "id": 7,
        "proper_rate_power": 10000,
        "proper_rate_speed": 10000
    },
    {
        "id": 8,
        "proper_rate_power": 10000,
        "proper_rate_speed": 10500
    }
]