[
    {
        "category": 1,
        "id": 100000,
        "prefab_name": "pfb_cam_race00000_01_00_000_00",
        "priority": 0
    },
    {
        "category": 1,
        "id": 100001,
        "prefab_name": "pfb_cam_race00000_01_00_001_00",
        "priority": 0
    },
    {
        "category": 1,
        "id": 100002,
        "prefab_name": "pfb_cam_race00000_01_00_002_00",
        "priority": 0
    },
    {
        "category": 1,
        "id": 101000,
        "prefab_name": "pfb_cam_race00000_01_01_000_00",
        "priority": 0
    },
    {
        "category": 1,
        "id": 101001,
        "prefab_name": "pfb_cam_race00000_01_01_001_00",
        "priority": 0
    },
    {
        "category": 1,
        "id": 101002,
        "prefab_name": "pfb_cam_race00000_01_01_002_00",
        "priority": 0
    },
    {
        "category": 1,
        "id": 101003,
        "prefab_name": "pfb_cam_race00000_01_01_003_00",
        "priority": 0
    },
    {
        "category": 1,
        "id": 101004,
        "prefab_name": "pfb_cam_race00000_01_01_004_00",
        "priority": 0
    },
    {
        "category": 1,
        "id": 101005,
        "prefab_name": "pfb_cam_race00000_01_01_005_00",
        "priority": 0
    },
    {
        "category": 1,
        "id": 101006,
        "prefab_name": "pfb_cam_race00000_01_01_006_00",
        "priority": 0
    },
    {
        "category": 1,
        "id": 101007,
        "prefab_name": "pfb_cam_race00000_01_01_007_00",
        "priority": 0
    },
    {
        "category": 1,
        "id": 101008,
        "prefab_name": "pfb_cam_race00000_01_01_008_00",
        "priority": 0
    },
    {
        "category": 1,
        "id": 101009,
        "prefab_name": "pfb_cam_race00000_01_01_009_00",
        "priority": 0
    },
    {
        "category": 1,
        "id": 102000,
        "prefab_name": "pfb_cam_race00000_01_02_000_00",
        "priority": 0
    },
    {
        "category": 1,
        "id": 102001,
        "prefab_name": "pfb_cam_race00000_01_02_001_00",
        "priority": 0
    },
    {
        "category": 1,
        "id": 102002,
        "prefab_name": "pfb_cam_race00000_01_02_002_00",
        "priority": 0
    },
    {
        "category": 1,
        "id": 102003,
        "prefab_name": "pfb_cam_race00000_01_02_003_00",
        "priority": 0
    },
    {
        "category": 1,
        "id": 102004,
        "prefab_name": "pfb_cam_race00000_01_02_004_00",
        "priority": 0
    },
    {
        "category": 1,
        "id": 102005,
        "prefab_name": "pfb_cam_race00000_01_02_005_00",
        "priority": 0
    },
    {
        "category": 1,
        "id": 102006,
        "prefab_name": "pfb_cam_race00000_01_02_006_00",
        "priority": 0
    },
    {
        "category": 1,
        "id": 102007,
        "prefab_name": "pfb_cam_race00000_01_02_007_00",
        "priority": 0
    },
    {
        "category": 1,
        "id": 103000,
        "prefab_name": "pfb_cam_race00000_01_03_000_00",
        "priority": 0
    },
    {
        "category": 1,
        "id": 103001,
        "prefab_name": "pfb_cam_race00000_01_03_001_00",
        "priority": 0
    },
    {
        "category": 1,
        "id": 103002,
        "prefab_name": "pfb_cam_race00000_01_03_002_00",
        "priority": 0
    },
    {
        "category": 1,
        "id": 103003,
        "prefab_name": "pfb_cam_race00000_01_03_003_00",
        "priority": 0
    },
    {
        "category": 1,
        "id": 103004,
        "prefab_name": "pfb_cam_race00000_01_03_004_00",
        "priority": 0
    },
    {
        "category": 1,
        "id": 103005,
        "prefab_name": "pfb_cam_race00000_01_03_005_00",
        "priority": 0
    },
    {
        "category": 1,
        "id": 103006,
        "prefab_name": "pfb_cam_race00000_01_03_006_00",
        "priority": 0
    },
    {
        "category": 1,
        "id": 103007,
        "prefab_name": "pfb_cam_race00000_01_03_007_00",
        "priority": 0
    },
    {
        "category": 1,
        "id": 103008,
        "prefab_name": "pfb_cam_race00000_01_03_008_00",
        "priority": 0
    },
    {
        "category": 1,
        "id": 103009,
        "prefab_name": "pfb_cam_race00000_01_03_009_00",
        "priority": 0
    },
    {
        "category": 1,
        "id": 103010,
        "prefab_name": "pfb_cam_race00000_01_03_010_00",
        "priority": 0
    },
    {
        "category": 1,
        "id": 104000,
        "prefab_name": "pfb_cam_race00000_01_04_000_00",
        "priority": 0
    },
    {
        "category": 1,
        "id": 104001,
        "prefab_name": "pfb_cam_race00000_01_04_001_00",
        "priority": 0
    },
    {
        "category": 1,
        "id": 104002,
        "prefab_name": "pfb_cam_race00000_01_04_002_00",
        "priority": 0
    },
    {
        "category": 1,
        "id": 104003,
        "prefab_name": "pfb_cam_race00000_01_04_003_00",
        "priority": 0
    },
    {
        "category": 1,
        "id": 104004,
        "prefab_name": "pfb_cam_race00000_01_04_004_00",
        "priority": 0
    },
    {
        "category": 1,
        "id": 104005,
        "prefab_name": "pfb_cam_race00000_01_04_005_00",
        "priority": 0
    },
    {
        "category": 1,
        "id": 105000,
        "prefab_name": "pfb_cam_race00000_01_05_000_00",
        "priority": 0
    },
    {
        "category": 1,
        "id": 105001,
        "prefab_name": "pfb_cam_race00000_01_05_001_00",
        "priority": 0
    },
    {
        "category": 1,
        "id": 105002,
        "prefab_name": "pfb_cam_race00000_01_05_002_00",
        "priority": 0
    },
    {
        "category": 1,
        "id": 105003,
        "prefab_name": "pfb_cam_race00000_01_05_003_00",
        "priority": 0
    },
    {
        "category": 1,
        "id": 105004,
        "prefab_name": "pfb_cam_race00000_01_05_004_00",
        "priority": 0
    },
    {
        "category": 1,
        "id": 105005,
        "prefab_name": "pfb_cam_race00000_01_05_005_00",
        "priority": 0
    },
    {
        "category": 1,
        "id": 105006,
        "prefab_name": "pfb_cam_race00000_01_05_006_00",
        "priority": 0
    },
    {
        "category": 1,
        "id": 106000,
        "prefab_name": "pfb_cam_race00000_01_06_000_00",
        "priority": 0
    },
    {
        "category": 1,
        "id": 106001,
        "prefab_name": "pfb_cam_race00000_01_06_001_00",
        "priority": 0
    },
    {
        "category": 1,
        "id": 106002,
        "prefab_name": "pfb_cam_race00000_01_06_002_00",
        "priority": 0
    },
    {
        "category": 1,
        "id": 106003,
        "prefab_name": "pfb_cam_race00000_01_06_003_00",
        "priority": 0
    },
    {
        "category": 1,
        "id": 106004,
        "prefab_name": "pfb_cam_race00000_01_06_004_00",
        "priority": 0
    },
    {
        "category": 1,
        "id": 106005,
        "prefab_name": "pfb_cam_race00000_01_06_005_00",
        "priority": 0
    },
    {
        "category": 1,
        "id": 106006,
        "prefab_name": "pfb_cam_race00000_01_06_006_00",
        "priority": 0
    },
    {
        "category": 1,
        "id": 106007,
        "prefab_name": "pfb_cam_race00000_01_06_007_00",
        "priority": 0
    },
    {
        "category": 1,
        "id": 106008,
        "prefab_name": "pfb_cam_race00000_01_06_008_00",
        "priority": 0
    },
    {
        "category": 1,
        "id": 106009,
        "prefab_name": "pfb_cam_race00000_01_06_009_00",
        "priority": 0
    },
    {
        "category": 1,
        "id": 107000,
        "prefab_name": "pfb_cam_race00000_01_07_000_00",
        "priority": 0
    },
    {
        "category": 1,
        "id": 107001,
        "prefab_name": "pfb_cam_race00000_01_07_001_00",
        "priority": 0
    },
    {
        "category": 1,
        "id": 107002,
        "prefab_name": "pfb_cam_race00000_01_07_002_00",
        "priority": 0
    },
    {
        "category": 1,
        "id": 107003,
        "prefab_name": "pfb_cam_race00000_01_07_003_00",
        "priority": 0
    },
    {
        "category": 1,
        "id": 107004,
        "prefab_name": "pfb_cam_race00000_01_07_004_00",
        "priority": 0
    },
    {
        "category": 1,
        "id": 107005,
        "prefab_name": "pfb_cam_race00000_01_07_005_00",
        "priority": 0
    },
    {
        "category": 1,
        "id": 107006,
        "prefab_name": "pfb_cam_race00000_01_07_006_00",
        "priority": 0
    },
    {
        "category": 1,
        "id": 108000,
        "prefab_name": "pfb_cam_race00000_01_08_000_00",
        "priority": 1
    },
    {
        "category": 1,
        "id": 108001,
        "prefab_name": "pfb_cam_race00000_01_08_001_00",
        "priority": 1
    },
    {
        "category": 1,
        "id": 108002,
        "prefab_name": "pfb_cam_race00000_01_08_002_00",
        "priority": 1
    },
    {
        "category": 1,
        "id": 108003,
        "prefab_name": "pfb_cam_race00000_01_08_003_00",
        "priority": 1
    },
    {
        "category": 1,
        "id": 108004,
        "prefab_name": "pfb_cam_race00000_01_08_004_00",
        "priority": 1
    },
    {
        "category": 1,
        "id": 108005,
        "prefab_name": "pfb_cam_race00000_01_08_005_00",
        "priority": 1
    },
    {
        "category": 1,
        "id": 108006,
        "prefab_name": "pfb_cam_race00000_01_08_006_00",
        "priority": 1
    },
    {
        "category": 1,
        "id": 108007,
        "prefab_name": "pfb_cam_race00000_01_08_007_00",
        "priority": 1
    },
    {
        "category": 1,
        "id": 108008,
        "prefab_name": "pfb_cam_race00000_01_08_008_00",
        "priority": 1
    },
    {
        "category": 1,
        "id": 108009,
        "prefab_name": "pfb_cam_race00000_01_08_009_00",
        "priority": 1
    },
    {
        "category": 1,
        "id": 108010,
        "prefab_name": "pfb_cam_race00000_01_08_010_00",
        "priority": 1
    },
    {
        "category": 1,
        "id": 108011,
        "prefab_name": "pfb_cam_race00000_01_08_011_00",
        "priority": 1
    },
    {
        "category": 1,
        "id": 108012,
        "prefab_name": "pfb_cam_race00000_01_08_012_00",
        "priority": 1
    },
    {
        "category": 1,
        "id": 108013,
        "prefab_name": "pfb_cam_race00000_01_08_013_00",
        "priority": 1
    },
    {
        "category": 1,
        "id": 108014,
        "prefab_name": "pfb_cam_race00000_01_08_014_00",
        "priority": 1
    },
    {
        "category": 1,
        "id": 108015,
        "prefab_name": "pfb_cam_race00000_01_08_015_00",
        "priority": 1
    },
    {
        "category": 1,
        "id": 108016,
        "prefab_name": "pfb_cam_race00000_01_08_016_00",
        "priority": 1
    },
    {
        "category": 1,
        "id": 108017,
        "prefab_name": "pfb_cam_race00000_01_08_017_00",
        "priority": 1
    },
    {
        "category": 1,
        "id": 108018,
        "prefab_name": "pfb_cam_race00000_01_08_018_00",
        "priority": 1
    },
    {
        "category": 1,
        "id": 109000,
        "prefab_name": "pfb_cam_race00000_01_09_000_00",
        "priority": 0
    },
    {
        "category": 1,
        "id": 109001,
        "prefab_name": "pfb_cam_race00000_01_09_001_00",
        "priority": 0
    },
    {
        "category": 1,
        "id": 109002,
        "prefab_name": "pfb_cam_race00000_01_09_002_00",
        "priority": 0
    },
    {
        "category": 1,
        "id": 109003,
        "prefab_name": "pfb_cam_race00000_01_09_003_00",
        "priority": 0
    },
    {
        "category": 1,
        "id": 109004,
        "prefab_name": "pfb_cam_race00000_01_09_004_00",
        "priority": 0
    },
    {
        "category": 1,
        "id": 109005,
        "prefab_name": "pfb_cam_race00000_01_09_005_00",
        "priority": 0
    },
    {
        "category": 1,
        "id": 109006,
        "prefab_name": "pfb_cam_race00000_01_09_006_00",
        "priority": 0
    },
    {
        "category": 1,
        "id": 109007,
        "prefab_name": "pfb_cam_race00000_01_09_007_00",
        "priority": 0
    },
    {
        "category": 2,
        "id": 20000000,
        "prefab_name": "pfb_cam_race00000_02_00_000_00",
        "priority": 1
    },
    {
        "category": 2,
        "id": 20000100,
        "prefab_name": "pfb_cam_race00000_02_00_001_00",
        "priority": 1
    },
    {
        "category": 2,
        "id": 20000200,
        "prefab_name": "pfb_cam_race00000_02_00_002_00",
        "priority": 1
    },
    {
        "category": 2,
        "id": 20100000,
        "prefab_name": "pfb_cam_race00000_02_01_000_00",
        "priority": 1
    },
    {
        "category": 2,
        "id": 20100100,
        "prefab_name": "pfb_cam_race00000_02_01_001_00",
        "priority": 1
    },
    {
        "category": 2,
        "id": 20100200,
        "prefab_name": "pfb_cam_race00000_02_01_002_00",
        "priority": 1
    }
]