[
    {
        "finish_order_0_type": 2,
        "finish_order_1_type": 4,
        "finish_order_2_type": 4,
        "finish_order_3_type": 4,
        "finish_order_4_type": 4,
        "finish_order_lose_type": 3,
        "id": 1
    },
    {
        "finish_order_0_type": 2,
        "finish_order_1_type": 4,
        "finish_order_2_type": 4,
        "finish_order_3_type": 5,
        "finish_order_4_type": 5,
        "finish_order_lose_type": 3,
        "id": 2
    },
    {
        "finish_order_0_type": 2,
        "finish_order_1_type": 2,
        "finish_order_2_type": 2,
        "finish_order_3_type": 4,
        "finish_order_4_type": 4,
        "finish_order_lose_type": 3,
        "id": 3
    },
    {
        "finish_order_0_type": 2,
        "finish_order_1_type": 5,
        "finish_order_2_type": 5,
        "finish_order_3_type": 5,
        "finish_order_4_type": 5,
        "finish_order_lose_type": 3,
        "id": 4
    },
    {
        "finish_order_0_type": 2,
        "finish_order_1_type": 2,
        "finish_order_2_type": 2,
        "finish_order_3_type": 2,
        "finish_order_4_type": 2,
        "finish_order_lose_type": 2,
        "id": 5
    }
]