[
    {
        "cue_id": 0,
        "id": 1001
    },
    {
        "cue_id": 0,
        "id": 1002
    },
    {
        "cue_id": 0,
        "id": 1003
    },
    {
        "cue_id": 0,
        "id": 1004
    },
    {
        "cue_id": 0,
        "id": 1005
    },
    {
        "cue_id": 0,
        "id": 1006
    },
    {
        "cue_id": 0,
        "id": 1007
    },
    {
        "cue_id": 0,
        "id": 1008
    },
    {
        "cue_id": 0,
        "id": 1009
    },
    {
        "cue_id": 0,
        "id": 1010
    },
    {
        "cue_id": 0,
        "id": 1011
    },
    {
        "cue_id": 0,
        "id": 1012
    },
    {
        "cue_id": 0,
        "id": 1013
    },
    {
        "cue_id": 0,
        "id": 1014
    },
    {
        "cue_id": 0,
        "id": 1015
    },
    {
        "cue_id": 0,
        "id": 1016
    },
    {
        "cue_id": 0,
        "id": 1017
    },
    {
        "cue_id": 0,
        "id": 1018
    },
    {
        "cue_id": 0,
        "id": 1019
    },
    {
        "cue_id": 0,
        "id": 1020
    },
    {
        "cue_id": 0,
        "id": 1021
    },
    {
        "cue_id": 0,
        "id": 1022
    },
    {
        "cue_id": 0,
        "id": 1023
    },
    {
        "cue_id": 0,
        "id": 1024
    },
    {
        "cue_id": 1012,
        "id": 1025
    },
    {
        "cue_id": 1015,
        "id": 1026
    },
    {
        "cue_id": 1006,
        "id": 1027
    },
    {
        "cue_id": 0,
        "id": 1101
    },
    {
        "cue_id": 0,
        "id": 1102
    },
    {
        "cue_id": 0,
        "id": 1103
    },
    {
        "cue_id": 0,
        "id": 1104
    },
    {
        "cue_id": 0,
        "id": 1105
    },
    {
        "cue_id": 0,
        "id": 1106
    },
    {
        "cue_id": 0,
        "id": 2001
    },
    {
        "cue_id": 0,
        "id": 2002
    },
    {
        "cue_id": 0,
        "id": 2003
    },
    {
        "cue_id": 0,
        "id": 2004
    },
    {
        "cue_id": 0,
        "id": 2005
    },
    {
        "cue_id": 0,
        "id": 2006
    },
    {
        "cue_id": 0,
        "id": 2007
    },
    {
        "cue_id": 0,
        "id": 2008
    },
    {
        "cue_id": 0,
        "id": 2009
    },
    {
        "cue_id": 0,
        "id": 2010
    },
    {
        "cue_id": 0,
        "id": 2011
    },
    {
        "cue_id": 0,
        "id": 2012
    },
    {
        "cue_id": 0,
        "id": 2013
    },
    {
        "cue_id": 0,
        "id": 2014
    },
    {
        "cue_id": 0,
        "id": 2015
    },
    {
        "cue_id": 0,
        "id": 2016
    },
    {
        "cue_id": 0,
        "id": 2017
    },
    {
        "cue_id": 0,
        "id": 2018
    },
    {
        "cue_id": 0,
        "id": 2019
    },
    {
        "cue_id": 0,
        "id": 2020
    },
    {
        "cue_id": 0,
        "id": 2021
    },
    {
        "cue_id": 0,
        "id": 2022
    },
    {
        "cue_id": 0,
        "id": 2023
    },
    {
        "cue_id": 0,
        "id": 2024
    },
    {
        "cue_id": 0,
        "id": 2025
    },
    {
        "cue_id": 0,
        "id": 2026
    },
    {
        "cue_id": 0,
        "id": 2027
    },
    {
        "cue_id": 0,
        "id": 2028
    },
    {
        "cue_id": 0,
        "id": 2029
    },
    {
        "cue_id": 0,
        "id": 2030
    },
    {
        "cue_id": 0,
        "id": 2031
    },
    {
        "cue_id": 0,
        "id": 2032
    },
    {
        "cue_id": 0,
        "id": 2033
    },
    {
        "cue_id": 0,
        "id": 2034
    },
    {
        "cue_id": 2010,
        "id": 2035
    },
    {
        "cue_id": 0,
        "id": 3001
    },
    {
        "cue_id": 0,
        "id": 3002
    },
    {
        "cue_id": 0,
        "id": 3003
    },
    {
        "cue_id": 0,
        "id": 3004
    },
    {
        "cue_id": 0,
        "id": 3005
    },
    {
        "cue_id": 0,
        "id": 3006
    },
    {
        "cue_id": 0,
        "id": 3007
    },
    {
        "cue_id": 0,
        "id": 3008
    },
    {
        "cue_id": 0,
        "id": 3009
    },
    {
        "cue_id": 0,
        "id": 3010
    },
    {
        "cue_id": 0,
        "id": 3011
    },
    {
        "cue_id": 0,
        "id": 3012
    },
    {
        "cue_id": 0,
        "id": 3013
    },
    {
        "cue_id": 0,
        "id": 3014
    },
    {
        "cue_id": 0,
        "id": 3015
    },
    {
        "cue_id": 0,
        "id": 3016
    },
    {
        "cue_id": 0,
        "id": 3017
    },
    {
        "cue_id": 0,
        "id": 3018
    },
    {
        "cue_id": 0,
        "id": 3019
    },
    {
        "cue_id": 0,
        "id": 3020
    },
    {
        "cue_id": 0,
        "id": 3021
    },
    {
        "cue_id": 0,
        "id": 3022
    },
    {
        "cue_id": 0,
        "id": 3023
    },
    {
        "cue_id": 0,
        "id": 3024
    },
    {
        "cue_id": 0,
        "id": 3025
    },
    {
        "cue_id": 0,
        "id": 3026
    },
    {
        "cue_id": 0,
        "id": 3027
    },
    {
        "cue_id": 0,
        "id": 3028
    },
    {
        "cue_id": 0,
        "id": 3029
    },
    {
        "cue_id": 0,
        "id": 3030
    },
    {
        "cue_id": 0,
        "id": 3031
    },
    {
        "cue_id": 0,
        "id": 3032
    },
    {
        "cue_id": 0,
        "id": 3033
    },
    {
        "cue_id": 0,
        "id": 3034
    },
    {
        "cue_id": 0,
        "id": 3035
    },
    {
        "cue_id": 0,
        "id": 3036
    },
    {
        "cue_id": 0,
        "id": 3037
    },
    {
        "cue_id": 0,
        "id": 3038
    },
    {
        "cue_id": 0,
        "id": 3039
    },
    {
        "cue_id": 0,
        "id": 3040
    },
    {
        "cue_id": 0,
        "id": 3041
    },
    {
        "cue_id": 0,
        "id": 3042
    },
    {
        "cue_id": 0,
        "id": 3043
    },
    {
        "cue_id": 0,
        "id": 3044
    },
    {
        "cue_id": 0,
        "id": 3045
    },
    {
        "cue_id": 0,
        "id": 3046
    },
    {
        "cue_id": 0,
        "id": 3047
    },
    {
        "cue_id": 0,
        "id": 3048
    },
    {
        "cue_id": 0,
        "id": 3049
    },
    {
        "cue_id": 0,
        "id": 3050
    },
    {
        "cue_id": 0,
        "id": 3051
    },
    {
        "cue_id": 0,
        "id": 3052
    },
    {
        "cue_id": 0,
        "id": 3053
    },
    {
        "cue_id": 0,
        "id": 3054
    },
    {
        "cue_id": 0,
        "id": 3055
    },
    {
        "cue_id": 0,
        "id": 3056
    },
    {
        "cue_id": 0,
        "id": 3057
    },
    {
        "cue_id": 0,
        "id": 3058
    },
    {
        "cue_id": 0,
        "id": 3059
    },
    {
        "cue_id": 0,
        "id": 3060
    },
    {
        "cue_id": 0,
        "id": 3061
    },
    {
        "cue_id": 0,
        "id": 3062
    },
    {
        "cue_id": 0,
        "id": 3063
    },
    {
        "cue_id": 0,
        "id": 3064
    },
    {
        "cue_id": 0,
        "id": 3065
    },
    {
        "cue_id": 0,
        "id": 3066
    },
    {
        "cue_id": 0,
        "id": 3067
    },
    {
        "cue_id": 0,
        "id": 3068
    },
    {
        "cue_id": 0,
        "id": 3069
    },
    {
        "cue_id": 0,
        "id": 3070
    },
    {
        "cue_id": 0,
        "id": 4001
    },
    {
        "cue_id": 0,
        "id": 4002
    },
    {
        "cue_id": 0,
        "id": 4003
    },
    {
        "cue_id": 0,
        "id": 4004
    },
    {
        "cue_id": 0,
        "id": 4005
    },
    {
        "cue_id": 0,
        "id": 4006
    },
    {
        "cue_id": 0,
        "id": 4007
    },
    {
        "cue_id": 0,
        "id": 4008
    },
    {
        "cue_id": 0,
        "id": 4009
    },
    {
        "cue_id": 0,
        "id": 4010
    },
    {
        "cue_id": 0,
        "id": 4011
    },
    {
        "cue_id": 0,
        "id": 4012
    },
    {
        "cue_id": 0,
        "id": 4013
    },
    {
        "cue_id": 0,
        "id": 4014
    },
    {
        "cue_id": 0,
        "id": 4015
    },
    {
        "cue_id": 0,
        "id": 4016
    },
    {
        "cue_id": 0,
        "id": 4017
    },
    {
        "cue_id": 0,
        "id": 4018
    },
    {
        "cue_id": 0,
        "id": 4019
    },
    {
        "cue_id": 0,
        "id": 4020
    },
    {
        "cue_id": 0,
        "id": 4021
    },
    {
        "cue_id": 0,
        "id": 4022
    },
    {
        "cue_id": 0,
        "id": 4023
    },
    {
        "cue_id": 0,
        "id": 4024
    },
    {
        "cue_id": 0,
        "id": 4025
    },
    {
        "cue_id": 0,
        "id": 4026
    },
    {
        "cue_id": 0,
        "id": 4027
    },
    {
        "cue_id": 0,
        "id": 4028
    },
    {
        "cue_id": 0,
        "id": 4029
    },
    {
        "cue_id": 0,
        "id": 4030
    },
    {
        "cue_id": 0,
        "id": 4031
    },
    {
        "cue_id": 0,
        "id": 4032
    },
    {
        "cue_id": 0,
        "id": 4033
    },
    {
        "cue_id": 0,
        "id": 4034
    },
    {
        "cue_id": 0,
        "id": 4035
    },
    {
        "cue_id": 0,
        "id": 4036
    },
    {
        "cue_id": 0,
        "id": 4037
    },
    {
        "cue_id": 0,
        "id": 4038
    },
    {
        "cue_id": 0,
        "id": 4039
    },
    {
        "cue_id": 0,
        "id": 4040
    },
    {
        "cue_id": 0,
        "id": 4041
    },
    {
        "cue_id": 0,
        "id": 4042
    },
    {
        "cue_id": 0,
        "id": 4043
    },
    {
        "cue_id": 0,
        "id": 4044
    },
    {
        "cue_id": 0,
        "id": 4045
    },
    {
        "cue_id": 0,
        "id": 4046
    },
    {
        "cue_id": 0,
        "id": 4047
    },
    {
        "cue_id": 0,
        "id": 4048
    },
    {
        "cue_id": 0,
        "id": 4049
    },
    {
        "cue_id": 0,
        "id": 4050
    },
    {
        "cue_id": 0,
        "id": 4051
    },
    {
        "cue_id": 0,
        "id": 4052
    },
    {
        "cue_id": 0,
        "id": 4053
    },
    {
        "cue_id": 0,
        "id": 4054
    },
    {
        "cue_id": 0,
        "id": 4055
    },
    {
        "cue_id": 0,
        "id": 4056
    },
    {
        "cue_id": 0,
        "id": 4057
    },
    {
        "cue_id": 0,
        "id": 4058
    },
    {
        "cue_id": 0,
        "id": 4059
    },
    {
        "cue_id": 0,
        "id": 4060
    },
    {
        "cue_id": 0,
        "id": 4061
    },
    {
        "cue_id": 0,
        "id": 4062
    },
    {
        "cue_id": 0,
        "id": 4063
    },
    {
        "cue_id": 0,
        "id": 4064
    },
    {
        "cue_id": 0,
        "id": 4065
    },
    {
        "cue_id": 0,
        "id": 4066
    },
    {
        "cue_id": 0,
        "id": 4067
    },
    {
        "cue_id": 0,
        "id": 4068
    },
    {
        "cue_id": 0,
        "id": 4069
    },
    {
        "cue_id": 0,
        "id": 4070
    },
    {
        "cue_id": 0,
        "id": 4071
    },
    {
        "cue_id": 0,
        "id": 4072
    },
    {
        "cue_id": 0,
        "id": 4073
    },
    {
        "cue_id": 0,
        "id": 4074
    },
    {
        "cue_id": 0,
        "id": 4075
    },
    {
        "cue_id": 0,
        "id": 4076
    },
    {
        "cue_id": 0,
        "id": 4077
    },
    {
        "cue_id": 0,
        "id": 4078
    },
    {
        "cue_id": 0,
        "id": 4079
    },
    {
        "cue_id": 0,
        "id": 4080
    },
    {
        "cue_id": 0,
        "id": 4081
    },
    {
        "cue_id": 0,
        "id": 4082
    },
    {
        "cue_id": 0,
        "id": 4083
    },
    {
        "cue_id": 0,
        "id": 4084
    },
    {
        "cue_id": 0,
        "id": 4085
    },
    {
        "cue_id": 0,
        "id": 4086
    },
    {
        "cue_id": 0,
        "id": 4087
    },
    {
        "cue_id": 0,
        "id": 4088
    },
    {
        "cue_id": 0,
        "id": 4089
    },
    {
        "cue_id": 0,
        "id": 4090
    },
    {
        "cue_id": 0,
        "id": 4091
    },
    {
        "cue_id": 0,
        "id": 4092
    },
    {
        "cue_id": 0,
        "id": 4093
    },
    {
        "cue_id": 0,
        "id": 4094
    },
    {
        "cue_id": 0,
        "id": 4095
    },
    {
        "cue_id": 0,
        "id": 4096
    },
    {
        "cue_id": 0,
        "id": 4097
    },
    {
        "cue_id": 0,
        "id": 4098
    },
    {
        "cue_id": 0,
        "id": 4099
    },
    {
        "cue_id": 0,
        "id": 4100
    },
    {
        "cue_id": 0,
        "id": 4101
    },
    {
        "cue_id": 0,
        "id": 4102
    },
    {
        "cue_id": 0,
        "id": 4103
    },
    {
        "cue_id": 0,
        "id": 4104
    },
    {
        "cue_id": 0,
        "id": 4105
    },
    {
        "cue_id": 0,
        "id": 4106
    },
    {
        "cue_id": 0,
        "id": 4107
    },
    {
        "cue_id": 0,
        "id": 4108
    },
    {
        "cue_id": 0,
        "id": 4109
    },
    {
        "cue_id": 0,
        "id": 4110
    },
    {
        "cue_id": 0,
        "id": 4111
    },
    {
        "cue_id": 0,
        "id": 4112
    },
    {
        "cue_id": 0,
        "id": 4113
    },
    {
        "cue_id": 0,
        "id": 4114
    },
    {
        "cue_id": 0,
        "id": 4115
    },
    {
        "cue_id": 0,
        "id": 4116
    },
    {
        "cue_id": 0,
        "id": 4117
    },
    {
        "cue_id": 0,
        "id": 4118
    },
    {
        "cue_id": 0,
        "id": 4119
    },
    {
        "cue_id": 0,
        "id": 4120
    },
    {
        "cue_id": 0,
        "id": 4121
    },
    {
        "cue_id": 0,
        "id": 4122
    },
    {
        "cue_id": 0,
        "id": 4123
    },
    {
        "cue_id": 0,
        "id": 4124
    },
    {
        "cue_id": 0,
        "id": 4501
    },
    {
        "cue_id": 0,
        "id": 4502
    },
    {
        "cue_id": 0,
        "id": 4503
    },
    {
        "cue_id": 0,
        "id": 4504
    },
    {
        "cue_id": 0,
        "id": 4505
    },
    {
        "cue_id": 0,
        "id": 4506
    },
    {
        "cue_id": 0,
        "id": 4507
    },
    {
        "cue_id": 0,
        "id": 4508
    },
    {
        "cue_id": 0,
        "id": 4509
    },
    {
        "cue_id": 0,
        "id": 4510
    },
    {
        "cue_id": 0,
        "id": 4511
    },
    {
        "cue_id": 0,
        "id": 4512
    },
    {
        "cue_id": 0,
        "id": 4513
    },
    {
        "cue_id": 0,
        "id": 4514
    },
    {
        "cue_id": 0,
        "id": 4515
    },
    {
        "cue_id": 0,
        "id": 4516
    },
    {
        "cue_id": 0,
        "id": 4517
    },
    {
        "cue_id": 0,
        "id": 4518
    },
    {
        "cue_id": 0,
        "id": 4519
    },
    {
        "cue_id": 0,
        "id": 4520
    },
    {
        "cue_id": 0,
        "id": 4521
    },
    {
        "cue_id": 0,
        "id": 4522
    },
    {
        "cue_id": 0,
        "id": 4523
    },
    {
        "cue_id": 0,
        "id": 4524
    },
    {
        "cue_id": 0,
        "id": 4525
    },
    {
        "cue_id": 0,
        "id": 4526
    },
    {
        "cue_id": 9016,
        "id": 5920
    },
    {
        "cue_id": 9016,
        "id": 5921
    },
    {
        "cue_id": 9016,
        "id": 5922
    },
    {
        "cue_id": 9016,
        "id": 5930
    },
    {
        "cue_id": 9016,
        "id": 5931
    },
    {
        "cue_id": 9016,
        "id": 5932
    },
    {
        "cue_id": 9016,
        "id": 5933
    },
    {
        "cue_id": 9016,
        "id": 5935
    },
    {
        "cue_id": 9016,
        "id": 5936
    },
    {
        "cue_id": 9016,
        "id": 5937
    },
    {
        "cue_id": 9016,
        "id": 5940
    },
    {
        "cue_id": 9016,
        "id": 5941
    },
    {
        "cue_id": 9016,
        "id": 5945
    },
    {
        "cue_id": 9016,
        "id": 5946
    },
    {
        "cue_id": 9016,
        "id": 5947
    },
    {
        "cue_id": 9016,
        "id": 5948
    },
    {
        "cue_id": 9027,
        "id": 6005
    },
    {
        "cue_id": 9028,
        "id": 6006
    },
    {
        "cue_id": 9029,
        "id": 6007
    },
    {
        "cue_id": 9030,
        "id": 6008
    },
    {
        "cue_id": 9027,
        "id": 6017
    },
    {
        "cue_id": 9028,
        "id": 6018
    },
    {
        "cue_id": 9029,
        "id": 6019
    },
    {
        "cue_id": 9030,
        "id": 6020
    },
    {
        "cue_id": 9022,
        "id": 9057
    },
    {
        "cue_id": 9022,
        "id": 9058
    },
    {
        "cue_id": 9022,
        "id": 9062
    },
    {
        "cue_id": 9022,
        "id": 9063
    },
    {
        "cue_id": 9022,
        "id": 9064
    },
    {
        "cue_id": 9022,
        "id": 9066
    },
    {
        "cue_id": 9022,
        "id": 9068
    },
    {
        "cue_id": 9022,
        "id": 9071
    },
    {
        "cue_id": 9022,
        "id": 9073
    },
    {
        "cue_id": 9022,
        "id": 9074
    },
    {
        "cue_id": 9022,
        "id": 9076
    },
    {
        "cue_id": 9022,
        "id": 9077
    },
    {
        "cue_id": 9021,
        "id": 9078
    },
    {
        "cue_id": 9021,
        "id": 9079
    },
    {
        "cue_id": 9021,
        "id": 9080
    },
    {
        "cue_id": 9021,
        "id": 9083
    },
    {
        "cue_id": 9021,
        "id": 9084
    },
    {
        "cue_id": 9021,
        "id": 9086
    },
    {
        "cue_id": 9021,
        "id": 9087
    },
    {
        "cue_id": 9021,
        "id": 9090
    },
    {
        "cue_id": 9021,
        "id": 9091
    },
    {
        "cue_id": 9021,
        "id": 9092
    },
    {
        "cue_id": 9021,
        "id": 9093
    },
    {
        "cue_id": 9021,
        "id": 9177
    },
    {
        "cue_id": 9021,
        "id": 9178
    },
    {
        "cue_id": 9021,
        "id": 9179
    },
    {
        "cue_id": 9021,
        "id": 9181
    },
    {
        "cue_id": 9021,
        "id": 9183
    },
    {
        "cue_id": 9021,
        "id": 9185
    },
    {
        "cue_id": 9021,
        "id": 9186
    },
    {
        "cue_id": 9021,
        "id": 9187
    },
    {
        "cue_id": 9022,
        "id": 9212
    },
    {
        "cue_id": 9022,
        "id": 9214
    },
    {
        "cue_id": 9022,
        "id": 9215
    },
    {
        "cue_id": 9022,
        "id": 9217
    },
    {
        "cue_id": 9022,
        "id": 9218
    },
    {
        "cue_id": 9022,
        "id": 9219
    },
    {
        "cue_id": 9022,
        "id": 9220
    },
    {
        "cue_id": 9022,
        "id": 9222
    },
    {
        "cue_id": 9022,
        "id": 9224
    },
    {
        "cue_id": 9022,
        "id": 9225
    },
    {
        "cue_id": 9022,
        "id": 9226
    },
    {
        "cue_id": 9022,
        "id": 9227
    },
    {
        "cue_id": 9022,
        "id": 9228
    },
    {
        "cue_id": 9022,
        "id": 9230
    },
    {
        "cue_id": 9022,
        "id": 9231
    },
    {
        "cue_id": 9022,
        "id": 9233
    },
    {
        "cue_id": 9022,
        "id": 9235
    },
    {
        "cue_id": 9022,
        "id": 9237
    },
    {
        "cue_id": 9021,
        "id": 9238
    },
    {
        "cue_id": 9021,
        "id": 9239
    },
    {
        "cue_id": 9021,
        "id": 9240
    },
    {
        "cue_id": 9021,
        "id": 9241
    },
    {
        "cue_id": 9021,
        "id": 9242
    },
    {
        "cue_id": 9021,
        "id": 9243
    },
    {
        "cue_id": 9021,
        "id": 9245
    },
    {
        "cue_id": 9021,
        "id": 9246
    },
    {
        "cue_id": 9021,
        "id": 9248
    },
    {
        "cue_id": 9021,
        "id": 9249
    },
    {
        "cue_id": 9021,
        "id": 9250
    },
    {
        "cue_id": 9022,
        "id": 9307
    },
    {
        "cue_id": 9022,
        "id": 9309
    },
    {
        "cue_id": 9022,
        "id": 9310
    },
    {
        "cue_id": 9022,
        "id": 9312
    },
    {
        "cue_id": 9022,
        "id": 9313
    },
    {
        "cue_id": 9022,
        "id": 9315
    },
    {
        "cue_id": 9022,
        "id": 9317
    },
    {
        "cue_id": 9022,
        "id": 9319
    },
    {
        "cue_id": 9022,
        "id": 9321
    },
    {
        "cue_id": 9022,
        "id": 9322
    },
    {
        "cue_id": 9022,
        "id": 9323
    },
    {
        "cue_id": 9022,
        "id": 9324
    },
    {
        "cue_id": 9022,
        "id": 9325
    },
    {
        "cue_id": 9022,
        "id": 9327
    },
    {
        "cue_id": 9022,
        "id": 9329
    },
    {
        "cue_id": 9022,
        "id": 9331
    },
    {
        "cue_id": 9022,
        "id": 9332
    },
    {
        "cue_id": 9022,
        "id": 9333
    },
    {
        "cue_id": 9021,
        "id": 9334
    },
    {
        "cue_id": 9021,
        "id": 9335
    },
    {
        "cue_id": 9021,
        "id": 9336
    },
    {
        "cue_id": 9021,
        "id": 9338
    },
    {
        "cue_id": 9021,
        "id": 9340
    },
    {
        "cue_id": 9021,
        "id": 9341
    },
    {
        "cue_id": 9021,
        "id": 9342
    },
    {
        "cue_id": 9022,
        "id": 9364
    },
    {
        "cue_id": 9022,
        "id": 9366
    },
    {
        "cue_id": 9022,
        "id": 9368
    },
    {
        "cue_id": 9022,
        "id": 9370
    },
    {
        "cue_id": 9022,
        "id": 9372
    },
    {
        "cue_id": 9022,
        "id": 9374
    },
    {
        "cue_id": 9022,
        "id": 9375
    },
    {
        "cue_id": 9022,
        "id": 9376
    },
    {
        "cue_id": 9022,
        "id": 9378
    },
    {
        "cue_id": 9022,
        "id": 9380
    },
    {
        "cue_id": 9022,
        "id": 9381
    },
    {
        "cue_id": 9021,
        "id": 9382
    },
    {
        "cue_id": 9021,
        "id": 9383
    },
    {
        "cue_id": 9021,
        "id": 9386
    },
    {
        "cue_id": 9021,
        "id": 9388
    },
    {
        "cue_id": 9021,
        "id": 9389
    },
    {
        "cue_id": 9021,
        "id": 9390
    },
    {
        "cue_id": 9021,
        "id": 9391
    },
    {
        "cue_id": 9021,
        "id": 9392
    },
    {
        "cue_id": 9021,
        "id": 9393
    },
    {
        "cue_id": 9021,
        "id": 9394
    },
    {
        "cue_id": 9021,
        "id": 9395
    },
    {
        "cue_id": 9021,
        "id": 9396
    },
    {
        "cue_id": 9021,
        "id": 9397
    },
    {
        "cue_id": 9021,
        "id": 9398
    },
    {
        "cue_id": 9011,
        "id": 9500
    },
    {
        "cue_id": 9011,
        "id": 9501
    },
    {
        "cue_id": 9011,
        "id": 9502
    },
    {
        "cue_id": 9011,
        "id": 9503
    },
    {
        "cue_id": 9011,
        "id": 9504
    },
    {
        "cue_id": 9011,
        "id": 9505
    },
    {
        "cue_id": 9011,
        "id": 9506
    },
    {
        "cue_id": 9011,
        "id": 9510
    },
    {
        "cue_id": 9011,
        "id": 9511
    },
    {
        "cue_id": 9011,
        "id": 9512
    },
    {
        "cue_id": 9011,
        "id": 9513
    },
    {
        "cue_id": 9011,
        "id": 9514
    },
    {
        "cue_id": 9011,
        "id": 9515
    },
    {
        "cue_id": 9011,
        "id": 9516
    },
    {
        "cue_id": 9011,
        "id": 9517
    },
    {
        "cue_id": 9011,
        "id": 9520
    },
    {
        "cue_id": 9011,
        "id": 9521
    },
    {
        "cue_id": 9011,
        "id": 9522
    },
    {
        "cue_id": 9011,
        "id": 9523
    },
    {
        "cue_id": 9011,
        "id": 9524
    },
    {
        "cue_id": 9011,
        "id": 9525
    },
    {
        "cue_id": 9011,
        "id": 9526
    },
    {
        "cue_id": 9011,
        "id": 9527
    },
    {
        "cue_id": 9011,
        "id": 9528
    },
    {
        "cue_id": 9011,
        "id": 9529
    },
    {
        "cue_id": 9011,
        "id": 9530
    },
    {
        "cue_id": 9011,
        "id": 9531
    },
    {
        "cue_id": 9011,
        "id": 9532
    },
    {
        "cue_id": 9011,
        "id": 9533
    },
    {
        "cue_id": 9011,
        "id": 9534
    },
    {
        "cue_id": 9011,
        "id": 9535
    },
    {
        "cue_id": 9011,
        "id": 9536
    },
    {
        "cue_id": 9011,
        "id": 9540
    },
    {
        "cue_id": 9011,
        "id": 9541
    },
    {
        "cue_id": 9011,
        "id": 9542
    },
    {
        "cue_id": 9011,
        "id": 9543
    },
    {
        "cue_id": 9011,
        "id": 9550
    },
    {
        "cue_id": 9011,
        "id": 9551
    },
    {
        "cue_id": 9011,
        "id": 9552
    },
    {
        "cue_id": 9011,
        "id": 9561
    },
    {
        "cue_id": 9011,
        "id": 9562
    },
    {
        "cue_id": 9012,
        "id": 9600
    },
    {
        "cue_id": 9012,
        "id": 9601
    },
    {
        "cue_id": 9012,
        "id": 9602
    },
    {
        "cue_id": 9012,
        "id": 9603
    },
    {
        "cue_id": 9012,
        "id": 9604
    },
    {
        "cue_id": 9012,
        "id": 9605
    },
    {
        "cue_id": 9012,
        "id": 9606
    },
    {
        "cue_id": 9012,
        "id": 9610
    },
    {
        "cue_id": 9012,
        "id": 9611
    },
    {
        "cue_id": 9012,
        "id": 9612
    },
    {
        "cue_id": 9012,
        "id": 9613
    },
    {
        "cue_id": 9012,
        "id": 9614
    },
    {
        "cue_id": 9012,
        "id": 9615
    },
    {
        "cue_id": 9012,
        "id": 9616
    },
    {
        "cue_id": 9012,
        "id": 9617
    },
    {
        "cue_id": 9012,
        "id": 9620
    },
    {
        "cue_id": 9012,
        "id": 9621
    },
    {
        "cue_id": 9012,
        "id": 9622
    },
    {
        "cue_id": 9012,
        "id": 9623
    },
    {
        "cue_id": 9012,
        "id": 9624
    },
    {
        "cue_id": 9012,
        "id": 9625
    },
    {
        "cue_id": 9012,
        "id": 9626
    },
    {
        "cue_id": 9012,
        "id": 9627
    },
    {
        "cue_id": 9012,
        "id": 9628
    },
    {
        "cue_id": 9012,
        "id": 9629
    },
    {
        "cue_id": 9012,
        "id": 9630
    },
    {
        "cue_id": 9012,
        "id": 9631
    },
    {
        "cue_id": 9012,
        "id": 9632
    },
    {
        "cue_id": 9012,
        "id": 9633
    },
    {
        "cue_id": 9012,
        "id": 9634
    },
    {
        "cue_id": 9012,
        "id": 9635
    },
    {
        "cue_id": 9012,
        "id": 9636
    },
    {
        "cue_id": 9012,
        "id": 9640
    },
    {
        "cue_id": 9012,
        "id": 9641
    },
    {
        "cue_id": 9012,
        "id": 9642
    },
    {
        "cue_id": 9012,
        "id": 9643
    },
    {
        "cue_id": 9012,
        "id": 9650
    },
    {
        "cue_id": 9012,
        "id": 9651
    },
    {
        "cue_id": 9012,
        "id": 9652
    },
    {
        "cue_id": 9012,
        "id": 9661
    },
    {
        "cue_id": 9012,
        "id": 9662
    },
    {
        "cue_id": 9013,
        "id": 9700
    },
    {
        "cue_id": 9013,
        "id": 9701
    },
    {
        "cue_id": 9013,
        "id": 9702
    },
    {
        "cue_id": 9013,
        "id": 9703
    },
    {
        "cue_id": 9013,
        "id": 9704
    },
    {
        "cue_id": 9013,
        "id": 9705
    },
    {
        "cue_id": 9013,
        "id": 9706
    },
    {
        "cue_id": 9013,
        "id": 9710
    },
    {
        "cue_id": 9013,
        "id": 9711
    },
    {
        "cue_id": 9013,
        "id": 9712
    },
    {
        "cue_id": 9013,
        "id": 9713
    },
    {
        "cue_id": 9013,
        "id": 9714
    },
    {
        "cue_id": 9013,
        "id": 9715
    },
    {
        "cue_id": 9013,
        "id": 9716
    },
    {
        "cue_id": 9013,
        "id": 9717
    },
    {
        "cue_id": 9013,
        "id": 9720
    },
    {
        "cue_id": 9013,
        "id": 9721
    },
    {
        "cue_id": 9013,
        "id": 9722
    },
    {
        "cue_id": 9013,
        "id": 9723
    },
    {
        "cue_id": 9013,
        "id": 9724
    },
    {
        "cue_id": 9013,
        "id": 9725
    },
    {
        "cue_id": 9013,
        "id": 9726
    },
    {
        "cue_id": 9013,
        "id": 9727
    },
    {
        "cue_id": 9013,
        "id": 9728
    },
    {
        "cue_id": 9013,
        "id": 9729
    },
    {
        "cue_id": 9013,
        "id": 9730
    },
    {
        "cue_id": 9013,
        "id": 9731
    },
    {
        "cue_id": 9013,
        "id": 9732
    },
    {
        "cue_id": 9013,
        "id": 9733
    },
    {
        "cue_id": 9013,
        "id": 9734
    },
    {
        "cue_id": 9013,
        "id": 9735
    },
    {
        "cue_id": 9013,
        "id": 9736
    },
    {
        "cue_id": 9013,
        "id": 9740
    },
    {
        "cue_id": 9013,
        "id": 9741
    },
    {
        "cue_id": 9013,
        "id": 9742
    },
    {
        "cue_id": 9013,
        "id": 9743
    },
    {
        "cue_id": 9013,
        "id": 9750
    },
    {
        "cue_id": 9013,
        "id": 9751
    },
    {
        "cue_id": 9013,
        "id": 9752
    },
    {
        "cue_id": 9013,
        "id": 9761
    },
    {
        "cue_id": 9013,
        "id": 9762
    },
    {
        "cue_id": 9013,
        "id": 9999
    },
    {
        "cue_id": 2001,
        "id": 21000
    },
    {
        "cue_id": 2002,
        "id": 21150
    },
    {
        "cue_id": 2003,
        "id": 21200
    },
    {
        "cue_id": 2004,
        "id": 21300
    },
    {
        "cue_id": 2005,
        "id": 21400
    },
    {
        "cue_id": 2006,
        "id": 21500
    },
    {
        "cue_id": 2007,
        "id": 21600
    },
    {
        "cue_id": 2008,
        "id": 21700
    },
    {
        "cue_id": 2009,
        "id": 21800
    },
    {
        "cue_id": 2010,
        "id": 21900
    },
    {
        "cue_id": 2011,
        "id": 22000
    },
    {
        "cue_id": 2012,
        "id": 22100
    },
    {
        "cue_id": 2013,
        "id": 22200
    },
    {
        "cue_id": 2014,
        "id": 22300
    },
    {
        "cue_id": 2015,
        "id": 22400
    },
    {
        "cue_id": 2016,
        "id": 22500
    },
    {
        "cue_id": 2017,
        "id": 22600
    },
    {
        "cue_id": 2018,
        "id": 23000
    },
    {
        "cue_id": 2019,
        "id": 23200
    },
    {
        "cue_id": 2020,
        "id": 23400
    },
    {
        "cue_id": 2021,
        "id": 23600
    }
]