[
    {
        "disp_order": 135,
        "display_end_date": "2050/01/27",
        "event_type": 0,
        "id": 1,
        "original_flag": 0,
        "race_instance_id": 307001,
        "size": 1,
        "start_date": "2020/01/20",
        "trophy_id": 3070
    },
    {
        "disp_order": 134,
        "display_end_date": "2050/01/27",
        "event_type": 0,
        "id": 2,
        "original_flag": 1,
        "race_instance_id": 306901,
        "size": 1,
        "start_date": "2020/01/20",
        "trophy_id": 3069
    },
    {
        "disp_order": 133,
        "display_end_date": "2050/01/27",
        "event_type": 0,
        "id": 3,
        "original_flag": 0,
        "race_instance_id": 306801,
        "size": 1,
        "start_date": "2020/01/20",
        "trophy_id": 3068
    },
    {
        "disp_order": 132,
        "display_end_date": "2050/01/27",
        "event_type": 0,
        "id": 4,
        "original_flag": 0,
        "race_instance_id": 306701,
        "size": 1,
        "start_date": "2020/01/20",
        "trophy_id": 3067
    },
    {
        "disp_order": 131,
        "display_end_date": "2050/01/27",
        "event_type": 0,
        "id": 5,
        "original_flag": 0,
        "race_instance_id": 306601,
        "size": 1,
        "start_date": "2020/01/20",
        "trophy_id": 3066
    },
    {
        "disp_order": 130,
        "display_end_date": "2050/01/27",
        "event_type": 0,
        "id": 6,
        "original_flag": 0,
        "race_instance_id": 306501,
        "size": 1,
        "start_date": "2020/01/20",
        "trophy_id": 3065
    },
    {
        "disp_order": 129,
        "display_end_date": "2050/01/27",
        "event_type": 0,
        "id": 7,
        "original_flag": 1,
        "race_instance_id": 306401,
        "size": 1,
        "start_date": "2020/01/20",
        "trophy_id": 3064
    },
    {
        "disp_order": 128,
        "display_end_date": "2050/01/27",
        "event_type": 0,
        "id": 8,
        "original_flag": 0,
        "race_instance_id": 306301,
        "size": 1,
        "start_date": "2020/01/20",
        "trophy_id": 3063
    },
    {
        "disp_order": 127,
        "display_end_date": "2050/01/27",
        "event_type": 0,
        "id": 9,
        "original_flag": 0,
        "race_instance_id": 306201,
        "size": 1,
        "start_date": "2020/01/20",
        "trophy_id": 3062
    },
    {
        "disp_order": 126,
        "display_end_date": "2050/01/27",
        "event_type": 0,
        "id": 10,
        "original_flag": 0,
        "race_instance_id": 306101,
        "size": 1,
        "start_date": "2020/01/20",
        "trophy_id": 3061
    },
    {
        "disp_order": 125,
        "display_end_date": "2050/01/27",
        "event_type": 0,
        "id": 11,
        "original_flag": 0,
        "race_instance_id": 306001,
        "size": 1,
        "start_date": "2020/01/20",
        "trophy_id": 3060
    },
    {
        "disp_order": 124,
        "display_end_date": "2050/01/27",
        "event_type": 0,
        "id": 12,
        "original_flag": 0,
        "race_instance_id": 305901,
        "size": 1,
        "start_date": "2020/01/20",
        "trophy_id": 3059
    },
    {
        "disp_order": 123,
        "display_end_date": "2050/01/27",
        "event_type": 0,
        "id": 13,
        "original_flag": 0,
        "race_instance_id": 305701,
        "size": 1,
        "start_date": "2020/01/20",
        "trophy_id": 3057
    },
    {
        "disp_order": 122,
        "display_end_date": "2050/01/27",
        "event_type": 0,
        "id": 14,
        "original_flag": 0,
        "race_instance_id": 305601,
        "size": 1,
        "start_date": "2020/01/20",
        "trophy_id": 3056
    },
    {
        "disp_order": 121,
        "display_end_date": "2050/01/27",
        "event_type": 0,
        "id": 15,
        "original_flag": 0,
        "race_instance_id": 305501,
        "size": 1,
        "start_date": "2020/01/20",
        "trophy_id": 3055
    },
    {
        "disp_order": 120,
        "display_end_date": "2050/01/27",
        "event_type": 0,
        "id": 16,
        "original_flag": 0,
        "race_instance_id": 305401,
        "size": 1,
        "start_date": "2020/01/20",
        "trophy_id": 3054
    },
    {
        "disp_order": 119,
        "display_end_date": "2050/01/27",
        "event_type": 0,
        "id": 17,
        "original_flag": 0,
        "race_instance_id": 305301,
        "size": 1,
        "start_date": "2020/01/20",
        "trophy_id": 3053
    },
    {
        "disp_order": 118,
        "display_end_date": "2050/01/27",
        "event_type": 0,
        "id": 18,
        "original_flag": 0,
        "race_instance_id": 305201,
        "size": 1,
        "start_date": "2020/01/20",
        "trophy_id": 3052
    },
    {
        "disp_order": 117,
        "display_end_date": "2050/01/27",
        "event_type": 0,
        "id": 19,
        "original_flag": 0,
        "race_instance_id": 305101,
        "size": 1,
        "start_date": "2020/01/20",
        "trophy_id": 3051
    },
    {
        "disp_order": 116,
        "display_end_date": "2050/01/27",
        "event_type": 0,
        "id": 20,
        "original_flag": 0,
        "race_instance_id": 305001,
        "size": 1,
        "start_date": "2020/01/20",
        "trophy_id": 3050
    },
    {
        "disp_order": 115,
        "display_end_date": "2050/01/27",
        "event_type": 0,
        "id": 21,
        "original_flag": 0,
        "race_instance_id": 304901,
        "size": 1,
        "start_date": "2020/01/20",
        "trophy_id": 3049
    },
    {
        "disp_order": 114,
        "display_end_date": "2050/01/27",
        "event_type": 0,
        "id": 22,
        "original_flag": 0,
        "race_instance_id": 304801,
        "size": 1,
        "start_date": "2020/01/20",
        "trophy_id": 3048
    },
    {
        "disp_order": 113,
        "display_end_date": "2050/01/27",
        "event_type": 0,
        "id": 23,
        "original_flag": 0,
        "race_instance_id": 304701,
        "size": 1,
        "start_date": "2020/01/20",
        "trophy_id": 3047
    },
    {
        "disp_order": 112,
        "display_end_date": "2050/01/27",
        "event_type": 0,
        "id": 24,
        "original_flag": 0,
        "race_instance_id": 304601,
        "size": 1,
        "start_date": "2020/01/20",
        "trophy_id": 3046
    },
    {
        "disp_order": 111,
        "display_end_date": "2050/01/27",
        "event_type": 0,
        "id": 25,
        "original_flag": 0,
        "race_instance_id": 304501,
        "size": 1,
        "start_date": "2020/01/20",
        "trophy_id": 3045
    },
    {
        "disp_order": 110,
        "display_end_date": "2050/01/27",
        "event_type": 0,
        "id": 26,
        "original_flag": 0,
        "race_instance_id": 304401,
        "size": 1,
        "start_date": "2020/01/20",
        "trophy_id": 3044
    },
    {
        "disp_order": 109,
        "display_end_date": "2050/01/27",
        "event_type": 0,
        "id": 27,
        "original_flag": 0,
        "race_instance_id": 304301,
        "size": 1,
        "start_date": "2020/01/20",
        "trophy_id": 3043
    },
    {
        "disp_order": 108,
        "display_end_date": "2050/01/27",
        "event_type": 0,
        "id": 28,
        "original_flag": 0,
        "race_instance_id": 304201,
        "size": 1,
        "start_date": "2020/01/20",
        "trophy_id": 3042
    },
    {
        "disp_order": 107,
        "display_end_date": "2050/01/27",
        "event_type": 0,
        "id": 29,
        "original_flag": 0,
        "race_instance_id": 304101,
        "size": 1,
        "start_date": "2020/01/20",
        "trophy_id": 3041
    },
    {
        "disp_order": 106,
        "display_end_date": "2050/01/27",
        "event_type": 0,
        "id": 30,
        "original_flag": 0,
        "race_instance_id": 304001,
        "size": 1,
        "start_date": "2020/01/20",
        "trophy_id": 3040
    },
    {
        "disp_order": 105,
        "display_end_date": "2050/01/27",
        "event_type": 0,
        "id": 31,
        "original_flag": 0,
        "race_instance_id": 303901,
        "size": 1,
        "start_date": "2020/01/20",
        "trophy_id": 3039
    },
    {
        "disp_order": 104,
        "display_end_date": "2050/01/27",
        "event_type": 0,
        "id": 32,
        "original_flag": 0,
        "race_instance_id": 303801,
        "size": 1,
        "start_date": "2020/01/20",
        "trophy_id": 3038
    },
    {
        "disp_order": 103,
        "display_end_date": "2050/01/27",
        "event_type": 0,
        "id": 33,
        "original_flag": 0,
        "race_instance_id": 303701,
        "size": 1,
        "start_date": "2020/01/20",
        "trophy_id": 3037
    },
    {
        "disp_order": 102,
        "display_end_date": "2050/01/27",
        "event_type": 0,
        "id": 34,
        "original_flag": 0,
        "race_instance_id": 303601,
        "size": 1,
        "start_date": "2020/01/20",
        "trophy_id": 3036
    },
    {
        "disp_order": 101,
        "display_end_date": "2050/01/27",
        "event_type": 0,
        "id": 35,
        "original_flag": 0,
        "race_instance_id": 303501,
        "size": 1,
        "start_date": "2020/01/20",
        "trophy_id": 3035
    },
    {
        "disp_order": 100,
        "display_end_date": "2050/01/27",
        "event_type": 0,
        "id": 36,
        "original_flag": 0,
        "race_instance_id": 303401,
        "size": 1,
        "start_date": "2020/01/20",
        "trophy_id": 3034
    },
    {
        "disp_order": 99,
        "display_end_date": "2050/01/27",
        "event_type": 0,
        "id": 37,
        "original_flag": 1,
        "race_instance_id": 303301,
        "size": 1,
        "start_date": "2020/01/20",
        "trophy_id": 3033
    },
    {
        "disp_order": 98,
        "display_end_date": "2050/01/27",
        "event_type": 0,
        "id": 38,
        "original_flag": 1,
        "race_instance_id": 303201,
        "size": 1,
        "start_date": "2020/01/20",
        "trophy_id": 3032
    },
    {
        "disp_order": 97,
        "display_end_date": "2050/01/27",
        "event_type": 0,
        "id": 39,
        "original_flag": 0,
        "race_instance_id": 303101,
        "size": 1,
        "start_date": "2020/01/20",
        "trophy_id": 3031
    },
    {
        "disp_order": 96,
        "display_end_date": "2050/01/27",
        "event_type": 0,
        "id": 40,
        "original_flag": 0,
        "race_instance_id": 303001,
        "size": 1,
        "start_date": "2020/01/20",
        "trophy_id": 3030
    },
    {
        "disp_order": 95,
        "display_end_date": "2050/01/27",
        "event_type": 0,
        "id": 41,
        "original_flag": 0,
        "race_instance_id": 405001,
        "size": 1,
        "start_date": "2020/01/20",
        "trophy_id": 4050
    },
    {
        "disp_order": 94,
        "display_end_date": "2050/01/27",
        "event_type": 0,
        "id": 42,
        "original_flag": 0,
        "race_instance_id": 302901,
        "size": 1,
        "start_date": "2020/01/20",
        "trophy_id": 3029
    },
    {
        "disp_order": 93,
        "display_end_date": "2050/01/27",
        "event_type": 0,
        "id": 43,
        "original_flag": 0,
        "race_instance_id": 302801,
        "size": 1,
        "start_date": "2020/01/20",
        "trophy_id": 3028
    },
    {
        "disp_order": 92,
        "display_end_date": "2050/01/27",
        "event_type": 0,
        "id": 44,
        "original_flag": 0,
        "race_instance_id": 302701,
        "size": 1,
        "start_date": "2020/01/20",
        "trophy_id": 3027
    },
    {
        "disp_order": 91,
        "display_end_date": "2050/01/27",
        "event_type": 0,
        "id": 45,
        "original_flag": 0,
        "race_instance_id": 302601,
        "size": 1,
        "start_date": "2020/01/20",
        "trophy_id": 3026
    },
    {
        "disp_order": 90,
        "display_end_date": "2050/01/27",
        "event_type": 0,
        "id": 46,
        "original_flag": 1,
        "race_instance_id": 302501,
        "size": 0,
        "start_date": "2020/01/20",
        "trophy_id": 3025
    },
    {
        "disp_order": 89,
        "display_end_date": "2050/01/27",
        "event_type": 0,
        "id": 47,
        "original_flag": 0,
        "race_instance_id": 302401,
        "size": 1,
        "start_date": "2020/01/20",
        "trophy_id": 3024
    },
    {
        "disp_order": 88,
        "display_end_date": "2050/01/27",
        "event_type": 0,
        "id": 48,
        "original_flag": 0,
        "race_instance_id": 302301,
        "size": 1,
        "start_date": "2020/01/20",
        "trophy_id": 3023
    },
    {
        "disp_order": 87,
        "display_end_date": "2050/01/27",
        "event_type": 0,
        "id": 49,
        "original_flag": 0,
        "race_instance_id": 302201,
        "size": 1,
        "start_date": "2020/01/20",
        "trophy_id": 3022
    },
    {
        "disp_order": 86,
        "display_end_date": "2050/01/27",
        "event_type": 0,
        "id": 50,
        "original_flag": 0,
        "race_instance_id": 302101,
        "size": 1,
        "start_date": "2020/01/20",
        "trophy_id": 3021
    },
    {
        "disp_order": 85,
        "display_end_date": "2050/01/27",
        "event_type": 0,
        "id": 51,
        "original_flag": 1,
        "race_instance_id": 302001,
        "size": 0,
        "start_date": "2020/01/20",
        "trophy_id": 3020
    },
    {
        "disp_order": 84,
        "display_end_date": "2050/01/27",
        "event_type": 0,
        "id": 52,
        "original_flag": 0,
        "race_instance_id": 301901,
        "size": 1,
        "start_date": "2020/01/20",
        "trophy_id": 3019
    },
    {
        "disp_order": 83,
        "display_end_date": "2050/01/27",
        "event_type": 0,
        "id": 53,
        "original_flag": 0,
        "race_instance_id": 301701,
        "size": 1,
        "start_date": "2020/01/20",
        "trophy_id": 3017
    },
    {
        "disp_order": 82,
        "display_end_date": "2050/01/27",
        "event_type": 0,
        "id": 54,
        "original_flag": 1,
        "race_instance_id": 301601,
        "size": 0,
        "start_date": "2020/01/20",
        "trophy_id": 3016
    },
    {
        "disp_order": 81,
        "display_end_date": "2050/01/27",
        "event_type": 0,
        "id": 55,
        "original_flag": 1,
        "race_instance_id": 301501,
        "size": 1,
        "start_date": "2020/01/20",
        "trophy_id": 3015
    },
    {
        "disp_order": 80,
        "display_end_date": "2050/01/27",
        "event_type": 0,
        "id": 56,
        "original_flag": 0,
        "race_instance_id": 301401,
        "size": 1,
        "start_date": "2020/01/20",
        "trophy_id": 3014
    },
    {
        "disp_order": 79,
        "display_end_date": "2050/01/27",
        "event_type": 0,
        "id": 57,
        "original_flag": 0,
        "race_instance_id": 301301,
        "size": 1,
        "start_date": "2020/01/20",
        "trophy_id": 3013
    },
    {
        "disp_order": 78,
        "display_end_date": "2050/01/27",
        "event_type": 0,
        "id": 58,
        "original_flag": 1,
        "race_instance_id": 301201,
        "size": 1,
        "start_date": "2020/01/20",
        "trophy_id": 3012
    },
    {
        "disp_order": 77,
        "display_end_date": "2050/01/27",
        "event_type": 0,
        "id": 59,
        "original_flag": 1,
        "race_instance_id": 301101,
        "size": 1,
        "start_date": "2020/01/20",
        "trophy_id": 3011
    },
    {
        "disp_order": 76,
        "display_end_date": "2050/01/27",
        "event_type": 0,
        "id": 60,
        "original_flag": 1,
        "race_instance_id": 301001,
        "size": 1,
        "start_date": "2020/01/20",
        "trophy_id": 3010
    },
    {
        "disp_order": 75,
        "display_end_date": "2050/01/27",
        "event_type": 0,
        "id": 61,
        "original_flag": 0,
        "race_instance_id": 300901,
        "size": 1,
        "start_date": "2020/01/20",
        "trophy_id": 3009
    },
    {
        "disp_order": 74,
        "display_end_date": "2050/01/27",
        "event_type": 0,
        "id": 62,
        "original_flag": 1,
        "race_instance_id": 300801,
        "size": 1,
        "start_date": "2020/01/20",
        "trophy_id": 3008
    },
    {
        "disp_order": 73,
        "display_end_date": "2050/01/27",
        "event_type": 0,
        "id": 63,
        "original_flag": 0,
        "race_instance_id": 300701,
        "size": 1,
        "start_date": "2020/01/20",
        "trophy_id": 3007
    },
    {
        "disp_order": 72,
        "display_end_date": "2050/01/27",
        "event_type": 0,
        "id": 64,
        "original_flag": 0,
        "race_instance_id": 300601,
        "size": 1,
        "start_date": "2020/01/20",
        "trophy_id": 3006
    },
    {
        "disp_order": 71,
        "display_end_date": "2050/01/27",
        "event_type": 0,
        "id": 65,
        "original_flag": 0,
        "race_instance_id": 300501,
        "size": 1,
        "start_date": "2020/01/20",
        "trophy_id": 3005
    },
    {
        "disp_order": 70,
        "display_end_date": "2050/01/27",
        "event_type": 0,
        "id": 66,
        "original_flag": 0,
        "race_instance_id": 300401,
        "size": 1,
        "start_date": "2020/01/20",
        "trophy_id": 3004
    },
    {
        "disp_order": 69,
        "display_end_date": "2050/01/27",
        "event_type": 0,
        "id": 67,
        "original_flag": 0,
        "race_instance_id": 300301,
        "size": 1,
        "start_date": "2020/01/20",
        "trophy_id": 3003
    },
    {
        "disp_order": 68,
        "display_end_date": "2050/01/27",
        "event_type": 0,
        "id": 68,
        "original_flag": 0,
        "race_instance_id": 300201,
        "size": 1,
        "start_date": "2020/01/20",
        "trophy_id": 3002
    },
    {
        "disp_order": 67,
        "display_end_date": "2050/01/27",
        "event_type": 0,
        "id": 69,
        "original_flag": 0,
        "race_instance_id": 300101,
        "size": 1,
        "start_date": "2020/01/20",
        "trophy_id": 3001
    },
    {
        "disp_order": 66,
        "display_end_date": "2050/01/27",
        "event_type": 0,
        "id": 70,
        "original_flag": 0,
        "race_instance_id": 203401,
        "size": 1,
        "start_date": "2020/01/20",
        "trophy_id": 2034
    },
    {
        "disp_order": 65,
        "display_end_date": "2050/01/27",
        "event_type": 0,
        "id": 71,
        "original_flag": 0,
        "race_instance_id": 203301,
        "size": 1,
        "start_date": "2020/01/20",
        "trophy_id": 2033
    },
    {
        "disp_order": 64,
        "display_end_date": "2050/01/27",
        "event_type": 0,
        "id": 72,
        "original_flag": 0,
        "race_instance_id": 203201,
        "size": 1,
        "start_date": "2020/01/20",
        "trophy_id": 2032
    },
    {
        "disp_order": 63,
        "display_end_date": "2050/01/27",
        "event_type": 0,
        "id": 73,
        "original_flag": 1,
        "race_instance_id": 203101,
        "size": 1,
        "start_date": "2020/01/20",
        "trophy_id": 2031
    },
    {
        "disp_order": 62,
        "display_end_date": "2050/01/27",
        "event_type": 0,
        "id": 74,
        "original_flag": 1,
        "race_instance_id": 203001,
        "size": 1,
        "start_date": "2020/01/20",
        "trophy_id": 2030
    },
    {
        "disp_order": 61,
        "display_end_date": "2050/01/27",
        "event_type": 0,
        "id": 75,
        "original_flag": 0,
        "race_instance_id": 202901,
        "size": 1,
        "start_date": "2020/01/20",
        "trophy_id": 2029
    },
    {
        "disp_order": 60,
        "display_end_date": "2050/01/27",
        "event_type": 0,
        "id": 76,
        "original_flag": 0,
        "race_instance_id": 305801,
        "size": 1,
        "start_date": "2020/01/20",
        "trophy_id": 3058
    },
    {
        "disp_order": 59,
        "display_end_date": "2050/01/27",
        "event_type": 0,
        "id": 77,
        "original_flag": 1,
        "race_instance_id": 202801,
        "size": 1,
        "start_date": "2020/01/20",
        "trophy_id": 2028
    },
    {
        "disp_order": 58,
        "display_end_date": "2050/01/27",
        "event_type": 0,
        "id": 78,
        "original_flag": 0,
        "race_instance_id": 202701,
        "size": 1,
        "start_date": "2020/01/20",
        "trophy_id": 2027
    },
    {
        "disp_order": 57,
        "display_end_date": "2050/01/27",
        "event_type": 0,
        "id": 79,
        "original_flag": 1,
        "race_instance_id": 202601,
        "size": 0,
        "start_date": "2020/01/20",
        "trophy_id": 2026
    },
    {
        "disp_order": 56,
        "display_end_date": "2050/01/27",
        "event_type": 0,
        "id": 80,
        "original_flag": 0,
        "race_instance_id": 202501,
        "size": 1,
        "start_date": "2020/01/20",
        "trophy_id": 2025
    },
    {
        "disp_order": 55,
        "display_end_date": "2050/01/27",
        "event_type": 0,
        "id": 81,
        "original_flag": 0,
        "race_instance_id": 202401,
        "size": 1,
        "start_date": "2020/01/20",
        "trophy_id": 2024
    },
    {
        "disp_order": 54,
        "display_end_date": "2050/01/27",
        "event_type": 0,
        "id": 82,
        "original_flag": 1,
        "race_instance_id": 202301,
        "size": 1,
        "start_date": "2020/01/20",
        "trophy_id": 2023
    },
    {
        "disp_order": 53,
        "display_end_date": "2050/01/27",
        "event_type": 0,
        "id": 83,
        "original_flag": 0,
        "race_instance_id": 202201,
        "size": 1,
        "start_date": "2020/01/20",
        "trophy_id": 2022
    },
    {
        "disp_order": 52,
        "display_end_date": "2050/01/27",
        "event_type": 0,
        "id": 84,
        "original_flag": 0,
        "race_instance_id": 202101,
        "size": 1,
        "start_date": "2020/01/20",
        "trophy_id": 2021
    },
    {
        "disp_order": 51,
        "display_end_date": "2050/01/27",
        "event_type": 0,
        "id": 85,
        "original_flag": 0,
        "race_instance_id": 202001,
        "size": 1,
        "start_date": "2020/01/20",
        "trophy_id": 2020
    },
    {
        "disp_order": 50,
        "display_end_date": "2050/01/27",
        "event_type": 0,
        "id": 86,
        "original_flag": 0,
        "race_instance_id": 201901,
        "size": 1,
        "start_date": "2020/01/20",
        "trophy_id": 2019
    },
    {
        "disp_order": 49,
        "display_end_date": "2050/01/27",
        "event_type": 0,
        "id": 87,
        "original_flag": 1,
        "race_instance_id": 201801,
        "size": 1,
        "start_date": "2020/01/20",
        "trophy_id": 2018
    },
    {
        "disp_order": 48,
        "display_end_date": "2050/01/27",
        "event_type": 0,
        "id": 88,
        "original_flag": 0,
        "race_instance_id": 201701,
        "size": 1,
        "start_date": "2020/01/20",
        "trophy_id": 2017
    },
    {
        "disp_order": 47,
        "display_end_date": "2050/01/27",
        "event_type": 0,
        "id": 89,
        "original_flag": 1,
        "race_instance_id": 201601,
        "size": 1,
        "start_date": "2020/01/20",
        "trophy_id": 2016
    },
    {
        "disp_order": 46,
        "display_end_date": "2050/01/27",
        "event_type": 0,
        "id": 90,
        "original_flag": 1,
        "race_instance_id": 201501,
        "size": 0,
        "start_date": "2020/01/20",
        "trophy_id": 2015
    },
    {
        "disp_order": 45,
        "display_end_date": "2050/01/27",
        "event_type": 0,
        "id": 91,
        "original_flag": 0,
        "race_instance_id": 201401,
        "size": 1,
        "start_date": "2020/01/20",
        "trophy_id": 2014
    },
    {
        "disp_order": 44,
        "display_end_date": "2050/01/27",
        "event_type": 0,
        "id": 92,
        "original_flag": 1,
        "race_instance_id": 201301,
        "size": 1,
        "start_date": "2020/01/20",
        "trophy_id": 2013
    },
    {
        "disp_order": 43,
        "display_end_date": "2050/01/27",
        "event_type": 0,
        "id": 93,
        "original_flag": 0,
        "race_instance_id": 201201,
        "size": 1,
        "start_date": "2020/01/20",
        "trophy_id": 2012
    },
    {
        "disp_order": 42,
        "display_end_date": "2050/01/27",
        "event_type": 0,
        "id": 94,
        "original_flag": 0,
        "race_instance_id": 201101,
        "size": 1,
        "start_date": "2020/01/20",
        "trophy_id": 2011
    },
    {
        "disp_order": 41,
        "display_end_date": "2050/01/27",
        "event_type": 0,
        "id": 95,
        "original_flag": 0,
        "race_instance_id": 201001,
        "size": 1,
        "start_date": "2020/01/20",
        "trophy_id": 2010
    },
    {
        "disp_order": 40,
        "display_end_date": "2050/01/27",
        "event_type": 0,
        "id": 96,
        "original_flag": 0,
        "race_instance_id": 200901,
        "size": 1,
        "start_date": "2020/01/20",
        "trophy_id": 2009
    },
    {
        "disp_order": 39,
        "display_end_date": "2050/01/27",
        "event_type": 0,
        "id": 97,
        "original_flag": 0,
        "race_instance_id": 200801,
        "size": 1,
        "start_date": "2020/01/20",
        "trophy_id": 2008
    },
    {
        "disp_order": 38,
        "display_end_date": "2050/01/27",
        "event_type": 0,
        "id": 98,
        "original_flag": 0,
        "race_instance_id": 200701,
        "size": 1,
        "start_date": "2020/01/20",
        "trophy_id": 2007
    },
    {
        "disp_order": 37,
        "display_end_date": "2050/01/27",
        "event_type": 0,
        "id": 99,
        "original_flag": 1,
        "race_instance_id": 200601,
        "size": 1,
        "start_date": "2020/01/20",
        "trophy_id": 2006
    },
    {
        "disp_order": 36,
        "display_end_date": "2050/01/27",
        "event_type": 0,
        "id": 100,
        "original_flag": 0,
        "race_instance_id": 301801,
        "size": 1,
        "start_date": "2020/01/20",
        "trophy_id": 3018
    },
    {
        "disp_order": 35,
        "display_end_date": "2050/01/27",
        "event_type": 0,
        "id": 101,
        "original_flag": 0,
        "race_instance_id": 200501,
        "size": 1,
        "start_date": "2020/01/20",
        "trophy_id": 2005
    },
    {
        "disp_order": 34,
        "display_end_date": "2050/01/27",
        "event_type": 0,
        "id": 102,
        "original_flag": 0,
        "race_instance_id": 200401,
        "size": 1,
        "start_date": "2020/01/20",
        "trophy_id": 2004
    },
    {
        "disp_order": 33,
        "display_end_date": "2050/01/27",
        "event_type": 0,
        "id": 103,
        "original_flag": 1,
        "race_instance_id": 200301,
        "size": 1,
        "start_date": "2020/01/20",
        "trophy_id": 2003
    },
    {
        "disp_order": 32,
        "display_end_date": "2050/01/27",
        "event_type": 0,
        "id": 104,
        "original_flag": 0,
        "race_instance_id": 200201,
        "size": 1,
        "start_date": "2020/01/20",
        "trophy_id": 2002
    },
    {
        "disp_order": 31,
        "display_end_date": "2050/01/27",
        "event_type": 0,
        "id": 105,
        "original_flag": 0,
        "race_instance_id": 200101,
        "size": 1,
        "start_date": "2020/01/20",
        "trophy_id": 2001
    },
    {
        "disp_order": 30,
        "display_end_date": "2050/01/27",
        "event_type": 0,
        "id": 106,
        "original_flag": 1,
        "race_instance_id": 110101,
        "size": 1,
        "start_date": "2020/01/20",
        "trophy_id": 1101
    },
    {
        "disp_order": 29,
        "display_end_date": "2050/01/27",
        "event_type": 0,
        "id": 107,
        "original_flag": 1,
        "race_instance_id": 110201,
        "size": 1,
        "start_date": "2020/01/20",
        "trophy_id": 1102
    },
    {
        "disp_order": 28,
        "display_end_date": "2050/01/27",
        "event_type": 0,
        "id": 108,
        "original_flag": 1,
        "race_instance_id": 110301,
        "size": 1,
        "start_date": "2020/01/20",
        "trophy_id": 1103
    },
    {
        "disp_order": 27,
        "display_end_date": "2050/01/27",
        "event_type": 0,
        "id": 109,
        "original_flag": 1,
        "race_instance_id": 110401,
        "size": 1,
        "start_date": "2020/01/20",
        "trophy_id": 1104
    },
    {
        "disp_order": 26,
        "display_end_date": "2050/01/27",
        "event_type": 0,
        "id": 110,
        "original_flag": 1,
        "race_instance_id": 110501,
        "size": 1,
        "start_date": "2020/01/20",
        "trophy_id": 1105
    },
    {
        "disp_order": 25,
        "display_end_date": "2050/01/27",
        "event_type": 0,
        "id": 111,
        "original_flag": 1,
        "race_instance_id": 110601,
        "size": 1,
        "start_date": "2020/01/20",
        "trophy_id": 1106
    },
    {
        "disp_order": 24,
        "display_end_date": "2050/01/27",
        "event_type": 0,
        "id": 112,
        "original_flag": 1,
        "race_instance_id": 102401,
        "size": 1,
        "start_date": "2020/01/20",
        "trophy_id": 1024
    },
    {
        "disp_order": 23,
        "display_end_date": "2050/01/27",
        "event_type": 0,
        "id": 113,
        "original_flag": 1,
        "race_instance_id": 102301,
        "size": 1,
        "start_date": "2020/01/20",
        "trophy_id": 1023
    },
    {
        "disp_order": 22,
        "display_end_date": "2050/01/27",
        "event_type": 0,
        "id": 114,
        "original_flag": 1,
        "race_instance_id": 102201,
        "size": 1,
        "start_date": "2020/01/20",
        "trophy_id": 1022
    },
    {
        "disp_order": 21,
        "display_end_date": "2050/01/27",
        "event_type": 0,
        "id": 115,
        "original_flag": 1,
        "race_instance_id": 102101,
        "size": 1,
        "start_date": "2020/01/20",
        "trophy_id": 1021
    },
    {
        "disp_order": 20,
        "display_end_date": "2050/01/27",
        "event_type": 0,
        "id": 116,
        "original_flag": 1,
        "race_instance_id": 102001,
        "size": 1,
        "start_date": "2020/01/20",
        "trophy_id": 1020
    },
    {
        "disp_order": 19,
        "display_end_date": "2050/01/27",
        "event_type": 0,
        "id": 117,
        "original_flag": 1,
        "race_instance_id": 101901,
        "size": 1,
        "start_date": "2020/01/20",
        "trophy_id": 1019
    },
    {
        "disp_order": 18,
        "display_end_date": "2050/01/27",
        "event_type": 0,
        "id": 118,
        "original_flag": 1,
        "race_instance_id": 101801,
        "size": 1,
        "start_date": "2020/01/20",
        "trophy_id": 1018
    },
    {
        "disp_order": 17,
        "display_end_date": "2050/01/27",
        "event_type": 0,
        "id": 119,
        "original_flag": 1,
        "race_instance_id": 101701,
        "size": 1,
        "start_date": "2020/01/20",
        "trophy_id": 1017
    },
    {
        "disp_order": 16,
        "display_end_date": "2050/01/27",
        "event_type": 0,
        "id": 120,
        "original_flag": 1,
        "race_instance_id": 101601,
        "size": 0,
        "start_date": "2020/01/20",
        "trophy_id": 1016
    },
    {
        "disp_order": 15,
        "display_end_date": "2050/01/27",
        "event_type": 0,
        "id": 121,
        "original_flag": 1,
        "race_instance_id": 101501,
        "size": 1,
        "start_date": "2020/01/20",
        "trophy_id": 1015
    },
    {
        "disp_order": 14,
        "display_end_date": "2050/01/27",
        "event_type": 0,
        "id": 122,
        "original_flag": 1,
        "race_instance_id": 101401,
        "size": 0,
        "start_date": "2020/01/20",
        "trophy_id": 1014
    },
    {
        "disp_order": 13,
        "display_end_date": "2050/01/27",
        "event_type": 0,
        "id": 123,
        "original_flag": 1,
        "race_instance_id": 101301,
        "size": 1,
        "start_date": "2020/01/20",
        "trophy_id": 1013
    },
    {
        "disp_order": 12,
        "display_end_date": "2050/01/27",
        "event_type": 0,
        "id": 124,
        "original_flag": 1,
        "race_instance_id": 101201,
        "size": 1,
        "start_date": "2020/01/20",
        "trophy_id": 1012
    },
    {
        "disp_order": 11,
        "display_end_date": "2050/01/27",
        "event_type": 0,
        "id": 125,
        "original_flag": 1,
        "race_instance_id": 101101,
        "size": 1,
        "start_date": "2020/01/20",
        "trophy_id": 1011
    },
    {
        "disp_order": 10,
        "display_end_date": "2050/01/27",
        "event_type": 0,
        "id": 126,
        "original_flag": 1,
        "race_instance_id": 101001,
        "size": 1,
        "start_date": "2020/01/20",
        "trophy_id": 1010
    },
    {
        "disp_order": 9,
        "display_end_date": "2050/01/27",
        "event_type": 0,
        "id": 127,
        "original_flag": 1,
        "race_instance_id": 100901,
        "size": 0,
        "start_date": "2020/01/20",
        "trophy_id": 1009
    },
    {
        "disp_order": 8,
        "display_end_date": "2050/01/27",
        "event_type": 0,
        "id": 128,
        "original_flag": 1,
        "race_instance_id": 100801,
        "size": 0,
        "start_date": "2020/01/20",
        "trophy_id": 1008
    },
    {
        "disp_order": 7,
        "display_end_date": "2050/01/27",
        "event_type": 0,
        "id": 129,
        "original_flag": 1,
        "race_instance_id": 100701,
        "size": 0,
        "start_date": "2020/01/20",
        "trophy_id": 1007
    },
    {
        "disp_order": 6,
        "display_end_date": "2050/01/27",
        "event_type": 0,
        "id": 130,
        "original_flag": 1,
        "race_instance_id": 100601,
        "size": 0,
        "start_date": "2020/01/20",
        "trophy_id": 1006
    },
    {
        "disp_order": 5,
        "display_end_date": "2050/01/27",
        "event_type": 0,
        "id": 131,
        "original_flag": 1,
        "race_instance_id": 100501,
        "size": 0,
        "start_date": "2020/01/20",
        "trophy_id": 1005
    },
    {
        "disp_order": 4,
        "display_end_date": "2050/01/27",
        "event_type": 0,
        "id": 132,
        "original_flag": 1,
        "race_instance_id": 100401,
        "size": 1,
        "start_date": "2020/01/20",
        "trophy_id": 1004
    },
    {
        "disp_order": 3,
        "display_end_date": "2050/01/27",
        "event_type": 0,
        "id": 133,
        "original_flag": 1,
        "race_instance_id": 100301,
        "size": 0,
        "start_date": "2020/01/20",
        "trophy_id": 1003
    },
    {
        "disp_order": 2,
        "display_end_date": "2050/01/27",
        "event_type": 0,
        "id": 134,
        "original_flag": 1,
        "race_instance_id": 100201,
        "size": 0,
        "start_date": "2020/01/20",
        "trophy_id": 1002
    },
    {
        "disp_order": 1,
        "display_end_date": "2050/01/27",
        "event_type": 0,
        "id": 135,
        "original_flag": 1,
        "race_instance_id": 100101,
        "size": 1,
        "start_date": "2020/01/20",
        "trophy_id": 1001
    },
    {
        "disp_order": 1002,
        "display_end_date": "2022/07/14 4:59:59",
        "event_type": 1,
        "id": 140,
        "original_flag": 1,
        "race_instance_id": 592001,
        "size": 0,
        "start_date": "2022/07/11 12:00:00",
        "trophy_id": 5920
    },
    {
        "disp_order": 1003,
        "display_end_date": "2022/07/17 4:59:59",
        "event_type": 1,
        "id": 142,
        "original_flag": 1,
        "race_instance_id": 592002,
        "size": 0,
        "start_date": "2022/07/14 5:00:00",
        "trophy_id": 5921
    },
    {
        "disp_order": 1004,
        "display_end_date": "2022/07/20 4:59:59",
        "event_type": 1,
        "id": 144,
        "original_flag": 1,
        "race_instance_id": 592003,
        "size": 0,
        "start_date": "2022/07/17 5:00:00",
        "trophy_id": 5922
    },
    {
        "disp_order": 500,
        "display_end_date": "2050/01/27",
        "event_type": 1,
        "id": 146,
        "original_flag": 1,
        "race_instance_id": 910201,
        "size": 1,
        "start_date": "2020/01/20",
        "trophy_id": 9001
    },
    {
        "disp_order": 500,
        "display_end_date": "2050/01/27",
        "event_type": 1,
        "id": 147,
        "original_flag": 1,
        "race_instance_id": 910202,
        "size": 1,
        "start_date": "2020/01/20",
        "trophy_id": 9001
    },
    {
        "disp_order": 500,
        "display_end_date": "2050/01/27",
        "event_type": 1,
        "id": 148,
        "original_flag": 1,
        "race_instance_id": 910203,
        "size": 1,
        "start_date": "2020/01/20",
        "trophy_id": 9001
    },
    {
        "disp_order": 500,
        "display_end_date": "2050/01/27",
        "event_type": 1,
        "id": 149,
        "original_flag": 1,
        "race_instance_id": 910204,
        "size": 1,
        "start_date": "2020/01/20",
        "trophy_id": 9001
    },
    {
        "disp_order": 500,
        "display_end_date": "2050/01/27",
        "event_type": 1,
        "id": 150,
        "original_flag": 1,
        "race_instance_id": 910205,
        "size": 1,
        "start_date": "2020/01/20",
        "trophy_id": 9001
    },
    {
        "disp_order": 500,
        "display_end_date": "2050/01/27",
        "event_type": 1,
        "id": 151,
        "original_flag": 1,
        "race_instance_id": 910206,
        "size": 1,
        "start_date": "2020/01/20",
        "trophy_id": 9001
    },
    {
        "disp_order": 500,
        "display_end_date": "2050/01/27",
        "event_type": 1,
        "id": 152,
        "original_flag": 1,
        "race_instance_id": 910207,
        "size": 1,
        "start_date": "2020/01/20",
        "trophy_id": 9001
    },
    {
        "disp_order": 501,
        "display_end_date": "2050/01/27",
        "event_type": 1,
        "id": 153,
        "original_flag": 1,
        "race_instance_id": 910208,
        "size": 1,
        "start_date": "2020/01/20",
        "trophy_id": 9002
    },
    {
        "disp_order": 501,
        "display_end_date": "2050/01/27",
        "event_type": 1,
        "id": 154,
        "original_flag": 1,
        "race_instance_id": 910209,
        "size": 1,
        "start_date": "2020/01/20",
        "trophy_id": 9002
    },
    {
        "disp_order": 501,
        "display_end_date": "2050/01/27",
        "event_type": 1,
        "id": 155,
        "original_flag": 1,
        "race_instance_id": 910210,
        "size": 1,
        "start_date": "2020/01/20",
        "trophy_id": 9002
    },
    {
        "disp_order": 501,
        "display_end_date": "2050/01/27",
        "event_type": 1,
        "id": 156,
        "original_flag": 1,
        "race_instance_id": 910211,
        "size": 1,
        "start_date": "2020/01/20",
        "trophy_id": 9002
    },
    {
        "disp_order": 501,
        "display_end_date": "2050/01/27",
        "event_type": 1,
        "id": 157,
        "original_flag": 1,
        "race_instance_id": 910212,
        "size": 1,
        "start_date": "2020/01/20",
        "trophy_id": 9002
    },
    {
        "disp_order": 501,
        "display_end_date": "2050/01/27",
        "event_type": 1,
        "id": 158,
        "original_flag": 1,
        "race_instance_id": 910213,
        "size": 1,
        "start_date": "2020/01/20",
        "trophy_id": 9002
    },
    {
        "disp_order": 501,
        "display_end_date": "2050/01/27",
        "event_type": 1,
        "id": 159,
        "original_flag": 1,
        "race_instance_id": 910214,
        "size": 1,
        "start_date": "2020/01/20",
        "trophy_id": 9002
    },
    {
        "disp_order": 501,
        "display_end_date": "2050/01/27",
        "event_type": 1,
        "id": 160,
        "original_flag": 1,
        "race_instance_id": 910215,
        "size": 1,
        "start_date": "2020/01/20",
        "trophy_id": 9002
    },
    {
        "disp_order": 502,
        "display_end_date": "2050/01/27",
        "event_type": 1,
        "id": 161,
        "original_flag": 1,
        "race_instance_id": 910216,
        "size": 1,
        "start_date": "2020/01/20",
        "trophy_id": 9003
    },
    {
        "disp_order": 502,
        "display_end_date": "2050/01/27",
        "event_type": 1,
        "id": 162,
        "original_flag": 1,
        "race_instance_id": 910217,
        "size": 1,
        "start_date": "2020/01/20",
        "trophy_id": 9003
    },
    {
        "disp_order": 502,
        "display_end_date": "2050/01/27",
        "event_type": 1,
        "id": 163,
        "original_flag": 1,
        "race_instance_id": 910218,
        "size": 1,
        "start_date": "2020/01/20",
        "trophy_id": 9003
    },
    {
        "disp_order": 502,
        "display_end_date": "2050/01/27",
        "event_type": 1,
        "id": 164,
        "original_flag": 1,
        "race_instance_id": 910219,
        "size": 1,
        "start_date": "2020/01/20",
        "trophy_id": 9003
    },
    {
        "disp_order": 502,
        "display_end_date": "2050/01/27",
        "event_type": 1,
        "id": 165,
        "original_flag": 1,
        "race_instance_id": 910220,
        "size": 1,
        "start_date": "2020/01/20",
        "trophy_id": 9003
    },
    {
        "disp_order": 502,
        "display_end_date": "2050/01/27",
        "event_type": 1,
        "id": 166,
        "original_flag": 1,
        "race_instance_id": 910221,
        "size": 1,
        "start_date": "2020/01/20",
        "trophy_id": 9003
    },
    {
        "disp_order": 502,
        "display_end_date": "2050/01/27",
        "event_type": 1,
        "id": 167,
        "original_flag": 1,
        "race_instance_id": 910222,
        "size": 1,
        "start_date": "2020/01/20",
        "trophy_id": 9003
    },
    {
        "disp_order": 502,
        "display_end_date": "2050/01/27",
        "event_type": 1,
        "id": 168,
        "original_flag": 1,
        "race_instance_id": 910223,
        "size": 1,
        "start_date": "2020/01/20",
        "trophy_id": 9003
    },
    {
        "disp_order": 502,
        "display_end_date": "2050/01/27",
        "event_type": 1,
        "id": 169,
        "original_flag": 1,
        "race_instance_id": 910224,
        "size": 1,
        "start_date": "2020/01/20",
        "trophy_id": 9003
    },
    {
        "disp_order": 502,
        "display_end_date": "2050/01/27",
        "event_type": 1,
        "id": 170,
        "original_flag": 1,
        "race_instance_id": 910225,
        "size": 1,
        "start_date": "2020/01/20",
        "trophy_id": 9003
    },
    {
        "disp_order": 503,
        "display_end_date": "2050/01/27",
        "event_type": 1,
        "id": 171,
        "original_flag": 1,
        "race_instance_id": 910226,
        "size": 1,
        "start_date": "2020/01/20",
        "trophy_id": 9004
    },
    {
        "disp_order": 503,
        "display_end_date": "2050/01/27",
        "event_type": 1,
        "id": 172,
        "original_flag": 1,
        "race_instance_id": 910227,
        "size": 1,
        "start_date": "2020/01/20",
        "trophy_id": 9004
    },
    {
        "disp_order": 503,
        "display_end_date": "2050/01/27",
        "event_type": 1,
        "id": 173,
        "original_flag": 1,
        "race_instance_id": 910228,
        "size": 1,
        "start_date": "2020/01/20",
        "trophy_id": 9004
    },
    {
        "disp_order": 503,
        "display_end_date": "2050/01/27",
        "event_type": 1,
        "id": 174,
        "original_flag": 1,
        "race_instance_id": 910229,
        "size": 1,
        "start_date": "2020/01/20",
        "trophy_id": 9004
    },
    {
        "disp_order": 503,
        "display_end_date": "2050/01/27",
        "event_type": 1,
        "id": 175,
        "original_flag": 1,
        "race_instance_id": 910230,
        "size": 1,
        "start_date": "2020/01/20",
        "trophy_id": 9004
    },
    {
        "disp_order": 503,
        "display_end_date": "2050/01/27",
        "event_type": 1,
        "id": 176,
        "original_flag": 1,
        "race_instance_id": 910231,
        "size": 1,
        "start_date": "2020/01/20",
        "trophy_id": 9004
    },
    {
        "disp_order": 503,
        "display_end_date": "2050/01/27",
        "event_type": 1,
        "id": 177,
        "original_flag": 1,
        "race_instance_id": 910232,
        "size": 1,
        "start_date": "2020/01/20",
        "trophy_id": 9004
    },
    {
        "disp_order": 504,
        "display_end_date": "2050/01/27",
        "event_type": 1,
        "id": 178,
        "original_flag": 1,
        "race_instance_id": 910233,
        "size": 1,
        "start_date": "2020/01/20",
        "trophy_id": 9005
    },
    {
        "disp_order": 504,
        "display_end_date": "2050/01/27",
        "event_type": 1,
        "id": 179,
        "original_flag": 1,
        "race_instance_id": 910234,
        "size": 1,
        "start_date": "2020/01/20",
        "trophy_id": 9005
    },
    {
        "disp_order": 504,
        "display_end_date": "2050/01/27",
        "event_type": 1,
        "id": 180,
        "original_flag": 1,
        "race_instance_id": 910235,
        "size": 1,
        "start_date": "2020/01/20",
        "trophy_id": 9005
    },
    {
        "disp_order": 504,
        "display_end_date": "2050/01/27",
        "event_type": 1,
        "id": 181,
        "original_flag": 1,
        "race_instance_id": 910236,
        "size": 1,
        "start_date": "2020/01/20",
        "trophy_id": 9005
    },
    {
        "disp_order": 504,
        "display_end_date": "2050/01/27",
        "event_type": 1,
        "id": 182,
        "original_flag": 1,
        "race_instance_id": 910237,
        "size": 1,
        "start_date": "2020/01/20",
        "trophy_id": 9005
    },
    {
        "disp_order": 504,
        "display_end_date": "2050/01/27",
        "event_type": 1,
        "id": 183,
        "original_flag": 1,
        "race_instance_id": 910238,
        "size": 1,
        "start_date": "2020/01/20",
        "trophy_id": 9005
    },
    {
        "disp_order": 504,
        "display_end_date": "2050/01/27",
        "event_type": 1,
        "id": 184,
        "original_flag": 1,
        "race_instance_id": 910239,
        "size": 1,
        "start_date": "2020/01/20",
        "trophy_id": 9005
    },
    {
        "disp_order": 504,
        "display_end_date": "2050/01/27",
        "event_type": 1,
        "id": 185,
        "original_flag": 1,
        "race_instance_id": 910240,
        "size": 1,
        "start_date": "2020/01/20",
        "trophy_id": 9005
    },
    {
        "disp_order": 504,
        "display_end_date": "2050/01/27",
        "event_type": 1,
        "id": 186,
        "original_flag": 1,
        "race_instance_id": 910241,
        "size": 1,
        "start_date": "2020/01/20",
        "trophy_id": 9005
    },
    {
        "disp_order": 12,
        "display_end_date": "2050/01/27",
        "event_type": 0,
        "id": 187,
        "original_flag": 1,
        "race_instance_id": 102501,
        "size": 1,
        "start_date": "2020/01/20",
        "trophy_id": 1012
    },
    {
        "disp_order": 15,
        "display_end_date": "2050/01/27",
        "event_type": 0,
        "id": 188,
        "original_flag": 1,
        "race_instance_id": 102601,
        "size": 1,
        "start_date": "2020/01/20",
        "trophy_id": 1015
    },
    {
        "disp_order": 41,
        "display_end_date": "2050/01/27",
        "event_type": 0,
        "id": 189,
        "original_flag": 0,
        "race_instance_id": 203501,
        "size": 1,
        "start_date": "2020/01/20",
        "trophy_id": 2010
    },
    {
        "disp_order": 6,
        "display_end_date": "2050/01/27 0:00:00",
        "event_type": 0,
        "id": 190,
        "original_flag": 1,
        "race_instance_id": 102701,
        "size": 0,
        "start_date": "2022/07/12 12:00:00",
        "trophy_id": 1006
    },
    {
        "disp_order": 1005,
        "display_end_date": "2022/08/15 4:59:59",
        "event_type": 1,
        "id": 191,
        "original_flag": 1,
        "race_instance_id": 594501,
        "size": 0,
        "start_date": "2022/08/12 12:00:00",
        "trophy_id": 5945
    },
    {
        "disp_order": 1006,
        "display_end_date": "2022/08/18 4:59:59",
        "event_type": 1,
        "id": 192,
        "original_flag": 1,
        "race_instance_id": 594503,
        "size": 0,
        "start_date": "2022/08/15 5:00:00",
        "trophy_id": 5947
    },
    {
        "disp_order": 1007,
        "display_end_date": "2022/08/21 4:59:59",
        "event_type": 1,
        "id": 193,
        "original_flag": 1,
        "race_instance_id": 594502,
        "size": 0,
        "start_date": "2022/08/18 5:00:00",
        "trophy_id": 5946
    },
    {
        "disp_order": 1008,
        "display_end_date": "2022/08/24 4:59:59",
        "event_type": 1,
        "id": 194,
        "original_flag": 1,
        "race_instance_id": 594504,
        "size": 0,
        "start_date": "2022/08/21 5:00:00",
        "trophy_id": 5948
    },
    {
        "disp_order": 1009,
        "display_end_date": "2022/09/08 4:59:59",
        "event_type": 1,
        "id": 195,
        "original_flag": 1,
        "race_instance_id": 593501,
        "size": 0,
        "start_date": "2022/09/05 12:00:00",
        "trophy_id": 5935
    },
    {
        "disp_order": 1010,
        "display_end_date": "2022/09/11 4:59:59",
        "event_type": 1,
        "id": 196,
        "original_flag": 1,
        "race_instance_id": 593502,
        "size": 0,
        "start_date": "2022/09/08 5:00:00",
        "trophy_id": 5936
    },
    {
        "disp_order": 1011,
        "display_end_date": "2022/09/14 4:59:59",
        "event_type": 1,
        "id": 197,
        "original_flag": 1,
        "race_instance_id": 593503,
        "size": 0,
        "start_date": "2022/09/11 5:00:00",
        "trophy_id": 5937
    },
    {
        "disp_order": 1012,
        "display_end_date": "2022/10/09 4:59:59",
        "event_type": 1,
        "id": 198,
        "original_flag": 1,
        "race_instance_id": 593004,
        "size": 0,
        "start_date": "2022/10/06 12:00:00",
        "trophy_id": 5933
    },
    {
        "disp_order": 1013,
        "display_end_date": "2022/10/12 4:59:59",
        "event_type": 1,
        "id": 199,
        "original_flag": 1,
        "race_instance_id": 593002,
        "size": 0,
        "start_date": "2022/10/09 5:00:00",
        "trophy_id": 5931
    },
    {
        "disp_order": 1014,
        "display_end_date": "2022/10/15 4:59:59",
        "event_type": 1,
        "id": 200,
        "original_flag": 1,
        "race_instance_id": 593003,
        "size": 0,
        "start_date": "2022/10/12 5:00:00",
        "trophy_id": 5932
    },
    {
        "disp_order": 1015,
        "display_end_date": "2022/10/18 4:59:59",
        "event_type": 1,
        "id": 201,
        "original_flag": 1,
        "race_instance_id": 593001,
        "size": 0,
        "start_date": "2022/10/15 5:00:00",
        "trophy_id": 5930
    },
    {
        "disp_order": 1016,
        "display_end_date": "2022/12/02 4:59:59",
        "event_type": 1,
        "id": 202,
        "original_flag": 1,
        "race_instance_id": 594001,
        "size": 0,
        "start_date": "2022/11/29 12:00:00",
        "trophy_id": 5940
    },
    {
        "disp_order": 1017,
        "display_end_date": "2022/12/05 4:59:59",
        "event_type": 1,
        "id": 203,
        "original_flag": 1,
        "race_instance_id": 594002,
        "size": 0,
        "start_date": "2022/12/02 5:00:00",
        "trophy_id": 5941
    },
    {
        "disp_order": 1018,
        "display_end_date": "2022/12/08 4:59:59",
        "event_type": 1,
        "id": 204,
        "original_flag": 1,
        "race_instance_id": 594003,
        "size": 0,
        "start_date": "2022/12/05 5:00:00",
        "trophy_id": 5942
    }
]