[
    {
        "course_set_status_id": 0,
        "distance": 1200,
        "fence_set": 10101,
        "finish_time_max": 710000,
        "finish_time_max_random_range": 10000,
        "finish_time_min": 675000,
        "finish_time_min_random_range": 10000,
        "float_lane_max": 13500,
        "ground": 1,
        "id": 10101,
        "inout": 1,
        "race_track_id": 10001,
        "turn": 1
    },
    {
        "course_set_status_id": 0,
        "distance": 1500,
        "fence_set": 10102,
        "finish_time_max": 950000,
        "finish_time_max_random_range": 10000,
        "finish_time_min": 879000,
        "finish_time_min_random_range": 10000,
        "float_lane_max": 13500,
        "ground": 1,
        "id": 10102,
        "inout": 1,
        "race_track_id": 10001,
        "turn": 1
    },
    {
        "course_set_status_id": 0,
        "distance": 1800,
        "fence_set": 10103,
        "finish_time_max": 1100000,
        "finish_time_max_random_range": 10000,
        "finish_time_min": 1044000,
        "finish_time_min_random_range": 10000,
        "float_lane_max": 13500,
        "ground": 1,
        "id": 10103,
        "inout": 1,
        "race_track_id": 10001,
        "turn": 1
    },
    {
        "course_set_status_id": 3,
        "distance": 2000,
        "fence_set": 10104,
        "finish_time_max": 1230000,
        "finish_time_max_random_range": 10000,
        "finish_time_min": 1171000,
        "finish_time_min_random_range": 10000,
        "float_lane_max": 13500,
        "ground": 1,
        "id": 10104,
        "inout": 1,
        "race_track_id": 10001,
        "turn": 1
    },
    {
        "course_set_status_id": 2,
        "distance": 2600,
        "fence_set": 10105,
        "finish_time_max": 1650000,
        "finish_time_max_random_range": 10000,
        "finish_time_min": 1576000,
        "finish_time_min_random_range": 10000,
        "float_lane_max": 13500,
        "ground": 1,
        "id": 10105,
        "inout": 1,
        "race_track_id": 10001,
        "turn": 1
    },
    {
        "course_set_status_id": 0,
        "distance": 1000,
        "fence_set": 10106,
        "finish_time_max": 630000,
        "finish_time_max_random_range": 10000,
        "finish_time_min": 574000,
        "finish_time_min_random_range": 10000,
        "float_lane_max": 11000,
        "ground": 2,
        "id": 10106,
        "inout": 1,
        "race_track_id": 10001,
        "turn": 1
    },
    {
        "course_set_status_id": 1,
        "distance": 1700,
        "fence_set": 10107,
        "finish_time_max": 1130000,
        "finish_time_max_random_range": 10000,
        "finish_time_min": 1014000,
        "finish_time_min_random_range": 10000,
        "float_lane_max": 11000,
        "ground": 2,
        "id": 10107,
        "inout": 1,
        "race_track_id": 10001,
        "turn": 1
    },
    {
        "course_set_status_id": 0,
        "distance": 2400,
        "fence_set": 10108,
        "finish_time_max": 1560000,
        "finish_time_max_random_range": 10000,
        "finish_time_min": 1491000,
        "finish_time_min_random_range": 10000,
        "float_lane_max": 11000,
        "ground": 2,
        "id": 10108,
        "inout": 1,
        "race_track_id": 10001,
        "turn": 1
    },
    {
        "course_set_status_id": 0,
        "distance": 1000,
        "fence_set": 10201,
        "finish_time_max": 570000,
        "finish_time_max_random_range": 10000,
        "finish_time_min": 547000,
        "finish_time_min_random_range": 10000,
        "float_lane_max": 14700,
        "ground": 1,
        "id": 10201,
        "inout": 1,
        "race_track_id": 10002,
        "turn": 1
    },
    {
        "course_set_status_id": 0,
        "distance": 1200,
        "fence_set": 10202,
        "finish_time_max": 710000,
        "finish_time_max_random_range": 10000,
        "finish_time_min": 675000,
        "finish_time_min_random_range": 10000,
        "float_lane_max": 14700,
        "ground": 1,
        "id": 10202,
        "inout": 1,
        "race_track_id": 10002,
        "turn": 1
    },
    {
        "course_set_status_id": 3,
        "distance": 1800,
        "fence_set": 10203,
        "finish_time_max": 1100000,
        "finish_time_max_random_range": 10000,
        "finish_time_min": 1044000,
        "finish_time_min_random_range": 10000,
        "float_lane_max": 14700,
        "ground": 1,
        "id": 10203,
        "inout": 1,
        "race_track_id": 10002,
        "turn": 1
    },
    {
        "course_set_status_id": 1,
        "distance": 2000,
        "fence_set": 10204,
        "finish_time_max": 1230000,
        "finish_time_max_random_range": 10000,
        "finish_time_min": 1171000,
        "finish_time_min_random_range": 10000,
        "float_lane_max": 14700,
        "ground": 1,
        "id": 10204,
        "inout": 1,
        "race_track_id": 10002,
        "turn": 1
    },
    {
        "course_set_status_id": 2,
        "distance": 2600,
        "fence_set": 10205,
        "finish_time_max": 1650000,
        "finish_time_max_random_range": 10000,
        "finish_time_min": 1576000,
        "finish_time_min_random_range": 10000,
        "float_lane_max": 14700,
        "ground": 1,
        "id": 10205,
        "inout": 1,
        "race_track_id": 10002,
        "turn": 1
    },
    {
        "course_set_status_id": 0,
        "distance": 1000,
        "fence_set": 10206,
        "finish_time_max": 630000,
        "finish_time_max_random_range": 10000,
        "finish_time_min": 574000,
        "finish_time_min_random_range": 10000,
        "float_lane_max": 11000,
        "ground": 2,
        "id": 10206,
        "inout": 1,
        "race_track_id": 10002,
        "turn": 1
    },
    {
        "course_set_status_id": 0,
        "distance": 1700,
        "fence_set": 10207,
        "finish_time_max": 1130000,
        "finish_time_max_random_range": 10000,
        "finish_time_min": 1014000,
        "finish_time_min_random_range": 10000,
        "float_lane_max": 11000,
        "ground": 2,
        "id": 10207,
        "inout": 1,
        "race_track_id": 10002,
        "turn": 1
    },
    {
        "course_set_status_id": 2,
        "distance": 2400,
        "fence_set": 10208,
        "finish_time_max": 1560000,
        "finish_time_max_random_range": 10000,
        "finish_time_min": 1491000,
        "finish_time_min_random_range": 10000,
        "float_lane_max": 11000,
        "ground": 2,
        "id": 10208,
        "inout": 1,
        "race_track_id": 10002,
        "turn": 1
    },
    {
        "course_set_status_id": 3,
        "distance": 1000,
        "fence_set": 10301,
        "finish_time_max": 570000,
        "finish_time_max_random_range": 10000,
        "finish_time_min": 547000,
        "finish_time_min_random_range": 10000,
        "float_lane_max": 13500,
        "ground": 1,
        "id": 10301,
        "inout": 1,
        "race_track_id": 10003,
        "turn": 4
    },
    {
        "course_set_status_id": 0,
        "distance": 1200,
        "fence_set": 10302,
        "finish_time_max": 710000,
        "finish_time_max_random_range": 10000,
        "finish_time_min": 675000,
        "finish_time_min_random_range": 10000,
        "float_lane_max": 13500,
        "ground": 1,
        "id": 10302,
        "inout": 2,
        "race_track_id": 10003,
        "turn": 2
    },
    {
        "course_set_status_id": 0,
        "distance": 1400,
        "fence_set": 10303,
        "finish_time_max": 840000,
        "finish_time_max_random_range": 10000,
        "finish_time_min": 800000,
        "finish_time_min_random_range": 10000,
        "float_lane_max": 13500,
        "ground": 1,
        "id": 10303,
        "inout": 2,
        "race_track_id": 10003,
        "turn": 2
    },
    {
        "course_set_status_id": 0,
        "distance": 1600,
        "fence_set": 10304,
        "finish_time_max": 950000,
        "finish_time_max_random_range": 10000,
        "finish_time_min": 908000,
        "finish_time_min_random_range": 10000,
        "float_lane_max": 13500,
        "ground": 1,
        "id": 10304,
        "inout": 3,
        "race_track_id": 10003,
        "turn": 2
    },
    {
        "course_set_status_id": 3,
        "distance": 1800,
        "fence_set": 10305,
        "finish_time_max": 1100000,
        "finish_time_max_random_range": 10000,
        "finish_time_min": 1044000,
        "finish_time_min_random_range": 10000,
        "float_lane_max": 13500,
        "ground": 1,
        "id": 10305,
        "inout": 3,
        "race_track_id": 10003,
        "turn": 2
    },
    {
        "course_set_status_id": 7,
        "distance": 2000,
        "fence_set": 10306,
        "finish_time_max": 1230000,
        "finish_time_max_random_range": 10000,
        "finish_time_min": 1171000,
        "finish_time_min_random_range": 10000,
        "float_lane_max": 13500,
        "ground": 1,
        "id": 10306,
        "inout": 2,
        "race_track_id": 10003,
        "turn": 2
    },
    {
        "course_set_status_id": 7,
        "distance": 2000,
        "fence_set": 10307,
        "finish_time_max": 1230000,
        "finish_time_max_random_range": 10000,
        "finish_time_min": 1171000,
        "finish_time_min_random_range": 10000,
        "float_lane_max": 13500,
        "ground": 1,
        "id": 10307,
        "inout": 3,
        "race_track_id": 10003,
        "turn": 2
    },
    {
        "course_set_status_id": 1,
        "distance": 2200,
        "fence_set": 10308,
        "finish_time_max": 1350000,
        "finish_time_max_random_range": 10000,
        "finish_time_min": 1302000,
        "finish_time_min_random_range": 10000,
        "float_lane_max": 13500,
        "ground": 1,
        "id": 10308,
        "inout": 2,
        "race_track_id": 10003,
        "turn": 2
    },
    {
        "course_set_status_id": 0,
        "distance": 2400,
        "fence_set": 10309,
        "finish_time_max": 1490000,
        "finish_time_max_random_range": 10000,
        "finish_time_min": 1416000,
        "finish_time_min_random_range": 10000,
        "float_lane_max": 13500,
        "ground": 1,
        "id": 10309,
        "inout": 2,
        "race_track_id": 10003,
        "turn": 2
    },
    {
        "course_set_status_id": 0,
        "distance": 1200,
        "fence_set": 10310,
        "finish_time_max": 770000,
        "finish_time_max_random_range": 10000,
        "finish_time_min": 690000,
        "finish_time_min_random_range": 10000,
        "float_lane_max": 11000,
        "ground": 2,
        "id": 10310,
        "inout": 1,
        "race_track_id": 10003,
        "turn": 2
    },
    {
        "course_set_status_id": 5,
        "distance": 1800,
        "fence_set": 10311,
        "finish_time_max": 1180000,
        "finish_time_max_random_range": 10000,
        "finish_time_min": 1081000,
        "finish_time_min_random_range": 10000,
        "float_lane_max": 11000,
        "ground": 2,
        "id": 10311,
        "inout": 1,
        "race_track_id": 10003,
        "turn": 2
    },
    {
        "course_set_status_id": 0,
        "distance": 2500,
        "fence_set": 10312,
        "finish_time_max": 1640000,
        "finish_time_max_random_range": 10000,
        "finish_time_min": 1591000,
        "finish_time_min_random_range": 10000,
        "float_lane_max": 11000,
        "ground": 2,
        "id": 10312,
        "inout": 1,
        "race_track_id": 10003,
        "turn": 2
    },
    {
        "course_set_status_id": 0,
        "distance": 1200,
        "fence_set": 10401,
        "finish_time_max": 710000,
        "finish_time_max_random_range": 10000,
        "finish_time_min": 675000,
        "finish_time_min_random_range": 10000,
        "float_lane_max": 13000,
        "ground": 1,
        "id": 10401,
        "inout": 1,
        "race_track_id": 10004,
        "turn": 1
    },
    {
        "course_set_status_id": 2,
        "distance": 1800,
        "fence_set": 10402,
        "finish_time_max": 1100000,
        "finish_time_max_random_range": 10000,
        "finish_time_min": 1044000,
        "finish_time_min_random_range": 10000,
        "float_lane_max": 13000,
        "ground": 1,
        "id": 10402,
        "inout": 1,
        "race_track_id": 10004,
        "turn": 1
    },
    {
        "course_set_status_id": 2,
        "distance": 2000,
        "fence_set": 10403,
        "finish_time_max": 1230000,
        "finish_time_max_random_range": 10000,
        "finish_time_min": 1171000,
        "finish_time_min_random_range": 10000,
        "float_lane_max": 13000,
        "ground": 1,
        "id": 10403,
        "inout": 1,
        "race_track_id": 10004,
        "turn": 1
    },
    {
        "course_set_status_id": 0,
        "distance": 2600,
        "fence_set": 10404,
        "finish_time_max": 1650000,
        "finish_time_max_random_range": 10000,
        "finish_time_min": 1576000,
        "finish_time_min_random_range": 10000,
        "float_lane_max": 13000,
        "ground": 1,
        "id": 10404,
        "inout": 1,
        "race_track_id": 10004,
        "turn": 1
    },
    {
        "course_set_status_id": 0,
        "distance": 1150,
        "fence_set": 10405,
        "finish_time_max": 720000,
        "finish_time_max_random_range": 10000,
        "finish_time_min": 666000,
        "finish_time_min_random_range": 10000,
        "float_lane_max": 11500,
        "ground": 2,
        "id": 10405,
        "inout": 1,
        "race_track_id": 10004,
        "turn": 1
    },
    {
        "course_set_status_id": 3,
        "distance": 1700,
        "fence_set": 10406,
        "finish_time_max": 1130000,
        "finish_time_max_random_range": 10000,
        "finish_time_min": 1014000,
        "finish_time_min_random_range": 10000,
        "float_lane_max": 11500,
        "ground": 2,
        "id": 10406,
        "inout": 1,
        "race_track_id": 10004,
        "turn": 1
    },
    {
        "course_set_status_id": 2,
        "distance": 2400,
        "fence_set": 10407,
        "finish_time_max": 1560000,
        "finish_time_max_random_range": 10000,
        "finish_time_min": 1491000,
        "finish_time_min_random_range": 10000,
        "float_lane_max": 11500,
        "ground": 2,
        "id": 10407,
        "inout": 1,
        "race_track_id": 10004,
        "turn": 1
    },
    {
        "course_set_status_id": 0,
        "distance": 1200,
        "fence_set": 10501,
        "finish_time_max": 710000,
        "finish_time_max_random_range": 10000,
        "finish_time_min": 675000,
        "finish_time_min_random_range": 10000,
        "float_lane_max": 12000,
        "ground": 1,
        "id": 10501,
        "inout": 3,
        "race_track_id": 10005,
        "turn": 1
    },
    {
        "course_set_status_id": 3,
        "distance": 1600,
        "fence_set": 10502,
        "finish_time_max": 950000,
        "finish_time_max_random_range": 10000,
        "finish_time_min": 908000,
        "finish_time_min_random_range": 10000,
        "float_lane_max": 12000,
        "ground": 1,
        "id": 10502,
        "inout": 3,
        "race_track_id": 10005,
        "turn": 1
    },
    {
        "course_set_status_id": 0,
        "distance": 1800,
        "fence_set": 10503,
        "finish_time_max": 1100000,
        "finish_time_max_random_range": 10000,
        "finish_time_min": 1044000,
        "finish_time_min_random_range": 10000,
        "float_lane_max": 12000,
        "ground": 1,
        "id": 10503,
        "inout": 2,
        "race_track_id": 10005,
        "turn": 1
    },
    {
        "course_set_status_id": 1,
        "distance": 2000,
        "fence_set": 10504,
        "finish_time_max": 1230000,
        "finish_time_max_random_range": 10000,
        "finish_time_min": 1171000,
        "finish_time_min_random_range": 10000,
        "float_lane_max": 12000,
        "ground": 1,
        "id": 10504,
        "inout": 2,
        "race_track_id": 10005,
        "turn": 1
    },
    {
        "course_set_status_id": 8,
        "distance": 2200,
        "fence_set": 10505,
        "finish_time_max": 1350000,
        "finish_time_max_random_range": 10000,
        "finish_time_min": 1302000,
        "finish_time_min_random_range": 10000,
        "float_lane_max": 12000,
        "ground": 1,
        "id": 10505,
        "inout": 3,
        "race_track_id": 10005,
        "turn": 1
    },
    {
        "course_set_status_id": 8,
        "distance": 2500,
        "fence_set": 10506,
        "finish_time_max": 1570000,
        "finish_time_max_random_range": 10000,
        "finish_time_min": 1487000,
        "finish_time_min_random_range": 10000,
        "float_lane_max": 12000,
        "ground": 1,
        "id": 10506,
        "inout": 2,
        "race_track_id": 10005,
        "turn": 1
    },
    {
        "course_set_status_id": 2,
        "distance": 3600,
        "fence_set": 10507,
        "finish_time_max": 2270000,
        "finish_time_max_random_range": 10000,
        "finish_time_min": 2231000,
        "finish_time_min_random_range": 10000,
        "float_lane_max": 12000,
        "ground": 1,
        "id": 10507,
        "inout": 2,
        "race_track_id": 10005,
        "turn": 1
    },
    {
        "course_set_status_id": 3,
        "distance": 1200,
        "fence_set": 10508,
        "finish_time_max": 770000,
        "finish_time_max_random_range": 10000,
        "finish_time_min": 690000,
        "finish_time_min_random_range": 10000,
        "float_lane_max": 12000,
        "ground": 2,
        "id": 10508,
        "inout": 1,
        "race_track_id": 10005,
        "turn": 1
    },
    {
        "course_set_status_id": 3,
        "distance": 1800,
        "fence_set": 10509,
        "finish_time_max": 1180000,
        "finish_time_max_random_range": 10000,
        "finish_time_min": 1081000,
        "finish_time_min_random_range": 10000,
        "float_lane_max": 12000,
        "ground": 2,
        "id": 10509,
        "inout": 1,
        "race_track_id": 10005,
        "turn": 1
    },
    {
        "course_set_status_id": 2,
        "distance": 2400,
        "fence_set": 10510,
        "finish_time_max": 1560000,
        "finish_time_max_random_range": 10000,
        "finish_time_min": 1491000,
        "finish_time_min_random_range": 10000,
        "float_lane_max": 12000,
        "ground": 2,
        "id": 10510,
        "inout": 1,
        "race_track_id": 10005,
        "turn": 1
    },
    {
        "course_set_status_id": 0,
        "distance": 2500,
        "fence_set": 10511,
        "finish_time_max": 1640000,
        "finish_time_max_random_range": 10000,
        "finish_time_min": 1591000,
        "finish_time_min_random_range": 10000,
        "float_lane_max": 12000,
        "ground": 2,
        "id": 10511,
        "inout": 1,
        "race_track_id": 10005,
        "turn": 1
    },
    {
        "course_set_status_id": 7,
        "distance": 1400,
        "fence_set": 10601,
        "finish_time_max": 840000,
        "finish_time_max_random_range": 10000,
        "finish_time_min": 800000,
        "finish_time_min_random_range": 10000,
        "float_lane_max": 15000,
        "ground": 1,
        "id": 10601,
        "inout": 1,
        "race_track_id": 10006,
        "turn": 2
    },
    {
        "course_set_status_id": 8,
        "distance": 1600,
        "fence_set": 10602,
        "finish_time_max": 950000,
        "finish_time_max_random_range": 10000,
        "finish_time_min": 908000,
        "finish_time_min_random_range": 10000,
        "float_lane_max": 15000,
        "ground": 1,
        "id": 10602,
        "inout": 1,
        "race_track_id": 10006,
        "turn": 2
    },
    {
        "course_set_status_id": 1,
        "distance": 1800,
        "fence_set": 10603,
        "finish_time_max": 1100000,
        "finish_time_max_random_range": 10000,
        "finish_time_min": 1044000,
        "finish_time_min_random_range": 10000,
        "float_lane_max": 15000,
        "ground": 1,
        "id": 10603,
        "inout": 1,
        "race_track_id": 10006,
        "turn": 2
    },
    {
        "course_set_status_id": 0,
        "distance": 2000,
        "fence_set": 10604,
        "finish_time_max": 1230000,
        "finish_time_max_random_range": 10000,
        "finish_time_min": 1171000,
        "finish_time_min_random_range": 10000,
        "float_lane_max": 15000,
        "ground": 1,
        "id": 10604,
        "inout": 1,
        "race_track_id": 10006,
        "turn": 2
    },
    {
        "course_set_status_id": 3,
        "distance": 2300,
        "fence_set": 10605,
        "finish_time_max": 1430000,
        "finish_time_max_random_range": 10000,
        "finish_time_min": 1393000,
        "finish_time_min_random_range": 10000,
        "float_lane_max": 15000,
        "ground": 1,
        "id": 10605,
        "inout": 1,
        "race_track_id": 10006,
        "turn": 2
    },
    {
        "course_set_status_id": 0,
        "distance": 2400,
        "fence_set": 10606,
        "finish_time_max": 1490000,
        "finish_time_max_random_range": 10000,
        "finish_time_min": 1416000,
        "finish_time_min_random_range": 10000,
        "float_lane_max": 15000,
        "ground": 1,
        "id": 10606,
        "inout": 1,
        "race_track_id": 10006,
        "turn": 2
    },
    {
        "course_set_status_id": 2,
        "distance": 2500,
        "fence_set": 10607,
        "finish_time_max": 1570000,
        "finish_time_max_random_range": 10000,
        "finish_time_min": 1487000,
        "finish_time_min_random_range": 10000,
        "float_lane_max": 15000,
        "ground": 1,
        "id": 10607,
        "inout": 1,
        "race_track_id": 10006,
        "turn": 2
    },
    {
        "course_set_status_id": 0,
        "distance": 3400,
        "fence_set": 10608,
        "finish_time_max": 2140000,
        "finish_time_max_random_range": 10000,
        "finish_time_min": 2099000,
        "finish_time_min_random_range": 10000,
        "float_lane_max": 15000,
        "ground": 1,
        "id": 10608,
        "inout": 1,
        "race_track_id": 10006,
        "turn": 2
    },
    {
        "course_set_status_id": 1,
        "distance": 1300,
        "fence_set": 10609,
        "finish_time_max": 820000,
        "finish_time_max_random_range": 10000,
        "finish_time_min": 766000,
        "finish_time_min_random_range": 10000,
        "float_lane_max": 12500,
        "ground": 2,
        "id": 10609,
        "inout": 1,
        "race_track_id": 10006,
        "turn": 2
    },
    {
        "course_set_status_id": 2,
        "distance": 1400,
        "fence_set": 10610,
        "finish_time_max": 940000,
        "finish_time_max_random_range": 10000,
        "finish_time_min": 808000,
        "finish_time_min_random_range": 10000,
        "float_lane_max": 12500,
        "ground": 2,
        "id": 10610,
        "inout": 1,
        "race_track_id": 10006,
        "turn": 2
    },
    {
        "course_set_status_id": 6,
        "distance": 1600,
        "fence_set": 10611,
        "finish_time_max": 1080000,
        "finish_time_max_random_range": 10000,
        "finish_time_min": 941000,
        "finish_time_min_random_range": 10000,
        "float_lane_max": 12500,
        "ground": 2,
        "id": 10611,
        "inout": 1,
        "race_track_id": 10006,
        "turn": 2
    },
    {
        "course_set_status_id": 0,
        "distance": 2100,
        "fence_set": 10612,
        "finish_time_max": 1330000,
        "finish_time_max_random_range": 10000,
        "finish_time_min": 1274000,
        "finish_time_min_random_range": 10000,
        "float_lane_max": 12500,
        "ground": 2,
        "id": 10612,
        "inout": 1,
        "race_track_id": 10006,
        "turn": 2
    },
    {
        "course_set_status_id": 2,
        "distance": 2400,
        "fence_set": 10613,
        "finish_time_max": 1560000,
        "finish_time_max_random_range": 10000,
        "finish_time_min": 1491000,
        "finish_time_min_random_range": 10000,
        "float_lane_max": 12500,
        "ground": 2,
        "id": 10613,
        "inout": 1,
        "race_track_id": 10006,
        "turn": 2
    },
    {
        "course_set_status_id": 0,
        "distance": 1200,
        "fence_set": 10701,
        "finish_time_max": 710000,
        "finish_time_max_random_range": 10000,
        "finish_time_min": 675000,
        "finish_time_min_random_range": 10000,
        "float_lane_max": 14400,
        "ground": 1,
        "id": 10701,
        "inout": 1,
        "race_track_id": 10007,
        "turn": 2
    },
    {
        "course_set_status_id": 0,
        "distance": 1400,
        "fence_set": 10702,
        "finish_time_max": 840000,
        "finish_time_max_random_range": 10000,
        "finish_time_min": 800000,
        "finish_time_min_random_range": 10000,
        "float_lane_max": 14400,
        "ground": 1,
        "id": 10702,
        "inout": 1,
        "race_track_id": 10007,
        "turn": 2
    },
    {
        "course_set_status_id": 1,
        "distance": 1600,
        "fence_set": 10703,
        "finish_time_max": 950000,
        "finish_time_max_random_range": 10000,
        "finish_time_min": 908000,
        "finish_time_min_random_range": 10000,
        "float_lane_max": 14400,
        "ground": 1,
        "id": 10703,
        "inout": 1,
        "race_track_id": 10007,
        "turn": 2
    },
    {
        "course_set_status_id": 0,
        "distance": 2000,
        "fence_set": 10704,
        "finish_time_max": 1230000,
        "finish_time_max_random_range": 10000,
        "finish_time_min": 1171000,
        "finish_time_min_random_range": 10000,
        "float_lane_max": 14400,
        "ground": 1,
        "id": 10704,
        "inout": 1,
        "race_track_id": 10007,
        "turn": 2
    },
    {
        "course_set_status_id": 2,
        "distance": 2200,
        "fence_set": 10705,
        "finish_time_max": 1350000,
        "finish_time_max_random_range": 10000,
        "finish_time_min": 1302000,
        "finish_time_min_random_range": 10000,
        "float_lane_max": 14400,
        "ground": 1,
        "id": 10705,
        "inout": 1,
        "race_track_id": 10007,
        "turn": 2
    },
    {
        "course_set_status_id": 0,
        "distance": 1200,
        "fence_set": 10706,
        "finish_time_max": 770000,
        "finish_time_max_random_range": 10000,
        "finish_time_min": 690000,
        "finish_time_min_random_range": 10000,
        "float_lane_max": 13000,
        "ground": 2,
        "id": 10706,
        "inout": 1,
        "race_track_id": 10007,
        "turn": 2
    },
    {
        "course_set_status_id": 0,
        "distance": 1400,
        "fence_set": 10707,
        "finish_time_max": 940000,
        "finish_time_max_random_range": 10000,
        "finish_time_min": 808000,
        "finish_time_min_random_range": 10000,
        "float_lane_max": 13000,
        "ground": 2,
        "id": 10707,
        "inout": 1,
        "race_track_id": 10007,
        "turn": 2
    },
    {
        "course_set_status_id": 2,
        "distance": 1800,
        "fence_set": 10708,
        "finish_time_max": 1180000,
        "finish_time_max_random_range": 10000,
        "finish_time_min": 1081000,
        "finish_time_min_random_range": 10000,
        "float_lane_max": 13000,
        "ground": 2,
        "id": 10708,
        "inout": 1,
        "race_track_id": 10007,
        "turn": 2
    },
    {
        "course_set_status_id": 0,
        "distance": 1900,
        "fence_set": 10709,
        "finish_time_max": 1230000,
        "finish_time_max_random_range": 10000,
        "finish_time_min": 1142000,
        "finish_time_min_random_range": 10000,
        "float_lane_max": 13000,
        "ground": 2,
        "id": 10709,
        "inout": 1,
        "race_track_id": 10007,
        "turn": 2
    },
    {
        "course_set_status_id": 0,
        "distance": 1200,
        "fence_set": 10801,
        "finish_time_max": 710000,
        "finish_time_max_random_range": 10000,
        "finish_time_min": 675000,
        "finish_time_min_random_range": 10000,
        "float_lane_max": 14100,
        "ground": 1,
        "id": 10801,
        "inout": 2,
        "race_track_id": 10008,
        "turn": 1
    },
    {
        "course_set_status_id": 0,
        "distance": 1400,
        "fence_set": 10802,
        "finish_time_max": 840000,
        "finish_time_max_random_range": 10000,
        "finish_time_min": 800000,
        "finish_time_min_random_range": 10000,
        "float_lane_max": 14100,
        "ground": 1,
        "id": 10802,
        "inout": 2,
        "race_track_id": 10008,
        "turn": 1
    },
    {
        "course_set_status_id": 0,
        "distance": 1400,
        "fence_set": 10803,
        "finish_time_max": 840000,
        "finish_time_max_random_range": 10000,
        "finish_time_min": 800000,
        "finish_time_min_random_range": 10000,
        "float_lane_max": 14100,
        "ground": 1,
        "id": 10803,
        "inout": 3,
        "race_track_id": 10008,
        "turn": 1
    },
    {
        "course_set_status_id": 1,
        "distance": 1600,
        "fence_set": 10804,
        "finish_time_max": 950000,
        "finish_time_max_random_range": 10000,
        "finish_time_min": 908000,
        "finish_time_min_random_range": 10000,
        "float_lane_max": 14100,
        "ground": 1,
        "id": 10804,
        "inout": 2,
        "race_track_id": 10008,
        "turn": 1
    },
    {
        "course_set_status_id": 1,
        "distance": 1600,
        "fence_set": 10805,
        "finish_time_max": 950000,
        "finish_time_max_random_range": 10000,
        "finish_time_min": 908000,
        "finish_time_min_random_range": 10000,
        "float_lane_max": 14100,
        "ground": 1,
        "id": 10805,
        "inout": 3,
        "race_track_id": 10008,
        "turn": 1
    },
    {
        "course_set_status_id": 0,
        "distance": 1800,
        "fence_set": 10806,
        "finish_time_max": 1100000,
        "finish_time_max_random_range": 10000,
        "finish_time_min": 1044000,
        "finish_time_min_random_range": 10000,
        "float_lane_max": 14100,
        "ground": 1,
        "id": 10806,
        "inout": 3,
        "race_track_id": 10008,
        "turn": 1
    },
    {
        "course_set_status_id": 3,
        "distance": 2000,
        "fence_set": 10807,
        "finish_time_max": 1230000,
        "finish_time_max_random_range": 10000,
        "finish_time_min": 1171000,
        "finish_time_min_random_range": 10000,
        "float_lane_max": 14100,
        "ground": 1,
        "id": 10807,
        "inout": 2,
        "race_track_id": 10008,
        "turn": 1
    },
    {
        "course_set_status_id": 1,
        "distance": 2200,
        "fence_set": 10808,
        "finish_time_max": 1350000,
        "finish_time_max_random_range": 10000,
        "finish_time_min": 1302000,
        "finish_time_min_random_range": 10000,
        "float_lane_max": 14100,
        "ground": 1,
        "id": 10808,
        "inout": 3,
        "race_track_id": 10008,
        "turn": 1
    },
    {
        "course_set_status_id": 3,
        "distance": 2400,
        "fence_set": 10809,
        "finish_time_max": 1490000,
        "finish_time_max_random_range": 10000,
        "finish_time_min": 1416000,
        "finish_time_min_random_range": 10000,
        "float_lane_max": 14100,
        "ground": 1,
        "id": 10809,
        "inout": 3,
        "race_track_id": 10008,
        "turn": 1
    },
    {
        "course_set_status_id": 9,
        "distance": 3000,
        "fence_set": 10810,
        "finish_time_max": 1900000,
        "finish_time_max_random_range": 10000,
        "finish_time_min": 1815000,
        "finish_time_min_random_range": 10000,
        "float_lane_max": 14100,
        "ground": 1,
        "id": 10810,
        "inout": 3,
        "race_track_id": 10008,
        "turn": 1
    },
    {
        "course_set_status_id": 0,
        "distance": 3200,
        "fence_set": 10811,
        "finish_time_max": 2040000,
        "finish_time_max_random_range": 10000,
        "finish_time_min": 1930000,
        "finish_time_min_random_range": 10000,
        "float_lane_max": 14100,
        "ground": 1,
        "id": 10811,
        "inout": 3,
        "race_track_id": 10008,
        "turn": 1
    },
    {
        "course_set_status_id": 0,
        "distance": 1200,
        "fence_set": 10812,
        "finish_time_max": 770000,
        "finish_time_max_random_range": 10000,
        "finish_time_min": 690000,
        "finish_time_min_random_range": 10000,
        "float_lane_max": 13000,
        "ground": 2,
        "id": 10812,
        "inout": 1,
        "race_track_id": 10008,
        "turn": 1
    },
    {
        "course_set_status_id": 0,
        "distance": 1400,
        "fence_set": 10813,
        "finish_time_max": 940000,
        "finish_time_max_random_range": 10000,
        "finish_time_min": 808000,
        "finish_time_min_random_range": 10000,
        "float_lane_max": 13000,
        "ground": 2,
        "id": 10813,
        "inout": 1,
        "race_track_id": 10008,
        "turn": 1
    },
    {
        "course_set_status_id": 0,
        "distance": 1800,
        "fence_set": 10814,
        "finish_time_max": 1180000,
        "finish_time_max_random_range": 10000,
        "finish_time_min": 1081000,
        "finish_time_min_random_range": 10000,
        "float_lane_max": 13000,
        "ground": 2,
        "id": 10814,
        "inout": 1,
        "race_track_id": 10008,
        "turn": 1
    },
    {
        "course_set_status_id": 0,
        "distance": 1900,
        "fence_set": 10815,
        "finish_time_max": 1230000,
        "finish_time_max_random_range": 10000,
        "finish_time_min": 1142000,
        "finish_time_min_random_range": 10000,
        "float_lane_max": 13000,
        "ground": 2,
        "id": 10815,
        "inout": 1,
        "race_track_id": 10008,
        "turn": 1
    },
    {
        "course_set_status_id": 0,
        "distance": 1200,
        "fence_set": 10901,
        "finish_time_max": 710000,
        "finish_time_max_random_range": 10000,
        "finish_time_min": 675000,
        "finish_time_min_random_range": 10000,
        "float_lane_max": 12500,
        "ground": 1,
        "id": 10901,
        "inout": 2,
        "race_track_id": 10009,
        "turn": 1
    },
    {
        "course_set_status_id": 0,
        "distance": 1400,
        "fence_set": 10902,
        "finish_time_max": 840000,
        "finish_time_max_random_range": 10000,
        "finish_time_min": 800000,
        "finish_time_min_random_range": 10000,
        "float_lane_max": 12500,
        "ground": 1,
        "id": 10902,
        "inout": 2,
        "race_track_id": 10009,
        "turn": 1
    },
    {
        "course_set_status_id": 3,
        "distance": 1600,
        "fence_set": 10903,
        "finish_time_max": 950000,
        "finish_time_max_random_range": 10000,
        "finish_time_min": 908000,
        "finish_time_min_random_range": 10000,
        "float_lane_max": 12500,
        "ground": 1,
        "id": 10903,
        "inout": 3,
        "race_track_id": 10009,
        "turn": 1
    },
    {
        "course_set_status_id": 3,
        "distance": 1800,
        "fence_set": 10904,
        "finish_time_max": 1100000,
        "finish_time_max_random_range": 10000,
        "finish_time_min": 1044000,
        "finish_time_min_random_range": 10000,
        "float_lane_max": 12500,
        "ground": 1,
        "id": 10904,
        "inout": 3,
        "race_track_id": 10009,
        "turn": 1
    },
    {
        "course_set_status_id": 4,
        "distance": 2000,
        "fence_set": 10905,
        "finish_time_max": 1230000,
        "finish_time_max_random_range": 10000,
        "finish_time_min": 1171000,
        "finish_time_min_random_range": 10000,
        "float_lane_max": 12500,
        "ground": 1,
        "id": 10905,
        "inout": 2,
        "race_track_id": 10009,
        "turn": 1
    },
    {
        "course_set_status_id": 1,
        "distance": 2200,
        "fence_set": 10906,
        "finish_time_max": 1350000,
        "finish_time_max_random_range": 10000,
        "finish_time_min": 1302000,
        "finish_time_min_random_range": 10000,
        "float_lane_max": 12500,
        "ground": 1,
        "id": 10906,
        "inout": 2,
        "race_track_id": 10009,
        "turn": 1
    },
    {
        "course_set_status_id": 3,
        "distance": 2400,
        "fence_set": 10907,
        "finish_time_max": 1490000,
        "finish_time_max_random_range": 10000,
        "finish_time_min": 1416000,
        "finish_time_min_random_range": 10000,
        "float_lane_max": 12500,
        "ground": 1,
        "id": 10907,
        "inout": 3,
        "race_track_id": 10009,
        "turn": 1
    },
    {
        "course_set_status_id": 0,
        "distance": 2600,
        "fence_set": 10908,
        "finish_time_max": 1650000,
        "finish_time_max_random_range": 10000,
        "finish_time_min": 1576000,
        "finish_time_min_random_range": 10000,
        "float_lane_max": 12500,
        "ground": 1,
        "id": 10908,
        "inout": 3,
        "race_track_id": 10009,
        "turn": 1
    },
    {
        "course_set_status_id": 3,
        "distance": 3000,
        "fence_set": 10909,
        "finish_time_max": 1900000,
        "finish_time_max_random_range": 10000,
        "finish_time_min": 1815000,
        "finish_time_min_random_range": 10000,
        "float_lane_max": 12500,
        "ground": 1,
        "id": 10909,
        "inout": 2,
        "race_track_id": 10009,
        "turn": 1
    },
    {
        "course_set_status_id": 0,
        "distance": 1200,
        "fence_set": 10910,
        "finish_time_max": 770000,
        "finish_time_max_random_range": 10000,
        "finish_time_min": 690000,
        "finish_time_min_random_range": 10000,
        "float_lane_max": 12000,
        "ground": 2,
        "id": 10910,
        "inout": 1,
        "race_track_id": 10009,
        "turn": 1
    },
    {
        "course_set_status_id": 0,
        "distance": 1400,
        "fence_set": 10911,
        "finish_time_max": 940000,
        "finish_time_max_random_range": 10000,
        "finish_time_min": 808000,
        "finish_time_min_random_range": 10000,
        "float_lane_max": 12000,
        "ground": 2,
        "id": 10911,
        "inout": 1,
        "race_track_id": 10009,
        "turn": 1
    },
    {
        "course_set_status_id": 0,
        "distance": 1800,
        "fence_set": 10912,
        "finish_time_max": 1180000,
        "finish_time_max_random_range": 10000,
        "finish_time_min": 1081000,
        "finish_time_min_random_range": 10000,
        "float_lane_max": 12000,
        "ground": 2,
        "id": 10912,
        "inout": 1,
        "race_track_id": 10009,
        "turn": 1
    },
    {
        "course_set_status_id": 7,
        "distance": 2000,
        "fence_set": 10913,
        "finish_time_max": 1290000,
        "finish_time_max_random_range": 10000,
        "finish_time_min": 1219000,
        "finish_time_min_random_range": 10000,
        "float_lane_max": 12000,
        "ground": 2,
        "id": 10913,
        "inout": 1,
        "race_track_id": 10009,
        "turn": 1
    },
    {
        "course_set_status_id": 0,
        "distance": 3200,
        "fence_set": 10914,
        "finish_time_max": 2040000,
        "finish_time_max_random_range": 10000,
        "finish_time_min": 1930000,
        "finish_time_min_random_range": 10000,
        "float_lane_max": 12500,
        "ground": 1,
        "id": 10914,
        "inout": 4,
        "race_track_id": 10009,
        "turn": 1
    },
    {
        "course_set_status_id": 1,
        "distance": 1200,
        "fence_set": 11001,
        "finish_time_max": 710000,
        "finish_time_max_random_range": 10000,
        "finish_time_min": 675000,
        "finish_time_min_random_range": 10000,
        "float_lane_max": 14500,
        "ground": 1,
        "id": 11001,
        "inout": 1,
        "race_track_id": 10010,
        "turn": 1
    },
    {
        "course_set_status_id": 0,
        "distance": 1800,
        "fence_set": 11002,
        "finish_time_max": 1100000,
        "finish_time_max_random_range": 10000,
        "finish_time_min": 1044000,
        "finish_time_min_random_range": 10000,
        "float_lane_max": 14500,
        "ground": 1,
        "id": 11002,
        "inout": 1,
        "race_track_id": 10010,
        "turn": 1
    },
    {
        "course_set_status_id": 3,
        "distance": 2000,
        "fence_set": 11003,
        "finish_time_max": 1230000,
        "finish_time_max_random_range": 10000,
        "finish_time_min": 1171000,
        "finish_time_min_random_range": 10000,
        "float_lane_max": 14500,
        "ground": 1,
        "id": 11003,
        "inout": 1,
        "race_track_id": 10010,
        "turn": 1
    },
    {
        "course_set_status_id": 2,
        "distance": 2600,
        "fence_set": 11004,
        "finish_time_max": 1650000,
        "finish_time_max_random_range": 10000,
        "finish_time_min": 1576000,
        "finish_time_min_random_range": 10000,
        "float_lane_max": 14500,
        "ground": 1,
        "id": 11004,
        "inout": 1,
        "race_track_id": 10010,
        "turn": 1
    },
    {
        "course_set_status_id": 1,
        "distance": 1000,
        "fence_set": 11005,
        "finish_time_max": 630000,
        "finish_time_max_random_range": 10000,
        "finish_time_min": 574000,
        "finish_time_min_random_range": 10000,
        "float_lane_max": 12000,
        "ground": 2,
        "id": 11005,
        "inout": 1,
        "race_track_id": 10010,
        "turn": 1
    },
    {
        "course_set_status_id": 0,
        "distance": 1700,
        "fence_set": 11006,
        "finish_time_max": 1130000,
        "finish_time_max_random_range": 10000,
        "finish_time_min": 1014000,
        "finish_time_min_random_range": 10000,
        "float_lane_max": 12000,
        "ground": 2,
        "id": 11006,
        "inout": 1,
        "race_track_id": 10010,
        "turn": 1
    },
    {
        "course_set_status_id": 0,
        "distance": 2400,
        "fence_set": 11007,
        "finish_time_max": 1560000,
        "finish_time_max_random_range": 10000,
        "finish_time_min": 1491000,
        "finish_time_min_random_range": 10000,
        "float_lane_max": 12000,
        "ground": 2,
        "id": 11007,
        "inout": 1,
        "race_track_id": 10010,
        "turn": 1
    },
    {
        "course_set_status_id": 0,
        "distance": 1200,
        "fence_set": 11101,
        "finish_time_max": 770000,
        "finish_time_max_random_range": 10000,
        "finish_time_min": 690000,
        "finish_time_min_random_range": 10000,
        "float_lane_max": 12000,
        "ground": 2,
        "id": 11101,
        "inout": 1,
        "race_track_id": 10101,
        "turn": 1
    },
    {
        "course_set_status_id": 0,
        "distance": 1800,
        "fence_set": 11101,
        "finish_time_max": 1180000,
        "finish_time_max_random_range": 10000,
        "finish_time_min": 1081000,
        "finish_time_min_random_range": 10000,
        "float_lane_max": 12000,
        "ground": 2,
        "id": 11102,
        "inout": 1,
        "race_track_id": 10101,
        "turn": 1
    },
    {
        "course_set_status_id": 0,
        "distance": 2000,
        "fence_set": 11101,
        "finish_time_max": 1290000,
        "finish_time_max_random_range": 10000,
        "finish_time_min": 1219000,
        "finish_time_min_random_range": 10000,
        "float_lane_max": 12000,
        "ground": 2,
        "id": 11103,
        "inout": 1,
        "race_track_id": 10101,
        "turn": 1
    }
]