[
    {
        "enable_half_gate": 1,
        "footsmoke_color_type": 1,
        "horse_num_gate_variation": 0,
        "id": 10001,
        "initial_lane_type": 1,
        "turf_vision_type": 1
    },
    {
        "enable_half_gate": 1,
        "footsmoke_color_type": 1,
        "horse_num_gate_variation": 0,
        "id": 10002,
        "initial_lane_type": 1,
        "turf_vision_type": 1
    },
    {
        "enable_half_gate": 1,
        "footsmoke_color_type": 1,
        "horse_num_gate_variation": 0,
        "id": 10003,
        "initial_lane_type": 1,
        "turf_vision_type": 1
    },
    {
        "enable_half_gate": 1,
        "footsmoke_color_type": 1,
        "horse_num_gate_variation": 0,
        "id": 10004,
        "initial_lane_type": 1,
        "turf_vision_type": 1
    },
    {
        "enable_half_gate": 1,
        "footsmoke_color_type": 1,
        "horse_num_gate_variation": 0,
        "id": 10005,
        "initial_lane_type": 1,
        "turf_vision_type": 1
    },
    {
        "enable_half_gate": 1,
        "footsmoke_color_type": 1,
        "horse_num_gate_variation": 0,
        "id": 10006,
        "initial_lane_type": 1,
        "turf_vision_type": 1
    },
    {
        "enable_half_gate": 1,
        "footsmoke_color_type": 1,
        "horse_num_gate_variation": 0,
        "id": 10007,
        "initial_lane_type": 1,
        "turf_vision_type": 1
    },
    {
        "enable_half_gate": 1,
        "footsmoke_color_type": 1,
        "horse_num_gate_variation": 0,
        "id": 10008,
        "initial_lane_type": 1,
        "turf_vision_type": 1
    },
    {
        "enable_half_gate": 1,
        "footsmoke_color_type": 1,
        "horse_num_gate_variation": 0,
        "id": 10009,
        "initial_lane_type": 1,
        "turf_vision_type": 1
    },
    {
        "enable_half_gate": 1,
        "footsmoke_color_type": 1,
        "horse_num_gate_variation": 0,
        "id": 10010,
        "initial_lane_type": 1,
        "turf_vision_type": 1
    },
    {
        "enable_half_gate": 0,
        "footsmoke_color_type": 2,
        "horse_num_gate_variation": 1,
        "id": 10101,
        "initial_lane_type": 2,
        "turf_vision_type": 2
    }
]