[
    {
        "add_status": 50,
        "id": 1,
        "team_rank_threshold": 6
    },
    {
        "add_status": 30,
        "id": 2,
        "team_rank_threshold": 11
    },
    {
        "add_status": 20,
        "id": 3,
        "team_rank_threshold": 16
    },
    {
        "add_status": 10,
        "id": 4,
        "team_rank_threshold": 21
    },
    {
        "add_status": 0,
        "id": 5,
        "team_rank_threshold": 26
    },
    {
        "add_status": 0,
        "id": 6,
        "team_rank_threshold": 99999
    }
]