[
    {
        "group_id": 100000,
        "id": 1,
        "message": "명승부가 펼쳐질 무대가 준비되었군요.",
        "message_group": 0,
        "per": 100,
        "voice": "1000101"
    },
    {
        "group_id": 100001,
        "id": 2,
        "message": "경기장이 건조해서\\n발이 미끄러질지도 모르겠네요.",
        "message_group": 0,
        "per": 100,
        "voice": "1000201"
    },
    {
        "group_id": 100002,
        "id": 3,
        "message": "이런 경기장이 더 잘 맞는\\n우마무스메도 있으니까요.",
        "message_group": 0,
        "per": 100,
        "voice": "1000301"
    },
    {
        "group_id": 100003,
        "id": 4,
        "message": "이렇게 단단한 경기장에선\\n스피드를 붙이기 쉬워요.",
        "message_group": 0,
        "per": 100,
        "voice": "1000401"
    },
    {
        "group_id": 100004,
        "id": 5,
        "message": "비가 안 내렸으면 좋겠네요.",
        "message_group": 0,
        "per": 100,
        "voice": "1000501"
    },
    {
        "group_id": 100005,
        "id": 6,
        "message": "일본의 코스는 물이 잘 빠지니까요.",
        "message_group": 0,
        "per": 100,
        "voice": "1000601"
    },
    {
        "group_id": 100006,
        "id": 7,
        "message": "비가 본격적으로 내리면\\n어려운 레이스가 될 것 같군요.",
        "message_group": 0,
        "per": 100,
        "voice": "1000701"
    },
    {
        "group_id": 100007,
        "id": 8,
        "message": "스피드는 내기 쉽지만\\n다리에 실릴 부담이 걱정이네요.",
        "message_group": 0,
        "per": 100,
        "voice": "1000801"
    },
    {
        "group_id": 100008,
        "id": 9,
        "message": "이 정도로 무거운 경기장이면\\n숙련도의 차이가 나타나겠네요.",
        "message_group": 0,
        "per": 100,
        "voice": "1000901"
    },
    {
        "group_id": 100009,
        "id": 10,
        "message": "꽤 어려운 경기장이네요.\\n코스 잡기에도 주의해야죠.",
        "message_group": 0,
        "per": 100,
        "voice": "1001001"
    },
    {
        "group_id": 100010,
        "id": 11,
        "message": "이렇게 길이 거칠면\\n레이스의 전개를 읽기 힘들어요.",
        "message_group": 0,
        "per": 100,
        "voice": "1001101"
    },
    {
        "group_id": 100011,
        "id": 12,
        "message": "이거 참 상당히 달리기 힘들 것 같은 경기장 상태네요.",
        "message_group": 0,
        "per": 100,
        "voice": "1001201"
    },
    {
        "group_id": 100012,
        "id": 13,
        "message": "눈이 얼마나 영향을 끼칠지 걱정이네요.",
        "message_group": 0,
        "per": 100,
        "voice": "1001301"
    },
    {
        "group_id": 100013,
        "id": 14,
        "message": "눈도 고려해서 달려야만 하겠네요.",
        "message_group": 0,
        "per": 100,
        "voice": "1001401"
    },
    {
        "group_id": 100014,
        "id": 15,
        "message": "하얀 눈으로 뒤덮여 있으면 보기에는 좋지만\\n달리는 무스메들에게는 성가시겠군요.",
        "message_group": 0,
        "per": 100,
        "voice": "1001501"
    },
    {
        "group_id": 100015,
        "id": 16,
        "message": "이 눈은 적일까요, 아군일까요.\\n우마무스메들의 적성이 시험받습니다.",
        "message_group": 0,
        "per": 100,
        "voice": "1001601"
    },
    {
        "group_id": 100016,
        "id": 18,
        "message": "기합 충분! 좋은 얼굴을 하고 있군요!",
        "message_group": 0,
        "per": 100,
        "voice": "1001801"
    },
    {
        "group_id": 100016,
        "id": 19,
        "message": "불꽃 튀는 접전이 기대됩니다.",
        "message_group": 0,
        "per": 100,
        "voice": "1001901"
    },
    {
        "group_id": 100016,
        "id": 20,
        "message": "제가 가장 기대하고 있는 우마무스메인데요.\\n힘을 내면 좋겠습니다!",
        "message_group": 0,
        "per": 100,
        "voice": "1002001|1002002"
    },
    {
        "group_id": 100021,
        "id": 22,
        "message": "역시 스타트에 정평이 나 있는 둘이네요.",
        "message_group": 0,
        "per": 100,
        "voice": "1002201"
    },
    {
        "group_id": 100022,
        "id": 23,
        "message": "이 좋은 스타트가 그녀의 강점이네요.",
        "message_group": 0,
        "per": 100,
        "voice": "1002301"
    },
    {
        "group_id": 100022,
        "id": 24,
        "message": "완벽한 스타트였네요.",
        "message_group": 0,
        "per": 100,
        "voice": "1002401"
    },
    {
        "group_id": 100024,
        "id": 25,
        "message": "모두 상대가 어떻게 나올지를 보고 있었을지도 모르겠군요.",
        "message_group": 0,
        "per": 100,
        "voice": "1002501"
    },
    {
        "group_id": 100025,
        "id": 26,
        "message": "모두 집중하고 있네요.\\n멋진 레이스를 기대해 봐도 되겠습니다.",
        "message_group": 0,
        "per": 100,
        "voice": "1002601"
    },
    {
        "group_id": 100027,
        "id": 28,
        "message": "늦게 출발한 무스메의 반격을 기대해 보죠.",
        "message_group": 0,
        "per": 100,
        "voice": "1002801"
    },
    {
        "group_id": 100043,
        "id": 43,
        "message": "%h_player\\n가뿐한 달리기를 하고 있군요.",
        "message_group": 0,
        "per": 100,
        "voice": "%h_player|1004001"
    },
    {
        "group_id": 100043,
        "id": 44,
        "message": "%h_player\\n경쾌하게 레이스를 이끌고 있네요.",
        "message_group": 0,
        "per": 100,
        "voice": "%h_player|1004101"
    },
    {
        "group_id": 100044,
        "id": 45,
        "message": "좋은 라이벌 관계가 될 것 같네요.",
        "message_group": 0,
        "per": 100,
        "voice": "1004201"
    },
    {
        "group_id": 100059,
        "id": 59,
        "message": "승부는 이제부터입니다.\\n힘을 냈으면 좋겠네요!",
        "message_group": 0,
        "per": 100,
        "voice": "1004601|1004602"
    },
    {
        "group_id": 100059,
        "id": 60,
        "message": "조금 힘든 위치입니다만\\n지금부터 반격이 기대됩니다.",
        "message_group": 0,
        "per": 100,
        "voice": "1004603|1004604"
    },
    {
        "group_id": 100059,
        "id": 61,
        "message": "승부는 이제부터입니다.\\n지금부터 반격이 기대됩니다.",
        "message_group": 0,
        "per": 100,
        "voice": "1004601|1004604"
    },
    {
        "group_id": 100059,
        "id": 62,
        "message": "조금 힘든 위치입니다만\\n힘을 냈으면 좋겠네요!",
        "message_group": 0,
        "per": 100,
        "voice": "1004603|1004602"
    },
    {
        "group_id": 100066,
        "id": 67,
        "message": "서로 견제하고 있으니까요.\\n치고 나가는 타이밍으로\\n명암이 가려질 것 같습니다.",
        "message_group": 0,
        "per": 100,
        "voice": "1004801"
    },
    {
        "group_id": 100067,
        "id": 68,
        "message": "긴장감이 있는 좋은 전개네요.\\n다만 페이스 배분에\\n조심해야 할 것 같습니다.",
        "message_group": 0,
        "per": 100,
        "voice": "1004901"
    },
    {
        "group_id": 100069,
        "id": 70,
        "message": "대담한 작전!\\n완전히 예상외였습니다!",
        "message_group": 0,
        "per": 100,
        "voice": "1005003|1005004"
    },
    {
        "group_id": 100069,
        "id": 72,
        "message": "대담한 작전!\\n파란의 전개가 될 것 같습니다!",
        "message_group": 0,
        "per": 100,
        "voice": "1005003|1005002"
    },
    {
        "group_id": 100072,
        "id": 73,
        "message": "%h_rank1,\\n그녀의 각질에는 잘 맞네요.",
        "message_group": 0,
        "per": 100,
        "voice": "%h_rank1|1005101"
    },
    {
        "group_id": 100074,
        "id": 75,
        "message": "이 위치라면 주위 상황을 살필 수 있습니다.\\n침착하게 레이스를 진행하고 있군요.",
        "message_group": 0,
        "per": 100,
        "voice": "1005301"
    },
    {
        "group_id": 100075,
        "id": 76,
        "message": "이것은 분명 작전이겠죠.\\n그녀에게는 폭발적인 뒷심이 있어요!",
        "message_group": 0,
        "per": 100,
        "voice": "1005401"
    },
    {
        "group_id": 100077,
        "id": 78,
        "message": "최근, 근처 신사에서\\n연애 관련 소원을 비는 게 유행하고 있다고 해요.",
        "message_group": 0,
        "per": 100,
        "voice": "1005601"
    },
    {
        "group_id": 100078,
        "id": 79,
        "message": "경기장 상태를 확인하면서 달리고 있는 것 같네요.\\n아직 전력을 다하진 않았네요.",
        "message_group": 0,
        "per": 100,
        "voice": "1005701"
    },
    {
        "group_id": 100083,
        "id": 84,
        "message": "조금 흥분 상태인 것 같네요.\\n한숨 돌렸으면 좋겠습니다만.",
        "message_group": 0,
        "per": 100,
        "voice": "1005901|1005902"
    },
    {
        "group_id": 100083,
        "id": 85,
        "message": "흥분 상태일지도 모르겠어요.\\n한숨을 돌릴 타이밍이 있으면 좋겠습니다만.",
        "message_group": 0,
        "per": 100,
        "voice": "1005903|1005904"
    },
    {
        "group_id": 100083,
        "id": 86,
        "message": "조금 흥분 상태인 것 같네요.\\n한숨을 돌릴 타이밍이 있으면 좋겠습니다만.",
        "message_group": 0,
        "per": 100,
        "voice": "1005901|1005904"
    },
    {
        "group_id": 100083,
        "id": 87,
        "message": "흥분 상태일지도 모르겠어요.\\n한숨 돌렸으면 좋겠습니다만.",
        "message_group": 0,
        "per": 100,
        "voice": "1005903|1005902"
    },
    {
        "group_id": 100087,
        "id": 88,
        "message": "조금 힘들더라도 괜찮습니다.\\n이제 그녀의 실력을 보여줄 때예요!",
        "message_group": 0,
        "per": 100,
        "voice": "1006001"
    },
    {
        "group_id": 100088,
        "id": 89,
        "message": "이렇게나 밀집해 있으면\\n제 실력이 안 나오겠는데요.",
        "message_group": 0,
        "per": 100,
        "voice": "1006101"
    },
    {
        "group_id": 100089,
        "id": 90,
        "message": "치고 나가기 어려운 레이스가 될 것 같네요.",
        "message_group": 0,
        "per": 100,
        "voice": "1006201"
    },
    {
        "group_id": 100120,
        "id": 121,
        "message": "초조한 모양이네요.\\n앞과의 거리가 신경 쓰이는 걸까요.",
        "message_group": 0,
        "per": 100,
        "voice": "2008701"
    },
    {
        "group_id": 100221,
        "id": 222,
        "message": "승부처, 마지막 직선 코스로 달려갑니다!",
        "message_group": 0,
        "per": 100,
        "voice": "1017601"
    },
    {
        "group_id": 100276,
        "id": 256,
        "message": "조금 앞으로 나왔네요.",
        "message_group": 0,
        "per": 100,
        "voice": "2021001"
    },
    {
        "group_id": 100000,
        "id": 1040,
        "message": "충분히 실력을 보여줄 수 있는 레이스가 될 것 같네요.",
        "message_group": 0,
        "per": 100,
        "voice": "1008201"
    },
    {
        "group_id": 100000,
        "id": 1041,
        "message": "우마무스메들이 좋은 달리기를 보여줄 것 같네요.",
        "message_group": 0,
        "per": 100,
        "voice": "1008301"
    },
    {
        "group_id": 100001,
        "id": 1042,
        "message": "경기장이 말라 있어서\\n힘이 필요한 레이스가 될 것 같네요.",
        "message_group": 0,
        "per": 100,
        "voice": "1008401"
    },
    {
        "group_id": 100001,
        "id": 1043,
        "message": "더트 숙련자의 실력을\\n유감없이 발휘할 수 있을 것 같네요.",
        "message_group": 0,
        "per": 100,
        "voice": "1008501"
    },
    {
        "group_id": 100021,
        "id": 1044,
        "message": "이 둘의 레이스 운용이 주목되네요.",
        "message_group": 0,
        "per": 100,
        "voice": "1008601"
    },
    {
        "group_id": 100021,
        "id": 1045,
        "message": "둘의 페이스에\\n후속 주자들이 어떻게 대응할지 주목됩니다.",
        "message_group": 0,
        "per": 100,
        "voice": "1008701"
    },
    {
        "group_id": 100025,
        "id": 1046,
        "message": "위치 경쟁이 치열해지겠네요.",
        "message_group": 0,
        "per": 100,
        "voice": "1008801"
    },
    {
        "group_id": 100025,
        "id": 1047,
        "message": "누가 선두로 빠져나올지 주목해 보죠.",
        "message_group": 0,
        "per": 100,
        "voice": "1008901"
    },
    {
        "group_id": 100044,
        "id": 1050,
        "message": "둘이서 레이스를 만들 것 같네요.",
        "message_group": 0,
        "per": 100,
        "voice": "1009301"
    },
    {
        "group_id": 100044,
        "id": 1051,
        "message": "하이 페이스로 흘러가는 전개도 있을 법하네요.",
        "message_group": 0,
        "per": 100,
        "voice": "1009401"
    },
    {
        "group_id": 100075,
        "id": 1052,
        "message": "직선 승부에 걸고 있는 거겠죠.\\n종반을 기대합니다!",
        "message_group": 0,
        "per": 100,
        "voice": "1009501"
    },
    {
        "group_id": 100088,
        "id": 1053,
        "message": "앞으로 빠져나오기는 쉽지 않아 보입니다.",
        "message_group": 0,
        "per": 100,
        "voice": "1009601"
    },
    {
        "group_id": 100088,
        "id": 1054,
        "message": "서로 견제하고 있는 모양이네요.",
        "message_group": 0,
        "per": 100,
        "voice": "1009701"
    },
    {
        "group_id": 100089,
        "id": 1055,
        "message": "각자 자신의 페이스를 지키고 있는 모양이네요.",
        "message_group": 0,
        "per": 100,
        "voice": "1009801"
    },
    {
        "group_id": 100089,
        "id": 1056,
        "message": "후방의 우마무스메가 앞지를 수 있을 것인가.\\n신경 쓰이는 격차입니다.",
        "message_group": 0,
        "per": 100,
        "voice": "1009901"
    },
    {
        "group_id": 100221,
        "id": 1057,
        "message": "안쪽에서 올 것인가, 바깥쪽에서 올 것인가! \\n최후의 국면입니다!",
        "message_group": 0,
        "per": 100,
        "voice": "1010001"
    },
    {
        "group_id": 100221,
        "id": 1058,
        "message": "우마무스메들이 어떻게 움직일 것인가.\\n눈을 뗄 수가 없습니다!",
        "message_group": 0,
        "per": 100,
        "voice": "1010101"
    },
    {
        "group_id": 100221,
        "id": 1059,
        "message": "여기서부터 스퍼트!\\n단숨에 레이스 흐름이 변화합니다!",
        "message_group": 0,
        "per": 100,
        "voice": "1010201"
    },
    {
        "group_id": 100276,
        "id": 1060,
        "message": "스태미나가 소진될까 걱정입니다.",
        "message_group": 0,
        "per": 100,
        "voice": "1010301"
    },
    {
        "group_id": 100276,
        "id": 1061,
        "message": "냉정함을 되찾으면 좋겠는데요.",
        "message_group": 0,
        "per": 100,
        "voice": "1010401"
    },
    {
        "group_id": 112592,
        "id": 1062,
        "message": "이렇게나 밀집해 있으면\\n제 실력이 안 나오겠는데요.",
        "message_group": 0,
        "per": 100,
        "voice": "1006101"
    },
    {
        "group_id": 112592,
        "id": 1063,
        "message": "앞으로 빠져나오기는 쉽지 않아 보입니다.",
        "message_group": 0,
        "per": 100,
        "voice": "1009601"
    },
    {
        "group_id": 150001,
        "id": 2001,
        "message": "더트계의 스타 탄생을 기대해 봅니다.",
        "message_group": 0,
        "per": 100,
        "voice": "1"
    },
    {
        "group_id": 150002,
        "id": 2002,
        "message": "봄의 스프린트 왕 일등 후보는 바로 이 우마무스메입니다.",
        "message_group": 0,
        "per": 100,
        "voice": "2"
    },
    {
        "group_id": 150003,
        "id": 2003,
        "message": "봄의 3관 중 제1전을 제패해\\n실력을 증명해 줬으면 좋겠네요.",
        "message_group": 0,
        "per": 100,
        "voice": "3"
    },
    {
        "group_id": 150004,
        "id": 2004,
        "message": "트리플 티아라 중 1관째를 제패해\\n멋지게 벚꽃의 여왕이 됐으면 좋겠네요.",
        "message_group": 0,
        "per": 100,
        "voice": "4"
    },
    {
        "group_id": 150005,
        "id": 2005,
        "message": "클래식 3관 중 1관째를 제패할\\n가장 「빠른」 우마무스메는 그녀일지도 모르겠네요.",
        "message_group": 0,
        "per": 100,
        "voice": "5"
    },
    {
        "group_id": 150006,
        "id": 2006,
        "message": "현역 최강의 실력을 과시하여\\n봄의 표창패를 손에 넣어 줬으면 합니다.",
        "message_group": 0,
        "per": 100,
        "voice": "6"
    },
    {
        "group_id": 150007,
        "id": 2007,
        "message": "신록의 후츄에서 신생 마일 왕의 자리를\\n손에 넣었으면 좋겠네요.",
        "message_group": 0,
        "per": 100,
        "voice": "7"
    },
    {
        "group_id": 150008,
        "id": 2008,
        "message": "승리의 여신을 깜짝 놀라게 할 달리기를\\n보여주었으면 좋겠네요.",
        "message_group": 0,
        "per": 100,
        "voice": "8"
    },
    {
        "group_id": 150009,
        "id": 2009,
        "message": "트리플 티아라 중 2관째\\n떡갈나무 여왕의 영광을 차지했으면 좋겠네요.",
        "message_group": 0,
        "per": 100,
        "voice": "9"
    },
    {
        "group_id": 150010,
        "id": 2010,
        "message": "보란 듯이 승리하여 더비 우마무스메의\\n꿈을 이뤘으면 좋겠네요.",
        "message_group": 0,
        "per": 100,
        "voice": "10"
    },
    {
        "group_id": 150011,
        "id": 2011,
        "message": "그 스피드를 과시하여\\n봄의 마일 왕의 자리에 올라 줬으면 합니다.",
        "message_group": 0,
        "per": 100,
        "voice": "11"
    },
    {
        "group_id": 150012,
        "id": 2012,
        "message": "가장 많은 팬의 꿈을 짊어지고 있으니까요.\\n멋지게 그랑프리 우마무스메로 빛났으면 좋겠네요.",
        "message_group": 0,
        "per": 100,
        "voice": "12"
    },
    {
        "group_id": 150013,
        "id": 2013,
        "message": "인기에 부응하여 가을의 스프린트 왕의 자리를\\n쟁취했으면 좋겠네요.",
        "message_group": 0,
        "per": 100,
        "voice": "13"
    },
    {
        "group_id": 150014,
        "id": 2014,
        "message": "트리플 티아라 중 3관째\\n그 훌륭한 달리기를 개화시켰으면 좋겠네요.",
        "message_group": 0,
        "per": 100,
        "voice": "14"
    },
    {
        "group_id": 150015,
        "id": 2015,
        "message": "클래식 3관 노선의 종착점\\n여기서 이겨서 세대 최강을 증명해 줬으면 좋겠네요.",
        "message_group": 0,
        "per": 100,
        "voice": "15"
    },
    {
        "group_id": 150016,
        "id": 2016,
        "message": "중거리 노선의 정점에 이른 달리기로\\n가을의 표창패를 손에 넣었으면 좋겠네요.",
        "message_group": 0,
        "per": 100,
        "voice": "16"
    },
    {
        "group_id": 150017,
        "id": 2017,
        "message": "여왕의 영광을 쟁취할 만큼의\\n실력은 충분히 지니고 있어요.",
        "message_group": 0,
        "per": 100,
        "voice": "17"
    },
    {
        "group_id": 150018,
        "id": 2018,
        "message": "현역 굴지의 스피드로\\n최강의 마일 왕에 빛났으면 좋겠네요.",
        "message_group": 0,
        "per": 100,
        "voice": "18"
    },
    {
        "group_id": 150019,
        "id": 2019,
        "message": "일본을 대표하는 뛰어난 달리기를\\n보여주었으면 좋겠네요.",
        "message_group": 0,
        "per": 100,
        "voice": "19"
    },
    {
        "group_id": 150020,
        "id": 2020,
        "message": "더트 최강의 달리기로\\n훌륭히 챔피언에 빛났으면 좋겠네요.",
        "message_group": 0,
        "per": 100,
        "voice": "20"
    },
    {
        "group_id": 150021,
        "id": 2021,
        "message": "내년의 티아라 노선을 향해\\n새로운 여왕의 탄생을 기대해 봅니다.",
        "message_group": 0,
        "per": 100,
        "voice": "21"
    },
    {
        "group_id": 150022,
        "id": 2022,
        "message": "내년의 클래식 노선을 생각하고\\n힘을 보여주었으면 좋겠네요.",
        "message_group": 0,
        "per": 100,
        "voice": "22"
    },
    {
        "group_id": 150023,
        "id": 2023,
        "message": "올해의 마지막 대경기에서, 명실상부한\\n최강의 그랑프리 우마무스메가 되어줬으면 좋겠네요.",
        "message_group": 0,
        "per": 100,
        "voice": "23"
    },
    {
        "group_id": 150024,
        "id": 2024,
        "message": "클래식 노선으로 이어지는\\n커다란 한 걸음을 내디뎌줬으면 좋겠네요.",
        "message_group": 0,
        "per": 100,
        "voice": "24"
    },
    {
        "group_id": 150025,
        "id": 2025,
        "message": "상반기 더트 노선의 총결산\\n왕에게 어울리는 달리기를 보여줬으면 좋겠네요.",
        "message_group": 0,
        "per": 100,
        "voice": "25"
    },
    {
        "group_id": 150026,
        "id": 2026,
        "message": "여기 오이에서, 더트계의 신성 탄생을 기대해 봅니다.",
        "message_group": 0,
        "per": 100,
        "voice": "26"
    },
    {
        "group_id": 150027,
        "id": 2027,
        "message": "더트계의 히로인으로서 빛나는\\n훌륭한 달리기를 보여줬으면 좋겠네요.",
        "message_group": 0,
        "per": 100,
        "voice": "27"
    },
    {
        "group_id": 150028,
        "id": 2028,
        "message": "더트계의 최속 우마무스메의 실력을\\n보여줬으면 좋겠네요.",
        "message_group": 0,
        "per": 100,
        "voice": "28"
    },
    {
        "group_id": 150029,
        "id": 2029,
        "message": "더트 노선 최강의 실력을 여기서 증명해 줬으면 좋겠네요.",
        "message_group": 0,
        "per": 100,
        "voice": "29"
    },
    {
        "group_id": 150030,
        "id": 2030,
        "message": "저물녘의 오이에서 올해의 더트 노선을 매듭짓는\\n달리기를 기대해 봅니다.",
        "message_group": 0,
        "per": 100,
        "voice": "30"
    },
    {
        "group_id": 150031,
        "id": 2031,
        "message": "더할 나위 없는 모습이네요.",
        "message_group": 0,
        "per": 100,
        "voice": "31"
    },
    {
        "group_id": 150032,
        "id": 2032,
        "message": "좋은 느낌으로 기합이 들어가 있네요.",
        "message_group": 0,
        "per": 100,
        "voice": "32"
    },
    {
        "group_id": 150033,
        "id": 2033,
        "message": "그럭저럭인 느낌이네요.",
        "message_group": 0,
        "per": 100,
        "voice": "33"
    },
    {
        "group_id": 150034,
        "id": 2034,
        "message": "조금 기운이 없어 보이네요.",
        "message_group": 0,
        "per": 100,
        "voice": "34"
    },
    {
        "group_id": 150035,
        "id": 2035,
        "message": "레이스에 집중을 못 하고 있네요.",
        "message_group": 0,
        "per": 100,
        "voice": "35"
    },
    {
        "group_id": 150036,
        "id": 2036,
        "message": "잔디 코스에서 힘을 충분히 발휘할 수 있을 것 같네요.",
        "message_group": 0,
        "per": 100,
        "voice": "36"
    },
    {
        "group_id": 150037,
        "id": 2037,
        "message": "더트에서의 파워풀한 달리기가 기대되네요.",
        "message_group": 0,
        "per": 100,
        "voice": "37"
    },
    {
        "group_id": 150038,
        "id": 2038,
        "message": "잔디에서 진가를 발휘할 수 있을지 조금 불안하네요.",
        "message_group": 0,
        "per": 100,
        "voice": "38"
    },
    {
        "group_id": 150039,
        "id": 2039,
        "message": "이 우마무스메가 더트 코스를 뛰어도 괜찮을까요?",
        "message_group": 0,
        "per": 100,
        "voice": "39"
    },
    {
        "group_id": 150040,
        "id": 2040,
        "message": "이 무스메의 지구력을 보여주기에는 절호의 무대군요.",
        "message_group": 0,
        "per": 100,
        "voice": "40"
    },
    {
        "group_id": 150041,
        "id": 2041,
        "message": "왕도인 거리에서 좋은 달리기를 기대할 수 있겠네요.",
        "message_group": 0,
        "per": 100,
        "voice": "41"
    },
    {
        "group_id": 150042,
        "id": 2042,
        "message": "상성이 아주 좋은 마일에서\\n훌륭한 달리기를 기대해 봅니다.",
        "message_group": 0,
        "per": 100,
        "voice": "42"
    },
    {
        "group_id": 150043,
        "id": 2043,
        "message": "단거리전에 딱 어울리는 순발력이 이 무스메의 특색이지요.",
        "message_group": 0,
        "per": 100,
        "voice": "43"
    },
    {
        "group_id": 150044,
        "id": 2044,
        "message": "이 무스메에게는 가혹한 거리의 레이스네요.",
        "message_group": 0,
        "per": 100,
        "voice": "44"
    },
    {
        "group_id": 150045,
        "id": 2045,
        "message": "중거리 레이스의 흐름에 잘 올라탈 수 있을지 불안하네요.",
        "message_group": 0,
        "per": 100,
        "voice": "45"
    },
    {
        "group_id": 150046,
        "id": 2046,
        "message": "마일의 페이스가 잘 맞을지 걱정이네요.",
        "message_group": 0,
        "per": 100,
        "voice": "46"
    },
    {
        "group_id": 150047,
        "id": 2047,
        "message": "단거리의 바쁜 전개가 이 무스메에게 맞을까요?",
        "message_group": 0,
        "per": 100,
        "voice": "47"
    },
    {
        "group_id": 150048,
        "id": 2048,
        "message": "후방에서 호쾌하게 몰아치는 모습을 보여줬으면 좋겠네요.",
        "message_group": 0,
        "per": 100,
        "voice": "48"
    },
    {
        "group_id": 150049,
        "id": 2049,
        "message": "이 우마무스메의 날카로운 추월력이 작렬할지 기대해 보죠.",
        "message_group": 0,
        "per": 100,
        "voice": "49"
    },
    {
        "group_id": 150050,
        "id": 2050,
        "message": "앞쪽 포지션을 잡는 선행책으로 승리를 거머쥐었으면 좋겠네요.",
        "message_group": 0,
        "per": 100,
        "voice": "50"
    },
    {
        "group_id": 150051,
        "id": 2051,
        "message": "거리를 벌려서\\n이 무스메의 페이스로 끌고 들어갈 수 있다면 강력합니다.",
        "message_group": 0,
        "per": 100,
        "voice": "51"
    },
    {
        "group_id": 150052,
        "id": 2052,
        "message": "후방 대기책으로는 조금 어려울지도 모르겠네요.",
        "message_group": 0,
        "per": 100,
        "voice": "52"
    },
    {
        "group_id": 150053,
        "id": 2053,
        "message": "추월력이 부족해 보여서\\n이 작전으로 괜찮을지 모르겠군요.",
        "message_group": 0,
        "per": 100,
        "voice": "53"
    },
    {
        "group_id": 150054,
        "id": 2054,
        "message": "앞쪽에서 레이스를 하는 게 특기인 무스메가 아니기 때문에\\n조금 불안하네요.",
        "message_group": 0,
        "per": 100,
        "voice": "54"
    },
    {
        "group_id": 150055,
        "id": 2055,
        "message": "선두에 서서\\n침착하게 레이스를 진행할 수 있을지 걱정입니다.",
        "message_group": 0,
        "per": 100,
        "voice": "55"
    },
    {
        "group_id": 150056,
        "id": 2056,
        "message": "실력은 완전히 상위 수준이네요.\\n관록마저 느껴집니다.",
        "message_group": 0,
        "per": 100,
        "voice": "56"
    },
    {
        "group_id": 150057,
        "id": 2057,
        "message": "인기와 실력을 겸비한, 제가 가장 좋아하는 우마무스메입니다.",
        "message_group": 0,
        "per": 100,
        "voice": "57"
    },
    {
        "group_id": 150058,
        "id": 2058,
        "message": "패덕에서도 주목을 모으는 훌륭한 모습이네요.",
        "message_group": 0,
        "per": 100,
        "voice": "58"
    },
    {
        "group_id": 150059,
        "id": 2059,
        "message": "1번 인기는 양보했지만 소질은 뒤떨어지지 않아요.",
        "message_group": 0,
        "per": 100,
        "voice": "59"
    },
    {
        "group_id": 150060,
        "id": 2060,
        "message": "훌륭한 분위기가 느껴지는,\\n제가 가장 좋아하는 우마무스메입니다.",
        "message_group": 0,
        "per": 100,
        "voice": "60"
    },
    {
        "group_id": 150061,
        "id": 2061,
        "message": "1번 인기에 지지 않는 막상막하의 모습이네요.",
        "message_group": 0,
        "per": 100,
        "voice": "61"
    },
    {
        "group_id": 150062,
        "id": 2062,
        "message": "3번 인기이지만\\n역전을 노릴 수 있는 능력을 갖추고 있어요.",
        "message_group": 0,
        "per": 100,
        "voice": "62"
    },
    {
        "group_id": 150063,
        "id": 2063,
        "message": "훌륭한 잠재력을 지닌,\\n제가 가장 좋아하는 우마무스메입니다.",
        "message_group": 0,
        "per": 100,
        "voice": "63"
    },
    {
        "group_id": 150064,
        "id": 2064,
        "message": "이 멤버들 사이에서도 뒤떨어지지 않는 모습이네요.",
        "message_group": 0,
        "per": 100,
        "voice": "64"
    },
    {
        "group_id": 150065,
        "id": 2065,
        "message": "라이벌들은 강력하지만, 좋은 달리기를 기대해 봅니다.",
        "message_group": 0,
        "per": 100,
        "voice": "65"
    },
    {
        "group_id": 150066,
        "id": 2066,
        "message": "조금 힘든 멤버이지만\\n건투를 기대해 봅니다.",
        "message_group": 0,
        "per": 100,
        "voice": "66"
    },
    {
        "group_id": 150067,
        "id": 2067,
        "message": "결과를 남기는 것은 힘들겠지만\\n경험을 양식으로 삼았으면 좋겠네요.",
        "message_group": 0,
        "per": 100,
        "voice": "67"
    },
    {
        "group_id": 150068,
        "id": 2068,
        "message": "톱 스피드와 순발력을 모두\\n잘 갖추고 있네요.",
        "message_group": 0,
        "per": 100,
        "voice": "68"
    },
    {
        "group_id": 150069,
        "id": 2069,
        "message": "열심히 달리긴 하겠지만\\n조금 더 스피드와 파워가 필요하겠네요.",
        "message_group": 0,
        "per": 100,
        "voice": "69"
    },
    {
        "group_id": 150070,
        "id": 2070,
        "message": "길고 좋은 다리에서 나오는 지구력이\\n이 우마무스메의 매력입니다.",
        "message_group": 0,
        "per": 100,
        "voice": "70"
    },
    {
        "group_id": 150071,
        "id": 2071,
        "message": "추진력과 지속력을 양립시키는 것이\\n이 우마무스메의 과제겠네요.",
        "message_group": 0,
        "per": 100,
        "voice": "71"
    },
    {
        "group_id": 150072,
        "id": 2072,
        "message": "최후의 직선에서 버티는 근성은\\n눈이 휘둥그레집니다.",
        "message_group": 0,
        "per": 100,
        "voice": "72"
    },
    {
        "group_id": 150073,
        "id": 2073,
        "message": "도중의 페이스 배분에 신경 썼으면 좋겠네요.\\n정신적인 성장이 필요합니다.",
        "message_group": 0,
        "per": 100,
        "voice": "73"
    },
    {
        "group_id": 900000,
        "id": 9000,
        "message": "%h_rank1, %h_rank_l1, %h_rank_no1, %h_rank_to1, %h_rank_ta1, %h_rank_a1",
        "message_group": 0,
        "per": 100,
        "voice": "%h_rank1|%w_0.2|%h_rank_l1|%w_0.2|%h_rank_no1|%w_0.2|%h_rank_to1|%w_0.2|%h_rank_ta1|%w_0.2|%h_rank_a1"
    },
    {
        "group_id": 900001,
        "id": 9001,
        "message": "%h_rank2, %h_rank_l2, %h_rank_no2, %h_rank_to2, %h_rank_ta2, %h_rank_a2",
        "message_group": 0,
        "per": 100,
        "voice": "%h_rank2|%w_0.2|%h_rank_l2|%w_0.2|%h_rank_no2|%w_0.2|%h_rank_to2|%w_0.2|%h_rank_ta2|%w_0.2|%h_rank_a2"
    },
    {
        "group_id": 900002,
        "id": 9002,
        "message": "%h_rank3, %h_rank_l3, %h_rank_no3, %h_rank_to3, %h_rank_ta3, %h_rank_a3",
        "message_group": 0,
        "per": 100,
        "voice": "%h_rank3|%w_0.2|%h_rank_l3|%w_0.2|%h_rank_no3|%w_0.2|%h_rank_to3|%w_0.2|%h_rank_ta3|%w_0.2|%h_rank_a3"
    },
    {
        "group_id": 900003,
        "id": 9003,
        "message": "%h_rank4, %h_rank_l4, %h_rank_no4, %h_rank_to4, %h_rank_ta4, %h_rank_a4",
        "message_group": 0,
        "per": 100,
        "voice": "%h_rank4|%w_0.2|%h_rank_l4|%w_0.2|%h_rank_no4|%w_0.2|%h_rank_to4|%w_0.2|%h_rank_ta4|%w_0.2|%h_rank_a4"
    },
    {
        "group_id": 900004,
        "id": 9004,
        "message": "%h_rank5, %h_rank_l5, %h_rank_no5, %h_rank_to5, %h_rank_ta5, %h_rank_a5",
        "message_group": 0,
        "per": 100,
        "voice": "%h_rank5|%w_0.2|%h_rank_l5|%w_0.2|%h_rank_no5|%w_0.2|%h_rank_to5|%w_0.2|%h_rank_ta5|%w_0.2|%h_rank_a5"
    },
    {
        "group_id": 900005,
        "id": 9005,
        "message": "%h_rank6, %h_rank_l6, %h_rank_no6, %h_rank_to6, %h_rank_ta6, %h_rank_a6",
        "message_group": 0,
        "per": 100,
        "voice": "%h_rank6|%w_0.2|%h_rank_l6|%w_0.2|%h_rank_no6|%w_0.2|%h_rank_to6|%w_0.2|%h_rank_ta6|%w_0.2|%h_rank_a6"
    },
    {
        "group_id": 900006,
        "id": 9006,
        "message": "%h_rank7, %h_rank_l7, %h_rank_no7, %h_rank_to7, %h_rank_ta7, %h_rank_a7",
        "message_group": 0,
        "per": 100,
        "voice": "%h_rank7|%w_0.2|%h_rank_l7|%w_0.2|%h_rank_no7|%w_0.2|%h_rank_to7|%w_0.2|%h_rank_ta7|%w_0.2|%h_rank_a7"
    },
    {
        "group_id": 900007,
        "id": 9007,
        "message": "%h_rank8, %h_rank_l8, %h_rank_no8, %h_rank_to8, %h_rank_ta8, %h_rank_a8",
        "message_group": 0,
        "per": 100,
        "voice": "%h_rank8|%w_0.2|%h_rank_l8|%w_0.2|%h_rank_no8|%w_0.2|%h_rank_to8|%w_0.2|%h_rank_ta8|%w_0.2|%h_rank_a8"
    },
    {
        "group_id": 900008,
        "id": 9008,
        "message": "%h_rank9, %h_rank_l9, %h_rank_no9, %h_rank_to9, %h_rank_ta9, %h_rank_a9",
        "message_group": 0,
        "per": 100,
        "voice": "%h_rank9|%w_0.2|%h_rank_l9|%w_0.2|%h_rank_no9|%w_0.2|%h_rank_to9|%w_0.2|%h_rank_ta9|%w_0.2|%h_rank_a9"
    },
    {
        "group_id": 900009,
        "id": 9009,
        "message": "%h_rank10, %h_rank_l10, %h_rank_no10, %h_rank_to10, %h_rank_ta10, %h_rank_a10",
        "message_group": 0,
        "per": 100,
        "voice": "%h_rank10|%w_0.2|%h_rank_l10|%w_0.2|%h_rank_no10|%w_0.2|%h_rank_to10|%w_0.2|%h_rank_ta10|%w_0.2|%h_rank_a10"
    },
    {
        "group_id": 900010,
        "id": 9010,
        "message": "%h_rank11, %h_rank_l11, %h_rank_no11, %h_rank_to11, %h_rank_ta11, %h_rank_a11",
        "message_group": 0,
        "per": 100,
        "voice": "%h_rank11|%w_0.2|%h_rank_l11|%w_0.2|%h_rank_no11|%w_0.2|%h_rank_to11|%w_0.2|%h_rank_ta11|%w_0.2|%h_rank_a11"
    },
    {
        "group_id": 900011,
        "id": 9011,
        "message": "%h_rank12, %h_rank_l12, %h_rank_no12, %h_rank_to12, %h_rank_ta12, %h_rank_a12",
        "message_group": 0,
        "per": 100,
        "voice": "%h_rank12|%w_0.2|%h_rank_l12|%w_0.2|%h_rank_no12|%w_0.2|%h_rank_to12|%w_0.2|%h_rank_ta12|%w_0.2|%h_rank_a12"
    },
    {
        "group_id": 900012,
        "id": 9012,
        "message": "%h_rank13, %h_rank_l13, %h_rank_no13, %h_rank_to13, %h_rank_ta13, %h_rank_a13",
        "message_group": 0,
        "per": 100,
        "voice": "%h_rank13|%w_0.2|%h_rank_l13|%w_0.2|%h_rank_no13|%w_0.2|%h_rank_to13|%w_0.2|%h_rank_ta13|%w_0.2|%h_rank_a13"
    },
    {
        "group_id": 900013,
        "id": 9013,
        "message": "%h_rank14, %h_rank_l14, %h_rank_no14, %h_rank_to14, %h_rank_ta14, %h_rank_a14",
        "message_group": 0,
        "per": 100,
        "voice": "%h_rank14|%w_0.2|%h_rank_l14|%w_0.2|%h_rank_no14|%w_0.2|%h_rank_to14|%w_0.2|%h_rank_ta14|%w_0.2|%h_rank_a14"
    },
    {
        "group_id": 900014,
        "id": 9014,
        "message": "%h_rank15, %h_rank_l15, %h_rank_no15, %h_rank_to15, %h_rank_ta15, %h_rank_a15",
        "message_group": 0,
        "per": 100,
        "voice": "%h_rank15|%w_0.2|%h_rank_l15|%w_0.2|%h_rank_no15|%w_0.2|%h_rank_to15|%w_0.2|%h_rank_ta15|%w_0.2|%h_rank_a15"
    },
    {
        "group_id": 900015,
        "id": 9015,
        "message": "%h_rank16, %h_rank_l16, %h_rank_no16, %h_rank_to16, %h_rank_ta16, %h_rank_a16",
        "message_group": 0,
        "per": 100,
        "voice": "%h_rank16|%w_0.2|%h_rank_l16|%w_0.2|%h_rank_no16|%w_0.2|%h_rank_to16|%w_0.2|%h_rank_ta16|%w_0.2|%h_rank_a16"
    },
    {
        "group_id": 900016,
        "id": 9016,
        "message": "%h_rank17, %h_rank_l17, %h_rank_no17, %h_rank_to17, %h_rank_ta17, %h_rank_a17",
        "message_group": 0,
        "per": 100,
        "voice": "%h_rank17|%w_0.2|%h_rank_l17|%w_0.2|%h_rank_no17|%w_0.2|%h_rank_to17|%w_0.2|%h_rank_ta17|%w_0.2|%h_rank_a17"
    },
    {
        "group_id": 900017,
        "id": 9017,
        "message": "%h_rank18, %h_rank_l18, %h_rank_no18, %h_rank_to18, %h_rank_ta18, %h_rank_a18",
        "message_group": 0,
        "per": 100,
        "voice": "%h_rank18|%w_0.2|%h_rank_l18|%w_0.2|%h_rank_no18|%w_0.2|%h_rank_to18|%w_0.2|%h_rank_ta18|%w_0.2|%h_rank_a18"
    },
    {
        "group_id": 900018,
        "id": 9018,
        "message": "%h_rank1, %h_rank_no1, %h_rank_to1, %h_rank_ta1, %h_rank_a1",
        "message_group": 0,
        "per": 100,
        "voice": "%h_rank1|%w_0.2|%h_rank_no1|%w_0.2|%h_rank_to1|%w_0.2|%h_rank_ta1|%w_0.2|%h_rank_a1"
    },
    {
        "group_id": 900019,
        "id": 9019,
        "message": "%h_rank2, %h_rank_no2, %h_rank_to2, %h_rank_ta2, %h_rank_a2",
        "message_group": 0,
        "per": 100,
        "voice": "%h_rank2|%w_0.2|%h_rank_no2|%w_0.2|%h_rank_to2|%w_0.2|%h_rank_ta2|%w_0.2|%h_rank_a2"
    },
    {
        "group_id": 900020,
        "id": 9020,
        "message": "%h_rank3, %h_rank_no3, %h_rank_to3, %h_rank_ta3, %h_rank_a3",
        "message_group": 0,
        "per": 100,
        "voice": "%h_rank3|%w_0.2|%h_rank_no3|%w_0.2|%h_rank_to3|%w_0.2|%h_rank_ta3|%w_0.2|%h_rank_a3"
    },
    {
        "group_id": 900021,
        "id": 9021,
        "message": "%h_rank4, %h_rank_no4, %h_rank_to4, %h_rank_ta4, %h_rank_a4",
        "message_group": 0,
        "per": 100,
        "voice": "%h_rank4|%w_0.2|%h_rank_no4|%w_0.2|%h_rank_to4|%w_0.2|%h_rank_ta4|%w_0.2|%h_rank_a4"
    },
    {
        "group_id": 900022,
        "id": 9022,
        "message": "%h_rank5, %h_rank_no5, %h_rank_to5, %h_rank_ta5, %h_rank_a5",
        "message_group": 0,
        "per": 100,
        "voice": "%h_rank5|%w_0.2|%h_rank_no5|%w_0.2|%h_rank_to5|%w_0.2|%h_rank_ta5|%w_0.2|%h_rank_a5"
    },
    {
        "group_id": 900023,
        "id": 9023,
        "message": "%h_rank6, %h_rank_no6, %h_rank_to6, %h_rank_ta6, %h_rank_a6",
        "message_group": 0,
        "per": 100,
        "voice": "%h_rank6|%w_0.2|%h_rank_no6|%w_0.2|%h_rank_to6|%w_0.2|%h_rank_ta6|%w_0.2|%h_rank_a6"
    },
    {
        "group_id": 900024,
        "id": 9024,
        "message": "%h_rank7, %h_rank_no7, %h_rank_to7, %h_rank_ta7, %h_rank_a7",
        "message_group": 0,
        "per": 100,
        "voice": "%h_rank7|%w_0.2|%h_rank_no7|%w_0.2|%h_rank_to7|%w_0.2|%h_rank_ta7|%w_0.2|%h_rank_a7"
    },
    {
        "group_id": 900025,
        "id": 9025,
        "message": "%h_rank8, %h_rank_no8, %h_rank_to8, %h_rank_ta8, %h_rank_a8",
        "message_group": 0,
        "per": 100,
        "voice": "%h_rank8|%w_0.2|%h_rank_no8|%w_0.2|%h_rank_to8|%w_0.2|%h_rank_ta8|%w_0.2|%h_rank_a8"
    },
    {
        "group_id": 900026,
        "id": 9026,
        "message": "%h_rank9, %h_rank_no9, %h_rank_to9, %h_rank_ta9, %h_rank_a9",
        "message_group": 0,
        "per": 100,
        "voice": "%h_rank9|%w_0.2|%h_rank_no9|%w_0.2|%h_rank_to9|%w_0.2|%h_rank_ta9|%w_0.2|%h_rank_a9"
    },
    {
        "group_id": 900027,
        "id": 9027,
        "message": "%h_rank10, %h_rank_no10, %h_rank_to10, %h_rank_ta10, %h_rank_a10",
        "message_group": 0,
        "per": 100,
        "voice": "%h_rank10|%w_0.2|%h_rank_no10|%w_0.2|%h_rank_to10|%w_0.2|%h_rank_ta10|%w_0.2|%h_rank_a10"
    },
    {
        "group_id": 900028,
        "id": 9028,
        "message": "%h_rank11, %h_rank_no11, %h_rank_to11, %h_rank_ta11, %h_rank_a11",
        "message_group": 0,
        "per": 100,
        "voice": "%h_rank11|%w_0.2|%h_rank_no11|%w_0.2|%h_rank_to11|%w_0.2|%h_rank_ta11|%w_0.2|%h_rank_a11"
    },
    {
        "group_id": 900029,
        "id": 9029,
        "message": "%h_rank12, %h_rank_no12, %h_rank_to12, %h_rank_ta12, %h_rank_a12",
        "message_group": 0,
        "per": 100,
        "voice": "%h_rank12|%w_0.2|%h_rank_no12|%w_0.2|%h_rank_to12|%w_0.2|%h_rank_ta12|%w_0.2|%h_rank_a12"
    },
    {
        "group_id": 900030,
        "id": 9030,
        "message": "%h_rank13, %h_rank_no13, %h_rank_to13, %h_rank_ta13, %h_rank_a13",
        "message_group": 0,
        "per": 100,
        "voice": "%h_rank13|%w_0.2|%h_rank_no13|%w_0.2|%h_rank_to13|%w_0.2|%h_rank_ta13|%w_0.2|%h_rank_a13"
    },
    {
        "group_id": 900031,
        "id": 9031,
        "message": "%h_rank14, %h_rank_no14, %h_rank_to14, %h_rank_ta14, %h_rank_a14",
        "message_group": 0,
        "per": 100,
        "voice": "%h_rank14|%w_0.2|%h_rank_no14|%w_0.2|%h_rank_to14|%w_0.2|%h_rank_ta14|%w_0.2|%h_rank_a14"
    },
    {
        "group_id": 900032,
        "id": 9032,
        "message": "%h_rank15, %h_rank_no15, %h_rank_to15, %h_rank_ta15, %h_rank_a15",
        "message_group": 0,
        "per": 100,
        "voice": "%h_rank15|%w_0.2|%h_rank_no15|%w_0.2|%h_rank_to15|%w_0.2|%h_rank_ta15|%w_0.2|%h_rank_a15"
    },
    {
        "group_id": 900033,
        "id": 9033,
        "message": "%h_rank16, %h_rank_no16, %h_rank_to16, %h_rank_ta16, %h_rank_a16",
        "message_group": 0,
        "per": 100,
        "voice": "%h_rank16|%w_0.2|%h_rank_no16|%w_0.2|%h_rank_to16|%w_0.2|%h_rank_ta16|%w_0.2|%h_rank_a16"
    },
    {
        "group_id": 900034,
        "id": 9034,
        "message": "%h_rank17, %h_rank_no17, %h_rank_to17, %h_rank_ta17, %h_rank_a17",
        "message_group": 0,
        "per": 100,
        "voice": "%h_rank17|%w_0.2|%h_rank_no17|%w_0.2|%h_rank_to17|%w_0.2|%h_rank_ta17|%w_0.2|%h_rank_a17"
    },
    {
        "group_id": 900035,
        "id": 9035,
        "message": "%h_rank18, %h_rank_no18, %h_rank_to18, %h_rank_ta18, %h_rank_a18",
        "message_group": 0,
        "per": 100,
        "voice": "%h_rank18|%w_0.2|%h_rank_no18|%w_0.2|%h_rank_to18|%w_0.2|%h_rank_ta18|%w_0.2|%h_rank_a18"
    }
]