[
    {
        "card_id": 0,
        "chara_id": 0,
        "cutin_category": 1,
        "extension_sec": 10000,
        "extension_sec_long": 10000,
        "id": 1
    },
    {
        "card_id": 100101,
        "chara_id": 0,
        "cutin_category": 3,
        "extension_sec": 23333,
        "extension_sec_long": 91666,
        "id": 2
    },
    {
        "card_id": 100201,
        "chara_id": 0,
        "cutin_category": 3,
        "extension_sec": 26000,
        "extension_sec_long": 81666,
        "id": 3
    },
    {
        "card_id": 100301,
        "chara_id": 0,
        "cutin_category": 3,
        "extension_sec": 24000,
        "extension_sec_long": 76666,
        "id": 4
    },
    {
        "card_id": 100401,
        "chara_id": 0,
        "cutin_category": 3,
        "extension_sec": 24666,
        "extension_sec_long": 76000,
        "id": 5
    },
    {
        "card_id": 100601,
        "chara_id": 0,
        "cutin_category": 3,
        "extension_sec": 26000,
        "extension_sec_long": 73666,
        "id": 6
    },
    {
        "card_id": 100701,
        "chara_id": 0,
        "cutin_category": 3,
        "extension_sec": 23333,
        "extension_sec_long": 23000,
        "id": 7
    },
    {
        "card_id": 100801,
        "chara_id": 0,
        "cutin_category": 3,
        "extension_sec": 23333,
        "extension_sec_long": 23000,
        "id": 8
    },
    {
        "card_id": 100901,
        "chara_id": 0,
        "cutin_category": 3,
        "extension_sec": 23333,
        "extension_sec_long": 23000,
        "id": 9
    },
    {
        "card_id": 101001,
        "chara_id": 0,
        "cutin_category": 3,
        "extension_sec": 25000,
        "extension_sec_long": 63333,
        "id": 10
    },
    {
        "card_id": 101101,
        "chara_id": 0,
        "cutin_category": 3,
        "extension_sec": 23333,
        "extension_sec_long": 23000,
        "id": 11
    },
    {
        "card_id": 101301,
        "chara_id": 0,
        "cutin_category": 3,
        "extension_sec": 26333,
        "extension_sec_long": 73000,
        "id": 12
    },
    {
        "card_id": 101401,
        "chara_id": 0,
        "cutin_category": 3,
        "extension_sec": 23333,
        "extension_sec_long": 23000,
        "id": 13
    },
    {
        "card_id": 101701,
        "chara_id": 0,
        "cutin_category": 3,
        "extension_sec": 24666,
        "extension_sec_long": 84333,
        "id": 14
    },
    {
        "card_id": 101801,
        "chara_id": 0,
        "cutin_category": 3,
        "extension_sec": 23333,
        "extension_sec_long": 23000,
        "id": 15
    },
    {
        "card_id": 102401,
        "chara_id": 0,
        "cutin_category": 3,
        "extension_sec": 23333,
        "extension_sec_long": 23000,
        "id": 16
    },
    {
        "card_id": 102701,
        "chara_id": 0,
        "cutin_category": 3,
        "extension_sec": 23333,
        "extension_sec_long": 23000,
        "id": 17
    },
    {
        "card_id": 103001,
        "chara_id": 0,
        "cutin_category": 3,
        "extension_sec": 23666,
        "extension_sec_long": 70666,
        "id": 18
    },
    {
        "card_id": 103201,
        "chara_id": 0,
        "cutin_category": 3,
        "extension_sec": 23333,
        "extension_sec_long": 23000,
        "id": 19
    },
    {
        "card_id": 103501,
        "chara_id": 0,
        "cutin_category": 3,
        "extension_sec": 23333,
        "extension_sec_long": 23000,
        "id": 20
    },
    {
        "card_id": 104101,
        "chara_id": 0,
        "cutin_category": 3,
        "extension_sec": 23333,
        "extension_sec_long": 23000,
        "id": 21
    },
    {
        "card_id": 104501,
        "chara_id": 0,
        "cutin_category": 3,
        "extension_sec": 23333,
        "extension_sec_long": 23000,
        "id": 22
    },
    {
        "card_id": 105201,
        "chara_id": 0,
        "cutin_category": 3,
        "extension_sec": 23333,
        "extension_sec_long": 23000,
        "id": 23
    },
    {
        "card_id": 105601,
        "chara_id": 0,
        "cutin_category": 3,
        "extension_sec": 23333,
        "extension_sec_long": 23000,
        "id": 24
    },
    {
        "card_id": 106001,
        "chara_id": 0,
        "cutin_category": 3,
        "extension_sec": 23333,
        "extension_sec_long": 23000,
        "id": 25
    },
    {
        "card_id": 106101,
        "chara_id": 0,
        "cutin_category": 3,
        "extension_sec": 23333,
        "extension_sec_long": 23000,
        "id": 26
    },
    {
        "card_id": 0,
        "chara_id": 1001,
        "cutin_category": 2,
        "extension_sec": 11666,
        "extension_sec_long": 11666,
        "id": 27
    },
    {
        "card_id": 0,
        "chara_id": 1002,
        "cutin_category": 2,
        "extension_sec": 11666,
        "extension_sec_long": 11666,
        "id": 28
    },
    {
        "card_id": 0,
        "chara_id": 1003,
        "cutin_category": 2,
        "extension_sec": 11666,
        "extension_sec_long": 11666,
        "id": 29
    },
    {
        "card_id": 0,
        "chara_id": 1004,
        "cutin_category": 2,
        "extension_sec": 11666,
        "extension_sec_long": 11666,
        "id": 30
    },
    {
        "card_id": 0,
        "chara_id": 1006,
        "cutin_category": 2,
        "extension_sec": 11666,
        "extension_sec_long": 11666,
        "id": 31
    },
    {
        "card_id": 0,
        "chara_id": 1007,
        "cutin_category": 2,
        "extension_sec": 11666,
        "extension_sec_long": 11666,
        "id": 32
    },
    {
        "card_id": 0,
        "chara_id": 1008,
        "cutin_category": 2,
        "extension_sec": 11666,
        "extension_sec_long": 11666,
        "id": 33
    },
    {
        "card_id": 0,
        "chara_id": 1009,
        "cutin_category": 2,
        "extension_sec": 11666,
        "extension_sec_long": 11666,
        "id": 34
    },
    {
        "card_id": 0,
        "chara_id": 1010,
        "cutin_category": 2,
        "extension_sec": 11666,
        "extension_sec_long": 11666,
        "id": 35
    },
    {
        "card_id": 0,
        "chara_id": 1011,
        "cutin_category": 2,
        "extension_sec": 11666,
        "extension_sec_long": 11666,
        "id": 36
    },
    {
        "card_id": 0,
        "chara_id": 1013,
        "cutin_category": 2,
        "extension_sec": 11666,
        "extension_sec_long": 11666,
        "id": 37
    },
    {
        "card_id": 0,
        "chara_id": 1014,
        "cutin_category": 2,
        "extension_sec": 11666,
        "extension_sec_long": 11666,
        "id": 38
    },
    {
        "card_id": 0,
        "chara_id": 1017,
        "cutin_category": 2,
        "extension_sec": 11666,
        "extension_sec_long": 11666,
        "id": 39
    },
    {
        "card_id": 0,
        "chara_id": 1018,
        "cutin_category": 2,
        "extension_sec": 11666,
        "extension_sec_long": 11666,
        "id": 40
    },
    {
        "card_id": 0,
        "chara_id": 1024,
        "cutin_category": 2,
        "extension_sec": 11666,
        "extension_sec_long": 11666,
        "id": 41
    },
    {
        "card_id": 0,
        "chara_id": 1027,
        "cutin_category": 2,
        "extension_sec": 11666,
        "extension_sec_long": 11666,
        "id": 42
    },
    {
        "card_id": 0,
        "chara_id": 1030,
        "cutin_category": 2,
        "extension_sec": 11666,
        "extension_sec_long": 11666,
        "id": 43
    },
    {
        "card_id": 0,
        "chara_id": 1032,
        "cutin_category": 2,
        "extension_sec": 11666,
        "extension_sec_long": 11666,
        "id": 44
    },
    {
        "card_id": 0,
        "chara_id": 1035,
        "cutin_category": 2,
        "extension_sec": 11666,
        "extension_sec_long": 11666,
        "id": 45
    },
    {
        "card_id": 0,
        "chara_id": 1041,
        "cutin_category": 2,
        "extension_sec": 11666,
        "extension_sec_long": 11666,
        "id": 46
    },
    {
        "card_id": 0,
        "chara_id": 1045,
        "cutin_category": 2,
        "extension_sec": 11666,
        "extension_sec_long": 11666,
        "id": 47
    },
    {
        "card_id": 0,
        "chara_id": 1052,
        "cutin_category": 2,
        "extension_sec": 11666,
        "extension_sec_long": 11666,
        "id": 48
    },
    {
        "card_id": 0,
        "chara_id": 1056,
        "cutin_category": 2,
        "extension_sec": 11666,
        "extension_sec_long": 11666,
        "id": 49
    },
    {
        "card_id": 0,
        "chara_id": 1060,
        "cutin_category": 2,
        "extension_sec": 11666,
        "extension_sec_long": 11666,
        "id": 50
    },
    {
        "card_id": 0,
        "chara_id": 1061,
        "cutin_category": 2,
        "extension_sec": 11666,
        "extension_sec_long": 11666,
        "id": 51
    },
    {
        "card_id": 101501,
        "chara_id": 0,
        "cutin_category": 3,
        "extension_sec": 25333,
        "extension_sec_long": 91666,
        "id": 52
    },
    {
        "card_id": 0,
        "chara_id": 1015,
        "cutin_category": 2,
        "extension_sec": 11666,
        "extension_sec_long": 11666,
        "id": 53
    },
    {
        "card_id": 102601,
        "chara_id": 0,
        "cutin_category": 3,
        "extension_sec": 29000,
        "extension_sec_long": 90000,
        "id": 54
    },
    {
        "card_id": 0,
        "chara_id": 1026,
        "cutin_category": 2,
        "extension_sec": 11666,
        "extension_sec_long": 11666,
        "id": 55
    },
    {
        "card_id": 102301,
        "chara_id": 0,
        "cutin_category": 3,
        "extension_sec": 12333,
        "extension_sec_long": 88333,
        "id": 56
    },
    {
        "card_id": 0,
        "chara_id": 1023,
        "cutin_category": 2,
        "extension_sec": 11666,
        "extension_sec_long": 11666,
        "id": 57
    },
    {
        "card_id": 100302,
        "chara_id": 0,
        "cutin_category": 3,
        "extension_sec": 24000,
        "extension_sec_long": 94666,
        "id": 58
    },
    {
        "card_id": 101302,
        "chara_id": 0,
        "cutin_category": 3,
        "extension_sec": 27000,
        "extension_sec_long": 94666,
        "id": 59
    },
    {
        "card_id": 103801,
        "chara_id": 0,
        "cutin_category": 3,
        "extension_sec": 23000,
        "extension_sec_long": 94666,
        "id": 60
    },
    {
        "card_id": 0,
        "chara_id": 1038,
        "cutin_category": 2,
        "extension_sec": 11666,
        "extension_sec_long": 11666,
        "id": 61
    },
    {
        "card_id": 105001,
        "chara_id": 0,
        "cutin_category": 3,
        "extension_sec": 23000,
        "extension_sec_long": 107000,
        "id": 62
    },
    {
        "card_id": 0,
        "chara_id": 1050,
        "cutin_category": 2,
        "extension_sec": 11666,
        "extension_sec_long": 11666,
        "id": 63
    },
    {
        "card_id": 104601,
        "chara_id": 0,
        "cutin_category": 3,
        "extension_sec": 24333,
        "extension_sec_long": 99666,
        "id": 64
    },
    {
        "card_id": 0,
        "chara_id": 1046,
        "cutin_category": 2,
        "extension_sec": 11666,
        "extension_sec_long": 11666,
        "id": 65
    },
    {
        "card_id": 101601,
        "chara_id": 0,
        "cutin_category": 3,
        "extension_sec": 30666,
        "extension_sec_long": 92000,
        "id": 66
    },
    {
        "card_id": 0,
        "chara_id": 1016,
        "cutin_category": 2,
        "extension_sec": 11666,
        "extension_sec_long": 11666,
        "id": 67
    },
    {
        "card_id": 0,
        "chara_id": 1020,
        "cutin_category": 2,
        "extension_sec": 11666,
        "extension_sec_long": 11666,
        "id": 71
    },
    {
        "card_id": 0,
        "chara_id": 1012,
        "cutin_category": 2,
        "extension_sec": 11666,
        "extension_sec_long": 11666,
        "id": 73
    },
    {
        "card_id": 0,
        "chara_id": 1005,
        "cutin_category": 2,
        "extension_sec": 11666,
        "extension_sec_long": 11666,
        "id": 77
    },
    {
        "card_id": 0,
        "chara_id": 1040,
        "cutin_category": 2,
        "extension_sec": 11666,
        "extension_sec_long": 11666,
        "id": 79
    },
    {
        "card_id": 0,
        "chara_id": 1058,
        "cutin_category": 2,
        "extension_sec": 11666,
        "extension_sec_long": 11666,
        "id": 83
    },
    {
        "card_id": 0,
        "chara_id": 1037,
        "cutin_category": 2,
        "extension_sec": 11666,
        "extension_sec_long": 11666,
        "id": 85
    }
]