[
    {
        "id": 0,
        "proper_rate": 0
    },
    {
        "id": 1,
        "proper_rate": 1000
    },
    {
        "id": 2,
        "proper_rate": 2000
    },
    {
        "id": 3,
        "proper_rate": 4000
    },
    {
        "id": 4,
        "proper_rate": 6000
    },
    {
        "id": 5,
        "proper_rate": 7500
    },
    {
        "id": 6,
        "proper_rate": 8500
    },
    {
        "id": 7,
        "proper_rate": 10000
    },
    {
        "id": 8,
        "proper_rate": 11000
    }
]