[
    {
        "course_set_status_id": 1,
        "target_status_1": 1,
        "target_status_2": 0
    },
    {
        "course_set_status_id": 2,
        "target_status_1": 2,
        "target_status_2": 0
    },
    {
        "course_set_status_id": 3,
        "target_status_1": 3,
        "target_status_2": 0
    },
    {
        "course_set_status_id": 4,
        "target_status_1": 4,
        "target_status_2": 0
    },
    {
        "course_set_status_id": 5,
        "target_status_1": 5,
        "target_status_2": 0
    },
    {
        "course_set_status_id": 6,
        "target_status_1": 1,
        "target_status_2": 2
    },
    {
        "course_set_status_id": 7,
        "target_status_1": 2,
        "target_status_2": 3
    },
    {
        "course_set_status_id": 8,
        "target_status_1": 2,
        "target_status_2": 4
    },
    {
        "course_set_status_id": 9,
        "target_status_1": 3,
        "target_status_2": 5
    }
]