[
    {
        "bib_color": 0,
        "font_color": 2,
        "grade": 100,
        "race_id": 1004
    },
    {
        "bib_color": 0,
        "font_color": 2,
        "grade": 100,
        "race_id": 1005
    },
    {
        "bib_color": 0,
        "font_color": 1,
        "grade": 100,
        "race_id": 1006
    },
    {
        "bib_color": 0,
        "font_color": 2,
        "grade": 100,
        "race_id": 1009
    },
    {
        "bib_color": 4,
        "font_color": 0,
        "grade": 100,
        "race_id": 1010
    },
    {
        "bib_color": 0,
        "font_color": 2,
        "grade": 100,
        "race_id": 1015
    },
    {
        "bib_color": 0,
        "font_color": 1,
        "grade": 100,
        "race_id": 0
    },
    {
        "bib_color": 1,
        "font_color": 1,
        "grade": 200,
        "race_id": 0
    },
    {
        "bib_color": 2,
        "font_color": 1,
        "grade": 300,
        "race_id": 0
    },
    {
        "bib_color": 3,
        "font_color": 2,
        "grade": 400,
        "race_id": 4096
    },
    {
        "bib_color": 3,
        "font_color": 2,
        "grade": 400,
        "race_id": 4099
    },
    {
        "bib_color": 3,
        "font_color": 2,
        "grade": 400,
        "race_id": 4002
    },
    {
        "bib_color": 3,
        "font_color": 2,
        "grade": 400,
        "race_id": 4007
    },
    {
        "bib_color": 3,
        "font_color": 2,
        "grade": 400,
        "race_id": 4009
    },
    {
        "bib_color": 3,
        "font_color": 2,
        "grade": 400,
        "race_id": 4012
    },
    {
        "bib_color": 3,
        "font_color": 2,
        "grade": 400,
        "race_id": 4014
    },
    {
        "bib_color": 3,
        "font_color": 2,
        "grade": 400,
        "race_id": 4018
    },
    {
        "bib_color": 3,
        "font_color": 2,
        "grade": 400,
        "race_id": 4032
    },
    {
        "bib_color": 3,
        "font_color": 2,
        "grade": 400,
        "race_id": 4020
    },
    {
        "bib_color": 3,
        "font_color": 2,
        "grade": 400,
        "race_id": 4024
    },
    {
        "bib_color": 3,
        "font_color": 2,
        "grade": 400,
        "race_id": 4027
    },
    {
        "bib_color": 3,
        "font_color": 2,
        "grade": 400,
        "race_id": 4035
    },
    {
        "bib_color": 3,
        "font_color": 2,
        "grade": 400,
        "race_id": 4043
    },
    {
        "bib_color": 3,
        "font_color": 2,
        "grade": 400,
        "race_id": 4045
    },
    {
        "bib_color": 3,
        "font_color": 2,
        "grade": 400,
        "race_id": 4039
    },
    {
        "bib_color": 3,
        "font_color": 2,
        "grade": 400,
        "race_id": 4054
    },
    {
        "bib_color": 3,
        "font_color": 2,
        "grade": 400,
        "race_id": 4056
    },
    {
        "bib_color": 3,
        "font_color": 2,
        "grade": 400,
        "race_id": 4006
    },
    {
        "bib_color": 3,
        "font_color": 2,
        "grade": 400,
        "race_id": 4003
    },
    {
        "bib_color": 3,
        "font_color": 2,
        "grade": 400,
        "race_id": 4008
    },
    {
        "bib_color": 3,
        "font_color": 2,
        "grade": 400,
        "race_id": 4011
    },
    {
        "bib_color": 3,
        "font_color": 2,
        "grade": 400,
        "race_id": 4015
    },
    {
        "bib_color": 3,
        "font_color": 2,
        "grade": 400,
        "race_id": 4023
    },
    {
        "bib_color": 3,
        "font_color": 2,
        "grade": 400,
        "race_id": 4021
    },
    {
        "bib_color": 3,
        "font_color": 2,
        "grade": 400,
        "race_id": 4026
    },
    {
        "bib_color": 3,
        "font_color": 2,
        "grade": 400,
        "race_id": 4030
    },
    {
        "bib_color": 3,
        "font_color": 2,
        "grade": 400,
        "race_id": 4031
    },
    {
        "bib_color": 3,
        "font_color": 2,
        "grade": 400,
        "race_id": 4037
    },
    {
        "bib_color": 3,
        "font_color": 2,
        "grade": 400,
        "race_id": 4036
    },
    {
        "bib_color": 3,
        "font_color": 2,
        "grade": 400,
        "race_id": 4038
    },
    {
        "bib_color": 3,
        "font_color": 2,
        "grade": 400,
        "race_id": 4040
    },
    {
        "bib_color": 3,
        "font_color": 2,
        "grade": 400,
        "race_id": 4046
    },
    {
        "bib_color": 3,
        "font_color": 2,
        "grade": 400,
        "race_id": 4048
    },
    {
        "bib_color": 3,
        "font_color": 2,
        "grade": 400,
        "race_id": 4044
    },
    {
        "bib_color": 3,
        "font_color": 2,
        "grade": 400,
        "race_id": 4049
    },
    {
        "bib_color": 3,
        "font_color": 2,
        "grade": 400,
        "race_id": 4051
    },
    {
        "bib_color": 3,
        "font_color": 2,
        "grade": 400,
        "race_id": 4058
    },
    {
        "bib_color": 3,
        "font_color": 2,
        "grade": 400,
        "race_id": 4061
    },
    {
        "bib_color": 3,
        "font_color": 2,
        "grade": 400,
        "race_id": 4062
    },
    {
        "bib_color": 3,
        "font_color": 2,
        "grade": 400,
        "race_id": 4063
    },
    {
        "bib_color": 3,
        "font_color": 2,
        "grade": 400,
        "race_id": 4066
    },
    {
        "bib_color": 3,
        "font_color": 2,
        "grade": 400,
        "race_id": 4071
    },
    {
        "bib_color": 3,
        "font_color": 2,
        "grade": 400,
        "race_id": 4079
    },
    {
        "bib_color": 3,
        "font_color": 2,
        "grade": 400,
        "race_id": 4081
    },
    {
        "bib_color": 3,
        "font_color": 2,
        "grade": 400,
        "race_id": 4084
    },
    {
        "bib_color": 3,
        "font_color": 2,
        "grade": 400,
        "race_id": 4090
    },
    {
        "bib_color": 3,
        "font_color": 2,
        "grade": 400,
        "race_id": 4091
    },
    {
        "bib_color": 3,
        "font_color": 2,
        "grade": 400,
        "race_id": 4092
    },
    {
        "bib_color": 3,
        "font_color": 2,
        "grade": 400,
        "race_id": 4094
    },
    {
        "bib_color": 3,
        "font_color": 2,
        "grade": 400,
        "race_id": 4095
    },
    {
        "bib_color": 3,
        "font_color": 2,
        "grade": 400,
        "race_id": 4098
    },
    {
        "bib_color": 3,
        "font_color": 2,
        "grade": 400,
        "race_id": 4100
    },
    {
        "bib_color": 3,
        "font_color": 2,
        "grade": 400,
        "race_id": 4101
    },
    {
        "bib_color": 3,
        "font_color": 2,
        "grade": 400,
        "race_id": 4102
    },
    {
        "bib_color": 3,
        "font_color": 2,
        "grade": 400,
        "race_id": 4104
    },
    {
        "bib_color": 3,
        "font_color": 2,
        "grade": 400,
        "race_id": 4106
    },
    {
        "bib_color": 3,
        "font_color": 2,
        "grade": 400,
        "race_id": 4107
    },
    {
        "bib_color": 3,
        "font_color": 2,
        "grade": 400,
        "race_id": 4109
    },
    {
        "bib_color": 3,
        "font_color": 2,
        "grade": 400,
        "race_id": 4110
    },
    {
        "bib_color": 3,
        "font_color": 2,
        "grade": 400,
        "race_id": 4111
    },
    {
        "bib_color": 3,
        "font_color": 2,
        "grade": 400,
        "race_id": 4113
    },
    {
        "bib_color": 3,
        "font_color": 2,
        "grade": 400,
        "race_id": 4116
    },
    {
        "bib_color": 3,
        "font_color": 1,
        "grade": 400,
        "race_id": 0
    },
    {
        "bib_color": 3,
        "font_color": 1,
        "grade": 700,
        "race_id": 0
    },
    {
        "bib_color": 4,
        "font_color": 0,
        "grade": 0,
        "race_id": 0
    }
]