[
    {
        "id": 0,
        "proper_rate": 0
    },
    {
        "id": 1,
        "proper_rate": 1000
    },
    {
        "id": 2,
        "proper_rate": 3000
    },
    {
        "id": 3,
        "proper_rate": 5000
    },
    {
        "id": 4,
        "proper_rate": 7000
    },
    {
        "id": 5,
        "proper_rate": 8000
    },
    {
        "id": 6,
        "proper_rate": 9000
    },
    {
        "id": 7,
        "proper_rate": 10000
    },
    {
        "id": 8,
        "proper_rate": 10500
    }
]