[
    {
        "end_date": "06-26 23:59:59",
        "id": 1,
        "priority": 1,
        "season": 1,
        "start_date": "04-21 00:00:00",
        "type": 1
    },
    {
        "end_date": "09-17 23:59:59",
        "id": 2,
        "priority": 1,
        "season": 2,
        "start_date": "06-27 00:00:00",
        "type": 1
    },
    {
        "end_date": "11-30 23:59:59",
        "id": 3,
        "priority": 1,
        "season": 3,
        "start_date": "09-18 00:00:00",
        "type": 1
    },
    {
        "end_date": "02-28 23:59:59",
        "id": 4,
        "priority": 1,
        "season": 4,
        "start_date": "12-01 00:00:00",
        "type": 1
    },
    {
        "end_date": "03-19 23:59:59",
        "id": 5,
        "priority": 1,
        "season": 1,
        "start_date": "03-01 00:00:00",
        "type": 1
    },
    {
        "end_date": "04-20 23:59:59",
        "id": 6,
        "priority": 1,
        "season": 5,
        "start_date": "03-20 00:00:00",
        "type": 1
    },
    {
        "end_date": "05-31 23:59:59",
        "id": 7,
        "priority": 1,
        "season": 1,
        "start_date": "04-21 00:00:00",
        "type": 2
    },
    {
        "end_date": "09-30 23:59:59",
        "id": 8,
        "priority": 1,
        "season": 2,
        "start_date": "06-01 00:00:00",
        "type": 2
    },
    {
        "end_date": "11-30 23:59:59",
        "id": 9,
        "priority": 1,
        "season": 3,
        "start_date": "10-01 00:00:00",
        "type": 2
    },
    {
        "end_date": "03-19 23:59:59",
        "id": 10,
        "priority": 1,
        "season": 4,
        "start_date": "12-01 00:00:00",
        "type": 2
    },
    {
        "end_date": "04-20 23:59:59",
        "id": 11,
        "priority": 1,
        "season": 5,
        "start_date": "03-20 00:00:00",
        "type": 2
    },
    {
        "end_date": "06-30 23:59:59",
        "id": 12,
        "priority": 1,
        "season": 1,
        "start_date": "04-21 00:00:00",
        "type": 3
    },
    {
        "end_date": "09-30 23:59:59",
        "id": 13,
        "priority": 1,
        "season": 2,
        "start_date": "07-01 00:00:00",
        "type": 3
    },
    {
        "end_date": "11-30 23:59:59",
        "id": 14,
        "priority": 1,
        "season": 3,
        "start_date": "10-01 00:00:00",
        "type": 3
    },
    {
        "end_date": "03-19 23:59:59",
        "id": 15,
        "priority": 1,
        "season": 4,
        "start_date": "12-01 00:00:00",
        "type": 3
    },
    {
        "end_date": "04-20 23:59:59",
        "id": 16,
        "priority": 2,
        "season": 5,
        "start_date": "03-20 00:00:00",
        "type": 3
    },
    {
        "end_date": "09-30 23:59:59",
        "id": 22,
        "priority": 1,
        "season": 2,
        "start_date": "06-01 00:00:00",
        "type": 5
    },
    {
        "end_date": "05-31 23:59:59",
        "id": 23,
        "priority": 1,
        "season": 4,
        "start_date": "10-01 00:00:00",
        "type": 5
    },
    {
        "end_date": "06-30 23:59:59",
        "id": 24,
        "priority": 1,
        "season": 1,
        "start_date": "03-20 00:00:00",
        "type": 6
    },
    {
        "end_date": "09-30 23:59:59",
        "id": 25,
        "priority": 1,
        "season": 2,
        "start_date": "07-01 00:00:00",
        "type": 6
    },
    {
        "end_date": "11-30 23:59:59",
        "id": 26,
        "priority": 1,
        "season": 3,
        "start_date": "10-01 00:00:00",
        "type": 6
    },
    {
        "end_date": "03-19 23:59:59",
        "id": 27,
        "priority": 1,
        "season": 4,
        "start_date": "12-01 00:00:00",
        "type": 6
    },
    {
        "end_date": "01-01 23:59:59",
        "id": 28,
        "priority": 2,
        "season": 5,
        "start_date": "01-01 00:00:00",
        "type": 6
    },
    {
        "end_date": "02-14 23:59:59",
        "id": 29,
        "priority": 2,
        "season": 6,
        "start_date": "02-14 00:00:00",
        "type": 6
    },
    {
        "end_date": "07-07 23:59:59",
        "id": 30,
        "priority": 2,
        "season": 7,
        "start_date": "07-07 00:00:00",
        "type": 6
    },
    {
        "end_date": "10-31 23:59:59",
        "id": 31,
        "priority": 2,
        "season": 8,
        "start_date": "10-31 00:00:00",
        "type": 6
    },
    {
        "end_date": "12-25 23:59:59",
        "id": 32,
        "priority": 2,
        "season": 9,
        "start_date": "12-24 00:00:00",
        "type": 6
    },
    {
        "end_date": "12-31 23:59:59",
        "id": 33,
        "priority": 2,
        "season": 10,
        "start_date": "12-28 00:00:00",
        "type": 6
    }
]