[
    {
        "condition_type": 1,
        "condition_value_1": 0,
        "id": 1,
        "scene": 1,
        "sort": 1,
        "story_id": 1
    },
    {
        "condition_type": 1,
        "condition_value_1": 0,
        "id": 2,
        "scene": 2,
        "sort": 1,
        "story_id": 2
    },
    {
        "condition_type": 2,
        "condition_value_1": 50,
        "id": 3,
        "scene": 2,
        "sort": 2,
        "story_id": 3
    },
    {
        "condition_type": 2,
        "condition_value_1": 100,
        "id": 4,
        "scene": 2,
        "sort": 3,
        "story_id": 4
    },
    {
        "condition_type": 3,
        "condition_value_1": 10000,
        "id": 5,
        "scene": 2,
        "sort": 4,
        "story_id": 5
    },
    {
        "condition_type": 1,
        "condition_value_1": 0,
        "id": 6,
        "scene": 3,
        "sort": 1,
        "story_id": 6
    },
    {
        "condition_type": 1,
        "condition_value_1": 0,
        "id": 7,
        "scene": 4,
        "sort": 1,
        "story_id": 7
    }
]