[
    {
        "character_type": 1,
        "id": 1,
        "motion_type": 3,
        "popularity": 0,
        "priority": 1,
        "proper_distance": 4,
        "proper_ground": 4,
        "rate": 9990000,
        "year": 0
    },
    {
        "character_type": 1,
        "id": 2,
        "motion_type": 3,
        "popularity": 0,
        "priority": 2,
        "proper_distance": 0,
        "proper_ground": 4,
        "rate": 9990000,
        "year": 0
    },
    {
        "character_type": 1,
        "id": 3,
        "motion_type": 3,
        "popularity": 0,
        "priority": 3,
        "proper_distance": 4,
        "proper_ground": 0,
        "rate": 9990000,
        "year": 0
    },
    {
        "character_type": 1,
        "id": 4,
        "motion_type": 0,
        "popularity": 1,
        "priority": 0,
        "proper_distance": 0,
        "proper_ground": 0,
        "rate": 50000,
        "year": 0
    },
    {
        "character_type": 1,
        "id": 5,
        "motion_type": 0,
        "popularity": 1,
        "priority": 0,
        "proper_distance": 0,
        "proper_ground": 0,
        "rate": 250000,
        "year": 0
    },
    {
        "character_type": 1,
        "id": 6,
        "motion_type": 0,
        "popularity": 2,
        "priority": 0,
        "proper_distance": 0,
        "proper_ground": 0,
        "rate": 150000,
        "year": 0
    },
    {
        "character_type": 1,
        "id": 7,
        "motion_type": 0,
        "popularity": 1,
        "priority": 0,
        "proper_distance": 0,
        "proper_ground": 0,
        "rate": 150000,
        "year": 0
    },
    {
        "character_type": 1,
        "id": 8,
        "motion_type": 0,
        "popularity": 2,
        "priority": 0,
        "proper_distance": 0,
        "proper_ground": 0,
        "rate": 150000,
        "year": 0
    },
    {
        "character_type": 1,
        "id": 9,
        "motion_type": 0,
        "popularity": 1,
        "priority": 0,
        "proper_distance": 0,
        "proper_ground": 0,
        "rate": 150000,
        "year": 0
    },
    {
        "character_type": 1,
        "id": 10,
        "motion_type": 1,
        "popularity": 2,
        "priority": 0,
        "proper_distance": 0,
        "proper_ground": 0,
        "rate": 250000,
        "year": 0
    },
    {
        "character_type": 1,
        "id": 11,
        "motion_type": 1,
        "popularity": 2,
        "priority": 0,
        "proper_distance": 0,
        "proper_ground": 0,
        "rate": 50000,
        "year": 0
    },
    {
        "character_type": 1,
        "id": 12,
        "motion_type": 1,
        "popularity": 2,
        "priority": 0,
        "proper_distance": 0,
        "proper_ground": 0,
        "rate": 250000,
        "year": 0
    },
    {
        "character_type": 1,
        "id": 13,
        "motion_type": 1,
        "popularity": 3,
        "priority": 0,
        "proper_distance": 0,
        "proper_ground": 0,
        "rate": 150000,
        "year": 0
    },
    {
        "character_type": 1,
        "id": 14,
        "motion_type": 1,
        "popularity": 2,
        "priority": 0,
        "proper_distance": 0,
        "proper_ground": 0,
        "rate": 150000,
        "year": 3
    },
    {
        "character_type": 1,
        "id": 15,
        "motion_type": 1,
        "popularity": 3,
        "priority": 0,
        "proper_distance": 0,
        "proper_ground": 0,
        "rate": 250000,
        "year": 0
    },
    {
        "character_type": 1,
        "id": 16,
        "motion_type": 1,
        "popularity": 3,
        "priority": 0,
        "proper_distance": 0,
        "proper_ground": 0,
        "rate": 50000,
        "year": 0
    },
    {
        "character_type": 1,
        "id": 17,
        "motion_type": 1,
        "popularity": 3,
        "priority": 0,
        "proper_distance": 0,
        "proper_ground": 0,
        "rate": 200000,
        "year": 0
    },
    {
        "character_type": 1,
        "id": 18,
        "motion_type": 1,
        "popularity": 4,
        "priority": 0,
        "proper_distance": 0,
        "proper_ground": 0,
        "rate": 150000,
        "year": 0
    },
    {
        "character_type": 1,
        "id": 19,
        "motion_type": 1,
        "popularity": 5,
        "priority": 0,
        "proper_distance": 0,
        "proper_ground": 0,
        "rate": 200000,
        "year": 0
    },
    {
        "character_type": 1,
        "id": 20,
        "motion_type": 1,
        "popularity": 4,
        "priority": 0,
        "proper_distance": 0,
        "proper_ground": 0,
        "rate": 200000,
        "year": 1
    },
    {
        "character_type": 1,
        "id": 21,
        "motion_type": 1,
        "popularity": 4,
        "priority": 0,
        "proper_distance": 0,
        "proper_ground": 0,
        "rate": 200000,
        "year": 2
    },
    {
        "character_type": 1,
        "id": 22,
        "motion_type": 1,
        "popularity": 5,
        "priority": 0,
        "proper_distance": 0,
        "proper_ground": 0,
        "rate": 150000,
        "year": 1
    },
    {
        "character_type": 1,
        "id": 23,
        "motion_type": 1,
        "popularity": 5,
        "priority": 0,
        "proper_distance": 0,
        "proper_ground": 0,
        "rate": 150000,
        "year": 2
    },
    {
        "character_type": 1,
        "id": 24,
        "motion_type": 1,
        "popularity": 4,
        "priority": 0,
        "proper_distance": 0,
        "proper_ground": 0,
        "rate": 250000,
        "year": 0
    },
    {
        "character_type": 1,
        "id": 25,
        "motion_type": 1,
        "popularity": 5,
        "priority": 0,
        "proper_distance": 0,
        "proper_ground": 0,
        "rate": 150000,
        "year": 0
    },
    {
        "character_type": 1,
        "id": 26,
        "motion_type": 1,
        "popularity": 4,
        "priority": 0,
        "proper_distance": 0,
        "proper_ground": 0,
        "rate": 150000,
        "year": 0
    },
    {
        "character_type": 1,
        "id": 27,
        "motion_type": 1,
        "popularity": 5,
        "priority": 0,
        "proper_distance": 0,
        "proper_ground": 0,
        "rate": 250000,
        "year": 0
    },
    {
        "character_type": 1,
        "id": 28,
        "motion_type": 2,
        "popularity": 6,
        "priority": 0,
        "proper_distance": 0,
        "proper_ground": 0,
        "rate": 250000,
        "year": 0
    },
    {
        "character_type": 1,
        "id": 29,
        "motion_type": 2,
        "popularity": 7,
        "priority": 0,
        "proper_distance": 0,
        "proper_ground": 0,
        "rate": 200000,
        "year": 0
    },
    {
        "character_type": 1,
        "id": 30,
        "motion_type": 2,
        "popularity": 6,
        "priority": 0,
        "proper_distance": 0,
        "proper_ground": 0,
        "rate": 200000,
        "year": 0
    },
    {
        "character_type": 1,
        "id": 31,
        "motion_type": 2,
        "popularity": 7,
        "priority": 0,
        "proper_distance": 0,
        "proper_ground": 0,
        "rate": 200000,
        "year": 0
    },
    {
        "character_type": 1,
        "id": 32,
        "motion_type": 2,
        "popularity": 6,
        "priority": 0,
        "proper_distance": 0,
        "proper_ground": 0,
        "rate": 200000,
        "year": 0
    },
    {
        "character_type": 1,
        "id": 33,
        "motion_type": 2,
        "popularity": 7,
        "priority": 0,
        "proper_distance": 0,
        "proper_ground": 0,
        "rate": 250000,
        "year": 0
    },
    {
        "character_type": 1,
        "id": 34,
        "motion_type": 2,
        "popularity": 8,
        "priority": 0,
        "proper_distance": 0,
        "proper_ground": 0,
        "rate": 200000,
        "year": 0
    },
    {
        "character_type": 1,
        "id": 35,
        "motion_type": 2,
        "popularity": 9,
        "priority": 0,
        "proper_distance": 0,
        "proper_ground": 0,
        "rate": 150000,
        "year": 0
    },
    {
        "character_type": 1,
        "id": 36,
        "motion_type": 2,
        "popularity": 10,
        "priority": 0,
        "proper_distance": 0,
        "proper_ground": 0,
        "rate": 150000,
        "year": 0
    },
    {
        "character_type": 1,
        "id": 37,
        "motion_type": 2,
        "popularity": 8,
        "priority": 0,
        "proper_distance": 0,
        "proper_ground": 0,
        "rate": 200000,
        "year": 0
    },
    {
        "character_type": 1,
        "id": 38,
        "motion_type": 2,
        "popularity": 9,
        "priority": 0,
        "proper_distance": 0,
        "proper_ground": 0,
        "rate": 200000,
        "year": 0
    },
    {
        "character_type": 1,
        "id": 39,
        "motion_type": 2,
        "popularity": 10,
        "priority": 0,
        "proper_distance": 0,
        "proper_ground": 0,
        "rate": 150000,
        "year": 0
    },
    {
        "character_type": 1,
        "id": 40,
        "motion_type": 3,
        "popularity": 11,
        "priority": 0,
        "proper_distance": 0,
        "proper_ground": 0,
        "rate": 200000,
        "year": 0
    },
    {
        "character_type": 1,
        "id": 41,
        "motion_type": 3,
        "popularity": 12,
        "priority": 0,
        "proper_distance": 0,
        "proper_ground": 0,
        "rate": 150000,
        "year": 0
    },
    {
        "character_type": 1,
        "id": 42,
        "motion_type": 3,
        "popularity": 11,
        "priority": 0,
        "proper_distance": 0,
        "proper_ground": 0,
        "rate": 200000,
        "year": 0
    },
    {
        "character_type": 1,
        "id": 43,
        "motion_type": 3,
        "popularity": 12,
        "priority": 0,
        "proper_distance": 0,
        "proper_ground": 0,
        "rate": 200000,
        "year": 0
    },
    {
        "character_type": 1,
        "id": 44,
        "motion_type": 3,
        "popularity": 12,
        "priority": 0,
        "proper_distance": 0,
        "proper_ground": 0,
        "rate": 200000,
        "year": 0
    },
    {
        "character_type": 1,
        "id": 45,
        "motion_type": 3,
        "popularity": 13,
        "priority": 0,
        "proper_distance": 0,
        "proper_ground": 0,
        "rate": 200000,
        "year": 0
    },
    {
        "character_type": 1,
        "id": 46,
        "motion_type": 3,
        "popularity": 12,
        "priority": 0,
        "proper_distance": 0,
        "proper_ground": 0,
        "rate": 250000,
        "year": 0
    },
    {
        "character_type": 1,
        "id": 47,
        "motion_type": 3,
        "popularity": 13,
        "priority": 0,
        "proper_distance": 0,
        "proper_ground": 0,
        "rate": 200000,
        "year": 0
    },
    {
        "character_type": 1,
        "id": 48,
        "motion_type": 3,
        "popularity": 14,
        "priority": 0,
        "proper_distance": 0,
        "proper_ground": 0,
        "rate": 200000,
        "year": 0
    },
    {
        "character_type": 1,
        "id": 49,
        "motion_type": 3,
        "popularity": 14,
        "priority": 0,
        "proper_distance": 0,
        "proper_ground": 0,
        "rate": 100000,
        "year": 0
    },
    {
        "character_type": 1,
        "id": 50,
        "motion_type": 3,
        "popularity": 15,
        "priority": 0,
        "proper_distance": 0,
        "proper_ground": 0,
        "rate": 100000,
        "year": 0
    },
    {
        "character_type": 1,
        "id": 51,
        "motion_type": 3,
        "popularity": 16,
        "priority": 0,
        "proper_distance": 0,
        "proper_ground": 0,
        "rate": 100000,
        "year": 0
    },
    {
        "character_type": 1,
        "id": 52,
        "motion_type": 3,
        "popularity": 17,
        "priority": 0,
        "proper_distance": 0,
        "proper_ground": 0,
        "rate": 100000,
        "year": 0
    },
    {
        "character_type": 1,
        "id": 53,
        "motion_type": 3,
        "popularity": 18,
        "priority": 0,
        "proper_distance": 0,
        "proper_ground": 0,
        "rate": 100000,
        "year": 0
    }
]