[
    {
        "command_id": 101,
        "effect_value": 10,
        "id": 1,
        "result_state": 2,
        "scenario_id": 1,
        "sub_id": 1,
        "target_type": 1
    },
    {
        "command_id": 101,
        "effect_value": 5,
        "id": 2,
        "result_state": 2,
        "scenario_id": 1,
        "sub_id": 1,
        "target_type": 3
    },
    {
        "command_id": 101,
        "effect_value": 2,
        "id": 3,
        "result_state": 2,
        "scenario_id": 1,
        "sub_id": 1,
        "target_type": 30
    },
    {
        "command_id": 101,
        "effect_value": -21,
        "id": 4,
        "result_state": 2,
        "scenario_id": 1,
        "sub_id": 1,
        "target_type": 10
    },
    {
        "command_id": 105,
        "effect_value": 9,
        "id": 5,
        "result_state": 2,
        "scenario_id": 1,
        "sub_id": 1,
        "target_type": 2
    },
    {
        "command_id": 105,
        "effect_value": 4,
        "id": 6,
        "result_state": 2,
        "scenario_id": 1,
        "sub_id": 1,
        "target_type": 4
    },
    {
        "command_id": 105,
        "effect_value": 2,
        "id": 7,
        "result_state": 2,
        "scenario_id": 1,
        "sub_id": 1,
        "target_type": 30
    },
    {
        "command_id": 105,
        "effect_value": -19,
        "id": 8,
        "result_state": 2,
        "scenario_id": 1,
        "sub_id": 1,
        "target_type": 10
    },
    {
        "command_id": 102,
        "effect_value": 5,
        "id": 9,
        "result_state": 2,
        "scenario_id": 1,
        "sub_id": 1,
        "target_type": 2
    },
    {
        "command_id": 102,
        "effect_value": 8,
        "id": 10,
        "result_state": 2,
        "scenario_id": 1,
        "sub_id": 1,
        "target_type": 3
    },
    {
        "command_id": 102,
        "effect_value": 2,
        "id": 11,
        "result_state": 2,
        "scenario_id": 1,
        "sub_id": 1,
        "target_type": 30
    },
    {
        "command_id": 102,
        "effect_value": -20,
        "id": 12,
        "result_state": 2,
        "scenario_id": 1,
        "sub_id": 1,
        "target_type": 10
    },
    {
        "command_id": 103,
        "effect_value": 4,
        "id": 13,
        "result_state": 2,
        "scenario_id": 1,
        "sub_id": 1,
        "target_type": 1
    },
    {
        "command_id": 103,
        "effect_value": 4,
        "id": 14,
        "result_state": 2,
        "scenario_id": 1,
        "sub_id": 1,
        "target_type": 3
    },
    {
        "command_id": 103,
        "effect_value": 8,
        "id": 15,
        "result_state": 2,
        "scenario_id": 1,
        "sub_id": 1,
        "target_type": 4
    },
    {
        "command_id": 103,
        "effect_value": 2,
        "id": 16,
        "result_state": 2,
        "scenario_id": 1,
        "sub_id": 1,
        "target_type": 30
    },
    {
        "command_id": 103,
        "effect_value": -22,
        "id": 17,
        "result_state": 2,
        "scenario_id": 1,
        "sub_id": 1,
        "target_type": 10
    },
    {
        "command_id": 106,
        "effect_value": 5,
        "id": 18,
        "result_state": 1,
        "scenario_id": 1,
        "sub_id": 1,
        "target_type": 10
    },
    {
        "command_id": 106,
        "effect_value": 2,
        "id": 19,
        "result_state": 2,
        "scenario_id": 1,
        "sub_id": 1,
        "target_type": 1
    },
    {
        "command_id": 106,
        "effect_value": 9,
        "id": 20,
        "result_state": 2,
        "scenario_id": 1,
        "sub_id": 1,
        "target_type": 5
    },
    {
        "command_id": 106,
        "effect_value": 4,
        "id": 21,
        "result_state": 2,
        "scenario_id": 1,
        "sub_id": 1,
        "target_type": 30
    },
    {
        "command_id": 106,
        "effect_value": 5,
        "id": 22,
        "result_state": 2,
        "scenario_id": 1,
        "sub_id": 1,
        "target_type": 10
    },
    {
        "command_id": 301,
        "effect_value": 10,
        "id": 23,
        "result_state": 2,
        "scenario_id": 1,
        "sub_id": 1,
        "target_type": 10
    },
    {
        "command_id": 301,
        "effect_value": 1,
        "id": 24,
        "result_state": 2,
        "scenario_id": 1,
        "sub_id": 1,
        "target_type": 20
    },
    {
        "command_id": 302,
        "effect_value": 2,
        "id": 25,
        "result_state": 2,
        "scenario_id": 1,
        "sub_id": 1,
        "target_type": 20
    },
    {
        "command_id": 303,
        "effect_value": 30,
        "id": 26,
        "result_state": 2,
        "scenario_id": 1,
        "sub_id": 1,
        "target_type": 10
    },
    {
        "command_id": 303,
        "effect_value": 1,
        "id": 27,
        "result_state": 2,
        "scenario_id": 1,
        "sub_id": 1,
        "target_type": 20
    },
    {
        "command_id": 303,
        "effect_value": 20,
        "id": 28,
        "result_state": 2,
        "scenario_id": 1,
        "sub_id": 2,
        "target_type": 10
    },
    {
        "command_id": 303,
        "effect_value": 1,
        "id": 29,
        "result_state": 2,
        "scenario_id": 1,
        "sub_id": 2,
        "target_type": 20
    },
    {
        "command_id": 303,
        "effect_value": 10,
        "id": 30,
        "result_state": 2,
        "scenario_id": 1,
        "sub_id": 3,
        "target_type": 10
    },
    {
        "command_id": 303,
        "effect_value": 1,
        "id": 31,
        "result_state": 2,
        "scenario_id": 1,
        "sub_id": 3,
        "target_type": 20
    },
    {
        "command_id": 601,
        "effect_value": 14,
        "id": 32,
        "result_state": 2,
        "scenario_id": 1,
        "sub_id": 1,
        "target_type": 1
    },
    {
        "command_id": 601,
        "effect_value": 7,
        "id": 33,
        "result_state": 2,
        "scenario_id": 1,
        "sub_id": 1,
        "target_type": 3
    },
    {
        "command_id": 601,
        "effect_value": 2,
        "id": 34,
        "result_state": 2,
        "scenario_id": 1,
        "sub_id": 1,
        "target_type": 30
    },
    {
        "command_id": 601,
        "effect_value": -27,
        "id": 35,
        "result_state": 2,
        "scenario_id": 1,
        "sub_id": 1,
        "target_type": 10
    },
    {
        "command_id": 602,
        "effect_value": 13,
        "id": 36,
        "result_state": 2,
        "scenario_id": 1,
        "sub_id": 1,
        "target_type": 2
    },
    {
        "command_id": 602,
        "effect_value": 6,
        "id": 37,
        "result_state": 2,
        "scenario_id": 1,
        "sub_id": 1,
        "target_type": 4
    },
    {
        "command_id": 602,
        "effect_value": 2,
        "id": 38,
        "result_state": 2,
        "scenario_id": 1,
        "sub_id": 1,
        "target_type": 30
    },
    {
        "command_id": 602,
        "effect_value": -25,
        "id": 39,
        "result_state": 2,
        "scenario_id": 1,
        "sub_id": 1,
        "target_type": 10
    },
    {
        "command_id": 603,
        "effect_value": 7,
        "id": 40,
        "result_state": 2,
        "scenario_id": 1,
        "sub_id": 1,
        "target_type": 2
    },
    {
        "command_id": 603,
        "effect_value": 12,
        "id": 41,
        "result_state": 2,
        "scenario_id": 1,
        "sub_id": 1,
        "target_type": 3
    },
    {
        "command_id": 603,
        "effect_value": 2,
        "id": 42,
        "result_state": 2,
        "scenario_id": 1,
        "sub_id": 1,
        "target_type": 30
    },
    {
        "command_id": 603,
        "effect_value": -26,
        "id": 43,
        "result_state": 2,
        "scenario_id": 1,
        "sub_id": 1,
        "target_type": 10
    },
    {
        "command_id": 604,
        "effect_value": 5,
        "id": 44,
        "result_state": 2,
        "scenario_id": 1,
        "sub_id": 1,
        "target_type": 1
    },
    {
        "command_id": 604,
        "effect_value": 5,
        "id": 45,
        "result_state": 2,
        "scenario_id": 1,
        "sub_id": 1,
        "target_type": 3
    },
    {
        "command_id": 604,
        "effect_value": 12,
        "id": 46,
        "result_state": 2,
        "scenario_id": 1,
        "sub_id": 1,
        "target_type": 4
    },
    {
        "command_id": 604,
        "effect_value": 2,
        "id": 47,
        "result_state": 2,
        "scenario_id": 1,
        "sub_id": 1,
        "target_type": 30
    },
    {
        "command_id": 604,
        "effect_value": -28,
        "id": 48,
        "result_state": 2,
        "scenario_id": 1,
        "sub_id": 1,
        "target_type": 10
    },
    {
        "command_id": 605,
        "effect_value": 5,
        "id": 49,
        "result_state": 2,
        "scenario_id": 1,
        "sub_id": 1,
        "target_type": 10
    },
    {
        "command_id": 605,
        "effect_value": 4,
        "id": 50,
        "result_state": 2,
        "scenario_id": 1,
        "sub_id": 1,
        "target_type": 1
    },
    {
        "command_id": 605,
        "effect_value": 13,
        "id": 51,
        "result_state": 2,
        "scenario_id": 1,
        "sub_id": 1,
        "target_type": 5
    },
    {
        "command_id": 605,
        "effect_value": 4,
        "id": 52,
        "result_state": 2,
        "scenario_id": 1,
        "sub_id": 1,
        "target_type": 30
    },
    {
        "command_id": 605,
        "effect_value": 5,
        "id": 54,
        "result_state": 1,
        "scenario_id": 1,
        "sub_id": 1,
        "target_type": 10
    },
    {
        "command_id": 304,
        "effect_value": 40,
        "id": 55,
        "result_state": 2,
        "scenario_id": 1,
        "sub_id": 1,
        "target_type": 10
    },
    {
        "command_id": 304,
        "effect_value": 1,
        "id": 56,
        "result_state": 2,
        "scenario_id": 1,
        "sub_id": 1,
        "target_type": 20
    },
    {
        "command_id": 101,
        "effect_value": 8,
        "id": 57,
        "result_state": 2,
        "scenario_id": 2,
        "sub_id": 1,
        "target_type": 1
    },
    {
        "command_id": 101,
        "effect_value": 4,
        "id": 58,
        "result_state": 2,
        "scenario_id": 2,
        "sub_id": 1,
        "target_type": 3
    },
    {
        "command_id": 101,
        "effect_value": 2,
        "id": 59,
        "result_state": 2,
        "scenario_id": 2,
        "sub_id": 1,
        "target_type": 30
    },
    {
        "command_id": 101,
        "effect_value": -19,
        "id": 60,
        "result_state": 2,
        "scenario_id": 2,
        "sub_id": 1,
        "target_type": 10
    },
    {
        "command_id": 105,
        "effect_value": 7,
        "id": 61,
        "result_state": 2,
        "scenario_id": 2,
        "sub_id": 1,
        "target_type": 2
    },
    {
        "command_id": 105,
        "effect_value": 3,
        "id": 62,
        "result_state": 2,
        "scenario_id": 2,
        "sub_id": 1,
        "target_type": 4
    },
    {
        "command_id": 105,
        "effect_value": 2,
        "id": 63,
        "result_state": 2,
        "scenario_id": 2,
        "sub_id": 1,
        "target_type": 30
    },
    {
        "command_id": 105,
        "effect_value": -17,
        "id": 64,
        "result_state": 2,
        "scenario_id": 2,
        "sub_id": 1,
        "target_type": 10
    },
    {
        "command_id": 102,
        "effect_value": 4,
        "id": 65,
        "result_state": 2,
        "scenario_id": 2,
        "sub_id": 1,
        "target_type": 2
    },
    {
        "command_id": 102,
        "effect_value": 6,
        "id": 66,
        "result_state": 2,
        "scenario_id": 2,
        "sub_id": 1,
        "target_type": 3
    },
    {
        "command_id": 102,
        "effect_value": 2,
        "id": 67,
        "result_state": 2,
        "scenario_id": 2,
        "sub_id": 1,
        "target_type": 30
    },
    {
        "command_id": 102,
        "effect_value": -18,
        "id": 68,
        "result_state": 2,
        "scenario_id": 2,
        "sub_id": 1,
        "target_type": 10
    },
    {
        "command_id": 103,
        "effect_value": 3,
        "id": 69,
        "result_state": 2,
        "scenario_id": 2,
        "sub_id": 1,
        "target_type": 1
    },
    {
        "command_id": 103,
        "effect_value": 3,
        "id": 70,
        "result_state": 2,
        "scenario_id": 2,
        "sub_id": 1,
        "target_type": 3
    },
    {
        "command_id": 103,
        "effect_value": 6,
        "id": 71,
        "result_state": 2,
        "scenario_id": 2,
        "sub_id": 1,
        "target_type": 4
    },
    {
        "command_id": 103,
        "effect_value": 2,
        "id": 72,
        "result_state": 2,
        "scenario_id": 2,
        "sub_id": 1,
        "target_type": 30
    },
    {
        "command_id": 103,
        "effect_value": -20,
        "id": 73,
        "result_state": 2,
        "scenario_id": 2,
        "sub_id": 1,
        "target_type": 10
    },
    {
        "command_id": 106,
        "effect_value": 5,
        "id": 74,
        "result_state": 1,
        "scenario_id": 2,
        "sub_id": 1,
        "target_type": 10
    },
    {
        "command_id": 106,
        "effect_value": 2,
        "id": 75,
        "result_state": 2,
        "scenario_id": 2,
        "sub_id": 1,
        "target_type": 1
    },
    {
        "command_id": 106,
        "effect_value": 6,
        "id": 76,
        "result_state": 2,
        "scenario_id": 2,
        "sub_id": 1,
        "target_type": 5
    },
    {
        "command_id": 106,
        "effect_value": 3,
        "id": 77,
        "result_state": 2,
        "scenario_id": 2,
        "sub_id": 1,
        "target_type": 30
    },
    {
        "command_id": 106,
        "effect_value": 5,
        "id": 78,
        "result_state": 2,
        "scenario_id": 2,
        "sub_id": 1,
        "target_type": 10
    },
    {
        "command_id": 301,
        "effect_value": 10,
        "id": 79,
        "result_state": 2,
        "scenario_id": 2,
        "sub_id": 1,
        "target_type": 10
    },
    {
        "command_id": 301,
        "effect_value": 1,
        "id": 80,
        "result_state": 2,
        "scenario_id": 2,
        "sub_id": 1,
        "target_type": 20
    },
    {
        "command_id": 302,
        "effect_value": 2,
        "id": 81,
        "result_state": 2,
        "scenario_id": 2,
        "sub_id": 1,
        "target_type": 20
    },
    {
        "command_id": 303,
        "effect_value": 30,
        "id": 82,
        "result_state": 2,
        "scenario_id": 2,
        "sub_id": 1,
        "target_type": 10
    },
    {
        "command_id": 303,
        "effect_value": 1,
        "id": 83,
        "result_state": 2,
        "scenario_id": 2,
        "sub_id": 1,
        "target_type": 20
    },
    {
        "command_id": 303,
        "effect_value": 20,
        "id": 84,
        "result_state": 2,
        "scenario_id": 2,
        "sub_id": 2,
        "target_type": 10
    },
    {
        "command_id": 303,
        "effect_value": 1,
        "id": 85,
        "result_state": 2,
        "scenario_id": 2,
        "sub_id": 2,
        "target_type": 20
    },
    {
        "command_id": 303,
        "effect_value": 10,
        "id": 86,
        "result_state": 2,
        "scenario_id": 2,
        "sub_id": 3,
        "target_type": 10
    },
    {
        "command_id": 303,
        "effect_value": 1,
        "id": 87,
        "result_state": 2,
        "scenario_id": 2,
        "sub_id": 3,
        "target_type": 20
    },
    {
        "command_id": 601,
        "effect_value": 12,
        "id": 88,
        "result_state": 2,
        "scenario_id": 2,
        "sub_id": 1,
        "target_type": 1
    },
    {
        "command_id": 601,
        "effect_value": 6,
        "id": 89,
        "result_state": 2,
        "scenario_id": 2,
        "sub_id": 1,
        "target_type": 3
    },
    {
        "command_id": 601,
        "effect_value": 2,
        "id": 90,
        "result_state": 2,
        "scenario_id": 2,
        "sub_id": 1,
        "target_type": 30
    },
    {
        "command_id": 601,
        "effect_value": -25,
        "id": 91,
        "result_state": 2,
        "scenario_id": 2,
        "sub_id": 1,
        "target_type": 10
    },
    {
        "command_id": 602,
        "effect_value": 11,
        "id": 92,
        "result_state": 2,
        "scenario_id": 2,
        "sub_id": 1,
        "target_type": 2
    },
    {
        "command_id": 602,
        "effect_value": 5,
        "id": 93,
        "result_state": 2,
        "scenario_id": 2,
        "sub_id": 1,
        "target_type": 4
    },
    {
        "command_id": 602,
        "effect_value": 2,
        "id": 94,
        "result_state": 2,
        "scenario_id": 2,
        "sub_id": 1,
        "target_type": 30
    },
    {
        "command_id": 602,
        "effect_value": -23,
        "id": 95,
        "result_state": 2,
        "scenario_id": 2,
        "sub_id": 1,
        "target_type": 10
    },
    {
        "command_id": 603,
        "effect_value": 6,
        "id": 96,
        "result_state": 2,
        "scenario_id": 2,
        "sub_id": 1,
        "target_type": 2
    },
    {
        "command_id": 603,
        "effect_value": 10,
        "id": 97,
        "result_state": 2,
        "scenario_id": 2,
        "sub_id": 1,
        "target_type": 3
    },
    {
        "command_id": 603,
        "effect_value": 2,
        "id": 98,
        "result_state": 2,
        "scenario_id": 2,
        "sub_id": 1,
        "target_type": 30
    },
    {
        "command_id": 603,
        "effect_value": -24,
        "id": 99,
        "result_state": 2,
        "scenario_id": 2,
        "sub_id": 1,
        "target_type": 10
    },
    {
        "command_id": 604,
        "effect_value": 4,
        "id": 100,
        "result_state": 2,
        "scenario_id": 2,
        "sub_id": 1,
        "target_type": 1
    },
    {
        "command_id": 604,
        "effect_value": 4,
        "id": 101,
        "result_state": 2,
        "scenario_id": 2,
        "sub_id": 1,
        "target_type": 3
    },
    {
        "command_id": 604,
        "effect_value": 10,
        "id": 102,
        "result_state": 2,
        "scenario_id": 2,
        "sub_id": 1,
        "target_type": 4
    },
    {
        "command_id": 604,
        "effect_value": 2,
        "id": 103,
        "result_state": 2,
        "scenario_id": 2,
        "sub_id": 1,
        "target_type": 30
    },
    {
        "command_id": 604,
        "effect_value": -26,
        "id": 104,
        "result_state": 2,
        "scenario_id": 2,
        "sub_id": 1,
        "target_type": 10
    },
    {
        "command_id": 605,
        "effect_value": 5,
        "id": 105,
        "result_state": 2,
        "scenario_id": 2,
        "sub_id": 1,
        "target_type": 10
    },
    {
        "command_id": 605,
        "effect_value": 4,
        "id": 106,
        "result_state": 2,
        "scenario_id": 2,
        "sub_id": 1,
        "target_type": 1
    },
    {
        "command_id": 605,
        "effect_value": 10,
        "id": 107,
        "result_state": 2,
        "scenario_id": 2,
        "sub_id": 1,
        "target_type": 5
    },
    {
        "command_id": 605,
        "effect_value": 3,
        "id": 108,
        "result_state": 2,
        "scenario_id": 2,
        "sub_id": 1,
        "target_type": 30
    },
    {
        "command_id": 605,
        "effect_value": 5,
        "id": 109,
        "result_state": 1,
        "scenario_id": 2,
        "sub_id": 1,
        "target_type": 10
    },
    {
        "command_id": 304,
        "effect_value": 40,
        "id": 110,
        "result_state": 2,
        "scenario_id": 2,
        "sub_id": 1,
        "target_type": 10
    },
    {
        "command_id": 304,
        "effect_value": 1,
        "id": 111,
        "result_state": 2,
        "scenario_id": 2,
        "sub_id": 1,
        "target_type": 20
    }
]