[
    {
        "chara_id": 1001,
        "id": 1,
        "program_group": 100
    },
    {
        "chara_id": 1002,
        "id": 2,
        "program_group": 100
    },
    {
        "chara_id": 1003,
        "id": 3,
        "program_group": 100
    },
    {
        "chara_id": 1004,
        "id": 4,
        "program_group": 100
    },
    {
        "chara_id": 1005,
        "id": 5,
        "program_group": 100
    },
    {
        "chara_id": 1006,
        "id": 6,
        "program_group": 100
    },
    {
        "chara_id": 1007,
        "id": 7,
        "program_group": 100
    },
    {
        "chara_id": 1008,
        "id": 8,
        "program_group": 100
    },
    {
        "chara_id": 1009,
        "id": 9,
        "program_group": 100
    },
    {
        "chara_id": 1010,
        "id": 10,
        "program_group": 100
    },
    {
        "chara_id": 1011,
        "id": 11,
        "program_group": 100
    },
    {
        "chara_id": 1012,
        "id": 12,
        "program_group": 100
    },
    {
        "chara_id": 1014,
        "id": 13,
        "program_group": 100
    },
    {
        "chara_id": 1015,
        "id": 14,
        "program_group": 100
    },
    {
        "chara_id": 1016,
        "id": 15,
        "program_group": 100
    },
    {
        "chara_id": 1017,
        "id": 16,
        "program_group": 100
    },
    {
        "chara_id": 1018,
        "id": 17,
        "program_group": 100
    },
    {
        "chara_id": 1019,
        "id": 18,
        "program_group": 100
    },
    {
        "chara_id": 1020,
        "id": 19,
        "program_group": 100
    },
    {
        "chara_id": 1021,
        "id": 20,
        "program_group": 100
    },
    {
        "chara_id": 1022,
        "id": 21,
        "program_group": 100
    },
    {
        "chara_id": 1023,
        "id": 22,
        "program_group": 100
    },
    {
        "chara_id": 1024,
        "id": 23,
        "program_group": 100
    },
    {
        "chara_id": 1025,
        "id": 24,
        "program_group": 100
    },
    {
        "chara_id": 1026,
        "id": 25,
        "program_group": 100
    },
    {
        "chara_id": 1028,
        "id": 26,
        "program_group": 100
    },
    {
        "chara_id": 1029,
        "id": 27,
        "program_group": 100
    },
    {
        "chara_id": 1031,
        "id": 28,
        "program_group": 100
    },
    {
        "chara_id": 1032,
        "id": 29,
        "program_group": 100
    },
    {
        "chara_id": 1033,
        "id": 30,
        "program_group": 100
    },
    {
        "chara_id": 1034,
        "id": 31,
        "program_group": 100
    },
    {
        "chara_id": 1035,
        "id": 32,
        "program_group": 100
    },
    {
        "chara_id": 1036,
        "id": 33,
        "program_group": 100
    },
    {
        "chara_id": 1037,
        "id": 34,
        "program_group": 100
    },
    {
        "chara_id": 1038,
        "id": 35,
        "program_group": 100
    },
    {
        "chara_id": 1039,
        "id": 36,
        "program_group": 100
    },
    {
        "chara_id": 1040,
        "id": 37,
        "program_group": 100
    },
    {
        "chara_id": 1041,
        "id": 38,
        "program_group": 100
    },
    {
        "chara_id": 1042,
        "id": 39,
        "program_group": 100
    },
    {
        "chara_id": 1043,
        "id": 40,
        "program_group": 100
    },
    {
        "chara_id": 1044,
        "id": 41,
        "program_group": 100
    },
    {
        "chara_id": 1045,
        "id": 42,
        "program_group": 100
    },
    {
        "chara_id": 1046,
        "id": 43,
        "program_group": 100
    },
    {
        "chara_id": 1047,
        "id": 44,
        "program_group": 100
    },
    {
        "chara_id": 1048,
        "id": 45,
        "program_group": 100
    },
    {
        "chara_id": 1049,
        "id": 46,
        "program_group": 100
    },
    {
        "chara_id": 1050,
        "id": 47,
        "program_group": 100
    },
    {
        "chara_id": 1051,
        "id": 48,
        "program_group": 100
    },
    {
        "chara_id": 1052,
        "id": 49,
        "program_group": 100
    },
    {
        "chara_id": 1053,
        "id": 50,
        "program_group": 100
    },
    {
        "chara_id": 1054,
        "id": 51,
        "program_group": 100
    },
    {
        "chara_id": 1055,
        "id": 52,
        "program_group": 100
    },
    {
        "chara_id": 1056,
        "id": 53,
        "program_group": 100
    },
    {
        "chara_id": 1057,
        "id": 54,
        "program_group": 100
    },
    {
        "chara_id": 1058,
        "id": 55,
        "program_group": 100
    },
    {
        "chara_id": 1059,
        "id": 56,
        "program_group": 100
    },
    {
        "chara_id": 1060,
        "id": 57,
        "program_group": 100
    },
    {
        "chara_id": 1061,
        "id": 58,
        "program_group": 100
    },
    {
        "chara_id": 1013,
        "id": 59,
        "program_group": 102
    },
    {
        "chara_id": 1013,
        "id": 60,
        "program_group": 101
    },
    {
        "chara_id": 1027,
        "id": 61,
        "program_group": 102
    },
    {
        "chara_id": 1027,
        "id": 62,
        "program_group": 101
    },
    {
        "chara_id": 1030,
        "id": 63,
        "program_group": 102
    },
    {
        "chara_id": 1030,
        "id": 64,
        "program_group": 101
    },
    {
        "chara_id": 1001,
        "id": 65,
        "program_group": 200
    },
    {
        "chara_id": 1002,
        "id": 66,
        "program_group": 200
    },
    {
        "chara_id": 1003,
        "id": 67,
        "program_group": 200
    },
    {
        "chara_id": 1004,
        "id": 68,
        "program_group": 200
    },
    {
        "chara_id": 1005,
        "id": 69,
        "program_group": 200
    },
    {
        "chara_id": 1006,
        "id": 70,
        "program_group": 200
    },
    {
        "chara_id": 1007,
        "id": 71,
        "program_group": 200
    },
    {
        "chara_id": 1008,
        "id": 72,
        "program_group": 200
    },
    {
        "chara_id": 1009,
        "id": 73,
        "program_group": 200
    },
    {
        "chara_id": 1010,
        "id": 74,
        "program_group": 200
    },
    {
        "chara_id": 1011,
        "id": 75,
        "program_group": 200
    },
    {
        "chara_id": 1012,
        "id": 76,
        "program_group": 200
    },
    {
        "chara_id": 1013,
        "id": 77,
        "program_group": 200
    },
    {
        "chara_id": 1014,
        "id": 78,
        "program_group": 200
    },
    {
        "chara_id": 1015,
        "id": 79,
        "program_group": 200
    },
    {
        "chara_id": 1016,
        "id": 80,
        "program_group": 200
    },
    {
        "chara_id": 1017,
        "id": 81,
        "program_group": 200
    },
    {
        "chara_id": 1018,
        "id": 82,
        "program_group": 200
    },
    {
        "chara_id": 1019,
        "id": 83,
        "program_group": 200
    },
    {
        "chara_id": 1020,
        "id": 84,
        "program_group": 200
    },
    {
        "chara_id": 1021,
        "id": 85,
        "program_group": 200
    },
    {
        "chara_id": 1022,
        "id": 86,
        "program_group": 200
    },
    {
        "chara_id": 1023,
        "id": 87,
        "program_group": 200
    },
    {
        "chara_id": 1024,
        "id": 88,
        "program_group": 200
    },
    {
        "chara_id": 1025,
        "id": 89,
        "program_group": 200
    },
    {
        "chara_id": 1026,
        "id": 90,
        "program_group": 200
    },
    {
        "chara_id": 1027,
        "id": 91,
        "program_group": 200
    },
    {
        "chara_id": 1028,
        "id": 92,
        "program_group": 200
    },
    {
        "chara_id": 1029,
        "id": 93,
        "program_group": 200
    },
    {
        "chara_id": 1030,
        "id": 94,
        "program_group": 200
    },
    {
        "chara_id": 1031,
        "id": 95,
        "program_group": 200
    },
    {
        "chara_id": 1032,
        "id": 96,
        "program_group": 200
    },
    {
        "chara_id": 1033,
        "id": 97,
        "program_group": 200
    },
    {
        "chara_id": 1034,
        "id": 98,
        "program_group": 200
    },
    {
        "chara_id": 1035,
        "id": 99,
        "program_group": 200
    },
    {
        "chara_id": 1036,
        "id": 100,
        "program_group": 200
    },
    {
        "chara_id": 1037,
        "id": 101,
        "program_group": 200
    },
    {
        "chara_id": 1038,
        "id": 102,
        "program_group": 200
    },
    {
        "chara_id": 1039,
        "id": 103,
        "program_group": 200
    },
    {
        "chara_id": 1040,
        "id": 104,
        "program_group": 200
    },
    {
        "chara_id": 1041,
        "id": 105,
        "program_group": 200
    },
    {
        "chara_id": 1042,
        "id": 106,
        "program_group": 200
    },
    {
        "chara_id": 1043,
        "id": 107,
        "program_group": 200
    },
    {
        "chara_id": 1044,
        "id": 108,
        "program_group": 200
    },
    {
        "chara_id": 1045,
        "id": 109,
        "program_group": 200
    },
    {
        "chara_id": 1046,
        "id": 110,
        "program_group": 200
    },
    {
        "chara_id": 1047,
        "id": 111,
        "program_group": 200
    },
    {
        "chara_id": 1048,
        "id": 112,
        "program_group": 200
    },
    {
        "chara_id": 1049,
        "id": 113,
        "program_group": 200
    },
    {
        "chara_id": 1050,
        "id": 114,
        "program_group": 200
    },
    {
        "chara_id": 1051,
        "id": 115,
        "program_group": 200
    },
    {
        "chara_id": 1052,
        "id": 116,
        "program_group": 200
    },
    {
        "chara_id": 1053,
        "id": 117,
        "program_group": 200
    },
    {
        "chara_id": 1054,
        "id": 118,
        "program_group": 200
    },
    {
        "chara_id": 1055,
        "id": 119,
        "program_group": 200
    },
    {
        "chara_id": 1056,
        "id": 120,
        "program_group": 200
    },
    {
        "chara_id": 1057,
        "id": 121,
        "program_group": 200
    },
    {
        "chara_id": 1058,
        "id": 122,
        "program_group": 200
    },
    {
        "chara_id": 1059,
        "id": 123,
        "program_group": 200
    },
    {
        "chara_id": 1061,
        "id": 124,
        "program_group": 200
    },
    {
        "chara_id": 1060,
        "id": 125,
        "program_group": 201
    },
    {
        "chara_id": 1001,
        "id": 126,
        "program_group": 300
    },
    {
        "chara_id": 1002,
        "id": 127,
        "program_group": 300
    },
    {
        "chara_id": 1003,
        "id": 128,
        "program_group": 300
    },
    {
        "chara_id": 1005,
        "id": 129,
        "program_group": 300
    },
    {
        "chara_id": 1006,
        "id": 130,
        "program_group": 300
    },
    {
        "chara_id": 1007,
        "id": 131,
        "program_group": 300
    },
    {
        "chara_id": 1008,
        "id": 132,
        "program_group": 300
    },
    {
        "chara_id": 1009,
        "id": 133,
        "program_group": 300
    },
    {
        "chara_id": 1010,
        "id": 134,
        "program_group": 300
    },
    {
        "chara_id": 1011,
        "id": 135,
        "program_group": 300
    },
    {
        "chara_id": 1012,
        "id": 136,
        "program_group": 300
    },
    {
        "chara_id": 1013,
        "id": 137,
        "program_group": 300
    },
    {
        "chara_id": 1014,
        "id": 138,
        "program_group": 300
    },
    {
        "chara_id": 1015,
        "id": 139,
        "program_group": 300
    },
    {
        "chara_id": 1016,
        "id": 140,
        "program_group": 300
    },
    {
        "chara_id": 1017,
        "id": 141,
        "program_group": 300
    },
    {
        "chara_id": 1018,
        "id": 142,
        "program_group": 300
    },
    {
        "chara_id": 1019,
        "id": 143,
        "program_group": 300
    },
    {
        "chara_id": 1020,
        "id": 144,
        "program_group": 300
    },
    {
        "chara_id": 1021,
        "id": 145,
        "program_group": 300
    },
    {
        "chara_id": 1022,
        "id": 146,
        "program_group": 300
    },
    {
        "chara_id": 1023,
        "id": 147,
        "program_group": 300
    },
    {
        "chara_id": 1024,
        "id": 148,
        "program_group": 300
    },
    {
        "chara_id": 1025,
        "id": 149,
        "program_group": 300
    },
    {
        "chara_id": 1026,
        "id": 150,
        "program_group": 300
    },
    {
        "chara_id": 1027,
        "id": 151,
        "program_group": 300
    },
    {
        "chara_id": 1028,
        "id": 152,
        "program_group": 300
    },
    {
        "chara_id": 1029,
        "id": 153,
        "program_group": 300
    },
    {
        "chara_id": 1030,
        "id": 154,
        "program_group": 300
    },
    {
        "chara_id": 1031,
        "id": 155,
        "program_group": 300
    },
    {
        "chara_id": 1032,
        "id": 156,
        "program_group": 300
    },
    {
        "chara_id": 1033,
        "id": 157,
        "program_group": 300
    },
    {
        "chara_id": 1034,
        "id": 158,
        "program_group": 300
    },
    {
        "chara_id": 1035,
        "id": 159,
        "program_group": 300
    },
    {
        "chara_id": 1036,
        "id": 160,
        "program_group": 300
    },
    {
        "chara_id": 1037,
        "id": 161,
        "program_group": 300
    },
    {
        "chara_id": 1038,
        "id": 162,
        "program_group": 300
    },
    {
        "chara_id": 1039,
        "id": 163,
        "program_group": 300
    },
    {
        "chara_id": 1040,
        "id": 164,
        "program_group": 300
    },
    {
        "chara_id": 1041,
        "id": 165,
        "program_group": 300
    },
    {
        "chara_id": 1042,
        "id": 166,
        "program_group": 300
    },
    {
        "chara_id": 1043,
        "id": 167,
        "program_group": 300
    },
    {
        "chara_id": 1044,
        "id": 168,
        "program_group": 300
    },
    {
        "chara_id": 1045,
        "id": 169,
        "program_group": 300
    },
    {
        "chara_id": 1046,
        "id": 170,
        "program_group": 300
    },
    {
        "chara_id": 1047,
        "id": 171,
        "program_group": 300
    },
    {
        "chara_id": 1048,
        "id": 172,
        "program_group": 300
    },
    {
        "chara_id": 1049,
        "id": 173,
        "program_group": 300
    },
    {
        "chara_id": 1050,
        "id": 174,
        "program_group": 300
    },
    {
        "chara_id": 1051,
        "id": 175,
        "program_group": 300
    },
    {
        "chara_id": 1052,
        "id": 176,
        "program_group": 300
    },
    {
        "chara_id": 1053,
        "id": 177,
        "program_group": 300
    },
    {
        "chara_id": 1054,
        "id": 178,
        "program_group": 300
    },
    {
        "chara_id": 1055,
        "id": 179,
        "program_group": 300
    },
    {
        "chara_id": 1056,
        "id": 180,
        "program_group": 300
    },
    {
        "chara_id": 1057,
        "id": 181,
        "program_group": 300
    },
    {
        "chara_id": 1058,
        "id": 182,
        "program_group": 300
    },
    {
        "chara_id": 1059,
        "id": 183,
        "program_group": 300
    },
    {
        "chara_id": 1060,
        "id": 184,
        "program_group": 300
    },
    {
        "chara_id": 1061,
        "id": 185,
        "program_group": 300
    },
    {
        "chara_id": 1004,
        "id": 186,
        "program_group": 301
    },
    {
        "chara_id": 1003,
        "id": 187,
        "program_group": 1001
    },
    {
        "chara_id": 1004,
        "id": 188,
        "program_group": 1002
    },
    {
        "chara_id": 1041,
        "id": 189,
        "program_group": 1002
    },
    {
        "chara_id": 1011,
        "id": 190,
        "program_group": 1003
    },
    {
        "chara_id": 1035,
        "id": 191,
        "program_group": 1004
    },
    {
        "chara_id": 1061,
        "id": 192,
        "program_group": 1005
    },
    {
        "chara_id": 1008,
        "id": 193,
        "program_group": 1005
    },
    {
        "chara_id": 1009,
        "id": 194,
        "program_group": 1006
    },
    {
        "chara_id": 1024,
        "id": 195,
        "program_group": 1006
    },
    {
        "chara_id": 1060,
        "id": 196,
        "program_group": 1006
    },
    {
        "chara_id": 1017,
        "id": 197,
        "program_group": 1007
    },
    {
        "chara_id": 1030,
        "id": 198,
        "program_group": 1007
    },
    {
        "chara_id": 1007,
        "id": 199,
        "program_group": 1008
    },
    {
        "chara_id": 1018,
        "id": 200,
        "program_group": 1008
    },
    {
        "chara_id": 1052,
        "id": 201,
        "program_group": 1009
    },
    {
        "chara_id": 1010,
        "id": 202,
        "program_group": 1010
    },
    {
        "chara_id": 1014,
        "id": 203,
        "program_group": 1010
    },
    {
        "chara_id": 1027,
        "id": 204,
        "program_group": 1011
    },
    {
        "chara_id": 1006,
        "id": 205,
        "program_group": 1012
    },
    {
        "chara_id": 1001,
        "id": 206,
        "program_group": 1013
    },
    {
        "chara_id": 1002,
        "id": 207,
        "program_group": 1013
    },
    {
        "chara_id": 1013,
        "id": 208,
        "program_group": 1013
    },
    {
        "chara_id": 1032,
        "id": 209,
        "program_group": 1013
    },
    {
        "chara_id": 1045,
        "id": 210,
        "program_group": 1013
    },
    {
        "chara_id": 1056,
        "id": 211,
        "program_group": 1013
    },
    {
        "chara_id": 1015,
        "id": 212,
        "program_group": 1006
    },
    {
        "chara_id": 1026,
        "id": 213,
        "program_group": 1026
    },
    {
        "chara_id": 1023,
        "id": 214,
        "program_group": 1012
    },
    {
        "chara_id": 1001,
        "id": 215,
        "program_group": 400
    },
    {
        "chara_id": 1002,
        "id": 216,
        "program_group": 400
    },
    {
        "chara_id": 1003,
        "id": 217,
        "program_group": 400
    },
    {
        "chara_id": 1004,
        "id": 218,
        "program_group": 400
    },
    {
        "chara_id": 1005,
        "id": 219,
        "program_group": 400
    },
    {
        "chara_id": 1006,
        "id": 220,
        "program_group": 400
    },
    {
        "chara_id": 1007,
        "id": 221,
        "program_group": 400
    },
    {
        "chara_id": 1008,
        "id": 222,
        "program_group": 400
    },
    {
        "chara_id": 1009,
        "id": 223,
        "program_group": 400
    },
    {
        "chara_id": 1010,
        "id": 224,
        "program_group": 400
    },
    {
        "chara_id": 1011,
        "id": 225,
        "program_group": 400
    },
    {
        "chara_id": 1012,
        "id": 226,
        "program_group": 400
    },
    {
        "chara_id": 1013,
        "id": 227,
        "program_group": 400
    },
    {
        "chara_id": 1014,
        "id": 228,
        "program_group": 400
    },
    {
        "chara_id": 1015,
        "id": 229,
        "program_group": 400
    },
    {
        "chara_id": 1016,
        "id": 230,
        "program_group": 402
    },
    {
        "chara_id": 1017,
        "id": 231,
        "program_group": 400
    },
    {
        "chara_id": 1018,
        "id": 232,
        "program_group": 400
    },
    {
        "chara_id": 1019,
        "id": 233,
        "program_group": 400
    },
    {
        "chara_id": 1020,
        "id": 234,
        "program_group": 400
    },
    {
        "chara_id": 1021,
        "id": 235,
        "program_group": 400
    },
    {
        "chara_id": 1022,
        "id": 236,
        "program_group": 400
    },
    {
        "chara_id": 1024,
        "id": 237,
        "program_group": 400
    },
    {
        "chara_id": 1025,
        "id": 238,
        "program_group": 400
    },
    {
        "chara_id": 1026,
        "id": 239,
        "program_group": 400
    },
    {
        "chara_id": 1027,
        "id": 240,
        "program_group": 400
    },
    {
        "chara_id": 1028,
        "id": 241,
        "program_group": 400
    },
    {
        "chara_id": 1029,
        "id": 242,
        "program_group": 400
    },
    {
        "chara_id": 1030,
        "id": 243,
        "program_group": 400
    },
    {
        "chara_id": 1031,
        "id": 244,
        "program_group": 400
    },
    {
        "chara_id": 1032,
        "id": 245,
        "program_group": 400
    },
    {
        "chara_id": 1033,
        "id": 246,
        "program_group": 400
    },
    {
        "chara_id": 1034,
        "id": 247,
        "program_group": 400
    },
    {
        "chara_id": 1035,
        "id": 248,
        "program_group": 400
    },
    {
        "chara_id": 1036,
        "id": 249,
        "program_group": 400
    },
    {
        "chara_id": 1037,
        "id": 250,
        "program_group": 400
    },
    {
        "chara_id": 1038,
        "id": 251,
        "program_group": 400
    },
    {
        "chara_id": 1039,
        "id": 252,
        "program_group": 400
    },
    {
        "chara_id": 1040,
        "id": 253,
        "program_group": 400
    },
    {
        "chara_id": 1041,
        "id": 254,
        "program_group": 400
    },
    {
        "chara_id": 1042,
        "id": 255,
        "program_group": 400
    },
    {
        "chara_id": 1043,
        "id": 256,
        "program_group": 400
    },
    {
        "chara_id": 1044,
        "id": 257,
        "program_group": 400
    },
    {
        "chara_id": 1045,
        "id": 258,
        "program_group": 400
    },
    {
        "chara_id": 1046,
        "id": 259,
        "program_group": 400
    },
    {
        "chara_id": 1047,
        "id": 260,
        "program_group": 400
    },
    {
        "chara_id": 1048,
        "id": 261,
        "program_group": 400
    },
    {
        "chara_id": 1049,
        "id": 262,
        "program_group": 400
    },
    {
        "chara_id": 1050,
        "id": 263,
        "program_group": 401
    },
    {
        "chara_id": 1051,
        "id": 264,
        "program_group": 400
    },
    {
        "chara_id": 1052,
        "id": 265,
        "program_group": 400
    },
    {
        "chara_id": 1053,
        "id": 266,
        "program_group": 400
    },
    {
        "chara_id": 1054,
        "id": 267,
        "program_group": 400
    },
    {
        "chara_id": 1055,
        "id": 268,
        "program_group": 400
    },
    {
        "chara_id": 1056,
        "id": 269,
        "program_group": 400
    },
    {
        "chara_id": 1057,
        "id": 270,
        "program_group": 400
    },
    {
        "chara_id": 1058,
        "id": 271,
        "program_group": 400
    },
    {
        "chara_id": 1059,
        "id": 272,
        "program_group": 400
    },
    {
        "chara_id": 1060,
        "id": 273,
        "program_group": 400
    },
    {
        "chara_id": 1061,
        "id": 274,
        "program_group": 400
    },
    {
        "chara_id": 1023,
        "id": 275,
        "program_group": 401
    },
    {
        "chara_id": 1038,
        "id": 276,
        "program_group": 1038
    },
    {
        "chara_id": 1050,
        "id": 277,
        "program_group": 1008
    },
    {
        "chara_id": 1046,
        "id": 278,
        "program_group": 1010
    },
    {
        "chara_id": 1016,
        "id": 279,
        "program_group": 1016
    },
    {
        "chara_id": 1016,
        "id": 280,
        "program_group": 403
    },
    {
        "chara_id": 1001,
        "id": 281,
        "program_group": 500
    },
    {
        "chara_id": 1002,
        "id": 282,
        "program_group": 500
    },
    {
        "chara_id": 1003,
        "id": 283,
        "program_group": 500
    },
    {
        "chara_id": 1004,
        "id": 284,
        "program_group": 500
    },
    {
        "chara_id": 1005,
        "id": 285,
        "program_group": 500
    },
    {
        "chara_id": 1006,
        "id": 286,
        "program_group": 500
    },
    {
        "chara_id": 1007,
        "id": 287,
        "program_group": 500
    },
    {
        "chara_id": 1008,
        "id": 288,
        "program_group": 500
    },
    {
        "chara_id": 1009,
        "id": 289,
        "program_group": 500
    },
    {
        "chara_id": 1010,
        "id": 290,
        "program_group": 500
    },
    {
        "chara_id": 1011,
        "id": 291,
        "program_group": 500
    },
    {
        "chara_id": 1012,
        "id": 292,
        "program_group": 500
    },
    {
        "chara_id": 1013,
        "id": 293,
        "program_group": 500
    },
    {
        "chara_id": 1014,
        "id": 294,
        "program_group": 500
    },
    {
        "chara_id": 1015,
        "id": 295,
        "program_group": 500
    },
    {
        "chara_id": 1016,
        "id": 296,
        "program_group": 501
    },
    {
        "chara_id": 1016,
        "id": 297,
        "program_group": 502
    },
    {
        "chara_id": 1016,
        "id": 298,
        "program_group": 503
    },
    {
        "chara_id": 1017,
        "id": 299,
        "program_group": 500
    },
    {
        "chara_id": 1018,
        "id": 300,
        "program_group": 500
    },
    {
        "chara_id": 1019,
        "id": 301,
        "program_group": 500
    },
    {
        "chara_id": 1020,
        "id": 302,
        "program_group": 500
    },
    {
        "chara_id": 1021,
        "id": 303,
        "program_group": 500
    },
    {
        "chara_id": 1022,
        "id": 304,
        "program_group": 500
    },
    {
        "chara_id": 1023,
        "id": 305,
        "program_group": 500
    },
    {
        "chara_id": 1024,
        "id": 306,
        "program_group": 500
    },
    {
        "chara_id": 1025,
        "id": 307,
        "program_group": 500
    },
    {
        "chara_id": 1026,
        "id": 308,
        "program_group": 500
    },
    {
        "chara_id": 1027,
        "id": 309,
        "program_group": 500
    },
    {
        "chara_id": 1028,
        "id": 310,
        "program_group": 500
    },
    {
        "chara_id": 1029,
        "id": 311,
        "program_group": 500
    },
    {
        "chara_id": 1030,
        "id": 312,
        "program_group": 500
    },
    {
        "chara_id": 1031,
        "id": 313,
        "program_group": 500
    },
    {
        "chara_id": 1032,
        "id": 314,
        "program_group": 500
    },
    {
        "chara_id": 1033,
        "id": 315,
        "program_group": 500
    },
    {
        "chara_id": 1034,
        "id": 316,
        "program_group": 500
    },
    {
        "chara_id": 1035,
        "id": 317,
        "program_group": 500
    },
    {
        "chara_id": 1036,
        "id": 318,
        "program_group": 500
    },
    {
        "chara_id": 1037,
        "id": 319,
        "program_group": 500
    },
    {
        "chara_id": 1038,
        "id": 320,
        "program_group": 500
    },
    {
        "chara_id": 1039,
        "id": 321,
        "program_group": 500
    },
    {
        "chara_id": 1040,
        "id": 322,
        "program_group": 500
    },
    {
        "chara_id": 1041,
        "id": 323,
        "program_group": 500
    },
    {
        "chara_id": 1042,
        "id": 324,
        "program_group": 500
    },
    {
        "chara_id": 1043,
        "id": 325,
        "program_group": 500
    },
    {
        "chara_id": 1044,
        "id": 326,
        "program_group": 500
    },
    {
        "chara_id": 1045,
        "id": 327,
        "program_group": 500
    },
    {
        "chara_id": 1046,
        "id": 328,
        "program_group": 500
    },
    {
        "chara_id": 1047,
        "id": 329,
        "program_group": 500
    },
    {
        "chara_id": 1048,
        "id": 330,
        "program_group": 500
    },
    {
        "chara_id": 1049,
        "id": 331,
        "program_group": 500
    },
    {
        "chara_id": 1050,
        "id": 332,
        "program_group": 500
    },
    {
        "chara_id": 1051,
        "id": 333,
        "program_group": 500
    },
    {
        "chara_id": 1052,
        "id": 334,
        "program_group": 500
    },
    {
        "chara_id": 1053,
        "id": 335,
        "program_group": 500
    },
    {
        "chara_id": 1054,
        "id": 336,
        "program_group": 500
    },
    {
        "chara_id": 1055,
        "id": 337,
        "program_group": 500
    },
    {
        "chara_id": 1056,
        "id": 338,
        "program_group": 500
    },
    {
        "chara_id": 1057,
        "id": 339,
        "program_group": 500
    },
    {
        "chara_id": 1058,
        "id": 340,
        "program_group": 500
    },
    {
        "chara_id": 1059,
        "id": 341,
        "program_group": 500
    },
    {
        "chara_id": 1060,
        "id": 342,
        "program_group": 500
    },
    {
        "chara_id": 1061,
        "id": 343,
        "program_group": 500
    },
    {
        "chara_id": 1001,
        "id": 344,
        "program_group": 600
    },
    {
        "chara_id": 1002,
        "id": 345,
        "program_group": 600
    },
    {
        "chara_id": 1003,
        "id": 346,
        "program_group": 600
    },
    {
        "chara_id": 1004,
        "id": 347,
        "program_group": 600
    },
    {
        "chara_id": 1005,
        "id": 348,
        "program_group": 600
    },
    {
        "chara_id": 1006,
        "id": 349,
        "program_group": 600
    },
    {
        "chara_id": 1007,
        "id": 350,
        "program_group": 600
    },
    {
        "chara_id": 1008,
        "id": 351,
        "program_group": 600
    },
    {
        "chara_id": 1009,
        "id": 352,
        "program_group": 600
    },
    {
        "chara_id": 1010,
        "id": 353,
        "program_group": 600
    },
    {
        "chara_id": 1011,
        "id": 354,
        "program_group": 600
    },
    {
        "chara_id": 1012,
        "id": 355,
        "program_group": 600
    },
    {
        "chara_id": 1013,
        "id": 356,
        "program_group": 600
    },
    {
        "chara_id": 1014,
        "id": 357,
        "program_group": 600
    },
    {
        "chara_id": 1015,
        "id": 358,
        "program_group": 600
    },
    {
        "chara_id": 1016,
        "id": 359,
        "program_group": 601
    },
    {
        "chara_id": 1016,
        "id": 360,
        "program_group": 602
    },
    {
        "chara_id": 1016,
        "id": 361,
        "program_group": 603
    },
    {
        "chara_id": 1017,
        "id": 362,
        "program_group": 600
    },
    {
        "chara_id": 1018,
        "id": 363,
        "program_group": 600
    },
    {
        "chara_id": 1019,
        "id": 364,
        "program_group": 600
    },
    {
        "chara_id": 1020,
        "id": 365,
        "program_group": 600
    },
    {
        "chara_id": 1021,
        "id": 366,
        "program_group": 600
    },
    {
        "chara_id": 1022,
        "id": 367,
        "program_group": 600
    },
    {
        "chara_id": 1023,
        "id": 368,
        "program_group": 600
    },
    {
        "chara_id": 1024,
        "id": 369,
        "program_group": 600
    },
    {
        "chara_id": 1025,
        "id": 370,
        "program_group": 600
    },
    {
        "chara_id": 1026,
        "id": 371,
        "program_group": 600
    },
    {
        "chara_id": 1027,
        "id": 372,
        "program_group": 600
    },
    {
        "chara_id": 1028,
        "id": 373,
        "program_group": 600
    },
    {
        "chara_id": 1029,
        "id": 374,
        "program_group": 600
    },
    {
        "chara_id": 1030,
        "id": 375,
        "program_group": 600
    },
    {
        "chara_id": 1031,
        "id": 376,
        "program_group": 600
    },
    {
        "chara_id": 1032,
        "id": 377,
        "program_group": 600
    },
    {
        "chara_id": 1033,
        "id": 378,
        "program_group": 600
    },
    {
        "chara_id": 1034,
        "id": 379,
        "program_group": 600
    },
    {
        "chara_id": 1035,
        "id": 380,
        "program_group": 600
    },
    {
        "chara_id": 1036,
        "id": 381,
        "program_group": 600
    },
    {
        "chara_id": 1037,
        "id": 382,
        "program_group": 600
    },
    {
        "chara_id": 1038,
        "id": 383,
        "program_group": 600
    },
    {
        "chara_id": 1039,
        "id": 384,
        "program_group": 600
    },
    {
        "chara_id": 1040,
        "id": 385,
        "program_group": 600
    },
    {
        "chara_id": 1041,
        "id": 386,
        "program_group": 600
    },
    {
        "chara_id": 1042,
        "id": 387,
        "program_group": 600
    },
    {
        "chara_id": 1043,
        "id": 388,
        "program_group": 600
    },
    {
        "chara_id": 1044,
        "id": 389,
        "program_group": 600
    },
    {
        "chara_id": 1045,
        "id": 390,
        "program_group": 600
    },
    {
        "chara_id": 1046,
        "id": 391,
        "program_group": 600
    },
    {
        "chara_id": 1047,
        "id": 392,
        "program_group": 600
    },
    {
        "chara_id": 1048,
        "id": 393,
        "program_group": 600
    },
    {
        "chara_id": 1049,
        "id": 394,
        "program_group": 600
    },
    {
        "chara_id": 1050,
        "id": 395,
        "program_group": 600
    },
    {
        "chara_id": 1051,
        "id": 396,
        "program_group": 600
    },
    {
        "chara_id": 1052,
        "id": 397,
        "program_group": 600
    },
    {
        "chara_id": 1053,
        "id": 398,
        "program_group": 600
    },
    {
        "chara_id": 1054,
        "id": 399,
        "program_group": 600
    },
    {
        "chara_id": 1055,
        "id": 400,
        "program_group": 600
    },
    {
        "chara_id": 1056,
        "id": 401,
        "program_group": 600
    },
    {
        "chara_id": 1057,
        "id": 402,
        "program_group": 600
    },
    {
        "chara_id": 1058,
        "id": 403,
        "program_group": 600
    },
    {
        "chara_id": 1059,
        "id": 404,
        "program_group": 600
    },
    {
        "chara_id": 1060,
        "id": 405,
        "program_group": 600
    },
    {
        "chara_id": 1061,
        "id": 406,
        "program_group": 600
    },
    {
        "chara_id": 1001,
        "id": 407,
        "program_group": 700
    },
    {
        "chara_id": 1002,
        "id": 408,
        "program_group": 700
    },
    {
        "chara_id": 1003,
        "id": 409,
        "program_group": 700
    },
    {
        "chara_id": 1004,
        "id": 410,
        "program_group": 700
    },
    {
        "chara_id": 1005,
        "id": 411,
        "program_group": 700
    },
    {
        "chara_id": 1006,
        "id": 412,
        "program_group": 700
    },
    {
        "chara_id": 1007,
        "id": 413,
        "program_group": 700
    },
    {
        "chara_id": 1008,
        "id": 414,
        "program_group": 700
    },
    {
        "chara_id": 1009,
        "id": 415,
        "program_group": 700
    },
    {
        "chara_id": 1010,
        "id": 416,
        "program_group": 700
    },
    {
        "chara_id": 1011,
        "id": 417,
        "program_group": 700
    },
    {
        "chara_id": 1012,
        "id": 418,
        "program_group": 700
    },
    {
        "chara_id": 1013,
        "id": 419,
        "program_group": 700
    },
    {
        "chara_id": 1014,
        "id": 420,
        "program_group": 700
    },
    {
        "chara_id": 1015,
        "id": 421,
        "program_group": 700
    },
    {
        "chara_id": 1016,
        "id": 422,
        "program_group": 701
    },
    {
        "chara_id": 1016,
        "id": 423,
        "program_group": 702
    },
    {
        "chara_id": 1016,
        "id": 424,
        "program_group": 703
    },
    {
        "chara_id": 1017,
        "id": 425,
        "program_group": 700
    },
    {
        "chara_id": 1018,
        "id": 426,
        "program_group": 700
    },
    {
        "chara_id": 1019,
        "id": 427,
        "program_group": 700
    },
    {
        "chara_id": 1020,
        "id": 428,
        "program_group": 700
    },
    {
        "chara_id": 1021,
        "id": 429,
        "program_group": 700
    },
    {
        "chara_id": 1022,
        "id": 430,
        "program_group": 700
    },
    {
        "chara_id": 1023,
        "id": 431,
        "program_group": 700
    },
    {
        "chara_id": 1024,
        "id": 432,
        "program_group": 700
    },
    {
        "chara_id": 1025,
        "id": 433,
        "program_group": 700
    },
    {
        "chara_id": 1026,
        "id": 434,
        "program_group": 700
    },
    {
        "chara_id": 1027,
        "id": 435,
        "program_group": 700
    },
    {
        "chara_id": 1028,
        "id": 436,
        "program_group": 700
    },
    {
        "chara_id": 1029,
        "id": 437,
        "program_group": 700
    },
    {
        "chara_id": 1030,
        "id": 438,
        "program_group": 700
    },
    {
        "chara_id": 1031,
        "id": 439,
        "program_group": 700
    },
    {
        "chara_id": 1032,
        "id": 440,
        "program_group": 700
    },
    {
        "chara_id": 1033,
        "id": 441,
        "program_group": 700
    },
    {
        "chara_id": 1034,
        "id": 442,
        "program_group": 700
    },
    {
        "chara_id": 1035,
        "id": 443,
        "program_group": 700
    },
    {
        "chara_id": 1036,
        "id": 444,
        "program_group": 700
    },
    {
        "chara_id": 1037,
        "id": 445,
        "program_group": 700
    },
    {
        "chara_id": 1038,
        "id": 446,
        "program_group": 700
    },
    {
        "chara_id": 1039,
        "id": 447,
        "program_group": 700
    },
    {
        "chara_id": 1040,
        "id": 448,
        "program_group": 700
    },
    {
        "chara_id": 1041,
        "id": 449,
        "program_group": 700
    },
    {
        "chara_id": 1042,
        "id": 450,
        "program_group": 700
    },
    {
        "chara_id": 1043,
        "id": 451,
        "program_group": 700
    },
    {
        "chara_id": 1044,
        "id": 452,
        "program_group": 700
    },
    {
        "chara_id": 1045,
        "id": 453,
        "program_group": 700
    },
    {
        "chara_id": 1046,
        "id": 454,
        "program_group": 700
    },
    {
        "chara_id": 1047,
        "id": 455,
        "program_group": 700
    },
    {
        "chara_id": 1048,
        "id": 456,
        "program_group": 700
    },
    {
        "chara_id": 1049,
        "id": 457,
        "program_group": 700
    },
    {
        "chara_id": 1050,
        "id": 458,
        "program_group": 700
    },
    {
        "chara_id": 1051,
        "id": 459,
        "program_group": 700
    },
    {
        "chara_id": 1052,
        "id": 460,
        "program_group": 700
    },
    {
        "chara_id": 1053,
        "id": 461,
        "program_group": 700
    },
    {
        "chara_id": 1054,
        "id": 462,
        "program_group": 700
    },
    {
        "chara_id": 1055,
        "id": 463,
        "program_group": 700
    },
    {
        "chara_id": 1056,
        "id": 464,
        "program_group": 700
    },
    {
        "chara_id": 1057,
        "id": 465,
        "program_group": 700
    },
    {
        "chara_id": 1058,
        "id": 466,
        "program_group": 700
    },
    {
        "chara_id": 1059,
        "id": 467,
        "program_group": 700
    },
    {
        "chara_id": 1060,
        "id": 468,
        "program_group": 700
    },
    {
        "chara_id": 1061,
        "id": 469,
        "program_group": 700
    },
    {
        "chara_id": 1020,
        "id": 470,
        "program_group": 1004
    },
    {
        "chara_id": 1012,
        "id": 471,
        "program_group": 101201
    },
    {
        "chara_id": 1005,
        "id": 472,
        "program_group": 100501
    },
    {
        "chara_id": 1040,
        "id": 473,
        "program_group": 104001
    },
    {
        "chara_id": 1058,
        "id": 474,
        "program_group": 1006
    },
    {
        "chara_id": 1037,
        "id": 475,
        "program_group": 1013
    },
    {
        "chara_id": 1001,
        "id": 476,
        "program_group": 800
    },
    {
        "chara_id": 1002,
        "id": 477,
        "program_group": 800
    },
    {
        "chara_id": 1003,
        "id": 478,
        "program_group": 800
    },
    {
        "chara_id": 1004,
        "id": 479,
        "program_group": 800
    },
    {
        "chara_id": 1005,
        "id": 480,
        "program_group": 800
    },
    {
        "chara_id": 1006,
        "id": 481,
        "program_group": 800
    },
    {
        "chara_id": 1007,
        "id": 482,
        "program_group": 800
    },
    {
        "chara_id": 1008,
        "id": 483,
        "program_group": 800
    },
    {
        "chara_id": 1009,
        "id": 484,
        "program_group": 800
    },
    {
        "chara_id": 1010,
        "id": 485,
        "program_group": 800
    },
    {
        "chara_id": 1011,
        "id": 486,
        "program_group": 800
    },
    {
        "chara_id": 1012,
        "id": 487,
        "program_group": 800
    },
    {
        "chara_id": 1013,
        "id": 488,
        "program_group": 800
    },
    {
        "chara_id": 1014,
        "id": 489,
        "program_group": 800
    },
    {
        "chara_id": 1015,
        "id": 490,
        "program_group": 800
    },
    {
        "chara_id": 1016,
        "id": 491,
        "program_group": 800
    },
    {
        "chara_id": 1017,
        "id": 492,
        "program_group": 800
    },
    {
        "chara_id": 1018,
        "id": 493,
        "program_group": 800
    },
    {
        "chara_id": 1019,
        "id": 494,
        "program_group": 800
    },
    {
        "chara_id": 1020,
        "id": 495,
        "program_group": 800
    },
    {
        "chara_id": 1021,
        "id": 496,
        "program_group": 800
    },
    {
        "chara_id": 1022,
        "id": 497,
        "program_group": 800
    },
    {
        "chara_id": 1023,
        "id": 498,
        "program_group": 800
    },
    {
        "chara_id": 1024,
        "id": 499,
        "program_group": 800
    },
    {
        "chara_id": 1025,
        "id": 500,
        "program_group": 800
    },
    {
        "chara_id": 1026,
        "id": 501,
        "program_group": 800
    },
    {
        "chara_id": 1027,
        "id": 502,
        "program_group": 800
    },
    {
        "chara_id": 1028,
        "id": 503,
        "program_group": 800
    },
    {
        "chara_id": 1029,
        "id": 504,
        "program_group": 800
    },
    {
        "chara_id": 1030,
        "id": 505,
        "program_group": 800
    },
    {
        "chara_id": 1031,
        "id": 506,
        "program_group": 800
    },
    {
        "chara_id": 1032,
        "id": 507,
        "program_group": 800
    },
    {
        "chara_id": 1033,
        "id": 508,
        "program_group": 800
    },
    {
        "chara_id": 1034,
        "id": 509,
        "program_group": 800
    },
    {
        "chara_id": 1035,
        "id": 510,
        "program_group": 800
    },
    {
        "chara_id": 1036,
        "id": 511,
        "program_group": 800
    },
    {
        "chara_id": 1037,
        "id": 512,
        "program_group": 801
    },
    {
        "chara_id": 1038,
        "id": 513,
        "program_group": 800
    },
    {
        "chara_id": 1039,
        "id": 514,
        "program_group": 800
    },
    {
        "chara_id": 1040,
        "id": 515,
        "program_group": 800
    },
    {
        "chara_id": 1041,
        "id": 516,
        "program_group": 800
    },
    {
        "chara_id": 1042,
        "id": 517,
        "program_group": 800
    },
    {
        "chara_id": 1043,
        "id": 518,
        "program_group": 800
    },
    {
        "chara_id": 1044,
        "id": 519,
        "program_group": 800
    },
    {
        "chara_id": 1045,
        "id": 520,
        "program_group": 800
    },
    {
        "chara_id": 1046,
        "id": 521,
        "program_group": 800
    },
    {
        "chara_id": 1047,
        "id": 522,
        "program_group": 800
    },
    {
        "chara_id": 1048,
        "id": 523,
        "program_group": 800
    },
    {
        "chara_id": 1049,
        "id": 524,
        "program_group": 800
    },
    {
        "chara_id": 1050,
        "id": 525,
        "program_group": 800
    },
    {
        "chara_id": 1051,
        "id": 526,
        "program_group": 800
    },
    {
        "chara_id": 1052,
        "id": 527,
        "program_group": 800
    },
    {
        "chara_id": 1053,
        "id": 528,
        "program_group": 800
    },
    {
        "chara_id": 1054,
        "id": 529,
        "program_group": 800
    },
    {
        "chara_id": 1055,
        "id": 530,
        "program_group": 800
    },
    {
        "chara_id": 1056,
        "id": 531,
        "program_group": 800
    },
    {
        "chara_id": 1057,
        "id": 532,
        "program_group": 800
    },
    {
        "chara_id": 1058,
        "id": 533,
        "program_group": 800
    },
    {
        "chara_id": 1059,
        "id": 534,
        "program_group": 800
    },
    {
        "chara_id": 1060,
        "id": 535,
        "program_group": 800
    },
    {
        "chara_id": 1061,
        "id": 536,
        "program_group": 800
    }
]