[
    {
        "character_type": 1,
        "emergent": 0,
        "id": 1,
        "priority": 42,
        "status_type_1": 6,
        "status_type_2": 7,
        "status_value_1_1": 100,
        "status_value_1_2": 0,
        "status_value_2_1": 5,
        "status_value_2_2": 0
    },
    {
        "character_type": 1,
        "emergent": 0,
        "id": 2,
        "priority": 41,
        "status_type_1": 6,
        "status_type_2": 7,
        "status_value_1_1": 200,
        "status_value_1_2": 0,
        "status_value_2_1": 4,
        "status_value_2_2": 0
    },
    {
        "character_type": 1,
        "emergent": 0,
        "id": 3,
        "priority": 40,
        "status_type_1": 6,
        "status_type_2": 7,
        "status_value_1_1": 300,
        "status_value_1_2": 0,
        "status_value_2_1": 3,
        "status_value_2_2": 0
    },
    {
        "character_type": 1,
        "emergent": 0,
        "id": 4,
        "priority": 35,
        "status_type_1": 1,
        "status_type_2": 0,
        "status_value_1_1": 80,
        "status_value_1_2": 999,
        "status_value_2_1": 0,
        "status_value_2_2": 0
    },
    {
        "character_type": 1,
        "emergent": 0,
        "id": 5,
        "priority": 34,
        "status_type_1": 1,
        "status_type_2": 0,
        "status_value_1_1": 60,
        "status_value_1_2": 79,
        "status_value_2_1": 0,
        "status_value_2_2": 0
    },
    {
        "character_type": 1,
        "emergent": 0,
        "id": 6,
        "priority": 35,
        "status_type_1": 2,
        "status_type_2": 0,
        "status_value_1_1": 80,
        "status_value_1_2": 999,
        "status_value_2_1": 0,
        "status_value_2_2": 0
    },
    {
        "character_type": 1,
        "emergent": 0,
        "id": 7,
        "priority": 34,
        "status_type_1": 2,
        "status_type_2": 0,
        "status_value_1_1": 60,
        "status_value_1_2": 79,
        "status_value_2_1": 0,
        "status_value_2_2": 0
    },
    {
        "character_type": 1,
        "emergent": 0,
        "id": 8,
        "priority": 35,
        "status_type_1": 3,
        "status_type_2": 0,
        "status_value_1_1": 80,
        "status_value_1_2": 999,
        "status_value_2_1": 0,
        "status_value_2_2": 0
    },
    {
        "character_type": 1,
        "emergent": 0,
        "id": 9,
        "priority": 34,
        "status_type_1": 3,
        "status_type_2": 0,
        "status_value_1_1": 60,
        "status_value_1_2": 79,
        "status_value_2_1": 0,
        "status_value_2_2": 0
    },
    {
        "character_type": 1,
        "emergent": 0,
        "id": 10,
        "priority": 35,
        "status_type_1": 4,
        "status_type_2": 0,
        "status_value_1_1": 80,
        "status_value_1_2": 999,
        "status_value_2_1": 0,
        "status_value_2_2": 0
    },
    {
        "character_type": 1,
        "emergent": 0,
        "id": 11,
        "priority": 34,
        "status_type_1": 4,
        "status_type_2": 0,
        "status_value_1_1": 60,
        "status_value_1_2": 79,
        "status_value_2_1": 0,
        "status_value_2_2": 0
    },
    {
        "character_type": 1,
        "emergent": 0,
        "id": 12,
        "priority": 35,
        "status_type_1": 5,
        "status_type_2": 0,
        "status_value_1_1": 80,
        "status_value_1_2": 999,
        "status_value_2_1": 0,
        "status_value_2_2": 0
    },
    {
        "character_type": 1,
        "emergent": 0,
        "id": 13,
        "priority": 34,
        "status_type_1": 5,
        "status_type_2": 0,
        "status_value_1_1": 60,
        "status_value_1_2": 79,
        "status_value_2_1": 0,
        "status_value_2_2": 0
    },
    {
        "character_type": 1,
        "emergent": 0,
        "id": 14,
        "priority": 0,
        "status_type_1": 0,
        "status_type_2": 0,
        "status_value_1_1": 0,
        "status_value_1_2": 0,
        "status_value_2_1": 0,
        "status_value_2_2": 0
    },
    {
        "character_type": 1,
        "emergent": 1,
        "id": 15,
        "priority": 95,
        "status_type_1": 8,
        "status_type_2": 0,
        "status_value_1_1": 0,
        "status_value_1_2": 0,
        "status_value_2_1": 0,
        "status_value_2_2": 0
    },
    {
        "character_type": 1,
        "emergent": 1,
        "id": 16,
        "priority": 95,
        "status_type_1": 9,
        "status_type_2": 0,
        "status_value_1_1": 0,
        "status_value_1_2": 0,
        "status_value_2_1": 0,
        "status_value_2_2": 0
    },
    {
        "character_type": 1,
        "emergent": 0,
        "id": 17,
        "priority": 90,
        "status_type_1": 10,
        "status_type_2": 0,
        "status_value_1_1": 0,
        "status_value_1_2": 0,
        "status_value_2_1": 0,
        "status_value_2_2": 0
    },
    {
        "character_type": 1,
        "emergent": 0,
        "id": 18,
        "priority": 80,
        "status_type_1": 11,
        "status_type_2": 0,
        "status_value_1_1": 0,
        "status_value_1_2": 0,
        "status_value_2_1": 0,
        "status_value_2_2": 0
    },
    {
        "character_type": 1,
        "emergent": 0,
        "id": 19,
        "priority": 70,
        "status_type_1": 12,
        "status_type_2": 0,
        "status_value_1_1": 0,
        "status_value_1_2": 50,
        "status_value_2_1": 0,
        "status_value_2_2": 0
    },
    {
        "character_type": 1,
        "emergent": 0,
        "id": 20,
        "priority": 71,
        "status_type_1": 12,
        "status_type_2": 15,
        "status_value_1_1": 0,
        "status_value_1_2": 50,
        "status_value_2_1": 0,
        "status_value_2_2": 0
    },
    {
        "character_type": 1,
        "emergent": 0,
        "id": 21,
        "priority": 60,
        "status_type_1": 13,
        "status_type_2": 0,
        "status_value_1_1": 0,
        "status_value_1_2": 2,
        "status_value_2_1": 0,
        "status_value_2_2": 0
    },
    {
        "character_type": 1,
        "emergent": 0,
        "id": 22,
        "priority": 50,
        "status_type_1": 14,
        "status_type_2": 0,
        "status_value_1_1": 0,
        "status_value_1_2": 0,
        "status_value_2_1": 0,
        "status_value_2_2": 0
    },
    {
        "character_type": 1,
        "emergent": 1,
        "id": 23,
        "priority": 100,
        "status_type_1": 16,
        "status_type_2": 0,
        "status_value_1_1": 0,
        "status_value_1_2": 0,
        "status_value_2_1": 0,
        "status_value_2_2": 0
    },
    {
        "character_type": 1,
        "emergent": 1,
        "id": 24,
        "priority": 98,
        "status_type_1": 17,
        "status_type_2": 0,
        "status_value_1_1": 0,
        "status_value_1_2": 0,
        "status_value_2_1": 0,
        "status_value_2_2": 0
    },
    {
        "character_type": 1,
        "emergent": 1,
        "id": 25,
        "priority": 95,
        "status_type_1": 18,
        "status_type_2": 0,
        "status_value_1_1": 0,
        "status_value_1_2": 0,
        "status_value_2_1": 0,
        "status_value_2_2": 0
    }
]