[
    {
        "event_category_id": 180,
        "item_dir": "Rival",
        "item_name": "utx_ico_rival_item_{0:D2}",
        "max_item_id": 1,
        "story_id": 400001017
    },
    {
        "event_category_id": 178,
        "item_dir": "Plow",
        "item_name": "utx_ico_plow_item_{0:D2}",
        "max_item_id": 2,
        "story_id": 400001024
    },
    {
        "event_category_id": 179,
        "item_dir": "Ending",
        "item_name": "utx_ico_ending_item_{0:D2}",
        "max_item_id": 2,
        "story_id": 400001030
    },
    {
        "event_category_id": 181,
        "item_dir": "Aoharu",
        "item_name": "utx_ico_aoharu_item_09",
        "max_item_id": 1,
        "story_id": 400002031
    },
    {
        "event_category_id": 182,
        "item_dir": "Aoharu",
        "item_name": "utx_ico_aoharu_item_07",
        "max_item_id": 1,
        "story_id": 400002032
    },
    {
        "event_category_id": 183,
        "item_dir": "Aoharu",
        "item_name": "utx_ico_aoharu_item_08",
        "max_item_id": 1,
        "story_id": 400002033
    },
    {
        "event_category_id": 184,
        "item_dir": "Aoharu",
        "item_name": "utx_ico_aoharu_item_10",
        "max_item_id": 1,
        "story_id": 400002034
    },
    {
        "event_category_id": 185,
        "item_dir": "Aoharu",
        "item_name": "utx_ico_aoharu_item_02",
        "max_item_id": 1,
        "story_id": 400002035
    },
    {
        "event_category_id": 186,
        "item_dir": "Aoharu",
        "item_name": "utx_ico_aoharu_item_06",
        "max_item_id": 1,
        "story_id": 400002112
    },
    {
        "event_category_id": 187,
        "item_dir": "Aoharu",
        "item_name": "utx_ico_aoharu_item_01",
        "max_item_id": 1,
        "story_id": 400002113
    },
    {
        "event_category_id": 177,
        "item_dir": "Lottery",
        "item_name": "utx_ico_lottery_item_{0:D2}",
        "max_item_id": 5,
        "story_id": 501001302
    },
    {
        "event_category_id": 177,
        "item_dir": "Lottery",
        "item_name": "utx_ico_lottery_item_{0:D2}",
        "max_item_id": 5,
        "story_id": 501002302
    },
    {
        "event_category_id": 177,
        "item_dir": "Lottery",
        "item_name": "utx_ico_lottery_item_{0:D2}",
        "max_item_id": 5,
        "story_id": 501003302
    },
    {
        "event_category_id": 177,
        "item_dir": "Lottery",
        "item_name": "utx_ico_lottery_item_{0:D2}",
        "max_item_id": 5,
        "story_id": 501004302
    },
    {
        "event_category_id": 177,
        "item_dir": "Lottery",
        "item_name": "utx_ico_lottery_item_{0:D2}",
        "max_item_id": 5,
        "story_id": 501006302
    },
    {
        "event_category_id": 177,
        "item_dir": "Lottery",
        "item_name": "utx_ico_lottery_item_{0:D2}",
        "max_item_id": 5,
        "story_id": 501007302
    },
    {
        "event_category_id": 177,
        "item_dir": "Lottery",
        "item_name": "utx_ico_lottery_item_{0:D2}",
        "max_item_id": 5,
        "story_id": 501008302
    },
    {
        "event_category_id": 177,
        "item_dir": "Lottery",
        "item_name": "utx_ico_lottery_item_{0:D2}",
        "max_item_id": 5,
        "story_id": 501009302
    },
    {
        "event_category_id": 177,
        "item_dir": "Lottery",
        "item_name": "utx_ico_lottery_item_{0:D2}",
        "max_item_id": 5,
        "story_id": 501010302
    },
    {
        "event_category_id": 177,
        "item_dir": "Lottery",
        "item_name": "utx_ico_lottery_item_{0:D2}",
        "max_item_id": 5,
        "story_id": 501011302
    },
    {
        "event_category_id": 177,
        "item_dir": "Lottery",
        "item_name": "utx_ico_lottery_item_{0:D2}",
        "max_item_id": 5,
        "story_id": 501013302
    },
    {
        "event_category_id": 177,
        "item_dir": "Lottery",
        "item_name": "utx_ico_lottery_item_{0:D2}",
        "max_item_id": 5,
        "story_id": 501014302
    },
    {
        "event_category_id": 177,
        "item_dir": "Lottery",
        "item_name": "utx_ico_lottery_item_{0:D2}",
        "max_item_id": 5,
        "story_id": 501015302
    },
    {
        "event_category_id": 177,
        "item_dir": "Lottery",
        "item_name": "utx_ico_lottery_item_{0:D2}",
        "max_item_id": 5,
        "story_id": 501016302
    },
    {
        "event_category_id": 177,
        "item_dir": "Lottery",
        "item_name": "utx_ico_lottery_item_{0:D2}",
        "max_item_id": 5,
        "story_id": 501017302
    },
    {
        "event_category_id": 177,
        "item_dir": "Lottery",
        "item_name": "utx_ico_lottery_item_{0:D2}",
        "max_item_id": 5,
        "story_id": 501018302
    },
    {
        "event_category_id": 177,
        "item_dir": "Lottery",
        "item_name": "utx_ico_lottery_item_{0:D2}",
        "max_item_id": 5,
        "story_id": 501023302
    },
    {
        "event_category_id": 177,
        "item_dir": "Lottery",
        "item_name": "utx_ico_lottery_item_{0:D2}",
        "max_item_id": 5,
        "story_id": 501024302
    },
    {
        "event_category_id": 177,
        "item_dir": "Lottery",
        "item_name": "utx_ico_lottery_item_{0:D2}",
        "max_item_id": 5,
        "story_id": 501026302
    },
    {
        "event_category_id": 177,
        "item_dir": "Lottery",
        "item_name": "utx_ico_lottery_item_{0:D2}",
        "max_item_id": 5,
        "story_id": 501027302
    },
    {
        "event_category_id": 177,
        "item_dir": "Lottery",
        "item_name": "utx_ico_lottery_item_{0:D2}",
        "max_item_id": 5,
        "story_id": 501030302
    },
    {
        "event_category_id": 177,
        "item_dir": "Lottery",
        "item_name": "utx_ico_lottery_item_{0:D2}",
        "max_item_id": 5,
        "story_id": 501032302
    },
    {
        "event_category_id": 177,
        "item_dir": "Lottery",
        "item_name": "utx_ico_lottery_item_{0:D2}",
        "max_item_id": 5,
        "story_id": 501035302
    },
    {
        "event_category_id": 177,
        "item_dir": "Lottery",
        "item_name": "utx_ico_lottery_item_{0:D2}",
        "max_item_id": 5,
        "story_id": 501038302
    },
    {
        "event_category_id": 177,
        "item_dir": "Lottery",
        "item_name": "utx_ico_lottery_item_{0:D2}",
        "max_item_id": 5,
        "story_id": 501041302
    },
    {
        "event_category_id": 177,
        "item_dir": "Lottery",
        "item_name": "utx_ico_lottery_item_{0:D2}",
        "max_item_id": 5,
        "story_id": 501045302
    },
    {
        "event_category_id": 177,
        "item_dir": "Lottery",
        "item_name": "utx_ico_lottery_item_{0:D2}",
        "max_item_id": 5,
        "story_id": 501046302
    },
    {
        "event_category_id": 177,
        "item_dir": "Lottery",
        "item_name": "utx_ico_lottery_item_{0:D2}",
        "max_item_id": 5,
        "story_id": 501050302
    },
    {
        "event_category_id": 177,
        "item_dir": "Lottery",
        "item_name": "utx_ico_lottery_item_{0:D2}",
        "max_item_id": 5,
        "story_id": 501052302
    },
    {
        "event_category_id": 177,
        "item_dir": "Lottery",
        "item_name": "utx_ico_lottery_item_{0:D2}",
        "max_item_id": 5,
        "story_id": 501056302
    },
    {
        "event_category_id": 177,
        "item_dir": "Lottery",
        "item_name": "utx_ico_lottery_item_{0:D2}",
        "max_item_id": 5,
        "story_id": 501060302
    },
    {
        "event_category_id": 177,
        "item_dir": "Lottery",
        "item_name": "utx_ico_lottery_item_{0:D2}",
        "max_item_id": 5,
        "story_id": 501061302
    }
]