[
    {
        "cost_ticket": 1,
        "grade": 100,
        "id": 1
    },
    {
        "cost_ticket": 1,
        "grade": 200,
        "id": 2
    },
    {
        "cost_ticket": 1,
        "grade": 300,
        "id": 3
    },
    {
        "cost_ticket": 1,
        "grade": 400,
        "id": 4
    },
    {
        "cost_ticket": 1,
        "grade": 700,
        "id": 5
    },
    {
        "cost_ticket": 1,
        "grade": 800,
        "id": 6
    },
    {
        "cost_ticket": 1,
        "grade": 900,
        "id": 7
    }
]