[
    {
        "effect_category": 1,
        "effect_group_id": 1,
        "effect_type": 2,
        "id": 1,
        "priority": 100
    },
    {
        "effect_category": 1,
        "effect_group_id": 2,
        "effect_type": 2,
        "id": 2,
        "priority": 100
    },
    {
        "effect_category": 1,
        "effect_group_id": 3,
        "effect_type": 2,
        "id": 3,
        "priority": 100
    },
    {
        "effect_category": 1,
        "effect_group_id": 4,
        "effect_type": 2,
        "id": 4,
        "priority": 100
    },
    {
        "effect_category": 1,
        "effect_group_id": 5,
        "effect_type": 2,
        "id": 5,
        "priority": 100
    },
    {
        "effect_category": 1,
        "effect_group_id": 6,
        "effect_type": 2,
        "id": 6,
        "priority": 90
    },
    {
        "effect_category": 1,
        "effect_group_id": 7,
        "effect_type": 1,
        "id": 7,
        "priority": 100
    },
    {
        "effect_category": 1,
        "effect_group_id": 8,
        "effect_type": 1,
        "id": 8,
        "priority": 100
    },
    {
        "effect_category": 1,
        "effect_group_id": 9,
        "effect_type": 1,
        "id": 9,
        "priority": 100
    },
    {
        "effect_category": 1,
        "effect_group_id": 6,
        "effect_type": 1,
        "id": 10,
        "priority": 90
    },
    {
        "effect_category": 1,
        "effect_group_id": 6,
        "effect_type": 1,
        "id": 11,
        "priority": 100
    },
    {
        "effect_category": 2,
        "effect_group_id": 10,
        "effect_type": 2,
        "id": 12,
        "priority": 100
    },
    {
        "effect_category": 2,
        "effect_group_id": 10,
        "effect_type": 1,
        "id": 13,
        "priority": 100
    },
    {
        "effect_category": 2,
        "effect_group_id": 10,
        "effect_type": 1,
        "id": 14,
        "priority": 100
    },
    {
        "effect_category": 2,
        "effect_group_id": 10,
        "effect_type": 1,
        "id": 15,
        "priority": 100
    },
    {
        "effect_category": 2,
        "effect_group_id": 10,
        "effect_type": 1,
        "id": 16,
        "priority": 100
    },
    {
        "effect_category": 2,
        "effect_group_id": 10,
        "effect_type": 1,
        "id": 17,
        "priority": 100
    },
    {
        "effect_category": 2,
        "effect_group_id": 10,
        "effect_type": 1,
        "id": 18,
        "priority": 100
    },
    {
        "effect_category": 2,
        "effect_group_id": 10,
        "effect_type": 2,
        "id": 19,
        "priority": 100
    }
]