[
    {
        "id": 1,
        "max_value": 299,
        "min_value": 0
    },
    {
        "id": 2,
        "max_value": 599,
        "min_value": 300
    },
    {
        "id": 3,
        "max_value": 899,
        "min_value": 600
    },
    {
        "id": 4,
        "max_value": 1299,
        "min_value": 900
    },
    {
        "id": 5,
        "max_value": 1799,
        "min_value": 1300
    },
    {
        "id": 6,
        "max_value": 2299,
        "min_value": 1800
    },
    {
        "id": 7,
        "max_value": 2899,
        "min_value": 2300
    },
    {
        "id": 8,
        "max_value": 3499,
        "min_value": 2900
    },
    {
        "id": 9,
        "max_value": 4899,
        "min_value": 3500
    },
    {
        "id": 10,
        "max_value": 6499,
        "min_value": 4900
    },
    {
        "id": 11,
        "max_value": 8199,
        "min_value": 6500
    },
    {
        "id": 12,
        "max_value": 9999,
        "min_value": 8200
    },
    {
        "id": 13,
        "max_value": 12099,
        "min_value": 10000
    },
    {
        "id": 14,
        "max_value": 14499,
        "min_value": 12100
    },
    {
        "id": 15,
        "max_value": 15899,
        "min_value": 14500
    },
    {
        "id": 16,
        "max_value": 17499,
        "min_value": 15900
    },
    {
        "id": 17,
        "max_value": 19199,
        "min_value": 17500
    },
    {
        "id": 18,
        "max_value": 19599,
        "min_value": 19200
    },
    {
        "id": 19,
        "max_value": 19999,
        "min_value": 19600
    },
    {
        "id": 20,
        "max_value": 20399,
        "min_value": 20000
    },
    {
        "id": 21,
        "max_value": 20799,
        "min_value": 20400
    },
    {
        "id": 22,
        "max_value": 21199,
        "min_value": 20800
    },
    {
        "id": 23,
        "max_value": 21599,
        "min_value": 21200
    },
    {
        "id": 24,
        "max_value": 22099,
        "min_value": 21600
    },
    {
        "id": 25,
        "max_value": 22499,
        "min_value": 22100
    },
    {
        "id": 26,
        "max_value": 22999,
        "min_value": 22500
    },
    {
        "id": 27,
        "max_value": 23399,
        "min_value": 23000
    },
    {
        "id": 28,
        "max_value": 23899,
        "min_value": 23400
    },
    {
        "id": 29,
        "max_value": 24299,
        "min_value": 23900
    },
    {
        "id": 30,
        "max_value": 24799,
        "min_value": 24300
    },
    {
        "id": 31,
        "max_value": 25299,
        "min_value": 24800
    },
    {
        "id": 32,
        "max_value": 25799,
        "min_value": 25300
    },
    {
        "id": 33,
        "max_value": 26299,
        "min_value": 25800
    },
    {
        "id": 34,
        "max_value": 26799,
        "min_value": 26300
    },
    {
        "id": 35,
        "max_value": 27299,
        "min_value": 26800
    },
    {
        "id": 36,
        "max_value": 27799,
        "min_value": 27300
    },
    {
        "id": 37,
        "max_value": 28299,
        "min_value": 27800
    },
    {
        "id": 38,
        "max_value": 28799,
        "min_value": 28300
    },
    {
        "id": 39,
        "max_value": 29399,
        "min_value": 28800
    },
    {
        "id": 40,
        "max_value": 29899,
        "min_value": 29400
    },
    {
        "id": 41,
        "max_value": 30399,
        "min_value": 29900
    },
    {
        "id": 42,
        "max_value": 30999,
        "min_value": 30400
    },
    {
        "id": 43,
        "max_value": 31499,
        "min_value": 31000
    },
    {
        "id": 44,
        "max_value": 32099,
        "min_value": 31500
    },
    {
        "id": 45,
        "max_value": 32699,
        "min_value": 32100
    },
    {
        "id": 46,
        "max_value": 33199,
        "min_value": 32700
    },
    {
        "id": 47,
        "max_value": 33799,
        "min_value": 33200
    },
    {
        "id": 48,
        "max_value": 34399,
        "min_value": 33800
    },
    {
        "id": 49,
        "max_value": 34999,
        "min_value": 34400
    },
    {
        "id": 50,
        "max_value": 35599,
        "min_value": 35000
    },
    {
        "id": 51,
        "max_value": 36199,
        "min_value": 35600
    },
    {
        "id": 52,
        "max_value": 36799,
        "min_value": 36200
    },
    {
        "id": 53,
        "max_value": 37499,
        "min_value": 36800
    },
    {
        "id": 54,
        "max_value": 38099,
        "min_value": 37500
    },
    {
        "id": 55,
        "max_value": 38699,
        "min_value": 38100
    },
    {
        "id": 56,
        "max_value": 39399,
        "min_value": 38700
    },
    {
        "id": 57,
        "max_value": 39999,
        "min_value": 39400
    },
    {
        "id": 58,
        "max_value": 40699,
        "min_value": 40000
    },
    {
        "id": 59,
        "max_value": 41299,
        "min_value": 40700
    },
    {
        "id": 60,
        "max_value": 41999,
        "min_value": 41300
    },
    {
        "id": 61,
        "max_value": 42699,
        "min_value": 42000
    },
    {
        "id": 62,
        "max_value": 43399,
        "min_value": 42700
    },
    {
        "id": 63,
        "max_value": 43999,
        "min_value": 43400
    },
    {
        "id": 64,
        "max_value": 44699,
        "min_value": 44000
    },
    {
        "id": 65,
        "max_value": 45399,
        "min_value": 44700
    },
    {
        "id": 66,
        "max_value": 46199,
        "min_value": 45400
    },
    {
        "id": 67,
        "max_value": 46899,
        "min_value": 46200
    },
    {
        "id": 68,
        "max_value": 47599,
        "min_value": 46900
    },
    {
        "id": 69,
        "max_value": 48299,
        "min_value": 47600
    },
    {
        "id": 70,
        "max_value": 48999,
        "min_value": 48300
    },
    {
        "id": 71,
        "max_value": 49799,
        "min_value": 49000
    },
    {
        "id": 72,
        "max_value": 50499,
        "min_value": 49800
    },
    {
        "id": 73,
        "max_value": 51299,
        "min_value": 50500
    },
    {
        "id": 74,
        "max_value": 51999,
        "min_value": 51300
    },
    {
        "id": 75,
        "max_value": 52799,
        "min_value": 52000
    },
    {
        "id": 76,
        "max_value": 53599,
        "min_value": 52800
    },
    {
        "id": 77,
        "max_value": 54399,
        "min_value": 53600
    },
    {
        "id": 78,
        "max_value": 55199,
        "min_value": 54400
    },
    {
        "id": 79,
        "max_value": 55899,
        "min_value": 55200
    },
    {
        "id": 80,
        "max_value": 56699,
        "min_value": 55900
    },
    {
        "id": 81,
        "max_value": 57499,
        "min_value": 56700
    },
    {
        "id": 82,
        "max_value": 58399,
        "min_value": 57500
    },
    {
        "id": 83,
        "max_value": 59199,
        "min_value": 58400
    },
    {
        "id": 84,
        "max_value": 59999,
        "min_value": 59200
    },
    {
        "id": 85,
        "max_value": 60799,
        "min_value": 60000
    },
    {
        "id": 86,
        "max_value": 61699,
        "min_value": 60800
    },
    {
        "id": 87,
        "max_value": 62499,
        "min_value": 61700
    },
    {
        "id": 88,
        "max_value": 63399,
        "min_value": 62500
    },
    {
        "id": 89,
        "max_value": 64199,
        "min_value": 63400
    },
    {
        "id": 90,
        "max_value": 65099,
        "min_value": 64200
    },
    {
        "id": 91,
        "max_value": 65999,
        "min_value": 65100
    },
    {
        "id": 92,
        "max_value": 66799,
        "min_value": 66000
    },
    {
        "id": 93,
        "max_value": 67699,
        "min_value": 66800
    },
    {
        "id": 94,
        "max_value": 68599,
        "min_value": 67700
    },
    {
        "id": 95,
        "max_value": 69499,
        "min_value": 68600
    },
    {
        "id": 96,
        "max_value": 70399,
        "min_value": 69500
    },
    {
        "id": 97,
        "max_value": 71399,
        "min_value": 70400
    },
    {
        "id": 98,
        "max_value": 99999,
        "min_value": 71400
    }
]