[
    {
        "base_command_id": 101,
        "command_id": 101,
        "command_level": 1,
        "command_type": 1,
        "cutin_file_id": 101011,
        "dress_id": 3,
        "dress_type": 0,
        "env_cue_name": "snd_sfx_atmos_01",
        "env_cuesheet_name": "snd_sfx_training_000",
        "failure_rate": 520,
        "id": 1,
        "max_chara_num": 2,
        "menu_bg_id": 70,
        "menu_bg_sub_id": 110,
        "motion_set": 19000,
        "sabori_type": 1
    },
    {
        "base_command_id": 101,
        "command_id": 101,
        "command_level": 2,
        "command_type": 1,
        "cutin_file_id": 101012,
        "dress_id": 3,
        "dress_type": 0,
        "env_cue_name": "snd_sfx_atmos_01",
        "env_cuesheet_name": "snd_sfx_training_000",
        "failure_rate": 524,
        "id": 2,
        "max_chara_num": 2,
        "menu_bg_id": 15,
        "menu_bg_sub_id": 110,
        "motion_set": 19000,
        "sabori_type": 2
    },
    {
        "base_command_id": 101,
        "command_id": 101,
        "command_level": 3,
        "command_type": 1,
        "cutin_file_id": 101013,
        "dress_id": 3,
        "dress_type": 0,
        "env_cue_name": "snd_sfx_atmos_01",
        "env_cuesheet_name": "snd_sfx_training_000",
        "failure_rate": 528,
        "id": 3,
        "max_chara_num": 2,
        "menu_bg_id": 15,
        "menu_bg_sub_id": 110,
        "motion_set": 19000,
        "sabori_type": 2
    },
    {
        "base_command_id": 101,
        "command_id": 101,
        "command_level": 4,
        "command_type": 1,
        "cutin_file_id": 101014,
        "dress_id": 3,
        "dress_type": 0,
        "env_cue_name": "snd_sfx_atmos_01",
        "env_cuesheet_name": "snd_sfx_training_000",
        "failure_rate": 532,
        "id": 4,
        "max_chara_num": 2,
        "menu_bg_id": 20,
        "menu_bg_sub_id": 110,
        "motion_set": 19000,
        "sabori_type": 2
    },
    {
        "base_command_id": 101,
        "command_id": 101,
        "command_level": 5,
        "command_type": 1,
        "cutin_file_id": 101015,
        "dress_id": 3,
        "dress_type": 0,
        "env_cue_name": "snd_sfx_atmos_01",
        "env_cuesheet_name": "snd_sfx_training_000",
        "failure_rate": 536,
        "id": 5,
        "max_chara_num": 2,
        "menu_bg_id": 71,
        "menu_bg_sub_id": 110,
        "motion_set": 19000,
        "sabori_type": 1
    },
    {
        "base_command_id": 105,
        "command_id": 105,
        "command_level": 1,
        "command_type": 1,
        "cutin_file_id": 101031,
        "dress_id": 4,
        "dress_type": 0,
        "env_cue_name": "snd_sfx_atmos_04",
        "env_cuesheet_name": "snd_sfx_training_000",
        "failure_rate": 507,
        "id": 6,
        "max_chara_num": 2,
        "menu_bg_id": 13,
        "menu_bg_sub_id": 110,
        "motion_set": 20000,
        "sabori_type": 2
    },
    {
        "base_command_id": 105,
        "command_id": 105,
        "command_level": 2,
        "command_type": 1,
        "cutin_file_id": 101032,
        "dress_id": 4,
        "dress_type": 0,
        "env_cue_name": "snd_sfx_atmos_04",
        "env_cuesheet_name": "snd_sfx_training_000",
        "failure_rate": 511,
        "id": 7,
        "max_chara_num": 2,
        "menu_bg_id": 13,
        "menu_bg_sub_id": 110,
        "motion_set": 20000,
        "sabori_type": 2
    },
    {
        "base_command_id": 105,
        "command_id": 105,
        "command_level": 3,
        "command_type": 1,
        "cutin_file_id": 101033,
        "dress_id": 4,
        "dress_type": 0,
        "env_cue_name": "snd_sfx_atmos_04",
        "env_cuesheet_name": "snd_sfx_training_000",
        "failure_rate": 515,
        "id": 8,
        "max_chara_num": 2,
        "menu_bg_id": 13,
        "menu_bg_sub_id": 110,
        "motion_set": 20000,
        "sabori_type": 2
    },
    {
        "base_command_id": 105,
        "command_id": 105,
        "command_level": 4,
        "command_type": 1,
        "cutin_file_id": 101034,
        "dress_id": 4,
        "dress_type": 0,
        "env_cue_name": "snd_sfx_atmos_04",
        "env_cuesheet_name": "snd_sfx_training_000",
        "failure_rate": 519,
        "id": 9,
        "max_chara_num": 2,
        "menu_bg_id": 13,
        "menu_bg_sub_id": 110,
        "motion_set": 20000,
        "sabori_type": 2
    },
    {
        "base_command_id": 105,
        "command_id": 105,
        "command_level": 5,
        "command_type": 1,
        "cutin_file_id": 101035,
        "dress_id": 4,
        "dress_type": 0,
        "env_cue_name": "snd_sfx_atmos_04",
        "env_cuesheet_name": "snd_sfx_training_000",
        "failure_rate": 523,
        "id": 10,
        "max_chara_num": 2,
        "menu_bg_id": 13,
        "menu_bg_sub_id": 110,
        "motion_set": 20000,
        "sabori_type": 2
    },
    {
        "base_command_id": 102,
        "command_id": 102,
        "command_level": 1,
        "command_type": 1,
        "cutin_file_id": 101021,
        "dress_id": 3,
        "dress_type": 0,
        "env_cue_name": "snd_sfx_atmos_01",
        "env_cuesheet_name": "snd_sfx_training_000",
        "failure_rate": 516,
        "id": 11,
        "max_chara_num": 2,
        "menu_bg_id": 71,
        "menu_bg_sub_id": 110,
        "motion_set": 21000,
        "sabori_type": 1
    },
    {
        "base_command_id": 102,
        "command_id": 102,
        "command_level": 2,
        "command_type": 1,
        "cutin_file_id": 101022,
        "dress_id": 3,
        "dress_type": 0,
        "env_cue_name": "snd_sfx_atmos_01",
        "env_cuesheet_name": "snd_sfx_training_000",
        "failure_rate": 520,
        "id": 12,
        "max_chara_num": 2,
        "menu_bg_id": 20,
        "menu_bg_sub_id": 110,
        "motion_set": 21000,
        "sabori_type": 2
    },
    {
        "base_command_id": 102,
        "command_id": 102,
        "command_level": 3,
        "command_type": 1,
        "cutin_file_id": 101023,
        "dress_id": 3,
        "dress_type": 0,
        "env_cue_name": "snd_sfx_atmos_01",
        "env_cuesheet_name": "snd_sfx_training_000",
        "failure_rate": 524,
        "id": 13,
        "max_chara_num": 2,
        "menu_bg_id": 20,
        "menu_bg_sub_id": 110,
        "motion_set": 21000,
        "sabori_type": 2
    },
    {
        "base_command_id": 102,
        "command_id": 102,
        "command_level": 4,
        "command_type": 1,
        "cutin_file_id": 101024,
        "dress_id": 3,
        "dress_type": 0,
        "env_cue_name": "snd_sfx_atmos_01",
        "env_cuesheet_name": "snd_sfx_training_000",
        "failure_rate": 528,
        "id": 14,
        "max_chara_num": 2,
        "menu_bg_id": 15,
        "menu_bg_sub_id": 110,
        "motion_set": 21000,
        "sabori_type": 2
    },
    {
        "base_command_id": 102,
        "command_id": 102,
        "command_level": 5,
        "command_type": 1,
        "cutin_file_id": 101025,
        "dress_id": 3,
        "dress_type": 0,
        "env_cue_name": "snd_sfx_atmos_01",
        "env_cuesheet_name": "snd_sfx_training_000",
        "failure_rate": 532,
        "id": 15,
        "max_chara_num": 2,
        "menu_bg_id": 70,
        "menu_bg_sub_id": 110,
        "motion_set": 21000,
        "sabori_type": 1
    },
    {
        "base_command_id": 103,
        "command_id": 103,
        "command_level": 1,
        "command_type": 1,
        "cutin_file_id": 101041,
        "dress_id": 3,
        "dress_type": 0,
        "env_cue_name": "snd_sfx_atmos_01",
        "env_cuesheet_name": "snd_sfx_training_000",
        "failure_rate": 532,
        "id": 16,
        "max_chara_num": 2,
        "menu_bg_id": 72,
        "menu_bg_sub_id": 110,
        "motion_set": 22000,
        "sabori_type": 1
    },
    {
        "base_command_id": 103,
        "command_id": 103,
        "command_level": 2,
        "command_type": 1,
        "cutin_file_id": 101042,
        "dress_id": 3,
        "dress_type": 0,
        "env_cue_name": "snd_sfx_atmos_01",
        "env_cuesheet_name": "snd_sfx_training_000",
        "failure_rate": 536,
        "id": 17,
        "max_chara_num": 2,
        "menu_bg_id": 72,
        "menu_bg_sub_id": 110,
        "motion_set": 22000,
        "sabori_type": 1
    },
    {
        "base_command_id": 103,
        "command_id": 103,
        "command_level": 3,
        "command_type": 1,
        "cutin_file_id": 101043,
        "dress_id": 3,
        "dress_type": 0,
        "env_cue_name": "snd_sfx_atmos_01",
        "env_cuesheet_name": "snd_sfx_training_000",
        "failure_rate": 540,
        "id": 18,
        "max_chara_num": 2,
        "menu_bg_id": 20,
        "menu_bg_sub_id": 110,
        "motion_set": 22000,
        "sabori_type": 2
    },
    {
        "base_command_id": 103,
        "command_id": 103,
        "command_level": 4,
        "command_type": 1,
        "cutin_file_id": 101044,
        "dress_id": 3,
        "dress_type": 0,
        "env_cue_name": "snd_sfx_atmos_01",
        "env_cuesheet_name": "snd_sfx_training_000",
        "failure_rate": 544,
        "id": 19,
        "max_chara_num": 2,
        "menu_bg_id": 39,
        "menu_bg_sub_id": 110,
        "motion_set": 22000,
        "sabori_type": 1
    },
    {
        "base_command_id": 103,
        "command_id": 103,
        "command_level": 5,
        "command_type": 1,
        "cutin_file_id": 101045,
        "dress_id": 3,
        "dress_type": 0,
        "env_cue_name": "snd_sfx_atmos_01",
        "env_cuesheet_name": "snd_sfx_training_000",
        "failure_rate": 548,
        "id": 20,
        "max_chara_num": 2,
        "menu_bg_id": 71,
        "menu_bg_sub_id": 110,
        "motion_set": 22000,
        "sabori_type": 1
    },
    {
        "base_command_id": 106,
        "command_id": 106,
        "command_level": 1,
        "command_type": 1,
        "cutin_file_id": 101051,
        "dress_id": 2,
        "dress_type": 0,
        "env_cue_name": "snd_sfx_atmos_03",
        "env_cuesheet_name": "snd_sfx_training_000",
        "failure_rate": 320,
        "id": 21,
        "max_chara_num": 2,
        "menu_bg_id": 6,
        "menu_bg_sub_id": 110,
        "motion_set": 23000,
        "sabori_type": 2
    },
    {
        "base_command_id": 106,
        "command_id": 106,
        "command_level": 2,
        "command_type": 1,
        "cutin_file_id": 101052,
        "dress_id": 2,
        "dress_type": 0,
        "env_cue_name": "snd_sfx_atmos_03",
        "env_cuesheet_name": "snd_sfx_training_000",
        "failure_rate": 321,
        "id": 22,
        "max_chara_num": 2,
        "menu_bg_id": 6,
        "menu_bg_sub_id": 110,
        "motion_set": 23000,
        "sabori_type": 2
    },
    {
        "base_command_id": 106,
        "command_id": 106,
        "command_level": 3,
        "command_type": 1,
        "cutin_file_id": 101053,
        "dress_id": 2,
        "dress_type": 0,
        "env_cue_name": "snd_sfx_atmos_03",
        "env_cuesheet_name": "snd_sfx_training_000",
        "failure_rate": 322,
        "id": 23,
        "max_chara_num": 2,
        "menu_bg_id": 6,
        "menu_bg_sub_id": 110,
        "motion_set": 23000,
        "sabori_type": 2
    },
    {
        "base_command_id": 106,
        "command_id": 106,
        "command_level": 4,
        "command_type": 1,
        "cutin_file_id": 101054,
        "dress_id": 3,
        "dress_type": 0,
        "env_cue_name": "snd_sfx_atmos_03",
        "env_cuesheet_name": "snd_sfx_training_000",
        "failure_rate": 323,
        "id": 24,
        "max_chara_num": 2,
        "menu_bg_id": 1,
        "menu_bg_sub_id": 1110,
        "motion_set": 23000,
        "sabori_type": 2
    },
    {
        "base_command_id": 106,
        "command_id": 106,
        "command_level": 5,
        "command_type": 1,
        "cutin_file_id": 101055,
        "dress_id": 3,
        "dress_type": 0,
        "env_cue_name": "snd_sfx_atmos_03",
        "env_cuesheet_name": "snd_sfx_training_000",
        "failure_rate": 324,
        "id": 25,
        "max_chara_num": 2,
        "menu_bg_id": 20,
        "menu_bg_sub_id": 110,
        "motion_set": 23000,
        "sabori_type": 2
    },
    {
        "base_command_id": 301,
        "command_id": 301,
        "command_level": 0,
        "command_type": 3,
        "cutin_file_id": 103010,
        "dress_id": 2,
        "dress_type": 0,
        "env_cue_name": "0",
        "env_cuesheet_name": "0",
        "failure_rate": 0,
        "id": 26,
        "max_chara_num": 1,
        "menu_bg_id": 0,
        "menu_bg_sub_id": 0,
        "motion_set": 0,
        "sabori_type": 0
    },
    {
        "base_command_id": 302,
        "command_id": 302,
        "command_level": 0,
        "command_type": 3,
        "cutin_file_id": 103020,
        "dress_id": 2,
        "dress_type": 0,
        "env_cue_name": "0",
        "env_cuesheet_name": "0",
        "failure_rate": 0,
        "id": 27,
        "max_chara_num": 1,
        "menu_bg_id": 0,
        "menu_bg_sub_id": 0,
        "motion_set": 0,
        "sabori_type": 0
    },
    {
        "base_command_id": 303,
        "command_id": 303,
        "command_level": 0,
        "command_type": 3,
        "cutin_file_id": 103030,
        "dress_id": 2,
        "dress_type": 0,
        "env_cue_name": "0",
        "env_cuesheet_name": "0",
        "failure_rate": 0,
        "id": 28,
        "max_chara_num": 1,
        "menu_bg_id": 0,
        "menu_bg_sub_id": 0,
        "motion_set": 0,
        "sabori_type": 0
    },
    {
        "base_command_id": 101,
        "command_id": 601,
        "command_level": 5,
        "command_type": 1,
        "cutin_file_id": 102010,
        "dress_id": 4,
        "dress_type": 0,
        "env_cue_name": "snd_sfx_atmos_05",
        "env_cuesheet_name": "snd_sfx_training_000",
        "failure_rate": 536,
        "id": 29,
        "max_chara_num": 2,
        "menu_bg_id": 42,
        "menu_bg_sub_id": 2111,
        "motion_set": 19000,
        "sabori_type": 3
    },
    {
        "base_command_id": 105,
        "command_id": 602,
        "command_level": 5,
        "command_type": 1,
        "cutin_file_id": 102030,
        "dress_id": 4,
        "dress_type": 0,
        "env_cue_name": "snd_sfx_atmos_05",
        "env_cuesheet_name": "snd_sfx_training_000",
        "failure_rate": 523,
        "id": 30,
        "max_chara_num": 2,
        "menu_bg_id": 42,
        "menu_bg_sub_id": 2113,
        "motion_set": 20000,
        "sabori_type": 3
    },
    {
        "base_command_id": 102,
        "command_id": 603,
        "command_level": 5,
        "command_type": 1,
        "cutin_file_id": 102020,
        "dress_id": 4,
        "dress_type": 0,
        "env_cue_name": "snd_sfx_atmos_05",
        "env_cuesheet_name": "snd_sfx_training_000",
        "failure_rate": 532,
        "id": 31,
        "max_chara_num": 2,
        "menu_bg_id": 42,
        "menu_bg_sub_id": 2112,
        "motion_set": 21000,
        "sabori_type": 3
    },
    {
        "base_command_id": 103,
        "command_id": 604,
        "command_level": 5,
        "command_type": 1,
        "cutin_file_id": 102040,
        "dress_id": 4,
        "dress_type": 0,
        "env_cue_name": "snd_sfx_atmos_05",
        "env_cuesheet_name": "snd_sfx_training_000",
        "failure_rate": 548,
        "id": 32,
        "max_chara_num": 2,
        "menu_bg_id": 42,
        "menu_bg_sub_id": 2111,
        "motion_set": 22000,
        "sabori_type": 3
    },
    {
        "base_command_id": 106,
        "command_id": 605,
        "command_level": 5,
        "command_type": 1,
        "cutin_file_id": 102050,
        "dress_id": 4,
        "dress_type": 0,
        "env_cue_name": "snd_sfx_atmos_05",
        "env_cuesheet_name": "snd_sfx_training_000",
        "failure_rate": 324,
        "id": 33,
        "max_chara_num": 2,
        "menu_bg_id": 42,
        "menu_bg_sub_id": 2112,
        "motion_set": 23000,
        "sabori_type": 3
    },
    {
        "base_command_id": 304,
        "command_id": 304,
        "command_level": 0,
        "command_type": 3,
        "cutin_file_id": 103040,
        "dress_id": 4,
        "dress_type": 0,
        "env_cue_name": "0",
        "env_cuesheet_name": "0",
        "failure_rate": 0,
        "id": 34,
        "max_chara_num": 1,
        "menu_bg_id": 0,
        "menu_bg_sub_id": 0,
        "motion_set": 0,
        "sabori_type": 0
    },
    {
        "base_command_id": 305,
        "command_id": 305,
        "command_level": 0,
        "command_type": 3,
        "cutin_file_id": 103050,
        "dress_id": 9,
        "dress_type": 0,
        "env_cue_name": "0",
        "env_cuesheet_name": "0",
        "failure_rate": 0,
        "id": 35,
        "max_chara_num": 1,
        "menu_bg_id": 0,
        "menu_bg_sub_id": 0,
        "motion_set": 0,
        "sabori_type": 0
    },
    {
        "base_command_id": 701,
        "command_id": 701,
        "command_level": 0,
        "command_type": 7,
        "cutin_file_id": 701,
        "dress_id": 0,
        "dress_type": 0,
        "env_cue_name": "0",
        "env_cuesheet_name": "0",
        "failure_rate": 0,
        "id": 36,
        "max_chara_num": 1,
        "menu_bg_id": 0,
        "menu_bg_sub_id": 0,
        "motion_set": 0,
        "sabori_type": 0
    }
]