[
    {
        "bg_effect": "",
        "bg_id": 5,
        "bg_progress": 0,
        "bg_sub_id": 4110,
        "bgm_cue_name": "",
        "bgm_cuesheet": "",
        "env_cue_name": "",
        "env_cuesheet_name": "",
        "id": 1,
        "max_placement": 0,
        "month": 1,
        "scenario_id": 1
    },
    {
        "bg_effect": "",
        "bg_id": 5,
        "bg_progress": 0,
        "bg_sub_id": 4110,
        "bgm_cue_name": "",
        "bgm_cuesheet": "",
        "env_cue_name": "",
        "env_cuesheet_name": "",
        "id": 2,
        "max_placement": 0,
        "month": 2,
        "scenario_id": 1
    },
    {
        "bg_effect": "",
        "bg_id": 5,
        "bg_progress": 0,
        "bg_sub_id": 5110,
        "bgm_cue_name": "",
        "bgm_cuesheet": "",
        "env_cue_name": "",
        "env_cuesheet_name": "",
        "id": 3,
        "max_placement": 0,
        "month": 3,
        "scenario_id": 1
    },
    {
        "bg_effect": "",
        "bg_id": 5,
        "bg_progress": 0,
        "bg_sub_id": 5110,
        "bgm_cue_name": "",
        "bgm_cuesheet": "",
        "env_cue_name": "",
        "env_cuesheet_name": "",
        "id": 4,
        "max_placement": 0,
        "month": 4,
        "scenario_id": 1
    },
    {
        "bg_effect": "",
        "bg_id": 5,
        "bg_progress": 0,
        "bg_sub_id": 110,
        "bgm_cue_name": "",
        "bgm_cuesheet": "",
        "env_cue_name": "",
        "env_cuesheet_name": "",
        "id": 5,
        "max_placement": 0,
        "month": 5,
        "scenario_id": 1
    },
    {
        "bg_effect": "",
        "bg_id": 5,
        "bg_progress": 0,
        "bg_sub_id": 110,
        "bgm_cue_name": "",
        "bgm_cuesheet": "",
        "env_cue_name": "",
        "env_cuesheet_name": "",
        "id": 6,
        "max_placement": 0,
        "month": 6,
        "scenario_id": 1
    },
    {
        "bg_effect": "",
        "bg_id": 5,
        "bg_progress": 0,
        "bg_sub_id": 110,
        "bgm_cue_name": "",
        "bgm_cuesheet": "",
        "env_cue_name": "",
        "env_cuesheet_name": "",
        "id": 7,
        "max_placement": 0,
        "month": 7,
        "scenario_id": 1
    },
    {
        "bg_effect": "",
        "bg_id": 5,
        "bg_progress": 0,
        "bg_sub_id": 110,
        "bgm_cue_name": "",
        "bgm_cuesheet": "",
        "env_cue_name": "",
        "env_cuesheet_name": "",
        "id": 8,
        "max_placement": 0,
        "month": 8,
        "scenario_id": 1
    },
    {
        "bg_effect": "",
        "bg_id": 5,
        "bg_progress": 0,
        "bg_sub_id": 110,
        "bgm_cue_name": "",
        "bgm_cuesheet": "",
        "env_cue_name": "",
        "env_cuesheet_name": "",
        "id": 9,
        "max_placement": 0,
        "month": 9,
        "scenario_id": 1
    },
    {
        "bg_effect": "",
        "bg_id": 5,
        "bg_progress": 0,
        "bg_sub_id": 3110,
        "bgm_cue_name": "",
        "bgm_cuesheet": "",
        "env_cue_name": "",
        "env_cuesheet_name": "",
        "id": 10,
        "max_placement": 0,
        "month": 10,
        "scenario_id": 1
    },
    {
        "bg_effect": "",
        "bg_id": 5,
        "bg_progress": 0,
        "bg_sub_id": 3110,
        "bgm_cue_name": "",
        "bgm_cuesheet": "",
        "env_cue_name": "",
        "env_cuesheet_name": "",
        "id": 11,
        "max_placement": 0,
        "month": 11,
        "scenario_id": 1
    },
    {
        "bg_effect": "",
        "bg_id": 5,
        "bg_progress": 0,
        "bg_sub_id": 4110,
        "bgm_cue_name": "",
        "bgm_cuesheet": "",
        "env_cue_name": "",
        "env_cuesheet_name": "",
        "id": 12,
        "max_placement": 0,
        "month": 12,
        "scenario_id": 1
    },
    {
        "bg_effect": "",
        "bg_id": 42,
        "bg_progress": 0,
        "bg_sub_id": 2110,
        "bgm_cue_name": "",
        "bgm_cuesheet": "",
        "env_cue_name": "",
        "env_cuesheet_name": "",
        "id": 13,
        "max_placement": 0,
        "month": 0,
        "scenario_id": 1
    },
    {
        "bg_effect": "",
        "bg_id": 124,
        "bg_progress": 1,
        "bg_sub_id": 4110,
        "bgm_cue_name": "snd_bgm_GM123_single",
        "bgm_cuesheet": "snd_bgm_GM123",
        "env_cue_name": "snd_sfx_atmos_namiki_d",
        "env_cuesheet_name": "snd_sfx_atmos_namiki_d",
        "id": 14,
        "max_placement": 3,
        "month": 1,
        "scenario_id": 2
    },
    {
        "bg_effect": "",
        "bg_id": 124,
        "bg_progress": 1,
        "bg_sub_id": 4110,
        "bgm_cue_name": "snd_bgm_GM123_single",
        "bgm_cuesheet": "snd_bgm_GM123",
        "env_cue_name": "snd_sfx_atmos_namiki_d",
        "env_cuesheet_name": "snd_sfx_atmos_namiki_d",
        "id": 15,
        "max_placement": 3,
        "month": 2,
        "scenario_id": 2
    },
    {
        "bg_effect": "pfb_eff_single_scenario_01",
        "bg_id": 124,
        "bg_progress": 1,
        "bg_sub_id": 1110,
        "bgm_cue_name": "snd_bgm_GM123_single",
        "bgm_cuesheet": "snd_bgm_GM123",
        "env_cue_name": "snd_sfx_atmos_namiki_d",
        "env_cuesheet_name": "snd_sfx_atmos_namiki_d",
        "id": 16,
        "max_placement": 3,
        "month": 3,
        "scenario_id": 2
    },
    {
        "bg_effect": "pfb_eff_single_scenario_01",
        "bg_id": 124,
        "bg_progress": 1,
        "bg_sub_id": 1110,
        "bgm_cue_name": "snd_bgm_GM123_single",
        "bgm_cuesheet": "snd_bgm_GM123",
        "env_cue_name": "snd_sfx_atmos_namiki_d",
        "env_cuesheet_name": "snd_sfx_atmos_namiki_d",
        "id": 17,
        "max_placement": 3,
        "month": 4,
        "scenario_id": 2
    },
    {
        "bg_effect": "",
        "bg_id": 124,
        "bg_progress": 1,
        "bg_sub_id": 2110,
        "bgm_cue_name": "snd_bgm_GM123_single",
        "bgm_cuesheet": "snd_bgm_GM123",
        "env_cue_name": "snd_sfx_atmos_namiki_d",
        "env_cuesheet_name": "snd_sfx_atmos_namiki_d",
        "id": 18,
        "max_placement": 3,
        "month": 5,
        "scenario_id": 2
    },
    {
        "bg_effect": "",
        "bg_id": 124,
        "bg_progress": 1,
        "bg_sub_id": 2110,
        "bgm_cue_name": "snd_bgm_GM123_single",
        "bgm_cuesheet": "snd_bgm_GM123",
        "env_cue_name": "snd_sfx_atmos_namiki_d",
        "env_cuesheet_name": "snd_sfx_atmos_namiki_d",
        "id": 19,
        "max_placement": 3,
        "month": 6,
        "scenario_id": 2
    },
    {
        "bg_effect": "",
        "bg_id": 124,
        "bg_progress": 1,
        "bg_sub_id": 2110,
        "bgm_cue_name": "snd_bgm_GM123_single",
        "bgm_cuesheet": "snd_bgm_GM123",
        "env_cue_name": "snd_sfx_atmos_namiki_d",
        "env_cuesheet_name": "snd_sfx_atmos_namiki_d",
        "id": 20,
        "max_placement": 3,
        "month": 7,
        "scenario_id": 2
    },
    {
        "bg_effect": "",
        "bg_id": 124,
        "bg_progress": 1,
        "bg_sub_id": 2110,
        "bgm_cue_name": "snd_bgm_GM123_single",
        "bgm_cuesheet": "snd_bgm_GM123",
        "env_cue_name": "snd_sfx_atmos_namiki_d",
        "env_cuesheet_name": "snd_sfx_atmos_namiki_d",
        "id": 21,
        "max_placement": 3,
        "month": 8,
        "scenario_id": 2
    },
    {
        "bg_effect": "",
        "bg_id": 124,
        "bg_progress": 1,
        "bg_sub_id": 2110,
        "bgm_cue_name": "snd_bgm_GM123_single",
        "bgm_cuesheet": "snd_bgm_GM123",
        "env_cue_name": "snd_sfx_atmos_namiki_d",
        "env_cuesheet_name": "snd_sfx_atmos_namiki_d",
        "id": 22,
        "max_placement": 3,
        "month": 9,
        "scenario_id": 2
    },
    {
        "bg_effect": "",
        "bg_id": 124,
        "bg_progress": 1,
        "bg_sub_id": 3110,
        "bgm_cue_name": "snd_bgm_GM123_single",
        "bgm_cuesheet": "snd_bgm_GM123",
        "env_cue_name": "snd_sfx_atmos_namiki_d",
        "env_cuesheet_name": "snd_sfx_atmos_namiki_d",
        "id": 23,
        "max_placement": 3,
        "month": 10,
        "scenario_id": 2
    },
    {
        "bg_effect": "",
        "bg_id": 124,
        "bg_progress": 1,
        "bg_sub_id": 3110,
        "bgm_cue_name": "snd_bgm_GM123_single",
        "bgm_cuesheet": "snd_bgm_GM123",
        "env_cue_name": "snd_sfx_atmos_namiki_d",
        "env_cuesheet_name": "snd_sfx_atmos_namiki_d",
        "id": 24,
        "max_placement": 3,
        "month": 11,
        "scenario_id": 2
    },
    {
        "bg_effect": "",
        "bg_id": 124,
        "bg_progress": 1,
        "bg_sub_id": 4110,
        "bgm_cue_name": "snd_bgm_GM123_single",
        "bgm_cuesheet": "snd_bgm_GM123",
        "env_cue_name": "snd_sfx_atmos_namiki_d",
        "env_cuesheet_name": "snd_sfx_atmos_namiki_d",
        "id": 25,
        "max_placement": 3,
        "month": 12,
        "scenario_id": 2
    },
    {
        "bg_effect": "",
        "bg_id": 124,
        "bg_progress": 2,
        "bg_sub_id": 4111,
        "bgm_cue_name": "snd_bgm_GM124_single",
        "bgm_cuesheet": "snd_bgm_GM124",
        "env_cue_name": "snd_sfx_atmos_namiki_d",
        "env_cuesheet_name": "snd_sfx_atmos_namiki_d",
        "id": 26,
        "max_placement": 3,
        "month": 1,
        "scenario_id": 2
    },
    {
        "bg_effect": "",
        "bg_id": 124,
        "bg_progress": 2,
        "bg_sub_id": 4111,
        "bgm_cue_name": "snd_bgm_GM124_single",
        "bgm_cuesheet": "snd_bgm_GM124",
        "env_cue_name": "snd_sfx_atmos_namiki_d",
        "env_cuesheet_name": "snd_sfx_atmos_namiki_d",
        "id": 27,
        "max_placement": 3,
        "month": 2,
        "scenario_id": 2
    },
    {
        "bg_effect": "pfb_eff_single_scenario_01",
        "bg_id": 124,
        "bg_progress": 2,
        "bg_sub_id": 1111,
        "bgm_cue_name": "snd_bgm_GM124_single",
        "bgm_cuesheet": "snd_bgm_GM124",
        "env_cue_name": "snd_sfx_atmos_namiki_d",
        "env_cuesheet_name": "snd_sfx_atmos_namiki_d",
        "id": 28,
        "max_placement": 3,
        "month": 3,
        "scenario_id": 2
    },
    {
        "bg_effect": "pfb_eff_single_scenario_01",
        "bg_id": 124,
        "bg_progress": 2,
        "bg_sub_id": 1111,
        "bgm_cue_name": "snd_bgm_GM124_single",
        "bgm_cuesheet": "snd_bgm_GM124",
        "env_cue_name": "snd_sfx_atmos_namiki_d",
        "env_cuesheet_name": "snd_sfx_atmos_namiki_d",
        "id": 29,
        "max_placement": 3,
        "month": 4,
        "scenario_id": 2
    },
    {
        "bg_effect": "",
        "bg_id": 124,
        "bg_progress": 2,
        "bg_sub_id": 2111,
        "bgm_cue_name": "snd_bgm_GM124_single",
        "bgm_cuesheet": "snd_bgm_GM124",
        "env_cue_name": "snd_sfx_atmos_namiki_d",
        "env_cuesheet_name": "snd_sfx_atmos_namiki_d",
        "id": 30,
        "max_placement": 3,
        "month": 5,
        "scenario_id": 2
    },
    {
        "bg_effect": "",
        "bg_id": 124,
        "bg_progress": 2,
        "bg_sub_id": 2111,
        "bgm_cue_name": "snd_bgm_GM124_single",
        "bgm_cuesheet": "snd_bgm_GM124",
        "env_cue_name": "snd_sfx_atmos_namiki_d",
        "env_cuesheet_name": "snd_sfx_atmos_namiki_d",
        "id": 31,
        "max_placement": 3,
        "month": 6,
        "scenario_id": 2
    },
    {
        "bg_effect": "",
        "bg_id": 124,
        "bg_progress": 2,
        "bg_sub_id": 2111,
        "bgm_cue_name": "",
        "bgm_cuesheet": "",
        "env_cue_name": "",
        "env_cuesheet_name": "",
        "id": 32,
        "max_placement": 3,
        "month": 7,
        "scenario_id": 2
    },
    {
        "bg_effect": "",
        "bg_id": 124,
        "bg_progress": 2,
        "bg_sub_id": 2111,
        "bgm_cue_name": "",
        "bgm_cuesheet": "",
        "env_cue_name": "",
        "env_cuesheet_name": "",
        "id": 33,
        "max_placement": 3,
        "month": 8,
        "scenario_id": 2
    },
    {
        "bg_effect": "",
        "bg_id": 124,
        "bg_progress": 2,
        "bg_sub_id": 2111,
        "bgm_cue_name": "snd_bgm_GM124_single",
        "bgm_cuesheet": "snd_bgm_GM124",
        "env_cue_name": "snd_sfx_atmos_namiki_d",
        "env_cuesheet_name": "snd_sfx_atmos_namiki_d",
        "id": 34,
        "max_placement": 3,
        "month": 9,
        "scenario_id": 2
    },
    {
        "bg_effect": "",
        "bg_id": 124,
        "bg_progress": 2,
        "bg_sub_id": 3111,
        "bgm_cue_name": "snd_bgm_GM124_single",
        "bgm_cuesheet": "snd_bgm_GM124",
        "env_cue_name": "snd_sfx_atmos_namiki_d",
        "env_cuesheet_name": "snd_sfx_atmos_namiki_d",
        "id": 35,
        "max_placement": 3,
        "month": 10,
        "scenario_id": 2
    },
    {
        "bg_effect": "",
        "bg_id": 124,
        "bg_progress": 2,
        "bg_sub_id": 3111,
        "bgm_cue_name": "snd_bgm_GM124_single",
        "bgm_cuesheet": "snd_bgm_GM124",
        "env_cue_name": "snd_sfx_atmos_namiki_d",
        "env_cuesheet_name": "snd_sfx_atmos_namiki_d",
        "id": 36,
        "max_placement": 3,
        "month": 11,
        "scenario_id": 2
    },
    {
        "bg_effect": "",
        "bg_id": 124,
        "bg_progress": 2,
        "bg_sub_id": 4111,
        "bgm_cue_name": "snd_bgm_GM124_single",
        "bgm_cuesheet": "snd_bgm_GM124",
        "env_cue_name": "snd_sfx_atmos_namiki_d",
        "env_cuesheet_name": "snd_sfx_atmos_namiki_d",
        "id": 37,
        "max_placement": 3,
        "month": 12,
        "scenario_id": 2
    },
    {
        "bg_effect": "",
        "bg_id": 124,
        "bg_progress": 3,
        "bg_sub_id": 4112,
        "bgm_cue_name": "snd_bgm_GM125_single",
        "bgm_cuesheet": "snd_bgm_GM125",
        "env_cue_name": "snd_sfx_atmos_namiki_d",
        "env_cuesheet_name": "snd_sfx_atmos_namiki_d",
        "id": 38,
        "max_placement": 3,
        "month": 1,
        "scenario_id": 2
    },
    {
        "bg_effect": "",
        "bg_id": 124,
        "bg_progress": 3,
        "bg_sub_id": 4112,
        "bgm_cue_name": "snd_bgm_GM125_single",
        "bgm_cuesheet": "snd_bgm_GM125",
        "env_cue_name": "snd_sfx_atmos_namiki_d",
        "env_cuesheet_name": "snd_sfx_atmos_namiki_d",
        "id": 39,
        "max_placement": 3,
        "month": 2,
        "scenario_id": 2
    },
    {
        "bg_effect": "pfb_eff_single_scenario_01",
        "bg_id": 124,
        "bg_progress": 3,
        "bg_sub_id": 1112,
        "bgm_cue_name": "snd_bgm_GM125_single",
        "bgm_cuesheet": "snd_bgm_GM125",
        "env_cue_name": "snd_sfx_atmos_namiki_d",
        "env_cuesheet_name": "snd_sfx_atmos_namiki_d",
        "id": 40,
        "max_placement": 3,
        "month": 3,
        "scenario_id": 2
    },
    {
        "bg_effect": "pfb_eff_single_scenario_01",
        "bg_id": 124,
        "bg_progress": 3,
        "bg_sub_id": 1112,
        "bgm_cue_name": "snd_bgm_GM125_single",
        "bgm_cuesheet": "snd_bgm_GM125",
        "env_cue_name": "snd_sfx_atmos_namiki_d",
        "env_cuesheet_name": "snd_sfx_atmos_namiki_d",
        "id": 41,
        "max_placement": 3,
        "month": 4,
        "scenario_id": 2
    },
    {
        "bg_effect": "",
        "bg_id": 124,
        "bg_progress": 3,
        "bg_sub_id": 2112,
        "bgm_cue_name": "snd_bgm_GM125_single",
        "bgm_cuesheet": "snd_bgm_GM125",
        "env_cue_name": "snd_sfx_atmos_namiki_d",
        "env_cuesheet_name": "snd_sfx_atmos_namiki_d",
        "id": 42,
        "max_placement": 3,
        "month": 5,
        "scenario_id": 2
    },
    {
        "bg_effect": "",
        "bg_id": 124,
        "bg_progress": 3,
        "bg_sub_id": 2112,
        "bgm_cue_name": "snd_bgm_GM125_single",
        "bgm_cuesheet": "snd_bgm_GM125",
        "env_cue_name": "snd_sfx_atmos_namiki_d",
        "env_cuesheet_name": "snd_sfx_atmos_namiki_d",
        "id": 43,
        "max_placement": 3,
        "month": 6,
        "scenario_id": 2
    },
    {
        "bg_effect": "",
        "bg_id": 124,
        "bg_progress": 3,
        "bg_sub_id": 2112,
        "bgm_cue_name": "",
        "bgm_cuesheet": "",
        "env_cue_name": "",
        "env_cuesheet_name": "",
        "id": 44,
        "max_placement": 3,
        "month": 7,
        "scenario_id": 2
    },
    {
        "bg_effect": "",
        "bg_id": 124,
        "bg_progress": 3,
        "bg_sub_id": 2112,
        "bgm_cue_name": "",
        "bgm_cuesheet": "",
        "env_cue_name": "",
        "env_cuesheet_name": "",
        "id": 45,
        "max_placement": 3,
        "month": 8,
        "scenario_id": 2
    },
    {
        "bg_effect": "",
        "bg_id": 124,
        "bg_progress": 3,
        "bg_sub_id": 2112,
        "bgm_cue_name": "snd_bgm_GM125_single",
        "bgm_cuesheet": "snd_bgm_GM125",
        "env_cue_name": "snd_sfx_atmos_namiki_d",
        "env_cuesheet_name": "snd_sfx_atmos_namiki_d",
        "id": 46,
        "max_placement": 3,
        "month": 9,
        "scenario_id": 2
    },
    {
        "bg_effect": "",
        "bg_id": 124,
        "bg_progress": 3,
        "bg_sub_id": 3112,
        "bgm_cue_name": "snd_bgm_GM125_single",
        "bgm_cuesheet": "snd_bgm_GM125",
        "env_cue_name": "snd_sfx_atmos_namiki_d",
        "env_cuesheet_name": "snd_sfx_atmos_namiki_d",
        "id": 47,
        "max_placement": 3,
        "month": 10,
        "scenario_id": 2
    },
    {
        "bg_effect": "",
        "bg_id": 124,
        "bg_progress": 3,
        "bg_sub_id": 3112,
        "bgm_cue_name": "snd_bgm_GM125_single",
        "bgm_cuesheet": "snd_bgm_GM125",
        "env_cue_name": "snd_sfx_atmos_namiki_d",
        "env_cuesheet_name": "snd_sfx_atmos_namiki_d",
        "id": 48,
        "max_placement": 3,
        "month": 11,
        "scenario_id": 2
    },
    {
        "bg_effect": "",
        "bg_id": 124,
        "bg_progress": 3,
        "bg_sub_id": 4112,
        "bgm_cue_name": "snd_bgm_GM125_single",
        "bgm_cuesheet": "snd_bgm_GM125",
        "env_cue_name": "snd_sfx_atmos_namiki_d",
        "env_cuesheet_name": "snd_sfx_atmos_namiki_d",
        "id": 49,
        "max_placement": 3,
        "month": 12,
        "scenario_id": 2
    }
]