[
    {
        "id": 0,
        "notice_turn_1": 14,
        "notice_turn_2": 19,
        "notice_turn_3": 0,
        "notice_turn_4": 0,
        "notice_turn_5": 0,
        "turn_num": 24
    },
    {
        "id": 1,
        "notice_turn_1": 26,
        "notice_turn_2": 31,
        "notice_turn_3": 0,
        "notice_turn_4": 0,
        "notice_turn_5": 0,
        "turn_num": 36
    },
    {
        "id": 2,
        "notice_turn_1": 38,
        "notice_turn_2": 43,
        "notice_turn_3": 0,
        "notice_turn_4": 0,
        "notice_turn_5": 0,
        "turn_num": 48
    },
    {
        "id": 3,
        "notice_turn_1": 50,
        "notice_turn_2": 55,
        "notice_turn_3": 0,
        "notice_turn_4": 0,
        "notice_turn_5": 0,
        "turn_num": 60
    },
    {
        "id": 4,
        "notice_turn_1": 62,
        "notice_turn_2": 67,
        "notice_turn_3": 0,
        "notice_turn_4": 0,
        "notice_turn_5": 0,
        "turn_num": 72
    }
]