[
    {
        "condition": 0,
        "group_id": 1,
        "id": 1,
        "priority": 1,
        "race_instance_id_1": 100501,
        "race_instance_id_2": 101001,
        "race_instance_id_3": 101501,
        "race_instance_id_4": 0,
        "race_instance_id_5": 0,
        "race_instance_id_6": 0,
        "race_instance_id_7": 0,
        "race_instance_id_8": 0,
        "win_saddle_type": 0
    },
    {
        "condition": 0,
        "group_id": 3,
        "id": 2,
        "priority": 3,
        "race_instance_id_1": 101601,
        "race_instance_id_2": 101901,
        "race_instance_id_3": 102301,
        "race_instance_id_4": 0,
        "race_instance_id_5": 0,
        "race_instance_id_6": 0,
        "race_instance_id_7": 0,
        "race_instance_id_8": 0,
        "win_saddle_type": 0
    },
    {
        "condition": 0,
        "group_id": 4,
        "id": 3,
        "priority": 4,
        "race_instance_id_1": 100401,
        "race_instance_id_2": 100901,
        "race_instance_id_3": 101401,
        "race_instance_id_4": 0,
        "race_instance_id_5": 0,
        "race_instance_id_6": 0,
        "race_instance_id_7": 0,
        "race_instance_id_8": 0,
        "win_saddle_type": 0
    },
    {
        "condition": 0,
        "group_id": 5,
        "id": 4,
        "priority": 5,
        "race_instance_id_1": 100301,
        "race_instance_id_2": 100601,
        "race_instance_id_3": 101201,
        "race_instance_id_4": 0,
        "race_instance_id_5": 0,
        "race_instance_id_6": 0,
        "race_instance_id_7": 0,
        "race_instance_id_8": 0,
        "win_saddle_type": 0
    },
    {
        "condition": 1,
        "group_id": 7,
        "id": 5,
        "priority": 7,
        "race_instance_id_1": 100601,
        "race_instance_id_2": 101601,
        "race_instance_id_3": 0,
        "race_instance_id_4": 0,
        "race_instance_id_5": 0,
        "race_instance_id_6": 0,
        "race_instance_id_7": 0,
        "race_instance_id_8": 0,
        "win_saddle_type": 0
    },
    {
        "condition": 0,
        "group_id": 8,
        "id": 6,
        "priority": 8,
        "race_instance_id_1": 101201,
        "race_instance_id_2": 102301,
        "race_instance_id_3": 0,
        "race_instance_id_4": 0,
        "race_instance_id_5": 0,
        "race_instance_id_6": 0,
        "race_instance_id_7": 0,
        "race_instance_id_8": 0,
        "win_saddle_type": 0
    },
    {
        "condition": 0,
        "group_id": 10,
        "id": 7,
        "priority": 10,
        "race_instance_id_1": 101101,
        "race_instance_id_2": 101801,
        "race_instance_id_3": 0,
        "race_instance_id_4": 0,
        "race_instance_id_5": 0,
        "race_instance_id_6": 0,
        "race_instance_id_7": 0,
        "race_instance_id_8": 0,
        "win_saddle_type": 0
    },
    {
        "condition": 0,
        "group_id": 11,
        "id": 8,
        "priority": 11,
        "race_instance_id_1": 101301,
        "race_instance_id_2": 100201,
        "race_instance_id_3": 0,
        "race_instance_id_4": 0,
        "race_instance_id_5": 0,
        "race_instance_id_6": 0,
        "race_instance_id_7": 0,
        "race_instance_id_8": 0,
        "win_saddle_type": 0
    },
    {
        "condition": 0,
        "group_id": 12,
        "id": 9,
        "priority": 12,
        "race_instance_id_1": 100101,
        "race_instance_id_2": 102001,
        "race_instance_id_3": 0,
        "race_instance_id_4": 0,
        "race_instance_id_5": 0,
        "race_instance_id_6": 0,
        "race_instance_id_7": 0,
        "race_instance_id_8": 0,
        "win_saddle_type": 0
    },
    {
        "condition": 0,
        "group_id": 37,
        "id": 10,
        "priority": 13,
        "race_instance_id_1": 102301,
        "race_instance_id_2": 0,
        "race_instance_id_3": 0,
        "race_instance_id_4": 0,
        "race_instance_id_5": 0,
        "race_instance_id_6": 0,
        "race_instance_id_7": 0,
        "race_instance_id_8": 0,
        "win_saddle_type": 3
    },
    {
        "condition": 0,
        "group_id": 33,
        "id": 11,
        "priority": 14,
        "race_instance_id_1": 101901,
        "race_instance_id_2": 0,
        "race_instance_id_3": 0,
        "race_instance_id_4": 0,
        "race_instance_id_5": 0,
        "race_instance_id_6": 0,
        "race_instance_id_7": 0,
        "race_instance_id_8": 0,
        "win_saddle_type": 3
    },
    {
        "condition": 0,
        "group_id": 22,
        "id": 12,
        "priority": 15,
        "race_instance_id_1": 101001,
        "race_instance_id_2": 0,
        "race_instance_id_3": 0,
        "race_instance_id_4": 0,
        "race_instance_id_5": 0,
        "race_instance_id_6": 0,
        "race_instance_id_7": 0,
        "race_instance_id_8": 0,
        "win_saddle_type": 3
    },
    {
        "condition": 0,
        "group_id": 18,
        "id": 13,
        "priority": 16,
        "race_instance_id_1": 100601,
        "race_instance_id_2": 0,
        "race_instance_id_3": 0,
        "race_instance_id_4": 0,
        "race_instance_id_5": 0,
        "race_instance_id_6": 0,
        "race_instance_id_7": 0,
        "race_instance_id_8": 0,
        "win_saddle_type": 3
    },
    {
        "condition": 0,
        "group_id": 24,
        "id": 14,
        "priority": 17,
        "race_instance_id_1": 101201,
        "race_instance_id_2": 0,
        "race_instance_id_3": 0,
        "race_instance_id_4": 0,
        "race_instance_id_5": 0,
        "race_instance_id_6": 0,
        "race_instance_id_7": 0,
        "race_instance_id_8": 0,
        "win_saddle_type": 3
    },
    {
        "condition": 0,
        "group_id": 30,
        "id": 15,
        "priority": 19,
        "race_instance_id_1": 101601,
        "race_instance_id_2": 0,
        "race_instance_id_3": 0,
        "race_instance_id_4": 0,
        "race_instance_id_5": 0,
        "race_instance_id_6": 0,
        "race_instance_id_7": 0,
        "race_instance_id_8": 0,
        "win_saddle_type": 3
    },
    {
        "condition": 0,
        "group_id": 28,
        "id": 16,
        "priority": 20,
        "race_instance_id_1": 101501,
        "race_instance_id_2": 0,
        "race_instance_id_3": 0,
        "race_instance_id_4": 0,
        "race_instance_id_5": 0,
        "race_instance_id_6": 0,
        "race_instance_id_7": 0,
        "race_instance_id_8": 0,
        "win_saddle_type": 3
    },
    {
        "condition": 0,
        "group_id": 15,
        "id": 17,
        "priority": 22,
        "race_instance_id_1": 100301,
        "race_instance_id_2": 0,
        "race_instance_id_3": 0,
        "race_instance_id_4": 0,
        "race_instance_id_5": 0,
        "race_instance_id_6": 0,
        "race_instance_id_7": 0,
        "race_instance_id_8": 0,
        "win_saddle_type": 3
    },
    {
        "condition": 0,
        "group_id": 17,
        "id": 18,
        "priority": 23,
        "race_instance_id_1": 100501,
        "race_instance_id_2": 0,
        "race_instance_id_3": 0,
        "race_instance_id_4": 0,
        "race_instance_id_5": 0,
        "race_instance_id_6": 0,
        "race_instance_id_7": 0,
        "race_instance_id_8": 0,
        "win_saddle_type": 3
    },
    {
        "condition": 0,
        "group_id": 21,
        "id": 19,
        "priority": 24,
        "race_instance_id_1": 100901,
        "race_instance_id_2": 0,
        "race_instance_id_3": 0,
        "race_instance_id_4": 0,
        "race_instance_id_5": 0,
        "race_instance_id_6": 0,
        "race_instance_id_7": 0,
        "race_instance_id_8": 0,
        "win_saddle_type": 3
    },
    {
        "condition": 0,
        "group_id": 14,
        "id": 20,
        "priority": 25,
        "race_instance_id_1": 100201,
        "race_instance_id_2": 0,
        "race_instance_id_3": 0,
        "race_instance_id_4": 0,
        "race_instance_id_5": 0,
        "race_instance_id_6": 0,
        "race_instance_id_7": 0,
        "race_instance_id_8": 0,
        "win_saddle_type": 3
    },
    {
        "condition": 0,
        "group_id": 23,
        "id": 21,
        "priority": 26,
        "race_instance_id_1": 101101,
        "race_instance_id_2": 0,
        "race_instance_id_3": 0,
        "race_instance_id_4": 0,
        "race_instance_id_5": 0,
        "race_instance_id_6": 0,
        "race_instance_id_7": 0,
        "race_instance_id_8": 0,
        "win_saddle_type": 3
    },
    {
        "condition": 0,
        "group_id": 26,
        "id": 22,
        "priority": 27,
        "race_instance_id_1": 101301,
        "race_instance_id_2": 0,
        "race_instance_id_3": 0,
        "race_instance_id_4": 0,
        "race_instance_id_5": 0,
        "race_instance_id_6": 0,
        "race_instance_id_7": 0,
        "race_instance_id_8": 0,
        "win_saddle_type": 3
    },
    {
        "condition": 0,
        "group_id": 32,
        "id": 23,
        "priority": 28,
        "race_instance_id_1": 101801,
        "race_instance_id_2": 0,
        "race_instance_id_3": 0,
        "race_instance_id_4": 0,
        "race_instance_id_5": 0,
        "race_instance_id_6": 0,
        "race_instance_id_7": 0,
        "race_instance_id_8": 0,
        "win_saddle_type": 3
    },
    {
        "condition": 0,
        "group_id": 16,
        "id": 24,
        "priority": 29,
        "race_instance_id_1": 100401,
        "race_instance_id_2": 0,
        "race_instance_id_3": 0,
        "race_instance_id_4": 0,
        "race_instance_id_5": 0,
        "race_instance_id_6": 0,
        "race_instance_id_7": 0,
        "race_instance_id_8": 0,
        "win_saddle_type": 3
    },
    {
        "condition": 0,
        "group_id": 20,
        "id": 25,
        "priority": 30,
        "race_instance_id_1": 100801,
        "race_instance_id_2": 0,
        "race_instance_id_3": 0,
        "race_instance_id_4": 0,
        "race_instance_id_5": 0,
        "race_instance_id_6": 0,
        "race_instance_id_7": 0,
        "race_instance_id_8": 0,
        "win_saddle_type": 3
    },
    {
        "condition": 0,
        "group_id": 31,
        "id": 26,
        "priority": 31,
        "race_instance_id_1": 101701,
        "race_instance_id_2": 0,
        "race_instance_id_3": 0,
        "race_instance_id_4": 0,
        "race_instance_id_5": 0,
        "race_instance_id_6": 0,
        "race_instance_id_7": 0,
        "race_instance_id_8": 0,
        "win_saddle_type": 3
    },
    {
        "condition": 0,
        "group_id": 19,
        "id": 27,
        "priority": 32,
        "race_instance_id_1": 100701,
        "race_instance_id_2": 0,
        "race_instance_id_3": 0,
        "race_instance_id_4": 0,
        "race_instance_id_5": 0,
        "race_instance_id_6": 0,
        "race_instance_id_7": 0,
        "race_instance_id_8": 0,
        "win_saddle_type": 3
    },
    {
        "condition": 0,
        "group_id": 27,
        "id": 28,
        "priority": 33,
        "race_instance_id_1": 101401,
        "race_instance_id_2": 0,
        "race_instance_id_3": 0,
        "race_instance_id_4": 0,
        "race_instance_id_5": 0,
        "race_instance_id_6": 0,
        "race_instance_id_7": 0,
        "race_instance_id_8": 0,
        "win_saddle_type": 3
    },
    {
        "condition": 0,
        "group_id": 34,
        "id": 29,
        "priority": 34,
        "race_instance_id_1": 102001,
        "race_instance_id_2": 0,
        "race_instance_id_3": 0,
        "race_instance_id_4": 0,
        "race_instance_id_5": 0,
        "race_instance_id_6": 0,
        "race_instance_id_7": 0,
        "race_instance_id_8": 0,
        "win_saddle_type": 3
    },
    {
        "condition": 0,
        "group_id": 13,
        "id": 30,
        "priority": 35,
        "race_instance_id_1": 100101,
        "race_instance_id_2": 0,
        "race_instance_id_3": 0,
        "race_instance_id_4": 0,
        "race_instance_id_5": 0,
        "race_instance_id_6": 0,
        "race_instance_id_7": 0,
        "race_instance_id_8": 0,
        "win_saddle_type": 3
    },
    {
        "condition": 0,
        "group_id": 43,
        "id": 31,
        "priority": 36,
        "race_instance_id_1": 110501,
        "race_instance_id_2": 0,
        "race_instance_id_3": 0,
        "race_instance_id_4": 0,
        "race_instance_id_5": 0,
        "race_instance_id_6": 0,
        "race_instance_id_7": 0,
        "race_instance_id_8": 0,
        "win_saddle_type": 3
    },
    {
        "condition": 0,
        "group_id": 44,
        "id": 32,
        "priority": 37,
        "race_instance_id_1": 110601,
        "race_instance_id_2": 0,
        "race_instance_id_3": 0,
        "race_instance_id_4": 0,
        "race_instance_id_5": 0,
        "race_instance_id_6": 0,
        "race_instance_id_7": 0,
        "race_instance_id_8": 0,
        "win_saddle_type": 3
    },
    {
        "condition": 0,
        "group_id": 36,
        "id": 33,
        "priority": 38,
        "race_instance_id_1": 102201,
        "race_instance_id_2": 0,
        "race_instance_id_3": 0,
        "race_instance_id_4": 0,
        "race_instance_id_5": 0,
        "race_instance_id_6": 0,
        "race_instance_id_7": 0,
        "race_instance_id_8": 0,
        "win_saddle_type": 3
    },
    {
        "condition": 0,
        "group_id": 38,
        "id": 34,
        "priority": 39,
        "race_instance_id_1": 102401,
        "race_instance_id_2": 0,
        "race_instance_id_3": 0,
        "race_instance_id_4": 0,
        "race_instance_id_5": 0,
        "race_instance_id_6": 0,
        "race_instance_id_7": 0,
        "race_instance_id_8": 0,
        "win_saddle_type": 3
    },
    {
        "condition": 0,
        "group_id": 35,
        "id": 35,
        "priority": 40,
        "race_instance_id_1": 102101,
        "race_instance_id_2": 0,
        "race_instance_id_3": 0,
        "race_instance_id_4": 0,
        "race_instance_id_5": 0,
        "race_instance_id_6": 0,
        "race_instance_id_7": 0,
        "race_instance_id_8": 0,
        "win_saddle_type": 3
    },
    {
        "condition": 0,
        "group_id": 39,
        "id": 36,
        "priority": 41,
        "race_instance_id_1": 110101,
        "race_instance_id_2": 0,
        "race_instance_id_3": 0,
        "race_instance_id_4": 0,
        "race_instance_id_5": 0,
        "race_instance_id_6": 0,
        "race_instance_id_7": 0,
        "race_instance_id_8": 0,
        "win_saddle_type": 3
    },
    {
        "condition": 0,
        "group_id": 42,
        "id": 37,
        "priority": 42,
        "race_instance_id_1": 110401,
        "race_instance_id_2": 0,
        "race_instance_id_3": 0,
        "race_instance_id_4": 0,
        "race_instance_id_5": 0,
        "race_instance_id_6": 0,
        "race_instance_id_7": 0,
        "race_instance_id_8": 0,
        "win_saddle_type": 3
    },
    {
        "condition": 0,
        "group_id": 40,
        "id": 38,
        "priority": 43,
        "race_instance_id_1": 110201,
        "race_instance_id_2": 0,
        "race_instance_id_3": 0,
        "race_instance_id_4": 0,
        "race_instance_id_5": 0,
        "race_instance_id_6": 0,
        "race_instance_id_7": 0,
        "race_instance_id_8": 0,
        "win_saddle_type": 3
    },
    {
        "condition": 0,
        "group_id": 41,
        "id": 39,
        "priority": 44,
        "race_instance_id_1": 110301,
        "race_instance_id_2": 0,
        "race_instance_id_3": 0,
        "race_instance_id_4": 0,
        "race_instance_id_5": 0,
        "race_instance_id_6": 0,
        "race_instance_id_7": 0,
        "race_instance_id_8": 0,
        "win_saddle_type": 3
    },
    {
        "condition": 0,
        "group_id": 45,
        "id": 40,
        "priority": 45,
        "race_instance_id_1": 200101,
        "race_instance_id_2": 0,
        "race_instance_id_3": 0,
        "race_instance_id_4": 0,
        "race_instance_id_5": 0,
        "race_instance_id_6": 0,
        "race_instance_id_7": 0,
        "race_instance_id_8": 0,
        "win_saddle_type": 2
    },
    {
        "condition": 0,
        "group_id": 46,
        "id": 41,
        "priority": 46,
        "race_instance_id_1": 200201,
        "race_instance_id_2": 0,
        "race_instance_id_3": 0,
        "race_instance_id_4": 0,
        "race_instance_id_5": 0,
        "race_instance_id_6": 0,
        "race_instance_id_7": 0,
        "race_instance_id_8": 0,
        "win_saddle_type": 2
    },
    {
        "condition": 0,
        "group_id": 47,
        "id": 42,
        "priority": 47,
        "race_instance_id_1": 200301,
        "race_instance_id_2": 0,
        "race_instance_id_3": 0,
        "race_instance_id_4": 0,
        "race_instance_id_5": 0,
        "race_instance_id_6": 0,
        "race_instance_id_7": 0,
        "race_instance_id_8": 0,
        "win_saddle_type": 2
    },
    {
        "condition": 0,
        "group_id": 48,
        "id": 43,
        "priority": 48,
        "race_instance_id_1": 200401,
        "race_instance_id_2": 0,
        "race_instance_id_3": 0,
        "race_instance_id_4": 0,
        "race_instance_id_5": 0,
        "race_instance_id_6": 0,
        "race_instance_id_7": 0,
        "race_instance_id_8": 0,
        "win_saddle_type": 2
    },
    {
        "condition": 0,
        "group_id": 49,
        "id": 44,
        "priority": 49,
        "race_instance_id_1": 200501,
        "race_instance_id_2": 0,
        "race_instance_id_3": 0,
        "race_instance_id_4": 0,
        "race_instance_id_5": 0,
        "race_instance_id_6": 0,
        "race_instance_id_7": 0,
        "race_instance_id_8": 0,
        "win_saddle_type": 2
    },
    {
        "condition": 0,
        "group_id": 50,
        "id": 45,
        "priority": 50,
        "race_instance_id_1": 200601,
        "race_instance_id_2": 0,
        "race_instance_id_3": 0,
        "race_instance_id_4": 0,
        "race_instance_id_5": 0,
        "race_instance_id_6": 0,
        "race_instance_id_7": 0,
        "race_instance_id_8": 0,
        "win_saddle_type": 2
    },
    {
        "condition": 0,
        "group_id": 51,
        "id": 46,
        "priority": 51,
        "race_instance_id_1": 200701,
        "race_instance_id_2": 0,
        "race_instance_id_3": 0,
        "race_instance_id_4": 0,
        "race_instance_id_5": 0,
        "race_instance_id_6": 0,
        "race_instance_id_7": 0,
        "race_instance_id_8": 0,
        "win_saddle_type": 2
    },
    {
        "condition": 0,
        "group_id": 52,
        "id": 47,
        "priority": 52,
        "race_instance_id_1": 200801,
        "race_instance_id_2": 0,
        "race_instance_id_3": 0,
        "race_instance_id_4": 0,
        "race_instance_id_5": 0,
        "race_instance_id_6": 0,
        "race_instance_id_7": 0,
        "race_instance_id_8": 0,
        "win_saddle_type": 2
    },
    {
        "condition": 0,
        "group_id": 53,
        "id": 48,
        "priority": 53,
        "race_instance_id_1": 200901,
        "race_instance_id_2": 0,
        "race_instance_id_3": 0,
        "race_instance_id_4": 0,
        "race_instance_id_5": 0,
        "race_instance_id_6": 0,
        "race_instance_id_7": 0,
        "race_instance_id_8": 0,
        "win_saddle_type": 2
    },
    {
        "condition": 0,
        "group_id": 54,
        "id": 49,
        "priority": 54,
        "race_instance_id_1": 201001,
        "race_instance_id_2": 0,
        "race_instance_id_3": 0,
        "race_instance_id_4": 0,
        "race_instance_id_5": 0,
        "race_instance_id_6": 0,
        "race_instance_id_7": 0,
        "race_instance_id_8": 0,
        "win_saddle_type": 2
    },
    {
        "condition": 0,
        "group_id": 56,
        "id": 50,
        "priority": 56,
        "race_instance_id_1": 201101,
        "race_instance_id_2": 0,
        "race_instance_id_3": 0,
        "race_instance_id_4": 0,
        "race_instance_id_5": 0,
        "race_instance_id_6": 0,
        "race_instance_id_7": 0,
        "race_instance_id_8": 0,
        "win_saddle_type": 2
    },
    {
        "condition": 0,
        "group_id": 57,
        "id": 51,
        "priority": 57,
        "race_instance_id_1": 201201,
        "race_instance_id_2": 0,
        "race_instance_id_3": 0,
        "race_instance_id_4": 0,
        "race_instance_id_5": 0,
        "race_instance_id_6": 0,
        "race_instance_id_7": 0,
        "race_instance_id_8": 0,
        "win_saddle_type": 2
    },
    {
        "condition": 0,
        "group_id": 58,
        "id": 52,
        "priority": 58,
        "race_instance_id_1": 201301,
        "race_instance_id_2": 0,
        "race_instance_id_3": 0,
        "race_instance_id_4": 0,
        "race_instance_id_5": 0,
        "race_instance_id_6": 0,
        "race_instance_id_7": 0,
        "race_instance_id_8": 0,
        "win_saddle_type": 2
    },
    {
        "condition": 0,
        "group_id": 59,
        "id": 53,
        "priority": 59,
        "race_instance_id_1": 201401,
        "race_instance_id_2": 0,
        "race_instance_id_3": 0,
        "race_instance_id_4": 0,
        "race_instance_id_5": 0,
        "race_instance_id_6": 0,
        "race_instance_id_7": 0,
        "race_instance_id_8": 0,
        "win_saddle_type": 2
    },
    {
        "condition": 0,
        "group_id": 60,
        "id": 54,
        "priority": 60,
        "race_instance_id_1": 201501,
        "race_instance_id_2": 0,
        "race_instance_id_3": 0,
        "race_instance_id_4": 0,
        "race_instance_id_5": 0,
        "race_instance_id_6": 0,
        "race_instance_id_7": 0,
        "race_instance_id_8": 0,
        "win_saddle_type": 2
    },
    {
        "condition": 0,
        "group_id": 61,
        "id": 55,
        "priority": 61,
        "race_instance_id_1": 201601,
        "race_instance_id_2": 0,
        "race_instance_id_3": 0,
        "race_instance_id_4": 0,
        "race_instance_id_5": 0,
        "race_instance_id_6": 0,
        "race_instance_id_7": 0,
        "race_instance_id_8": 0,
        "win_saddle_type": 2
    },
    {
        "condition": 0,
        "group_id": 62,
        "id": 56,
        "priority": 62,
        "race_instance_id_1": 201701,
        "race_instance_id_2": 0,
        "race_instance_id_3": 0,
        "race_instance_id_4": 0,
        "race_instance_id_5": 0,
        "race_instance_id_6": 0,
        "race_instance_id_7": 0,
        "race_instance_id_8": 0,
        "win_saddle_type": 2
    },
    {
        "condition": 0,
        "group_id": 63,
        "id": 57,
        "priority": 63,
        "race_instance_id_1": 201801,
        "race_instance_id_2": 0,
        "race_instance_id_3": 0,
        "race_instance_id_4": 0,
        "race_instance_id_5": 0,
        "race_instance_id_6": 0,
        "race_instance_id_7": 0,
        "race_instance_id_8": 0,
        "win_saddle_type": 2
    },
    {
        "condition": 0,
        "group_id": 64,
        "id": 58,
        "priority": 64,
        "race_instance_id_1": 201901,
        "race_instance_id_2": 0,
        "race_instance_id_3": 0,
        "race_instance_id_4": 0,
        "race_instance_id_5": 0,
        "race_instance_id_6": 0,
        "race_instance_id_7": 0,
        "race_instance_id_8": 0,
        "win_saddle_type": 2
    },
    {
        "condition": 0,
        "group_id": 65,
        "id": 59,
        "priority": 65,
        "race_instance_id_1": 202001,
        "race_instance_id_2": 0,
        "race_instance_id_3": 0,
        "race_instance_id_4": 0,
        "race_instance_id_5": 0,
        "race_instance_id_6": 0,
        "race_instance_id_7": 0,
        "race_instance_id_8": 0,
        "win_saddle_type": 2
    },
    {
        "condition": 0,
        "group_id": 66,
        "id": 60,
        "priority": 66,
        "race_instance_id_1": 202101,
        "race_instance_id_2": 0,
        "race_instance_id_3": 0,
        "race_instance_id_4": 0,
        "race_instance_id_5": 0,
        "race_instance_id_6": 0,
        "race_instance_id_7": 0,
        "race_instance_id_8": 0,
        "win_saddle_type": 2
    },
    {
        "condition": 0,
        "group_id": 67,
        "id": 61,
        "priority": 67,
        "race_instance_id_1": 202201,
        "race_instance_id_2": 0,
        "race_instance_id_3": 0,
        "race_instance_id_4": 0,
        "race_instance_id_5": 0,
        "race_instance_id_6": 0,
        "race_instance_id_7": 0,
        "race_instance_id_8": 0,
        "win_saddle_type": 2
    },
    {
        "condition": 0,
        "group_id": 68,
        "id": 62,
        "priority": 68,
        "race_instance_id_1": 202301,
        "race_instance_id_2": 0,
        "race_instance_id_3": 0,
        "race_instance_id_4": 0,
        "race_instance_id_5": 0,
        "race_instance_id_6": 0,
        "race_instance_id_7": 0,
        "race_instance_id_8": 0,
        "win_saddle_type": 2
    },
    {
        "condition": 0,
        "group_id": 69,
        "id": 63,
        "priority": 69,
        "race_instance_id_1": 202401,
        "race_instance_id_2": 0,
        "race_instance_id_3": 0,
        "race_instance_id_4": 0,
        "race_instance_id_5": 0,
        "race_instance_id_6": 0,
        "race_instance_id_7": 0,
        "race_instance_id_8": 0,
        "win_saddle_type": 2
    },
    {
        "condition": 0,
        "group_id": 70,
        "id": 64,
        "priority": 70,
        "race_instance_id_1": 202501,
        "race_instance_id_2": 0,
        "race_instance_id_3": 0,
        "race_instance_id_4": 0,
        "race_instance_id_5": 0,
        "race_instance_id_6": 0,
        "race_instance_id_7": 0,
        "race_instance_id_8": 0,
        "win_saddle_type": 2
    },
    {
        "condition": 0,
        "group_id": 71,
        "id": 65,
        "priority": 71,
        "race_instance_id_1": 202601,
        "race_instance_id_2": 0,
        "race_instance_id_3": 0,
        "race_instance_id_4": 0,
        "race_instance_id_5": 0,
        "race_instance_id_6": 0,
        "race_instance_id_7": 0,
        "race_instance_id_8": 0,
        "win_saddle_type": 2
    },
    {
        "condition": 0,
        "group_id": 72,
        "id": 66,
        "priority": 72,
        "race_instance_id_1": 202701,
        "race_instance_id_2": 0,
        "race_instance_id_3": 0,
        "race_instance_id_4": 0,
        "race_instance_id_5": 0,
        "race_instance_id_6": 0,
        "race_instance_id_7": 0,
        "race_instance_id_8": 0,
        "win_saddle_type": 2
    },
    {
        "condition": 0,
        "group_id": 73,
        "id": 67,
        "priority": 73,
        "race_instance_id_1": 202801,
        "race_instance_id_2": 0,
        "race_instance_id_3": 0,
        "race_instance_id_4": 0,
        "race_instance_id_5": 0,
        "race_instance_id_6": 0,
        "race_instance_id_7": 0,
        "race_instance_id_8": 0,
        "win_saddle_type": 2
    },
    {
        "condition": 0,
        "group_id": 74,
        "id": 68,
        "priority": 74,
        "race_instance_id_1": 202901,
        "race_instance_id_2": 0,
        "race_instance_id_3": 0,
        "race_instance_id_4": 0,
        "race_instance_id_5": 0,
        "race_instance_id_6": 0,
        "race_instance_id_7": 0,
        "race_instance_id_8": 0,
        "win_saddle_type": 2
    },
    {
        "condition": 0,
        "group_id": 75,
        "id": 69,
        "priority": 75,
        "race_instance_id_1": 203001,
        "race_instance_id_2": 0,
        "race_instance_id_3": 0,
        "race_instance_id_4": 0,
        "race_instance_id_5": 0,
        "race_instance_id_6": 0,
        "race_instance_id_7": 0,
        "race_instance_id_8": 0,
        "win_saddle_type": 2
    },
    {
        "condition": 0,
        "group_id": 76,
        "id": 70,
        "priority": 76,
        "race_instance_id_1": 203101,
        "race_instance_id_2": 0,
        "race_instance_id_3": 0,
        "race_instance_id_4": 0,
        "race_instance_id_5": 0,
        "race_instance_id_6": 0,
        "race_instance_id_7": 0,
        "race_instance_id_8": 0,
        "win_saddle_type": 2
    },
    {
        "condition": 0,
        "group_id": 77,
        "id": 71,
        "priority": 77,
        "race_instance_id_1": 203201,
        "race_instance_id_2": 0,
        "race_instance_id_3": 0,
        "race_instance_id_4": 0,
        "race_instance_id_5": 0,
        "race_instance_id_6": 0,
        "race_instance_id_7": 0,
        "race_instance_id_8": 0,
        "win_saddle_type": 2
    },
    {
        "condition": 0,
        "group_id": 78,
        "id": 72,
        "priority": 78,
        "race_instance_id_1": 203301,
        "race_instance_id_2": 0,
        "race_instance_id_3": 0,
        "race_instance_id_4": 0,
        "race_instance_id_5": 0,
        "race_instance_id_6": 0,
        "race_instance_id_7": 0,
        "race_instance_id_8": 0,
        "win_saddle_type": 2
    },
    {
        "condition": 0,
        "group_id": 79,
        "id": 73,
        "priority": 79,
        "race_instance_id_1": 203401,
        "race_instance_id_2": 0,
        "race_instance_id_3": 0,
        "race_instance_id_4": 0,
        "race_instance_id_5": 0,
        "race_instance_id_6": 0,
        "race_instance_id_7": 0,
        "race_instance_id_8": 0,
        "win_saddle_type": 2
    },
    {
        "condition": 0,
        "group_id": 80,
        "id": 74,
        "priority": 80,
        "race_instance_id_1": 300101,
        "race_instance_id_2": 0,
        "race_instance_id_3": 0,
        "race_instance_id_4": 0,
        "race_instance_id_5": 0,
        "race_instance_id_6": 0,
        "race_instance_id_7": 0,
        "race_instance_id_8": 0,
        "win_saddle_type": 1
    },
    {
        "condition": 0,
        "group_id": 81,
        "id": 75,
        "priority": 81,
        "race_instance_id_1": 300201,
        "race_instance_id_2": 0,
        "race_instance_id_3": 0,
        "race_instance_id_4": 0,
        "race_instance_id_5": 0,
        "race_instance_id_6": 0,
        "race_instance_id_7": 0,
        "race_instance_id_8": 0,
        "win_saddle_type": 1
    },
    {
        "condition": 0,
        "group_id": 82,
        "id": 76,
        "priority": 82,
        "race_instance_id_1": 300301,
        "race_instance_id_2": 0,
        "race_instance_id_3": 0,
        "race_instance_id_4": 0,
        "race_instance_id_5": 0,
        "race_instance_id_6": 0,
        "race_instance_id_7": 0,
        "race_instance_id_8": 0,
        "win_saddle_type": 1
    },
    {
        "condition": 0,
        "group_id": 83,
        "id": 77,
        "priority": 83,
        "race_instance_id_1": 300401,
        "race_instance_id_2": 0,
        "race_instance_id_3": 0,
        "race_instance_id_4": 0,
        "race_instance_id_5": 0,
        "race_instance_id_6": 0,
        "race_instance_id_7": 0,
        "race_instance_id_8": 0,
        "win_saddle_type": 1
    },
    {
        "condition": 0,
        "group_id": 84,
        "id": 78,
        "priority": 84,
        "race_instance_id_1": 300501,
        "race_instance_id_2": 0,
        "race_instance_id_3": 0,
        "race_instance_id_4": 0,
        "race_instance_id_5": 0,
        "race_instance_id_6": 0,
        "race_instance_id_7": 0,
        "race_instance_id_8": 0,
        "win_saddle_type": 1
    },
    {
        "condition": 0,
        "group_id": 85,
        "id": 79,
        "priority": 85,
        "race_instance_id_1": 300601,
        "race_instance_id_2": 0,
        "race_instance_id_3": 0,
        "race_instance_id_4": 0,
        "race_instance_id_5": 0,
        "race_instance_id_6": 0,
        "race_instance_id_7": 0,
        "race_instance_id_8": 0,
        "win_saddle_type": 1
    },
    {
        "condition": 0,
        "group_id": 86,
        "id": 80,
        "priority": 86,
        "race_instance_id_1": 300701,
        "race_instance_id_2": 0,
        "race_instance_id_3": 0,
        "race_instance_id_4": 0,
        "race_instance_id_5": 0,
        "race_instance_id_6": 0,
        "race_instance_id_7": 0,
        "race_instance_id_8": 0,
        "win_saddle_type": 1
    },
    {
        "condition": 0,
        "group_id": 87,
        "id": 81,
        "priority": 87,
        "race_instance_id_1": 300801,
        "race_instance_id_2": 0,
        "race_instance_id_3": 0,
        "race_instance_id_4": 0,
        "race_instance_id_5": 0,
        "race_instance_id_6": 0,
        "race_instance_id_7": 0,
        "race_instance_id_8": 0,
        "win_saddle_type": 1
    },
    {
        "condition": 0,
        "group_id": 88,
        "id": 82,
        "priority": 88,
        "race_instance_id_1": 300901,
        "race_instance_id_2": 0,
        "race_instance_id_3": 0,
        "race_instance_id_4": 0,
        "race_instance_id_5": 0,
        "race_instance_id_6": 0,
        "race_instance_id_7": 0,
        "race_instance_id_8": 0,
        "win_saddle_type": 1
    },
    {
        "condition": 0,
        "group_id": 89,
        "id": 83,
        "priority": 89,
        "race_instance_id_1": 301001,
        "race_instance_id_2": 0,
        "race_instance_id_3": 0,
        "race_instance_id_4": 0,
        "race_instance_id_5": 0,
        "race_instance_id_6": 0,
        "race_instance_id_7": 0,
        "race_instance_id_8": 0,
        "win_saddle_type": 1
    },
    {
        "condition": 0,
        "group_id": 90,
        "id": 84,
        "priority": 90,
        "race_instance_id_1": 301101,
        "race_instance_id_2": 0,
        "race_instance_id_3": 0,
        "race_instance_id_4": 0,
        "race_instance_id_5": 0,
        "race_instance_id_6": 0,
        "race_instance_id_7": 0,
        "race_instance_id_8": 0,
        "win_saddle_type": 1
    },
    {
        "condition": 0,
        "group_id": 91,
        "id": 85,
        "priority": 91,
        "race_instance_id_1": 301201,
        "race_instance_id_2": 0,
        "race_instance_id_3": 0,
        "race_instance_id_4": 0,
        "race_instance_id_5": 0,
        "race_instance_id_6": 0,
        "race_instance_id_7": 0,
        "race_instance_id_8": 0,
        "win_saddle_type": 1
    },
    {
        "condition": 0,
        "group_id": 92,
        "id": 86,
        "priority": 92,
        "race_instance_id_1": 301301,
        "race_instance_id_2": 0,
        "race_instance_id_3": 0,
        "race_instance_id_4": 0,
        "race_instance_id_5": 0,
        "race_instance_id_6": 0,
        "race_instance_id_7": 0,
        "race_instance_id_8": 0,
        "win_saddle_type": 1
    },
    {
        "condition": 0,
        "group_id": 93,
        "id": 87,
        "priority": 93,
        "race_instance_id_1": 301401,
        "race_instance_id_2": 0,
        "race_instance_id_3": 0,
        "race_instance_id_4": 0,
        "race_instance_id_5": 0,
        "race_instance_id_6": 0,
        "race_instance_id_7": 0,
        "race_instance_id_8": 0,
        "win_saddle_type": 1
    },
    {
        "condition": 0,
        "group_id": 94,
        "id": 88,
        "priority": 94,
        "race_instance_id_1": 301501,
        "race_instance_id_2": 0,
        "race_instance_id_3": 0,
        "race_instance_id_4": 0,
        "race_instance_id_5": 0,
        "race_instance_id_6": 0,
        "race_instance_id_7": 0,
        "race_instance_id_8": 0,
        "win_saddle_type": 1
    },
    {
        "condition": 0,
        "group_id": 95,
        "id": 89,
        "priority": 95,
        "race_instance_id_1": 301601,
        "race_instance_id_2": 0,
        "race_instance_id_3": 0,
        "race_instance_id_4": 0,
        "race_instance_id_5": 0,
        "race_instance_id_6": 0,
        "race_instance_id_7": 0,
        "race_instance_id_8": 0,
        "win_saddle_type": 1
    },
    {
        "condition": 0,
        "group_id": 96,
        "id": 90,
        "priority": 96,
        "race_instance_id_1": 301701,
        "race_instance_id_2": 0,
        "race_instance_id_3": 0,
        "race_instance_id_4": 0,
        "race_instance_id_5": 0,
        "race_instance_id_6": 0,
        "race_instance_id_7": 0,
        "race_instance_id_8": 0,
        "win_saddle_type": 1
    },
    {
        "condition": 0,
        "group_id": 97,
        "id": 91,
        "priority": 97,
        "race_instance_id_1": 301801,
        "race_instance_id_2": 0,
        "race_instance_id_3": 0,
        "race_instance_id_4": 0,
        "race_instance_id_5": 0,
        "race_instance_id_6": 0,
        "race_instance_id_7": 0,
        "race_instance_id_8": 0,
        "win_saddle_type": 2
    },
    {
        "condition": 0,
        "group_id": 98,
        "id": 92,
        "priority": 98,
        "race_instance_id_1": 301901,
        "race_instance_id_2": 0,
        "race_instance_id_3": 0,
        "race_instance_id_4": 0,
        "race_instance_id_5": 0,
        "race_instance_id_6": 0,
        "race_instance_id_7": 0,
        "race_instance_id_8": 0,
        "win_saddle_type": 1
    },
    {
        "condition": 0,
        "group_id": 99,
        "id": 93,
        "priority": 99,
        "race_instance_id_1": 302001,
        "race_instance_id_2": 0,
        "race_instance_id_3": 0,
        "race_instance_id_4": 0,
        "race_instance_id_5": 0,
        "race_instance_id_6": 0,
        "race_instance_id_7": 0,
        "race_instance_id_8": 0,
        "win_saddle_type": 1
    },
    {
        "condition": 0,
        "group_id": 100,
        "id": 94,
        "priority": 100,
        "race_instance_id_1": 302101,
        "race_instance_id_2": 0,
        "race_instance_id_3": 0,
        "race_instance_id_4": 0,
        "race_instance_id_5": 0,
        "race_instance_id_6": 0,
        "race_instance_id_7": 0,
        "race_instance_id_8": 0,
        "win_saddle_type": 1
    },
    {
        "condition": 0,
        "group_id": 101,
        "id": 95,
        "priority": 101,
        "race_instance_id_1": 302201,
        "race_instance_id_2": 0,
        "race_instance_id_3": 0,
        "race_instance_id_4": 0,
        "race_instance_id_5": 0,
        "race_instance_id_6": 0,
        "race_instance_id_7": 0,
        "race_instance_id_8": 0,
        "win_saddle_type": 1
    },
    {
        "condition": 0,
        "group_id": 102,
        "id": 96,
        "priority": 102,
        "race_instance_id_1": 302301,
        "race_instance_id_2": 0,
        "race_instance_id_3": 0,
        "race_instance_id_4": 0,
        "race_instance_id_5": 0,
        "race_instance_id_6": 0,
        "race_instance_id_7": 0,
        "race_instance_id_8": 0,
        "win_saddle_type": 1
    },
    {
        "condition": 0,
        "group_id": 103,
        "id": 97,
        "priority": 103,
        "race_instance_id_1": 302401,
        "race_instance_id_2": 0,
        "race_instance_id_3": 0,
        "race_instance_id_4": 0,
        "race_instance_id_5": 0,
        "race_instance_id_6": 0,
        "race_instance_id_7": 0,
        "race_instance_id_8": 0,
        "win_saddle_type": 1
    },
    {
        "condition": 0,
        "group_id": 104,
        "id": 98,
        "priority": 104,
        "race_instance_id_1": 302501,
        "race_instance_id_2": 0,
        "race_instance_id_3": 0,
        "race_instance_id_4": 0,
        "race_instance_id_5": 0,
        "race_instance_id_6": 0,
        "race_instance_id_7": 0,
        "race_instance_id_8": 0,
        "win_saddle_type": 1
    },
    {
        "condition": 0,
        "group_id": 105,
        "id": 99,
        "priority": 105,
        "race_instance_id_1": 302601,
        "race_instance_id_2": 0,
        "race_instance_id_3": 0,
        "race_instance_id_4": 0,
        "race_instance_id_5": 0,
        "race_instance_id_6": 0,
        "race_instance_id_7": 0,
        "race_instance_id_8": 0,
        "win_saddle_type": 1
    },
    {
        "condition": 0,
        "group_id": 106,
        "id": 100,
        "priority": 106,
        "race_instance_id_1": 302701,
        "race_instance_id_2": 0,
        "race_instance_id_3": 0,
        "race_instance_id_4": 0,
        "race_instance_id_5": 0,
        "race_instance_id_6": 0,
        "race_instance_id_7": 0,
        "race_instance_id_8": 0,
        "win_saddle_type": 1
    },
    {
        "condition": 0,
        "group_id": 107,
        "id": 101,
        "priority": 107,
        "race_instance_id_1": 302801,
        "race_instance_id_2": 0,
        "race_instance_id_3": 0,
        "race_instance_id_4": 0,
        "race_instance_id_5": 0,
        "race_instance_id_6": 0,
        "race_instance_id_7": 0,
        "race_instance_id_8": 0,
        "win_saddle_type": 1
    },
    {
        "condition": 0,
        "group_id": 108,
        "id": 102,
        "priority": 108,
        "race_instance_id_1": 302901,
        "race_instance_id_2": 0,
        "race_instance_id_3": 0,
        "race_instance_id_4": 0,
        "race_instance_id_5": 0,
        "race_instance_id_6": 0,
        "race_instance_id_7": 0,
        "race_instance_id_8": 0,
        "win_saddle_type": 1
    },
    {
        "condition": 0,
        "group_id": 110,
        "id": 103,
        "priority": 110,
        "race_instance_id_1": 303001,
        "race_instance_id_2": 0,
        "race_instance_id_3": 0,
        "race_instance_id_4": 0,
        "race_instance_id_5": 0,
        "race_instance_id_6": 0,
        "race_instance_id_7": 0,
        "race_instance_id_8": 0,
        "win_saddle_type": 1
    },
    {
        "condition": 0,
        "group_id": 111,
        "id": 104,
        "priority": 111,
        "race_instance_id_1": 303101,
        "race_instance_id_2": 0,
        "race_instance_id_3": 0,
        "race_instance_id_4": 0,
        "race_instance_id_5": 0,
        "race_instance_id_6": 0,
        "race_instance_id_7": 0,
        "race_instance_id_8": 0,
        "win_saddle_type": 1
    },
    {
        "condition": 0,
        "group_id": 112,
        "id": 105,
        "priority": 112,
        "race_instance_id_1": 303201,
        "race_instance_id_2": 0,
        "race_instance_id_3": 0,
        "race_instance_id_4": 0,
        "race_instance_id_5": 0,
        "race_instance_id_6": 0,
        "race_instance_id_7": 0,
        "race_instance_id_8": 0,
        "win_saddle_type": 1
    },
    {
        "condition": 0,
        "group_id": 113,
        "id": 106,
        "priority": 113,
        "race_instance_id_1": 303301,
        "race_instance_id_2": 0,
        "race_instance_id_3": 0,
        "race_instance_id_4": 0,
        "race_instance_id_5": 0,
        "race_instance_id_6": 0,
        "race_instance_id_7": 0,
        "race_instance_id_8": 0,
        "win_saddle_type": 1
    },
    {
        "condition": 0,
        "group_id": 114,
        "id": 107,
        "priority": 114,
        "race_instance_id_1": 303401,
        "race_instance_id_2": 0,
        "race_instance_id_3": 0,
        "race_instance_id_4": 0,
        "race_instance_id_5": 0,
        "race_instance_id_6": 0,
        "race_instance_id_7": 0,
        "race_instance_id_8": 0,
        "win_saddle_type": 1
    },
    {
        "condition": 0,
        "group_id": 115,
        "id": 108,
        "priority": 115,
        "race_instance_id_1": 303501,
        "race_instance_id_2": 0,
        "race_instance_id_3": 0,
        "race_instance_id_4": 0,
        "race_instance_id_5": 0,
        "race_instance_id_6": 0,
        "race_instance_id_7": 0,
        "race_instance_id_8": 0,
        "win_saddle_type": 1
    },
    {
        "condition": 0,
        "group_id": 116,
        "id": 109,
        "priority": 116,
        "race_instance_id_1": 303601,
        "race_instance_id_2": 0,
        "race_instance_id_3": 0,
        "race_instance_id_4": 0,
        "race_instance_id_5": 0,
        "race_instance_id_6": 0,
        "race_instance_id_7": 0,
        "race_instance_id_8": 0,
        "win_saddle_type": 1
    },
    {
        "condition": 0,
        "group_id": 117,
        "id": 110,
        "priority": 117,
        "race_instance_id_1": 303701,
        "race_instance_id_2": 0,
        "race_instance_id_3": 0,
        "race_instance_id_4": 0,
        "race_instance_id_5": 0,
        "race_instance_id_6": 0,
        "race_instance_id_7": 0,
        "race_instance_id_8": 0,
        "win_saddle_type": 1
    },
    {
        "condition": 0,
        "group_id": 118,
        "id": 111,
        "priority": 118,
        "race_instance_id_1": 303801,
        "race_instance_id_2": 0,
        "race_instance_id_3": 0,
        "race_instance_id_4": 0,
        "race_instance_id_5": 0,
        "race_instance_id_6": 0,
        "race_instance_id_7": 0,
        "race_instance_id_8": 0,
        "win_saddle_type": 1
    },
    {
        "condition": 0,
        "group_id": 119,
        "id": 112,
        "priority": 119,
        "race_instance_id_1": 303901,
        "race_instance_id_2": 0,
        "race_instance_id_3": 0,
        "race_instance_id_4": 0,
        "race_instance_id_5": 0,
        "race_instance_id_6": 0,
        "race_instance_id_7": 0,
        "race_instance_id_8": 0,
        "win_saddle_type": 1
    },
    {
        "condition": 0,
        "group_id": 120,
        "id": 113,
        "priority": 120,
        "race_instance_id_1": 304001,
        "race_instance_id_2": 0,
        "race_instance_id_3": 0,
        "race_instance_id_4": 0,
        "race_instance_id_5": 0,
        "race_instance_id_6": 0,
        "race_instance_id_7": 0,
        "race_instance_id_8": 0,
        "win_saddle_type": 1
    },
    {
        "condition": 0,
        "group_id": 121,
        "id": 114,
        "priority": 121,
        "race_instance_id_1": 304101,
        "race_instance_id_2": 0,
        "race_instance_id_3": 0,
        "race_instance_id_4": 0,
        "race_instance_id_5": 0,
        "race_instance_id_6": 0,
        "race_instance_id_7": 0,
        "race_instance_id_8": 0,
        "win_saddle_type": 1
    },
    {
        "condition": 0,
        "group_id": 122,
        "id": 115,
        "priority": 122,
        "race_instance_id_1": 304201,
        "race_instance_id_2": 0,
        "race_instance_id_3": 0,
        "race_instance_id_4": 0,
        "race_instance_id_5": 0,
        "race_instance_id_6": 0,
        "race_instance_id_7": 0,
        "race_instance_id_8": 0,
        "win_saddle_type": 1
    },
    {
        "condition": 0,
        "group_id": 123,
        "id": 116,
        "priority": 123,
        "race_instance_id_1": 304301,
        "race_instance_id_2": 0,
        "race_instance_id_3": 0,
        "race_instance_id_4": 0,
        "race_instance_id_5": 0,
        "race_instance_id_6": 0,
        "race_instance_id_7": 0,
        "race_instance_id_8": 0,
        "win_saddle_type": 1
    },
    {
        "condition": 0,
        "group_id": 124,
        "id": 117,
        "priority": 124,
        "race_instance_id_1": 304401,
        "race_instance_id_2": 0,
        "race_instance_id_3": 0,
        "race_instance_id_4": 0,
        "race_instance_id_5": 0,
        "race_instance_id_6": 0,
        "race_instance_id_7": 0,
        "race_instance_id_8": 0,
        "win_saddle_type": 1
    },
    {
        "condition": 0,
        "group_id": 125,
        "id": 118,
        "priority": 125,
        "race_instance_id_1": 304501,
        "race_instance_id_2": 0,
        "race_instance_id_3": 0,
        "race_instance_id_4": 0,
        "race_instance_id_5": 0,
        "race_instance_id_6": 0,
        "race_instance_id_7": 0,
        "race_instance_id_8": 0,
        "win_saddle_type": 1
    },
    {
        "condition": 0,
        "group_id": 126,
        "id": 119,
        "priority": 126,
        "race_instance_id_1": 304601,
        "race_instance_id_2": 0,
        "race_instance_id_3": 0,
        "race_instance_id_4": 0,
        "race_instance_id_5": 0,
        "race_instance_id_6": 0,
        "race_instance_id_7": 0,
        "race_instance_id_8": 0,
        "win_saddle_type": 1
    },
    {
        "condition": 0,
        "group_id": 127,
        "id": 120,
        "priority": 127,
        "race_instance_id_1": 304701,
        "race_instance_id_2": 0,
        "race_instance_id_3": 0,
        "race_instance_id_4": 0,
        "race_instance_id_5": 0,
        "race_instance_id_6": 0,
        "race_instance_id_7": 0,
        "race_instance_id_8": 0,
        "win_saddle_type": 1
    },
    {
        "condition": 0,
        "group_id": 128,
        "id": 121,
        "priority": 128,
        "race_instance_id_1": 304801,
        "race_instance_id_2": 0,
        "race_instance_id_3": 0,
        "race_instance_id_4": 0,
        "race_instance_id_5": 0,
        "race_instance_id_6": 0,
        "race_instance_id_7": 0,
        "race_instance_id_8": 0,
        "win_saddle_type": 1
    },
    {
        "condition": 0,
        "group_id": 129,
        "id": 122,
        "priority": 129,
        "race_instance_id_1": 304901,
        "race_instance_id_2": 0,
        "race_instance_id_3": 0,
        "race_instance_id_4": 0,
        "race_instance_id_5": 0,
        "race_instance_id_6": 0,
        "race_instance_id_7": 0,
        "race_instance_id_8": 0,
        "win_saddle_type": 1
    },
    {
        "condition": 0,
        "group_id": 130,
        "id": 123,
        "priority": 130,
        "race_instance_id_1": 305001,
        "race_instance_id_2": 0,
        "race_instance_id_3": 0,
        "race_instance_id_4": 0,
        "race_instance_id_5": 0,
        "race_instance_id_6": 0,
        "race_instance_id_7": 0,
        "race_instance_id_8": 0,
        "win_saddle_type": 1
    },
    {
        "condition": 0,
        "group_id": 131,
        "id": 124,
        "priority": 131,
        "race_instance_id_1": 305101,
        "race_instance_id_2": 0,
        "race_instance_id_3": 0,
        "race_instance_id_4": 0,
        "race_instance_id_5": 0,
        "race_instance_id_6": 0,
        "race_instance_id_7": 0,
        "race_instance_id_8": 0,
        "win_saddle_type": 1
    },
    {
        "condition": 0,
        "group_id": 132,
        "id": 125,
        "priority": 132,
        "race_instance_id_1": 305201,
        "race_instance_id_2": 0,
        "race_instance_id_3": 0,
        "race_instance_id_4": 0,
        "race_instance_id_5": 0,
        "race_instance_id_6": 0,
        "race_instance_id_7": 0,
        "race_instance_id_8": 0,
        "win_saddle_type": 1
    },
    {
        "condition": 0,
        "group_id": 133,
        "id": 126,
        "priority": 133,
        "race_instance_id_1": 305301,
        "race_instance_id_2": 0,
        "race_instance_id_3": 0,
        "race_instance_id_4": 0,
        "race_instance_id_5": 0,
        "race_instance_id_6": 0,
        "race_instance_id_7": 0,
        "race_instance_id_8": 0,
        "win_saddle_type": 1
    },
    {
        "condition": 0,
        "group_id": 134,
        "id": 127,
        "priority": 134,
        "race_instance_id_1": 305401,
        "race_instance_id_2": 0,
        "race_instance_id_3": 0,
        "race_instance_id_4": 0,
        "race_instance_id_5": 0,
        "race_instance_id_6": 0,
        "race_instance_id_7": 0,
        "race_instance_id_8": 0,
        "win_saddle_type": 1
    },
    {
        "condition": 0,
        "group_id": 135,
        "id": 128,
        "priority": 135,
        "race_instance_id_1": 305501,
        "race_instance_id_2": 0,
        "race_instance_id_3": 0,
        "race_instance_id_4": 0,
        "race_instance_id_5": 0,
        "race_instance_id_6": 0,
        "race_instance_id_7": 0,
        "race_instance_id_8": 0,
        "win_saddle_type": 1
    },
    {
        "condition": 0,
        "group_id": 136,
        "id": 129,
        "priority": 136,
        "race_instance_id_1": 305601,
        "race_instance_id_2": 0,
        "race_instance_id_3": 0,
        "race_instance_id_4": 0,
        "race_instance_id_5": 0,
        "race_instance_id_6": 0,
        "race_instance_id_7": 0,
        "race_instance_id_8": 0,
        "win_saddle_type": 1
    },
    {
        "condition": 0,
        "group_id": 137,
        "id": 130,
        "priority": 137,
        "race_instance_id_1": 305701,
        "race_instance_id_2": 0,
        "race_instance_id_3": 0,
        "race_instance_id_4": 0,
        "race_instance_id_5": 0,
        "race_instance_id_6": 0,
        "race_instance_id_7": 0,
        "race_instance_id_8": 0,
        "win_saddle_type": 1
    },
    {
        "condition": 0,
        "group_id": 138,
        "id": 131,
        "priority": 138,
        "race_instance_id_1": 305801,
        "race_instance_id_2": 0,
        "race_instance_id_3": 0,
        "race_instance_id_4": 0,
        "race_instance_id_5": 0,
        "race_instance_id_6": 0,
        "race_instance_id_7": 0,
        "race_instance_id_8": 0,
        "win_saddle_type": 2
    },
    {
        "condition": 0,
        "group_id": 139,
        "id": 132,
        "priority": 139,
        "race_instance_id_1": 305901,
        "race_instance_id_2": 0,
        "race_instance_id_3": 0,
        "race_instance_id_4": 0,
        "race_instance_id_5": 0,
        "race_instance_id_6": 0,
        "race_instance_id_7": 0,
        "race_instance_id_8": 0,
        "win_saddle_type": 1
    },
    {
        "condition": 0,
        "group_id": 140,
        "id": 133,
        "priority": 140,
        "race_instance_id_1": 306001,
        "race_instance_id_2": 0,
        "race_instance_id_3": 0,
        "race_instance_id_4": 0,
        "race_instance_id_5": 0,
        "race_instance_id_6": 0,
        "race_instance_id_7": 0,
        "race_instance_id_8": 0,
        "win_saddle_type": 1
    },
    {
        "condition": 0,
        "group_id": 141,
        "id": 134,
        "priority": 141,
        "race_instance_id_1": 306101,
        "race_instance_id_2": 0,
        "race_instance_id_3": 0,
        "race_instance_id_4": 0,
        "race_instance_id_5": 0,
        "race_instance_id_6": 0,
        "race_instance_id_7": 0,
        "race_instance_id_8": 0,
        "win_saddle_type": 1
    },
    {
        "condition": 0,
        "group_id": 142,
        "id": 135,
        "priority": 142,
        "race_instance_id_1": 306201,
        "race_instance_id_2": 0,
        "race_instance_id_3": 0,
        "race_instance_id_4": 0,
        "race_instance_id_5": 0,
        "race_instance_id_6": 0,
        "race_instance_id_7": 0,
        "race_instance_id_8": 0,
        "win_saddle_type": 1
    },
    {
        "condition": 0,
        "group_id": 143,
        "id": 136,
        "priority": 143,
        "race_instance_id_1": 306301,
        "race_instance_id_2": 0,
        "race_instance_id_3": 0,
        "race_instance_id_4": 0,
        "race_instance_id_5": 0,
        "race_instance_id_6": 0,
        "race_instance_id_7": 0,
        "race_instance_id_8": 0,
        "win_saddle_type": 1
    },
    {
        "condition": 0,
        "group_id": 144,
        "id": 137,
        "priority": 144,
        "race_instance_id_1": 306401,
        "race_instance_id_2": 0,
        "race_instance_id_3": 0,
        "race_instance_id_4": 0,
        "race_instance_id_5": 0,
        "race_instance_id_6": 0,
        "race_instance_id_7": 0,
        "race_instance_id_8": 0,
        "win_saddle_type": 1
    },
    {
        "condition": 0,
        "group_id": 145,
        "id": 138,
        "priority": 145,
        "race_instance_id_1": 306501,
        "race_instance_id_2": 0,
        "race_instance_id_3": 0,
        "race_instance_id_4": 0,
        "race_instance_id_5": 0,
        "race_instance_id_6": 0,
        "race_instance_id_7": 0,
        "race_instance_id_8": 0,
        "win_saddle_type": 1
    },
    {
        "condition": 0,
        "group_id": 146,
        "id": 139,
        "priority": 146,
        "race_instance_id_1": 306601,
        "race_instance_id_2": 0,
        "race_instance_id_3": 0,
        "race_instance_id_4": 0,
        "race_instance_id_5": 0,
        "race_instance_id_6": 0,
        "race_instance_id_7": 0,
        "race_instance_id_8": 0,
        "win_saddle_type": 1
    },
    {
        "condition": 0,
        "group_id": 147,
        "id": 140,
        "priority": 147,
        "race_instance_id_1": 306701,
        "race_instance_id_2": 0,
        "race_instance_id_3": 0,
        "race_instance_id_4": 0,
        "race_instance_id_5": 0,
        "race_instance_id_6": 0,
        "race_instance_id_7": 0,
        "race_instance_id_8": 0,
        "win_saddle_type": 1
    },
    {
        "condition": 0,
        "group_id": 148,
        "id": 141,
        "priority": 148,
        "race_instance_id_1": 306801,
        "race_instance_id_2": 0,
        "race_instance_id_3": 0,
        "race_instance_id_4": 0,
        "race_instance_id_5": 0,
        "race_instance_id_6": 0,
        "race_instance_id_7": 0,
        "race_instance_id_8": 0,
        "win_saddle_type": 1
    },
    {
        "condition": 0,
        "group_id": 149,
        "id": 142,
        "priority": 149,
        "race_instance_id_1": 306901,
        "race_instance_id_2": 0,
        "race_instance_id_3": 0,
        "race_instance_id_4": 0,
        "race_instance_id_5": 0,
        "race_instance_id_6": 0,
        "race_instance_id_7": 0,
        "race_instance_id_8": 0,
        "win_saddle_type": 1
    },
    {
        "condition": 0,
        "group_id": 150,
        "id": 143,
        "priority": 150,
        "race_instance_id_1": 307001,
        "race_instance_id_2": 0,
        "race_instance_id_3": 0,
        "race_instance_id_4": 0,
        "race_instance_id_5": 0,
        "race_instance_id_6": 0,
        "race_instance_id_7": 0,
        "race_instance_id_8": 0,
        "win_saddle_type": 1
    },
    {
        "condition": 0,
        "group_id": 1,
        "id": 144,
        "priority": 2,
        "race_instance_id_1": 100501,
        "race_instance_id_2": 101001,
        "race_instance_id_3": 102601,
        "race_instance_id_4": 0,
        "race_instance_id_5": 0,
        "race_instance_id_6": 0,
        "race_instance_id_7": 0,
        "race_instance_id_8": 0,
        "win_saddle_type": 0
    },
    {
        "condition": 0,
        "group_id": 5,
        "id": 145,
        "priority": 6,
        "race_instance_id_1": 100301,
        "race_instance_id_2": 100601,
        "race_instance_id_3": 102501,
        "race_instance_id_4": 0,
        "race_instance_id_5": 0,
        "race_instance_id_6": 0,
        "race_instance_id_7": 0,
        "race_instance_id_8": 0,
        "win_saddle_type": 0
    },
    {
        "condition": 0,
        "group_id": 8,
        "id": 146,
        "priority": 9,
        "race_instance_id_1": 102501,
        "race_instance_id_2": 102301,
        "race_instance_id_3": 0,
        "race_instance_id_4": 0,
        "race_instance_id_5": 0,
        "race_instance_id_6": 0,
        "race_instance_id_7": 0,
        "race_instance_id_8": 0,
        "win_saddle_type": 0
    },
    {
        "condition": 0,
        "group_id": 24,
        "id": 147,
        "priority": 18,
        "race_instance_id_1": 102501,
        "race_instance_id_2": 0,
        "race_instance_id_3": 0,
        "race_instance_id_4": 0,
        "race_instance_id_5": 0,
        "race_instance_id_6": 0,
        "race_instance_id_7": 0,
        "race_instance_id_8": 0,
        "win_saddle_type": 3
    },
    {
        "condition": 0,
        "group_id": 28,
        "id": 148,
        "priority": 21,
        "race_instance_id_1": 102601,
        "race_instance_id_2": 0,
        "race_instance_id_3": 0,
        "race_instance_id_4": 0,
        "race_instance_id_5": 0,
        "race_instance_id_6": 0,
        "race_instance_id_7": 0,
        "race_instance_id_8": 0,
        "win_saddle_type": 3
    },
    {
        "condition": 0,
        "group_id": 54,
        "id": 149,
        "priority": 55,
        "race_instance_id_1": 203501,
        "race_instance_id_2": 0,
        "race_instance_id_3": 0,
        "race_instance_id_4": 0,
        "race_instance_id_5": 0,
        "race_instance_id_6": 0,
        "race_instance_id_7": 0,
        "race_instance_id_8": 0,
        "win_saddle_type": 2
    },
    {
        "condition": 0,
        "group_id": 109,
        "id": 150,
        "priority": 109,
        "race_instance_id_1": 405001,
        "race_instance_id_2": 0,
        "race_instance_id_3": 0,
        "race_instance_id_4": 0,
        "race_instance_id_5": 0,
        "race_instance_id_6": 0,
        "race_instance_id_7": 0,
        "race_instance_id_8": 0,
        "win_saddle_type": 1
    },
    {
        "condition": 0,
        "group_id": 5,
        "id": 151,
        "priority": 6,
        "race_instance_id_1": 100301,
        "race_instance_id_2": 102701,
        "race_instance_id_3": 101201,
        "race_instance_id_4": 0,
        "race_instance_id_5": 0,
        "race_instance_id_6": 0,
        "race_instance_id_7": 0,
        "race_instance_id_8": 0,
        "win_saddle_type": 0
    },
    {
        "condition": 1,
        "group_id": 7,
        "id": 152,
        "priority": 7,
        "race_instance_id_1": 102701,
        "race_instance_id_2": 101601,
        "race_instance_id_3": 0,
        "race_instance_id_4": 0,
        "race_instance_id_5": 0,
        "race_instance_id_6": 0,
        "race_instance_id_7": 0,
        "race_instance_id_8": 0,
        "win_saddle_type": 0
    },
    {
        "condition": 0,
        "group_id": 18,
        "id": 153,
        "priority": 16,
        "race_instance_id_1": 102701,
        "race_instance_id_2": 0,
        "race_instance_id_3": 0,
        "race_instance_id_4": 0,
        "race_instance_id_5": 0,
        "race_instance_id_6": 0,
        "race_instance_id_7": 0,
        "race_instance_id_8": 0,
        "win_saddle_type": 3
    }
]