[
    {
        "id": 1,
        "race_group_id": 18,
        "race_program_id": 18
    },
    {
        "id": 2,
        "race_group_id": 19,
        "race_program_id": 19
    },
    {
        "id": 3,
        "race_group_id": 178,
        "race_program_id": 178
    },
    {
        "id": 4,
        "race_group_id": 179,
        "race_program_id": 179
    },
    {
        "id": 5,
        "race_group_id": 36,
        "race_program_id": 36
    },
    {
        "id": 6,
        "race_group_id": 193,
        "race_program_id": 193
    },
    {
        "id": 7,
        "race_group_id": 37,
        "race_program_id": 37
    },
    {
        "id": 8,
        "race_group_id": 38,
        "race_program_id": 38
    },
    {
        "id": 9,
        "race_group_id": 42,
        "race_program_id": 42
    },
    {
        "id": 10,
        "race_group_id": 6,
        "race_program_id": 6
    },
    {
        "id": 11,
        "race_group_id": 20,
        "race_program_id": 20
    },
    {
        "id": 12,
        "race_group_id": 180,
        "race_program_id": 180
    },
    {
        "id": 13,
        "race_group_id": 39,
        "race_program_id": 39
    },
    {
        "id": 14,
        "race_group_id": 40,
        "race_program_id": 40
    },
    {
        "id": 15,
        "race_group_id": 194,
        "race_program_id": 194
    },
    {
        "id": 16,
        "race_group_id": 7,
        "race_program_id": 7
    },
    {
        "id": 17,
        "race_group_id": 8,
        "race_program_id": 8
    },
    {
        "id": 18,
        "race_group_id": 41,
        "race_program_id": 41
    },
    {
        "id": 19,
        "race_group_id": 195,
        "race_program_id": 195
    },
    {
        "id": 20,
        "race_group_id": 21,
        "race_program_id": 21
    },
    {
        "id": 21,
        "race_group_id": 22,
        "race_program_id": 22
    },
    {
        "id": 22,
        "race_group_id": 43,
        "race_program_id": 43
    },
    {
        "id": 23,
        "race_group_id": 196,
        "race_program_id": 196
    },
    {
        "id": 24,
        "race_group_id": 181,
        "race_program_id": 181
    },
    {
        "id": 25,
        "race_group_id": 23,
        "race_program_id": 23
    },
    {
        "id": 26,
        "race_group_id": 44,
        "race_program_id": 44
    },
    {
        "id": 27,
        "race_group_id": 197,
        "race_program_id": 197
    },
    {
        "id": 28,
        "race_group_id": 9,
        "race_program_id": 9
    },
    {
        "id": 29,
        "race_group_id": 182,
        "race_program_id": 182
    },
    {
        "id": 30,
        "race_group_id": 183,
        "race_program_id": 183
    },
    {
        "id": 31,
        "race_group_id": 45,
        "race_program_id": 45
    },
    {
        "id": 32,
        "race_group_id": 46,
        "race_program_id": 46
    },
    {
        "id": 33,
        "race_group_id": 47,
        "race_program_id": 47
    },
    {
        "id": 34,
        "race_group_id": 1,
        "race_program_id": 1
    },
    {
        "id": 35,
        "race_group_id": 24,
        "race_program_id": 24
    },
    {
        "id": 36,
        "race_group_id": 25,
        "race_program_id": 25
    },
    {
        "id": 37,
        "race_group_id": 26,
        "race_program_id": 26
    },
    {
        "id": 38,
        "race_group_id": 198,
        "race_program_id": 198
    },
    {
        "id": 39,
        "race_group_id": 10,
        "race_program_id": 10
    },
    {
        "id": 40,
        "race_group_id": 184,
        "race_program_id": 184
    },
    {
        "id": 41,
        "race_group_id": 27,
        "race_program_id": 27
    },
    {
        "id": 42,
        "race_group_id": 48,
        "race_program_id": 48
    },
    {
        "id": 43,
        "race_group_id": 199,
        "race_program_id": 199
    },
    {
        "id": 44,
        "race_group_id": 169,
        "race_program_id": 169
    },
    {
        "id": 45,
        "race_group_id": 185,
        "race_program_id": 185
    },
    {
        "id": 46,
        "race_group_id": 28,
        "race_program_id": 28
    },
    {
        "id": 47,
        "race_group_id": 49,
        "race_program_id": 49
    },
    {
        "id": 48,
        "race_group_id": 50,
        "race_program_id": 50
    },
    {
        "id": 49,
        "race_group_id": 11,
        "race_program_id": 11
    },
    {
        "id": 50,
        "race_group_id": 170,
        "race_program_id": 170
    },
    {
        "id": 51,
        "race_group_id": 29,
        "race_program_id": 29
    },
    {
        "id": 52,
        "race_group_id": 51,
        "race_program_id": 51
    },
    {
        "id": 53,
        "race_group_id": 200,
        "race_program_id": 200
    },
    {
        "id": 54,
        "race_group_id": 201,
        "race_program_id": 201
    },
    {
        "id": 55,
        "race_group_id": 52,
        "race_program_id": 52
    },
    {
        "id": 56,
        "race_group_id": 12,
        "race_program_id": 12
    },
    {
        "id": 57,
        "race_group_id": 171,
        "race_program_id": 171
    },
    {
        "id": 58,
        "race_group_id": 186,
        "race_program_id": 186
    },
    {
        "id": 59,
        "race_group_id": 187,
        "race_program_id": 187
    },
    {
        "id": 60,
        "race_group_id": 202,
        "race_program_id": 202
    },
    {
        "id": 61,
        "race_group_id": 53,
        "race_program_id": 53
    },
    {
        "id": 62,
        "race_group_id": 2,
        "race_program_id": 2
    },
    {
        "id": 63,
        "race_group_id": 3,
        "race_program_id": 3
    },
    {
        "id": 64,
        "race_group_id": 13,
        "race_program_id": 13
    },
    {
        "id": 65,
        "race_group_id": 188,
        "race_program_id": 188
    },
    {
        "id": 66,
        "race_group_id": 30,
        "race_program_id": 30
    },
    {
        "id": 67,
        "race_group_id": 55,
        "race_program_id": 55
    },
    {
        "id": 68,
        "race_group_id": 31,
        "race_program_id": 31
    },
    {
        "id": 69,
        "race_group_id": 56,
        "race_program_id": 56
    },
    {
        "id": 70,
        "race_group_id": 203,
        "race_program_id": 203
    },
    {
        "id": 71,
        "race_group_id": 204,
        "race_program_id": 204
    },
    {
        "id": 72,
        "race_group_id": 162,
        "race_program_id": 162
    },
    {
        "id": 73,
        "race_group_id": 14,
        "race_program_id": 14
    },
    {
        "id": 74,
        "race_group_id": 172,
        "race_program_id": 172
    },
    {
        "id": 76,
        "race_group_id": 205,
        "race_program_id": 205
    },
    {
        "id": 77,
        "race_group_id": 58,
        "race_program_id": 58
    },
    {
        "id": 78,
        "race_group_id": 59,
        "race_program_id": 59
    },
    {
        "id": 79,
        "race_group_id": 163,
        "race_program_id": 163
    },
    {
        "id": 80,
        "race_group_id": 32,
        "race_program_id": 32
    },
    {
        "id": 81,
        "race_group_id": 60,
        "race_program_id": 60
    },
    {
        "id": 82,
        "race_group_id": 15,
        "race_program_id": 15
    },
    {
        "id": 83,
        "race_group_id": 173,
        "race_program_id": 173
    },
    {
        "id": 84,
        "race_group_id": 33,
        "race_program_id": 33
    },
    {
        "id": 85,
        "race_group_id": 206,
        "race_program_id": 206
    },
    {
        "id": 86,
        "race_group_id": 61,
        "race_program_id": 61
    },
    {
        "id": 87,
        "race_group_id": 4,
        "race_program_id": 4
    },
    {
        "id": 88,
        "race_group_id": 174,
        "race_program_id": 174
    },
    {
        "id": 89,
        "race_group_id": 62,
        "race_program_id": 62
    },
    {
        "id": 90,
        "race_group_id": 207,
        "race_program_id": 207
    },
    {
        "id": 91,
        "race_group_id": 208,
        "race_program_id": 208
    },
    {
        "id": 92,
        "race_group_id": 164,
        "race_program_id": 164
    },
    {
        "id": 93,
        "race_group_id": 175,
        "race_program_id": 175
    },
    {
        "id": 94,
        "race_group_id": 34,
        "race_program_id": 34
    },
    {
        "id": 95,
        "race_group_id": 63,
        "race_program_id": 63
    },
    {
        "id": 96,
        "race_group_id": 209,
        "race_program_id": 209
    },
    {
        "id": 97,
        "race_group_id": 64,
        "race_program_id": 64
    },
    {
        "id": 98,
        "race_group_id": 65,
        "race_program_id": 65
    },
    {
        "id": 99,
        "race_group_id": 66,
        "race_program_id": 66
    },
    {
        "id": 100,
        "race_group_id": 5,
        "race_program_id": 5
    },
    {
        "id": 101,
        "race_group_id": 16,
        "race_program_id": 16
    },
    {
        "id": 102,
        "race_group_id": 67,
        "race_program_id": 67
    },
    {
        "id": 103,
        "race_group_id": 210,
        "race_program_id": 210
    },
    {
        "id": 104,
        "race_group_id": 68,
        "race_program_id": 68
    },
    {
        "id": 105,
        "race_group_id": 211,
        "race_program_id": 211
    },
    {
        "id": 106,
        "race_group_id": 165,
        "race_program_id": 165
    },
    {
        "id": 107,
        "race_group_id": 35,
        "race_program_id": 35
    },
    {
        "id": 108,
        "race_group_id": 69,
        "race_program_id": 69
    },
    {
        "id": 109,
        "race_group_id": 212,
        "race_program_id": 212
    },
    {
        "id": 110,
        "race_group_id": 70,
        "race_program_id": 70
    },
    {
        "id": 111,
        "race_group_id": 166,
        "race_program_id": 166
    },
    {
        "id": 112,
        "race_group_id": 17,
        "race_program_id": 17
    },
    {
        "id": 113,
        "race_group_id": 213,
        "race_program_id": 213
    },
    {
        "id": 114,
        "race_group_id": 71,
        "race_program_id": 71
    },
    {
        "id": 115,
        "race_group_id": 72,
        "race_program_id": 72
    },
    {
        "id": 116,
        "race_group_id": 73,
        "race_program_id": 73
    },
    {
        "id": 117,
        "race_group_id": 93,
        "race_program_id": 93
    },
    {
        "id": 118,
        "race_group_id": 94,
        "race_program_id": 94
    },
    {
        "id": 119,
        "race_group_id": 95,
        "race_program_id": 95
    },
    {
        "id": 120,
        "race_group_id": 122,
        "race_program_id": 122
    },
    {
        "id": 121,
        "race_group_id": 189,
        "race_program_id": 189
    },
    {
        "id": 122,
        "race_group_id": 96,
        "race_program_id": 96
    },
    {
        "id": 123,
        "race_group_id": 74,
        "race_program_id": 74
    },
    {
        "id": 124,
        "race_group_id": 121,
        "race_program_id": 121
    },
    {
        "id": 125,
        "race_group_id": 123,
        "race_program_id": 123
    },
    {
        "id": 126,
        "race_group_id": 124,
        "race_program_id": 124
    },
    {
        "id": 127,
        "race_group_id": 125,
        "race_program_id": 125
    },
    {
        "id": 128,
        "race_group_id": 97,
        "race_program_id": 97
    },
    {
        "id": 129,
        "race_group_id": 190,
        "race_program_id": 190
    },
    {
        "id": 130,
        "race_group_id": 126,
        "race_program_id": 126
    },
    {
        "id": 131,
        "race_group_id": 98,
        "race_program_id": 98
    },
    {
        "id": 132,
        "race_group_id": 99,
        "race_program_id": 99
    },
    {
        "id": 133,
        "race_group_id": 127,
        "race_program_id": 127
    },
    {
        "id": 134,
        "race_group_id": 100,
        "race_program_id": 100
    },
    {
        "id": 136,
        "race_group_id": 101,
        "race_program_id": 101
    },
    {
        "id": 137,
        "race_group_id": 628,
        "race_program_id": 628
    },
    {
        "id": 138,
        "race_group_id": 637,
        "race_program_id": 637
    },
    {
        "id": 139,
        "race_group_id": 129,
        "race_program_id": 129
    },
    {
        "id": 140,
        "race_group_id": 102,
        "race_program_id": 102
    },
    {
        "id": 141,
        "race_group_id": 103,
        "race_program_id": 103
    },
    {
        "id": 142,
        "race_group_id": 104,
        "race_program_id": 104
    },
    {
        "id": 143,
        "race_group_id": 191,
        "race_program_id": 191
    },
    {
        "id": 144,
        "race_group_id": 638,
        "race_program_id": 638
    },
    {
        "id": 145,
        "race_group_id": 130,
        "race_program_id": 130
    },
    {
        "id": 146,
        "race_group_id": 131,
        "race_program_id": 131
    },
    {
        "id": 147,
        "race_group_id": 105,
        "race_program_id": 105
    },
    {
        "id": 148,
        "race_group_id": 106,
        "race_program_id": 106
    },
    {
        "id": 149,
        "race_group_id": 132,
        "race_program_id": 132
    },
    {
        "id": 150,
        "race_group_id": 639,
        "race_program_id": 639
    },
    {
        "id": 151,
        "race_group_id": 640,
        "race_program_id": 640
    },
    {
        "id": 152,
        "race_group_id": 82,
        "race_program_id": 82
    },
    {
        "id": 153,
        "race_group_id": 107,
        "race_program_id": 107
    },
    {
        "id": 154,
        "race_group_id": 133,
        "race_program_id": 133
    },
    {
        "id": 155,
        "race_group_id": 641,
        "race_program_id": 641
    },
    {
        "id": 156,
        "race_group_id": 629,
        "race_program_id": 629
    },
    {
        "id": 157,
        "race_group_id": 108,
        "race_program_id": 108
    },
    {
        "id": 158,
        "race_group_id": 134,
        "race_program_id": 134
    },
    {
        "id": 159,
        "race_group_id": 135,
        "race_program_id": 135
    },
    {
        "id": 160,
        "race_group_id": 136,
        "race_program_id": 136
    },
    {
        "id": 161,
        "race_group_id": 630,
        "race_program_id": 630
    },
    {
        "id": 162,
        "race_group_id": 631,
        "race_program_id": 631
    },
    {
        "id": 163,
        "race_group_id": 109,
        "race_program_id": 109
    },
    {
        "id": 164,
        "race_group_id": 137,
        "race_program_id": 137
    },
    {
        "id": 165,
        "race_group_id": 643,
        "race_program_id": 643
    },
    {
        "id": 166,
        "race_group_id": 83,
        "race_program_id": 83
    },
    {
        "id": 167,
        "race_group_id": 192,
        "race_program_id": 192
    },
    {
        "id": 168,
        "race_group_id": 110,
        "race_program_id": 110
    },
    {
        "id": 169,
        "race_group_id": 138,
        "race_program_id": 138
    },
    {
        "id": 170,
        "race_group_id": 644,
        "race_program_id": 644
    },
    {
        "id": 171,
        "race_group_id": 176,
        "race_program_id": 176
    },
    {
        "id": 172,
        "race_group_id": 177,
        "race_program_id": 177
    },
    {
        "id": 173,
        "race_group_id": 139,
        "race_program_id": 139
    },
    {
        "id": 174,
        "race_group_id": 84,
        "race_program_id": 84
    },
    {
        "id": 175,
        "race_group_id": 85,
        "race_program_id": 85
    },
    {
        "id": 176,
        "race_group_id": 645,
        "race_program_id": 645
    },
    {
        "id": 177,
        "race_group_id": 646,
        "race_program_id": 646
    },
    {
        "id": 178,
        "race_group_id": 75,
        "race_program_id": 75
    },
    {
        "id": 179,
        "race_group_id": 111,
        "race_program_id": 111
    },
    {
        "id": 180,
        "race_group_id": 647,
        "race_program_id": 647
    },
    {
        "id": 181,
        "race_group_id": 140,
        "race_program_id": 140
    },
    {
        "id": 182,
        "race_group_id": 86,
        "race_program_id": 86
    },
    {
        "id": 183,
        "race_group_id": 87,
        "race_program_id": 87
    },
    {
        "id": 184,
        "race_group_id": 632,
        "race_program_id": 632
    },
    {
        "id": 185,
        "race_group_id": 141,
        "race_program_id": 141
    },
    {
        "id": 186,
        "race_group_id": 142,
        "race_program_id": 142
    },
    {
        "id": 187,
        "race_group_id": 167,
        "race_program_id": 167
    },
    {
        "id": 188,
        "race_group_id": 88,
        "race_program_id": 88
    },
    {
        "id": 189,
        "race_group_id": 648,
        "race_program_id": 648
    },
    {
        "id": 190,
        "race_group_id": 143,
        "race_program_id": 143
    },
    {
        "id": 191,
        "race_group_id": 144,
        "race_program_id": 144
    },
    {
        "id": 192,
        "race_group_id": 168,
        "race_program_id": 168
    },
    {
        "id": 193,
        "race_group_id": 112,
        "race_program_id": 112
    },
    {
        "id": 194,
        "race_group_id": 649,
        "race_program_id": 649
    },
    {
        "id": 195,
        "race_group_id": 145,
        "race_program_id": 145
    },
    {
        "id": 196,
        "race_group_id": 146,
        "race_program_id": 146
    },
    {
        "id": 197,
        "race_group_id": 76,
        "race_program_id": 76
    },
    {
        "id": 198,
        "race_group_id": 89,
        "race_program_id": 89
    },
    {
        "id": 199,
        "race_group_id": 633,
        "race_program_id": 633
    },
    {
        "id": 200,
        "race_group_id": 650,
        "race_program_id": 650
    },
    {
        "id": 201,
        "race_group_id": 147,
        "race_program_id": 147
    },
    {
        "id": 202,
        "race_group_id": 148,
        "race_program_id": 148
    },
    {
        "id": 203,
        "race_group_id": 626,
        "race_program_id": 626
    },
    {
        "id": 204,
        "race_group_id": 90,
        "race_program_id": 90
    },
    {
        "id": 205,
        "race_group_id": 634,
        "race_program_id": 634
    },
    {
        "id": 206,
        "race_group_id": 113,
        "race_program_id": 113
    },
    {
        "id": 207,
        "race_group_id": 77,
        "race_program_id": 77
    },
    {
        "id": 208,
        "race_group_id": 627,
        "race_program_id": 627
    },
    {
        "id": 209,
        "race_group_id": 114,
        "race_program_id": 114
    },
    {
        "id": 210,
        "race_group_id": 115,
        "race_program_id": 115
    },
    {
        "id": 211,
        "race_group_id": 149,
        "race_program_id": 149
    },
    {
        "id": 212,
        "race_group_id": 651,
        "race_program_id": 651
    },
    {
        "id": 213,
        "race_group_id": 78,
        "race_program_id": 78
    },
    {
        "id": 214,
        "race_group_id": 635,
        "race_program_id": 635
    },
    {
        "id": 215,
        "race_group_id": 150,
        "race_program_id": 150
    },
    {
        "id": 216,
        "race_group_id": 151,
        "race_program_id": 151
    },
    {
        "id": 217,
        "race_group_id": 152,
        "race_program_id": 152
    },
    {
        "id": 218,
        "race_group_id": 79,
        "race_program_id": 79
    },
    {
        "id": 219,
        "race_group_id": 636,
        "race_program_id": 636
    },
    {
        "id": 220,
        "race_group_id": 116,
        "race_program_id": 116
    },
    {
        "id": 221,
        "race_group_id": 153,
        "race_program_id": 153
    },
    {
        "id": 222,
        "race_group_id": 154,
        "race_program_id": 154
    },
    {
        "id": 223,
        "race_group_id": 80,
        "race_program_id": 80
    },
    {
        "id": 224,
        "race_group_id": 91,
        "race_program_id": 91
    },
    {
        "id": 225,
        "race_group_id": 117,
        "race_program_id": 117
    },
    {
        "id": 226,
        "race_group_id": 155,
        "race_program_id": 155
    },
    {
        "id": 227,
        "race_group_id": 623,
        "race_program_id": 623
    },
    {
        "id": 228,
        "race_group_id": 118,
        "race_program_id": 118
    },
    {
        "id": 229,
        "race_group_id": 119,
        "race_program_id": 119
    },
    {
        "id": 230,
        "race_group_id": 156,
        "race_program_id": 156
    },
    {
        "id": 231,
        "race_group_id": 157,
        "race_program_id": 157
    },
    {
        "id": 232,
        "race_group_id": 158,
        "race_program_id": 158
    },
    {
        "id": 233,
        "race_group_id": 624,
        "race_program_id": 624
    },
    {
        "id": 234,
        "race_group_id": 120,
        "race_program_id": 120
    },
    {
        "id": 235,
        "race_group_id": 159,
        "race_program_id": 159
    },
    {
        "id": 236,
        "race_group_id": 81,
        "race_program_id": 81
    },
    {
        "id": 237,
        "race_group_id": 625,
        "race_program_id": 625
    },
    {
        "id": 238,
        "race_group_id": 92,
        "race_program_id": 92
    },
    {
        "id": 239,
        "race_group_id": 215,
        "race_program_id": 215
    },
    {
        "id": 240,
        "race_group_id": 220,
        "race_program_id": 220
    },
    {
        "id": 241,
        "race_group_id": 216,
        "race_program_id": 216
    },
    {
        "id": 242,
        "race_group_id": 276,
        "race_program_id": 276
    },
    {
        "id": 243,
        "race_group_id": 217,
        "race_program_id": 217
    },
    {
        "id": 244,
        "race_group_id": 653,
        "race_program_id": 653
    },
    {
        "id": 245,
        "race_group_id": 323,
        "race_program_id": 323
    },
    {
        "id": 246,
        "race_group_id": 656,
        "race_program_id": 656
    },
    {
        "id": 247,
        "race_group_id": 356,
        "race_program_id": 356
    },
    {
        "id": 248,
        "race_group_id": 660,
        "race_program_id": 660
    },
    {
        "id": 249,
        "race_group_id": 328,
        "race_program_id": 328
    },
    {
        "id": 250,
        "race_group_id": 661,
        "race_program_id": 661
    },
    {
        "id": 251,
        "race_group_id": 352,
        "race_program_id": 352
    },
    {
        "id": 252,
        "race_group_id": 223,
        "race_program_id": 223
    },
    {
        "id": 253,
        "race_group_id": 261,
        "race_program_id": 261
    },
    {
        "id": 254,
        "race_group_id": 274,
        "race_program_id": 274
    },
    {
        "id": 255,
        "race_group_id": 224,
        "race_program_id": 224
    },
    {
        "id": 256,
        "race_group_id": 225,
        "race_program_id": 225
    },
    {
        "id": 257,
        "race_group_id": 662,
        "race_program_id": 662
    },
    {
        "id": 258,
        "race_group_id": 326,
        "race_program_id": 326
    },
    {
        "id": 259,
        "race_group_id": 663,
        "race_program_id": 663
    },
    {
        "id": 260,
        "race_group_id": 353,
        "race_program_id": 353
    },
    {
        "id": 261,
        "race_group_id": 227,
        "race_program_id": 227
    },
    {
        "id": 262,
        "race_group_id": 228,
        "race_program_id": 228
    },
    {
        "id": 263,
        "race_group_id": 275,
        "race_program_id": 275
    },
    {
        "id": 264,
        "race_group_id": 229,
        "race_program_id": 229
    },
    {
        "id": 265,
        "race_group_id": 260,
        "race_program_id": 260
    },
    {
        "id": 266,
        "race_group_id": 236,
        "race_program_id": 236
    },
    {
        "id": 267,
        "race_group_id": 279,
        "race_program_id": 279
    },
    {
        "id": 268,
        "race_group_id": 666,
        "race_program_id": 666
    },
    {
        "id": 269,
        "race_group_id": 322,
        "race_program_id": 322
    },
    {
        "id": 270,
        "race_group_id": 561,
        "race_program_id": 561
    },
    {
        "id": 271,
        "race_group_id": 351,
        "race_program_id": 351
    },
    {
        "id": 272,
        "race_group_id": 669,
        "race_program_id": 669
    },
    {
        "id": 273,
        "race_group_id": 670,
        "race_program_id": 670
    },
    {
        "id": 274,
        "race_group_id": 361,
        "race_program_id": 361
    },
    {
        "id": 275,
        "race_group_id": 239,
        "race_program_id": 239
    },
    {
        "id": 276,
        "race_group_id": 362,
        "race_program_id": 362
    },
    {
        "id": 277,
        "race_group_id": 240,
        "race_program_id": 240
    },
    {
        "id": 278,
        "race_group_id": 278,
        "race_program_id": 278
    },
    {
        "id": 279,
        "race_group_id": 241,
        "race_program_id": 241
    },
    {
        "id": 280,
        "race_group_id": 671,
        "race_program_id": 671
    },
    {
        "id": 281,
        "race_group_id": 324,
        "race_program_id": 324
    },
    {
        "id": 282,
        "race_group_id": 673,
        "race_program_id": 673
    },
    {
        "id": 283,
        "race_group_id": 357,
        "race_program_id": 357
    },
    {
        "id": 284,
        "race_group_id": 244,
        "race_program_id": 244
    },
    {
        "id": 285,
        "race_group_id": 246,
        "race_program_id": 246
    },
    {
        "id": 286,
        "race_group_id": 280,
        "race_program_id": 280
    },
    {
        "id": 287,
        "race_group_id": 247,
        "race_program_id": 247
    },
    {
        "id": 295,
        "race_group_id": 676,
        "race_program_id": 676
    },
    {
        "id": 309,
        "race_group_id": 685,
        "race_program_id": 685
    },
    {
        "id": 314,
        "race_group_id": 689,
        "race_program_id": 689
    },
    {
        "id": 318,
        "race_group_id": 398,
        "race_program_id": 398
    },
    {
        "id": 319,
        "race_group_id": 266,
        "race_program_id": 266
    },
    {
        "id": 320,
        "race_group_id": 399,
        "race_program_id": 399
    },
    {
        "id": 321,
        "race_group_id": 400,
        "race_program_id": 400
    },
    {
        "id": 322,
        "race_group_id": 283,
        "race_program_id": 283
    },
    {
        "id": 323,
        "race_group_id": 401,
        "race_program_id": 401
    },
    {
        "id": 324,
        "race_group_id": 295,
        "race_program_id": 295
    },
    {
        "id": 325,
        "race_group_id": 404,
        "race_program_id": 404
    },
    {
        "id": 326,
        "race_group_id": 405,
        "race_program_id": 405
    },
    {
        "id": 327,
        "race_group_id": 406,
        "race_program_id": 406
    },
    {
        "id": 328,
        "race_group_id": 407,
        "race_program_id": 407
    },
    {
        "id": 329,
        "race_group_id": 296,
        "race_program_id": 296
    },
    {
        "id": 330,
        "race_group_id": 408,
        "race_program_id": 408
    },
    {
        "id": 331,
        "race_group_id": 267,
        "race_program_id": 267
    },
    {
        "id": 332,
        "race_group_id": 409,
        "race_program_id": 409
    },
    {
        "id": 333,
        "race_group_id": 410,
        "race_program_id": 410
    },
    {
        "id": 334,
        "race_group_id": 284,
        "race_program_id": 284
    },
    {
        "id": 335,
        "race_group_id": 411,
        "race_program_id": 411
    },
    {
        "id": 336,
        "race_group_id": 291,
        "race_program_id": 291
    },
    {
        "id": 337,
        "race_group_id": 417,
        "race_program_id": 417
    },
    {
        "id": 338,
        "race_group_id": 272,
        "race_program_id": 272
    },
    {
        "id": 339,
        "race_group_id": 418,
        "race_program_id": 418
    },
    {
        "id": 340,
        "race_group_id": 419,
        "race_program_id": 419
    },
    {
        "id": 341,
        "race_group_id": 285,
        "race_program_id": 285
    },
    {
        "id": 342,
        "race_group_id": 420,
        "race_program_id": 420
    },
    {
        "id": 343,
        "race_group_id": 293,
        "race_program_id": 293
    },
    {
        "id": 344,
        "race_group_id": 422,
        "race_program_id": 422
    },
    {
        "id": 345,
        "race_group_id": 268,
        "race_program_id": 268
    },
    {
        "id": 346,
        "race_group_id": 423,
        "race_program_id": 423
    },
    {
        "id": 347,
        "race_group_id": 424,
        "race_program_id": 424
    },
    {
        "id": 348,
        "race_group_id": 282,
        "race_program_id": 282
    },
    {
        "id": 349,
        "race_group_id": 425,
        "race_program_id": 425
    },
    {
        "id": 350,
        "race_group_id": 294,
        "race_program_id": 294
    },
    {
        "id": 351,
        "race_group_id": 430,
        "race_program_id": 430
    },
    {
        "id": 352,
        "race_group_id": 270,
        "race_program_id": 270
    },
    {
        "id": 353,
        "race_group_id": 431,
        "race_program_id": 431
    },
    {
        "id": 354,
        "race_group_id": 432,
        "race_program_id": 432
    },
    {
        "id": 355,
        "race_group_id": 286,
        "race_program_id": 286
    },
    {
        "id": 356,
        "race_group_id": 433,
        "race_program_id": 433
    },
    {
        "id": 357,
        "race_group_id": 437,
        "race_program_id": 437
    },
    {
        "id": 358,
        "race_group_id": 438,
        "race_program_id": 438
    },
    {
        "id": 359,
        "race_group_id": 287,
        "race_program_id": 287
    },
    {
        "id": 360,
        "race_group_id": 439,
        "race_program_id": 439
    },
    {
        "id": 361,
        "race_group_id": 442,
        "race_program_id": 442
    },
    {
        "id": 362,
        "race_group_id": 271,
        "race_program_id": 271
    },
    {
        "id": 363,
        "race_group_id": 443,
        "race_program_id": 443
    },
    {
        "id": 364,
        "race_group_id": 444,
        "race_program_id": 444
    },
    {
        "id": 365,
        "race_group_id": 363,
        "race_program_id": 363
    },
    {
        "id": 366,
        "race_group_id": 445,
        "race_program_id": 445
    },
    {
        "id": 367,
        "race_group_id": 292,
        "race_program_id": 292
    },
    {
        "id": 368,
        "race_group_id": 446,
        "race_program_id": 446
    },
    {
        "id": 369,
        "race_group_id": 448,
        "race_program_id": 448
    },
    {
        "id": 370,
        "race_group_id": 281,
        "race_program_id": 281
    },
    {
        "id": 371,
        "race_group_id": 449,
        "race_program_id": 449
    },
    {
        "id": 372,
        "race_group_id": 450,
        "race_program_id": 450
    },
    {
        "id": 373,
        "race_group_id": 297,
        "race_program_id": 297
    },
    {
        "id": 374,
        "race_group_id": 806,
        "race_program_id": 806
    },
    {
        "id": 375,
        "race_group_id": 807,
        "race_program_id": 807
    },
    {
        "id": 376,
        "race_group_id": 342,
        "race_program_id": 342
    },
    {
        "id": 377,
        "race_group_id": 808,
        "race_program_id": 808
    },
    {
        "id": 378,
        "race_group_id": 809,
        "race_program_id": 809
    },
    {
        "id": 379,
        "race_group_id": 331,
        "race_program_id": 331
    },
    {
        "id": 380,
        "race_group_id": 810,
        "race_program_id": 810
    },
    {
        "id": 381,
        "race_group_id": 344,
        "race_program_id": 344
    },
    {
        "id": 382,
        "race_group_id": 812,
        "race_program_id": 812
    },
    {
        "id": 383,
        "race_group_id": 330,
        "race_program_id": 330
    },
    {
        "id": 384,
        "race_group_id": 813,
        "race_program_id": 813
    },
    {
        "id": 385,
        "race_group_id": 341,
        "race_program_id": 341
    },
    {
        "id": 387,
        "race_group_id": 816,
        "race_program_id": 816
    },
    {
        "id": 388,
        "race_group_id": 339,
        "race_program_id": 339
    },
    {
        "id": 389,
        "race_group_id": 817,
        "race_program_id": 817
    },
    {
        "id": 390,
        "race_group_id": 345,
        "race_program_id": 345
    },
    {
        "id": 391,
        "race_group_id": 820,
        "race_program_id": 820
    },
    {
        "id": 392,
        "race_group_id": 334,
        "race_program_id": 334
    },
    {
        "id": 393,
        "race_group_id": 821,
        "race_program_id": 821
    },
    {
        "id": 394,
        "race_group_id": 822,
        "race_program_id": 822
    },
    {
        "id": 395,
        "race_group_id": 825,
        "race_program_id": 825
    },
    {
        "id": 396,
        "race_group_id": 337,
        "race_program_id": 337
    },
    {
        "id": 397,
        "race_group_id": 826,
        "race_program_id": 826
    },
    {
        "id": 398,
        "race_group_id": 347,
        "race_program_id": 347
    },
    {
        "id": 399,
        "race_group_id": 828,
        "race_program_id": 828
    },
    {
        "id": 400,
        "race_group_id": 335,
        "race_program_id": 335
    },
    {
        "id": 401,
        "race_group_id": 829,
        "race_program_id": 829
    },
    {
        "id": 402,
        "race_group_id": 830,
        "race_program_id": 830
    },
    {
        "id": 409,
        "race_group_id": 831,
        "race_program_id": 831
    },
    {
        "id": 426,
        "race_group_id": 846,
        "race_program_id": 846
    },
    {
        "id": 436,
        "race_group_id": 851,
        "race_program_id": 851
    },
    {
        "id": 440,
        "race_group_id": 538,
        "race_program_id": 538
    },
    {
        "id": 441,
        "race_group_id": 321,
        "race_program_id": 321
    },
    {
        "id": 442,
        "race_group_id": 548,
        "race_program_id": 548
    },
    {
        "id": 443,
        "race_group_id": 311,
        "race_program_id": 311
    },
    {
        "id": 444,
        "race_group_id": 319,
        "race_program_id": 319
    },
    {
        "id": 445,
        "race_group_id": 556,
        "race_program_id": 556
    },
    {
        "id": 446,
        "race_group_id": 560,
        "race_program_id": 560
    },
    {
        "id": 447,
        "race_group_id": 314,
        "race_program_id": 314
    },
    {
        "id": 448,
        "race_group_id": 565,
        "race_program_id": 565
    },
    {
        "id": 449,
        "race_group_id": 310,
        "race_program_id": 310
    },
    {
        "id": 450,
        "race_group_id": 574,
        "race_program_id": 574
    },
    {
        "id": 451,
        "race_group_id": 317,
        "race_program_id": 317
    },
    {
        "id": 452,
        "race_group_id": 581,
        "race_program_id": 581
    },
    {
        "id": 453,
        "race_group_id": 892,
        "race_program_id": 892
    },
    {
        "id": 454,
        "race_group_id": 316,
        "race_program_id": 316
    },
    {
        "id": 455,
        "race_group_id": 894,
        "race_program_id": 894
    },
    {
        "id": 456,
        "race_group_id": 897,
        "race_program_id": 897
    },
    {
        "id": 457,
        "race_group_id": 900,
        "race_program_id": 900
    },
    {
        "id": 458,
        "race_group_id": 905,
        "race_program_id": 905
    },
    {
        "id": 459,
        "race_group_id": 320,
        "race_program_id": 320
    },
    {
        "id": 460,
        "race_group_id": 909,
        "race_program_id": 909
    },
    {
        "id": 461,
        "race_group_id": 315,
        "race_program_id": 315
    },
    {
        "id": 462,
        "race_group_id": 911,
        "race_program_id": 911
    },
    {
        "id": 472,
        "race_group_id": 931,
        "race_program_id": 931
    },
    {
        "id": 473,
        "race_group_id": 603,
        "race_program_id": 603
    },
    {
        "id": 474,
        "race_group_id": 303,
        "race_program_id": 303
    },
    {
        "id": 475,
        "race_group_id": 606,
        "race_program_id": 606
    },
    {
        "id": 476,
        "race_group_id": 308,
        "race_program_id": 308
    },
    {
        "id": 477,
        "race_group_id": 610,
        "race_program_id": 610
    },
    {
        "id": 478,
        "race_group_id": 300,
        "race_program_id": 300
    },
    {
        "id": 479,
        "race_group_id": 299,
        "race_program_id": 299
    },
    {
        "id": 480,
        "race_group_id": 306,
        "race_program_id": 306
    },
    {
        "id": 481,
        "race_group_id": 618,
        "race_program_id": 618
    },
    {
        "id": 482,
        "race_group_id": 309,
        "race_program_id": 309
    },
    {
        "id": 483,
        "race_group_id": 622,
        "race_program_id": 622
    },
    {
        "id": 484,
        "race_group_id": 298,
        "race_program_id": 298
    },
    {
        "id": 485,
        "race_group_id": 946,
        "race_program_id": 946
    },
    {
        "id": 486,
        "race_group_id": 305,
        "race_program_id": 305
    },
    {
        "id": 487,
        "race_group_id": 951,
        "race_program_id": 951
    },
    {
        "id": 488,
        "race_group_id": 304,
        "race_program_id": 304
    },
    {
        "id": 495,
        "race_group_id": 652,
        "race_program_id": 652
    },
    {
        "id": 496,
        "race_group_id": 160,
        "race_program_id": 160
    },
    {
        "id": 497,
        "race_group_id": 161,
        "race_program_id": 161
    },
    {
        "id": 498,
        "race_group_id": 10001,
        "race_program_id": 2001
    },
    {
        "id": 499,
        "race_group_id": 10001,
        "race_program_id": 2002
    },
    {
        "id": 500,
        "race_group_id": 10001,
        "race_program_id": 2003
    },
    {
        "id": 501,
        "race_group_id": 10001,
        "race_program_id": 2004
    },
    {
        "id": 502,
        "race_group_id": 10001,
        "race_program_id": 2005
    },
    {
        "id": 503,
        "race_group_id": 10001,
        "race_program_id": 2006
    },
    {
        "id": 504,
        "race_group_id": 10001,
        "race_program_id": 2007
    },
    {
        "id": 505,
        "race_group_id": 10001,
        "race_program_id": 2008
    },
    {
        "id": 506,
        "race_group_id": 10001,
        "race_program_id": 2009
    },
    {
        "id": 507,
        "race_group_id": 10001,
        "race_program_id": 2010
    },
    {
        "id": 508,
        "race_group_id": 10001,
        "race_program_id": 2011
    },
    {
        "id": 509,
        "race_group_id": 10001,
        "race_program_id": 2012
    },
    {
        "id": 510,
        "race_group_id": 10001,
        "race_program_id": 2013
    },
    {
        "id": 511,
        "race_group_id": 10001,
        "race_program_id": 2014
    },
    {
        "id": 512,
        "race_group_id": 10001,
        "race_program_id": 2015
    },
    {
        "id": 513,
        "race_group_id": 10001,
        "race_program_id": 2016
    },
    {
        "id": 514,
        "race_group_id": 10001,
        "race_program_id": 2017
    },
    {
        "id": 515,
        "race_group_id": 10001,
        "race_program_id": 2018
    },
    {
        "id": 516,
        "race_group_id": 10001,
        "race_program_id": 2019
    },
    {
        "id": 517,
        "race_group_id": 10001,
        "race_program_id": 2020
    },
    {
        "id": 518,
        "race_group_id": 10001,
        "race_program_id": 2021
    },
    {
        "id": 519,
        "race_group_id": 10001,
        "race_program_id": 2022
    },
    {
        "id": 520,
        "race_group_id": 10001,
        "race_program_id": 2023
    },
    {
        "id": 521,
        "race_group_id": 10001,
        "race_program_id": 2024
    },
    {
        "id": 522,
        "race_group_id": 10001,
        "race_program_id": 2025
    },
    {
        "id": 523,
        "race_group_id": 10001,
        "race_program_id": 2026
    },
    {
        "id": 524,
        "race_group_id": 10001,
        "race_program_id": 2027
    },
    {
        "id": 525,
        "race_group_id": 10001,
        "race_program_id": 2028
    },
    {
        "id": 526,
        "race_group_id": 10001,
        "race_program_id": 2029
    },
    {
        "id": 527,
        "race_group_id": 10001,
        "race_program_id": 2030
    },
    {
        "id": 528,
        "race_group_id": 10001,
        "race_program_id": 2031
    },
    {
        "id": 529,
        "race_group_id": 10001,
        "race_program_id": 2032
    },
    {
        "id": 530,
        "race_group_id": 10001,
        "race_program_id": 2033
    },
    {
        "id": 531,
        "race_group_id": 10001,
        "race_program_id": 2034
    },
    {
        "id": 532,
        "race_group_id": 10001,
        "race_program_id": 2035
    },
    {
        "id": 533,
        "race_group_id": 10001,
        "race_program_id": 2036
    },
    {
        "id": 534,
        "race_group_id": 10001,
        "race_program_id": 2037
    },
    {
        "id": 535,
        "race_group_id": 10001,
        "race_program_id": 2038
    },
    {
        "id": 536,
        "race_group_id": 10001,
        "race_program_id": 2039
    },
    {
        "id": 537,
        "race_group_id": 10001,
        "race_program_id": 2040
    },
    {
        "id": 538,
        "race_group_id": 10001,
        "race_program_id": 2041
    },
    {
        "id": 539,
        "race_group_id": 10002,
        "race_program_id": 2101
    },
    {
        "id": 540,
        "race_group_id": 10002,
        "race_program_id": 2102
    },
    {
        "id": 541,
        "race_group_id": 10002,
        "race_program_id": 2103
    },
    {
        "id": 542,
        "race_group_id": 10002,
        "race_program_id": 2104
    },
    {
        "id": 543,
        "race_group_id": 10002,
        "race_program_id": 2105
    },
    {
        "id": 544,
        "race_group_id": 10002,
        "race_program_id": 2106
    },
    {
        "id": 545,
        "race_group_id": 10002,
        "race_program_id": 2107
    },
    {
        "id": 546,
        "race_group_id": 10002,
        "race_program_id": 2108
    },
    {
        "id": 547,
        "race_group_id": 10002,
        "race_program_id": 2109
    },
    {
        "id": 548,
        "race_group_id": 10002,
        "race_program_id": 2110
    },
    {
        "id": 549,
        "race_group_id": 10002,
        "race_program_id": 2111
    },
    {
        "id": 550,
        "race_group_id": 10002,
        "race_program_id": 2112
    },
    {
        "id": 551,
        "race_group_id": 10002,
        "race_program_id": 2113
    },
    {
        "id": 552,
        "race_group_id": 10002,
        "race_program_id": 2114
    },
    {
        "id": 553,
        "race_group_id": 10002,
        "race_program_id": 2115
    },
    {
        "id": 554,
        "race_group_id": 10002,
        "race_program_id": 2116
    },
    {
        "id": 555,
        "race_group_id": 10002,
        "race_program_id": 2117
    },
    {
        "id": 556,
        "race_group_id": 10002,
        "race_program_id": 2118
    },
    {
        "id": 557,
        "race_group_id": 10002,
        "race_program_id": 2119
    },
    {
        "id": 558,
        "race_group_id": 10002,
        "race_program_id": 2120
    },
    {
        "id": 559,
        "race_group_id": 10002,
        "race_program_id": 2121
    },
    {
        "id": 560,
        "race_group_id": 10002,
        "race_program_id": 2122
    },
    {
        "id": 561,
        "race_group_id": 10002,
        "race_program_id": 2123
    },
    {
        "id": 562,
        "race_group_id": 10002,
        "race_program_id": 2124
    },
    {
        "id": 563,
        "race_group_id": 10002,
        "race_program_id": 2125
    },
    {
        "id": 564,
        "race_group_id": 10002,
        "race_program_id": 2126
    },
    {
        "id": 565,
        "race_group_id": 10002,
        "race_program_id": 2127
    },
    {
        "id": 566,
        "race_group_id": 10002,
        "race_program_id": 2128
    },
    {
        "id": 567,
        "race_group_id": 10002,
        "race_program_id": 2129
    },
    {
        "id": 568,
        "race_group_id": 10002,
        "race_program_id": 2130
    },
    {
        "id": 569,
        "race_group_id": 10002,
        "race_program_id": 2131
    },
    {
        "id": 570,
        "race_group_id": 10002,
        "race_program_id": 2132
    },
    {
        "id": 571,
        "race_group_id": 10002,
        "race_program_id": 2133
    },
    {
        "id": 572,
        "race_group_id": 10002,
        "race_program_id": 2134
    },
    {
        "id": 573,
        "race_group_id": 10002,
        "race_program_id": 2135
    },
    {
        "id": 574,
        "race_group_id": 10002,
        "race_program_id": 2136
    },
    {
        "id": 575,
        "race_group_id": 10002,
        "race_program_id": 2137
    },
    {
        "id": 576,
        "race_group_id": 10002,
        "race_program_id": 2138
    },
    {
        "id": 577,
        "race_group_id": 10002,
        "race_program_id": 2139
    },
    {
        "id": 578,
        "race_group_id": 10002,
        "race_program_id": 2140
    },
    {
        "id": 579,
        "race_group_id": 10002,
        "race_program_id": 2141
    },
    {
        "id": 580,
        "race_group_id": 10003,
        "race_program_id": 2201
    },
    {
        "id": 581,
        "race_group_id": 10003,
        "race_program_id": 2202
    },
    {
        "id": 582,
        "race_group_id": 10003,
        "race_program_id": 2203
    },
    {
        "id": 583,
        "race_group_id": 10003,
        "race_program_id": 2204
    },
    {
        "id": 584,
        "race_group_id": 10003,
        "race_program_id": 2205
    },
    {
        "id": 585,
        "race_group_id": 10003,
        "race_program_id": 2206
    },
    {
        "id": 586,
        "race_group_id": 10003,
        "race_program_id": 2207
    },
    {
        "id": 587,
        "race_group_id": 10003,
        "race_program_id": 2208
    },
    {
        "id": 588,
        "race_group_id": 10003,
        "race_program_id": 2209
    },
    {
        "id": 589,
        "race_group_id": 10003,
        "race_program_id": 2210
    },
    {
        "id": 590,
        "race_group_id": 10003,
        "race_program_id": 2211
    },
    {
        "id": 591,
        "race_group_id": 10003,
        "race_program_id": 2212
    },
    {
        "id": 592,
        "race_group_id": 10003,
        "race_program_id": 2213
    },
    {
        "id": 593,
        "race_group_id": 10003,
        "race_program_id": 2214
    },
    {
        "id": 594,
        "race_group_id": 10003,
        "race_program_id": 2215
    },
    {
        "id": 595,
        "race_group_id": 10003,
        "race_program_id": 2216
    },
    {
        "id": 596,
        "race_group_id": 10003,
        "race_program_id": 2217
    },
    {
        "id": 597,
        "race_group_id": 10003,
        "race_program_id": 2218
    },
    {
        "id": 598,
        "race_group_id": 10003,
        "race_program_id": 2219
    },
    {
        "id": 599,
        "race_group_id": 10003,
        "race_program_id": 2220
    },
    {
        "id": 600,
        "race_group_id": 10003,
        "race_program_id": 2221
    },
    {
        "id": 601,
        "race_group_id": 10003,
        "race_program_id": 2222
    },
    {
        "id": 602,
        "race_group_id": 10003,
        "race_program_id": 2223
    },
    {
        "id": 603,
        "race_group_id": 10003,
        "race_program_id": 2224
    },
    {
        "id": 604,
        "race_group_id": 10003,
        "race_program_id": 2225
    },
    {
        "id": 605,
        "race_group_id": 10003,
        "race_program_id": 2226
    },
    {
        "id": 606,
        "race_group_id": 10003,
        "race_program_id": 2227
    },
    {
        "id": 607,
        "race_group_id": 10003,
        "race_program_id": 2228
    },
    {
        "id": 608,
        "race_group_id": 10003,
        "race_program_id": 2229
    },
    {
        "id": 609,
        "race_group_id": 10003,
        "race_program_id": 2230
    },
    {
        "id": 610,
        "race_group_id": 10003,
        "race_program_id": 2231
    },
    {
        "id": 611,
        "race_group_id": 10003,
        "race_program_id": 2232
    },
    {
        "id": 612,
        "race_group_id": 10003,
        "race_program_id": 2233
    },
    {
        "id": 613,
        "race_group_id": 10003,
        "race_program_id": 2234
    },
    {
        "id": 614,
        "race_group_id": 10003,
        "race_program_id": 2235
    },
    {
        "id": 615,
        "race_group_id": 10003,
        "race_program_id": 2236
    },
    {
        "id": 616,
        "race_group_id": 10003,
        "race_program_id": 2237
    },
    {
        "id": 617,
        "race_group_id": 10003,
        "race_program_id": 2238
    },
    {
        "id": 618,
        "race_group_id": 10003,
        "race_program_id": 2239
    },
    {
        "id": 619,
        "race_group_id": 10003,
        "race_program_id": 2240
    },
    {
        "id": 620,
        "race_group_id": 10003,
        "race_program_id": 2241
    },
    {
        "id": 621,
        "race_group_id": 1022,
        "race_program_id": 1022
    },
    {
        "id": 622,
        "race_group_id": 1023,
        "race_program_id": 1023
    },
    {
        "id": 623,
        "race_group_id": 1024,
        "race_program_id": 1024
    },
    {
        "id": 624,
        "race_group_id": 1025,
        "race_program_id": 1025
    },
    {
        "id": 625,
        "race_group_id": 1026,
        "race_program_id": 1026
    },
    {
        "id": 626,
        "race_group_id": 1027,
        "race_program_id": 1027
    },
    {
        "id": 627,
        "race_group_id": 1031,
        "race_program_id": 1031
    },
    {
        "id": 628,
        "race_group_id": 1032,
        "race_program_id": 1032
    },
    {
        "id": 629,
        "race_group_id": 1033,
        "race_program_id": 1033
    },
    {
        "id": 630,
        "race_group_id": 1034,
        "race_program_id": 1034
    },
    {
        "id": 631,
        "race_group_id": 1035,
        "race_program_id": 1035
    },
    {
        "id": 632,
        "race_group_id": 1036,
        "race_program_id": 1036
    },
    {
        "id": 633,
        "race_group_id": 1037,
        "race_program_id": 1037
    },
    {
        "id": 634,
        "race_group_id": 1038,
        "race_program_id": 1038
    },
    {
        "id": 635,
        "race_group_id": 1039,
        "race_program_id": 1039
    },
    {
        "id": 636,
        "race_group_id": 1040,
        "race_program_id": 1040
    },
    {
        "id": 637,
        "race_group_id": 1041,
        "race_program_id": 1041
    },
    {
        "id": 638,
        "race_group_id": 1042,
        "race_program_id": 1042
    },
    {
        "id": 639,
        "race_group_id": 1043,
        "race_program_id": 1043
    },
    {
        "id": 640,
        "race_group_id": 1044,
        "race_program_id": 1044
    },
    {
        "id": 641,
        "race_group_id": 1045,
        "race_program_id": 1045
    },
    {
        "id": 642,
        "race_group_id": 1046,
        "race_program_id": 1046
    },
    {
        "id": 643,
        "race_group_id": 1047,
        "race_program_id": 1047
    },
    {
        "id": 644,
        "race_group_id": 1048,
        "race_program_id": 1048
    },
    {
        "id": 645,
        "race_group_id": 1049,
        "race_program_id": 1049
    },
    {
        "id": 646,
        "race_group_id": 1050,
        "race_program_id": 1050
    },
    {
        "id": 647,
        "race_group_id": 1051,
        "race_program_id": 1051
    },
    {
        "id": 648,
        "race_group_id": 1052,
        "race_program_id": 1052
    },
    {
        "id": 649,
        "race_group_id": 1053,
        "race_program_id": 1053
    },
    {
        "id": 650,
        "race_group_id": 1054,
        "race_program_id": 1054
    },
    {
        "id": 651,
        "race_group_id": 1055,
        "race_program_id": 1055
    },
    {
        "id": 652,
        "race_group_id": 1056,
        "race_program_id": 1056
    },
    {
        "id": 653,
        "race_group_id": 1057,
        "race_program_id": 1057
    },
    {
        "id": 654,
        "race_group_id": 1058,
        "race_program_id": 1058
    },
    {
        "id": 655,
        "race_group_id": 1059,
        "race_program_id": 1059
    },
    {
        "id": 656,
        "race_group_id": 1060,
        "race_program_id": 1060
    },
    {
        "id": 657,
        "race_group_id": 1061,
        "race_program_id": 1061
    },
    {
        "id": 658,
        "race_group_id": 1062,
        "race_program_id": 1062
    },
    {
        "id": 659,
        "race_group_id": 1063,
        "race_program_id": 1063
    },
    {
        "id": 660,
        "race_group_id": 1064,
        "race_program_id": 1064
    },
    {
        "id": 661,
        "race_group_id": 1065,
        "race_program_id": 1065
    },
    {
        "id": 662,
        "race_group_id": 1066,
        "race_program_id": 1066
    },
    {
        "id": 663,
        "race_group_id": 1067,
        "race_program_id": 1067
    },
    {
        "id": 664,
        "race_group_id": 1068,
        "race_program_id": 1068
    },
    {
        "id": 665,
        "race_group_id": 1069,
        "race_program_id": 1069
    },
    {
        "id": 666,
        "race_group_id": 1070,
        "race_program_id": 1070
    },
    {
        "id": 667,
        "race_group_id": 1071,
        "race_program_id": 1071
    },
    {
        "id": 668,
        "race_group_id": 1072,
        "race_program_id": 1072
    },
    {
        "id": 669,
        "race_group_id": 1073,
        "race_program_id": 1073
    },
    {
        "id": 670,
        "race_group_id": 1074,
        "race_program_id": 1074
    },
    {
        "id": 671,
        "race_group_id": 1075,
        "race_program_id": 1075
    },
    {
        "id": 672,
        "race_group_id": 1076,
        "race_program_id": 1076
    },
    {
        "id": 673,
        "race_group_id": 1077,
        "race_program_id": 1077
    },
    {
        "id": 674,
        "race_group_id": 1078,
        "race_program_id": 1078
    },
    {
        "id": 675,
        "race_group_id": 1079,
        "race_program_id": 1079
    },
    {
        "id": 676,
        "race_group_id": 1080,
        "race_program_id": 1080
    },
    {
        "id": 677,
        "race_group_id": 1081,
        "race_program_id": 1081
    },
    {
        "id": 678,
        "race_group_id": 1082,
        "race_program_id": 1082
    },
    {
        "id": 679,
        "race_group_id": 1083,
        "race_program_id": 1083
    },
    {
        "id": 680,
        "race_group_id": 1084,
        "race_program_id": 1084
    },
    {
        "id": 681,
        "race_group_id": 1085,
        "race_program_id": 1085
    },
    {
        "id": 682,
        "race_group_id": 1086,
        "race_program_id": 1086
    },
    {
        "id": 683,
        "race_group_id": 1087,
        "race_program_id": 1087
    },
    {
        "id": 684,
        "race_group_id": 1088,
        "race_program_id": 1088
    },
    {
        "id": 685,
        "race_group_id": 1089,
        "race_program_id": 1089
    },
    {
        "id": 686,
        "race_group_id": 1090,
        "race_program_id": 1090
    },
    {
        "id": 687,
        "race_group_id": 1091,
        "race_program_id": 1091
    },
    {
        "id": 688,
        "race_group_id": 1092,
        "race_program_id": 1092
    },
    {
        "id": 689,
        "race_group_id": 1093,
        "race_program_id": 1093
    }
]