[
    {
        "grade_lower_limit": 2,
        "grade_upper_limit": 4,
        "id": 1
    },
    {
        "grade_lower_limit": 3,
        "grade_upper_limit": 4,
        "id": 2
    },
    {
        "grade_lower_limit": 4,
        "grade_upper_limit": 6,
        "id": 3
    },
    {
        "grade_lower_limit": 5,
        "grade_upper_limit": 10,
        "id": 4
    },
    {
        "grade_lower_limit": 6,
        "grade_upper_limit": 10,
        "id": 5
    },
    {
        "grade_lower_limit": 7,
        "grade_upper_limit": 10,
        "id": 6
    },
    {
        "grade_lower_limit": 7,
        "grade_upper_limit": 11,
        "id": 7
    },
    {
        "grade_lower_limit": 7,
        "grade_upper_limit": 14,
        "id": 8
    },
    {
        "grade_lower_limit": 7,
        "grade_upper_limit": 11,
        "id": 9
    },
    {
        "grade_lower_limit": 7,
        "grade_upper_limit": 12,
        "id": 10
    },
    {
        "grade_lower_limit": 7,
        "grade_upper_limit": 13,
        "id": 11
    },
    {
        "grade_lower_limit": 7,
        "grade_upper_limit": 14,
        "id": 12
    },
    {
        "grade_lower_limit": 7,
        "grade_upper_limit": 14,
        "id": 13
    },
    {
        "grade_lower_limit": 7,
        "grade_upper_limit": 14,
        "id": 14
    }
]