[
    {
        "bg_id": 5,
        "bg_offset_x": 375,
        "bg_sub_id": 5110,
        "end_date": 2524575600,
        "hint_rate": 0,
        "id": 1,
        "prologue_id": 80000001,
        "scenario_image_id": 1,
        "sec_bg_id": 37,
        "sec_bg_sub_id": 110,
        "sort_id": 1,
        "start_date": 1577804400,
        "turn_set_id": 1
    },
    {
        "bg_id": 124,
        "bg_offset_x": 0,
        "bg_sub_id": 2111,
        "end_date": 2524575600,
        "hint_rate": 0,
        "id": 2,
        "prologue_id": 80000002,
        "scenario_image_id": 2,
        "sec_bg_id": 79,
        "sec_bg_sub_id": 110,
        "sort_id": 2,
        "start_date": 1671073200,
        "turn_set_id": 2
    }
]