[
    {
        "id": 1,
        "offset_1": 60,
        "offset_2": 0,
        "offset_3": 0,
        "offset_4": 0,
        "offset_5": 0
    },
    {
        "id": 2,
        "offset_1": 260,
        "offset_2": 240,
        "offset_3": 0,
        "offset_4": 0,
        "offset_5": 0
    },
    {
        "id": 3,
        "offset_1": 260,
        "offset_2": 260,
        "offset_3": 260,
        "offset_4": 0,
        "offset_5": 0
    },
    {
        "id": 4,
        "offset_1": 180,
        "offset_2": 80,
        "offset_3": 180,
        "offset_4": 80,
        "offset_5": 0
    },
    {
        "id": 5,
        "offset_1": 180,
        "offset_2": 80,
        "offset_3": 180,
        "offset_4": 90,
        "offset_5": 180
    }
]