[
    {
        "chara_id": 1001,
        "chara_motion_set_id": 40000,
        "id": 1
    },
    {
        "chara_id": 1002,
        "chara_motion_set_id": 40001,
        "id": 1
    },
    {
        "chara_id": 1003,
        "chara_motion_set_id": 40000,
        "id": 1
    },
    {
        "chara_id": 1004,
        "chara_motion_set_id": 40002,
        "id": 1
    },
    {
        "chara_id": 1005,
        "chara_motion_set_id": 2001,
        "id": 1
    },
    {
        "chara_id": 1006,
        "chara_motion_set_id": 40003,
        "id": 1
    },
    {
        "chara_id": 1007,
        "chara_motion_set_id": 40004,
        "id": 1
    },
    {
        "chara_id": 1008,
        "chara_motion_set_id": 40005,
        "id": 1
    },
    {
        "chara_id": 1009,
        "chara_motion_set_id": 40006,
        "id": 1
    },
    {
        "chara_id": 1010,
        "chara_motion_set_id": 40007,
        "id": 1
    },
    {
        "chara_id": 1011,
        "chara_motion_set_id": 40008,
        "id": 1
    },
    {
        "chara_id": 1012,
        "chara_motion_set_id": 28009,
        "id": 1
    },
    {
        "chara_id": 1013,
        "chara_motion_set_id": 40009,
        "id": 1
    },
    {
        "chara_id": 1014,
        "chara_motion_set_id": 40000,
        "id": 1
    },
    {
        "chara_id": 1015,
        "chara_motion_set_id": 40065,
        "id": 1
    },
    {
        "chara_id": 1016,
        "chara_motion_set_id": 1016020,
        "id": 1
    },
    {
        "chara_id": 1017,
        "chara_motion_set_id": 40010,
        "id": 1
    },
    {
        "chara_id": 1018,
        "chara_motion_set_id": 40011,
        "id": 1
    },
    {
        "chara_id": 1020,
        "chara_motion_set_id": 1020006,
        "id": 1
    },
    {
        "chara_id": 1023,
        "chara_motion_set_id": 24001,
        "id": 1
    },
    {
        "chara_id": 1024,
        "chara_motion_set_id": 40012,
        "id": 1
    },
    {
        "chara_id": 1026,
        "chara_motion_set_id": 40023,
        "id": 1
    },
    {
        "chara_id": 1027,
        "chara_motion_set_id": 40000,
        "id": 1
    },
    {
        "chara_id": 1030,
        "chara_motion_set_id": 40013,
        "id": 1
    },
    {
        "chara_id": 1032,
        "chara_motion_set_id": 40014,
        "id": 1
    },
    {
        "chara_id": 1035,
        "chara_motion_set_id": 40015,
        "id": 1
    },
    {
        "chara_id": 1037,
        "chara_motion_set_id": 1037802,
        "id": 1
    },
    {
        "chara_id": 1038,
        "chara_motion_set_id": 3002,
        "id": 1
    },
    {
        "chara_id": 1040,
        "chara_motion_set_id": 1040023,
        "id": 1
    },
    {
        "chara_id": 1041,
        "chara_motion_set_id": 40016,
        "id": 1
    },
    {
        "chara_id": 1045,
        "chara_motion_set_id": 40017,
        "id": 1
    },
    {
        "chara_id": 1046,
        "chara_motion_set_id": 1046800,
        "id": 1
    },
    {
        "chara_id": 1050,
        "chara_motion_set_id": 1050802,
        "id": 1
    },
    {
        "chara_id": 1052,
        "chara_motion_set_id": 40010,
        "id": 1
    },
    {
        "chara_id": 1056,
        "chara_motion_set_id": 40018,
        "id": 1
    },
    {
        "chara_id": 1058,
        "chara_motion_set_id": 1058804,
        "id": 1
    },
    {
        "chara_id": 1060,
        "chara_motion_set_id": 40019,
        "id": 1
    },
    {
        "chara_id": 1061,
        "chara_motion_set_id": 40014,
        "id": 1
    },
    {
        "chara_id": 1001,
        "chara_motion_set_id": 40020,
        "id": 2
    },
    {
        "chara_id": 1002,
        "chara_motion_set_id": 40021,
        "id": 2
    },
    {
        "chara_id": 1003,
        "chara_motion_set_id": 40020,
        "id": 2
    },
    {
        "chara_id": 1004,
        "chara_motion_set_id": 40022,
        "id": 2
    },
    {
        "chara_id": 1005,
        "chara_motion_set_id": 2001,
        "id": 2
    },
    {
        "chara_id": 1006,
        "chara_motion_set_id": 40023,
        "id": 2
    },
    {
        "chara_id": 1007,
        "chara_motion_set_id": 40024,
        "id": 2
    },
    {
        "chara_id": 1008,
        "chara_motion_set_id": 40025,
        "id": 2
    },
    {
        "chara_id": 1009,
        "chara_motion_set_id": 40026,
        "id": 2
    },
    {
        "chara_id": 1010,
        "chara_motion_set_id": 40027,
        "id": 2
    },
    {
        "chara_id": 1011,
        "chara_motion_set_id": 40028,
        "id": 2
    },
    {
        "chara_id": 1012,
        "chara_motion_set_id": 28009,
        "id": 2
    },
    {
        "chara_id": 1013,
        "chara_motion_set_id": 40029,
        "id": 2
    },
    {
        "chara_id": 1014,
        "chara_motion_set_id": 40020,
        "id": 2
    },
    {
        "chara_id": 1015,
        "chara_motion_set_id": 40065,
        "id": 2
    },
    {
        "chara_id": 1016,
        "chara_motion_set_id": 1016020,
        "id": 2
    },
    {
        "chara_id": 1017,
        "chara_motion_set_id": 40030,
        "id": 2
    },
    {
        "chara_id": 1018,
        "chara_motion_set_id": 40031,
        "id": 2
    },
    {
        "chara_id": 1020,
        "chara_motion_set_id": 1020006,
        "id": 2
    },
    {
        "chara_id": 1023,
        "chara_motion_set_id": 24001,
        "id": 2
    },
    {
        "chara_id": 1024,
        "chara_motion_set_id": 40032,
        "id": 2
    },
    {
        "chara_id": 1026,
        "chara_motion_set_id": 40023,
        "id": 2
    },
    {
        "chara_id": 1027,
        "chara_motion_set_id": 40020,
        "id": 2
    },
    {
        "chara_id": 1030,
        "chara_motion_set_id": 40033,
        "id": 2
    },
    {
        "chara_id": 1032,
        "chara_motion_set_id": 40034,
        "id": 2
    },
    {
        "chara_id": 1035,
        "chara_motion_set_id": 40035,
        "id": 2
    },
    {
        "chara_id": 1037,
        "chara_motion_set_id": 1037802,
        "id": 2
    },
    {
        "chara_id": 1038,
        "chara_motion_set_id": 3002,
        "id": 2
    },
    {
        "chara_id": 1040,
        "chara_motion_set_id": 1040023,
        "id": 2
    },
    {
        "chara_id": 1041,
        "chara_motion_set_id": 40036,
        "id": 2
    },
    {
        "chara_id": 1045,
        "chara_motion_set_id": 40037,
        "id": 2
    },
    {
        "chara_id": 1046,
        "chara_motion_set_id": 1046800,
        "id": 2
    },
    {
        "chara_id": 1050,
        "chara_motion_set_id": 1050802,
        "id": 2
    },
    {
        "chara_id": 1052,
        "chara_motion_set_id": 40030,
        "id": 2
    },
    {
        "chara_id": 1056,
        "chara_motion_set_id": 40038,
        "id": 2
    },
    {
        "chara_id": 1058,
        "chara_motion_set_id": 1058804,
        "id": 2
    },
    {
        "chara_id": 1060,
        "chara_motion_set_id": 40039,
        "id": 2
    },
    {
        "chara_id": 1061,
        "chara_motion_set_id": 40034,
        "id": 2
    },
    {
        "chara_id": 1001,
        "chara_motion_set_id": 40000,
        "id": 3
    },
    {
        "chara_id": 1002,
        "chara_motion_set_id": 40001,
        "id": 3
    },
    {
        "chara_id": 1003,
        "chara_motion_set_id": 40000,
        "id": 3
    },
    {
        "chara_id": 1004,
        "chara_motion_set_id": 40002,
        "id": 3
    },
    {
        "chara_id": 1005,
        "chara_motion_set_id": 2001,
        "id": 3
    },
    {
        "chara_id": 1006,
        "chara_motion_set_id": 40003,
        "id": 3
    },
    {
        "chara_id": 1007,
        "chara_motion_set_id": 40004,
        "id": 3
    },
    {
        "chara_id": 1008,
        "chara_motion_set_id": 40005,
        "id": 3
    },
    {
        "chara_id": 1009,
        "chara_motion_set_id": 40006,
        "id": 3
    },
    {
        "chara_id": 1010,
        "chara_motion_set_id": 40007,
        "id": 3
    },
    {
        "chara_id": 1011,
        "chara_motion_set_id": 40008,
        "id": 3
    },
    {
        "chara_id": 1012,
        "chara_motion_set_id": 28009,
        "id": 3
    },
    {
        "chara_id": 1013,
        "chara_motion_set_id": 40009,
        "id": 3
    },
    {
        "chara_id": 1014,
        "chara_motion_set_id": 40000,
        "id": 3
    },
    {
        "chara_id": 1015,
        "chara_motion_set_id": 40065,
        "id": 3
    },
    {
        "chara_id": 1016,
        "chara_motion_set_id": 1016020,
        "id": 3
    },
    {
        "chara_id": 1017,
        "chara_motion_set_id": 40010,
        "id": 3
    },
    {
        "chara_id": 1018,
        "chara_motion_set_id": 40011,
        "id": 3
    },
    {
        "chara_id": 1020,
        "chara_motion_set_id": 1020006,
        "id": 3
    },
    {
        "chara_id": 1023,
        "chara_motion_set_id": 24001,
        "id": 3
    },
    {
        "chara_id": 1024,
        "chara_motion_set_id": 40012,
        "id": 3
    },
    {
        "chara_id": 1026,
        "chara_motion_set_id": 40023,
        "id": 3
    },
    {
        "chara_id": 1027,
        "chara_motion_set_id": 40000,
        "id": 3
    },
    {
        "chara_id": 1030,
        "chara_motion_set_id": 40013,
        "id": 3
    },
    {
        "chara_id": 1032,
        "chara_motion_set_id": 40014,
        "id": 3
    },
    {
        "chara_id": 1035,
        "chara_motion_set_id": 40015,
        "id": 3
    },
    {
        "chara_id": 1037,
        "chara_motion_set_id": 1037802,
        "id": 3
    },
    {
        "chara_id": 1038,
        "chara_motion_set_id": 3002,
        "id": 3
    },
    {
        "chara_id": 1040,
        "chara_motion_set_id": 1040023,
        "id": 3
    },
    {
        "chara_id": 1041,
        "chara_motion_set_id": 40016,
        "id": 3
    },
    {
        "chara_id": 1045,
        "chara_motion_set_id": 40017,
        "id": 3
    },
    {
        "chara_id": 1046,
        "chara_motion_set_id": 1046800,
        "id": 3
    },
    {
        "chara_id": 1050,
        "chara_motion_set_id": 1050802,
        "id": 3
    },
    {
        "chara_id": 1052,
        "chara_motion_set_id": 40010,
        "id": 3
    },
    {
        "chara_id": 1056,
        "chara_motion_set_id": 40018,
        "id": 3
    },
    {
        "chara_id": 1058,
        "chara_motion_set_id": 1058804,
        "id": 3
    },
    {
        "chara_id": 1060,
        "chara_motion_set_id": 40019,
        "id": 3
    },
    {
        "chara_id": 1061,
        "chara_motion_set_id": 40014,
        "id": 3
    },
    {
        "chara_id": 1001,
        "chara_motion_set_id": 40040,
        "id": 4
    },
    {
        "chara_id": 1002,
        "chara_motion_set_id": 40041,
        "id": 4
    },
    {
        "chara_id": 1003,
        "chara_motion_set_id": 40042,
        "id": 4
    },
    {
        "chara_id": 1004,
        "chara_motion_set_id": 40043,
        "id": 4
    },
    {
        "chara_id": 1005,
        "chara_motion_set_id": 11007,
        "id": 4
    },
    {
        "chara_id": 1006,
        "chara_motion_set_id": 40044,
        "id": 4
    },
    {
        "chara_id": 1007,
        "chara_motion_set_id": 40045,
        "id": 4
    },
    {
        "chara_id": 1008,
        "chara_motion_set_id": 40046,
        "id": 4
    },
    {
        "chara_id": 1009,
        "chara_motion_set_id": 40047,
        "id": 4
    },
    {
        "chara_id": 1010,
        "chara_motion_set_id": 40048,
        "id": 4
    },
    {
        "chara_id": 1011,
        "chara_motion_set_id": 40049,
        "id": 4
    },
    {
        "chara_id": 1012,
        "chara_motion_set_id": 1012042,
        "id": 4
    },
    {
        "chara_id": 1013,
        "chara_motion_set_id": 40050,
        "id": 4
    },
    {
        "chara_id": 1014,
        "chara_motion_set_id": 40051,
        "id": 4
    },
    {
        "chara_id": 1015,
        "chara_motion_set_id": 40066,
        "id": 4
    },
    {
        "chara_id": 1016,
        "chara_motion_set_id": 1016800,
        "id": 4
    },
    {
        "chara_id": 1017,
        "chara_motion_set_id": 40052,
        "id": 4
    },
    {
        "chara_id": 1018,
        "chara_motion_set_id": 40053,
        "id": 4
    },
    {
        "chara_id": 1020,
        "chara_motion_set_id": 1020018,
        "id": 4
    },
    {
        "chara_id": 1023,
        "chara_motion_set_id": 1023008,
        "id": 4
    },
    {
        "chara_id": 1024,
        "chara_motion_set_id": 40054,
        "id": 4
    },
    {
        "chara_id": 1026,
        "chara_motion_set_id": 40067,
        "id": 4
    },
    {
        "chara_id": 1027,
        "chara_motion_set_id": 40055,
        "id": 4
    },
    {
        "chara_id": 1030,
        "chara_motion_set_id": 40056,
        "id": 4
    },
    {
        "chara_id": 1032,
        "chara_motion_set_id": 40057,
        "id": 4
    },
    {
        "chara_id": 1035,
        "chara_motion_set_id": 40058,
        "id": 4
    },
    {
        "chara_id": 1037,
        "chara_motion_set_id": 1037801,
        "id": 4
    },
    {
        "chara_id": 1038,
        "chara_motion_set_id": 1003005,
        "id": 4
    },
    {
        "chara_id": 1040,
        "chara_motion_set_id": 1040017,
        "id": 4
    },
    {
        "chara_id": 1041,
        "chara_motion_set_id": 40059,
        "id": 4
    },
    {
        "chara_id": 1045,
        "chara_motion_set_id": 40060,
        "id": 4
    },
    {
        "chara_id": 1046,
        "chara_motion_set_id": 1046801,
        "id": 4
    },
    {
        "chara_id": 1050,
        "chara_motion_set_id": 1050803,
        "id": 4
    },
    {
        "chara_id": 1052,
        "chara_motion_set_id": 40061,
        "id": 4
    },
    {
        "chara_id": 1056,
        "chara_motion_set_id": 40062,
        "id": 4
    },
    {
        "chara_id": 1058,
        "chara_motion_set_id": 3008,
        "id": 4
    },
    {
        "chara_id": 1060,
        "chara_motion_set_id": 40063,
        "id": 4
    },
    {
        "chara_id": 1061,
        "chara_motion_set_id": 40064,
        "id": 4
    }
]