[
    {
        "fan_count": 500,
        "fan_set_id": 1,
        "id": 1,
        "order": 1
    },
    {
        "fan_count": 200,
        "fan_set_id": 1,
        "id": 2,
        "order": 2
    },
    {
        "fan_count": 125,
        "fan_set_id": 1,
        "id": 3,
        "order": 3
    },
    {
        "fan_count": 75,
        "fan_set_id": 1,
        "id": 4,
        "order": 4
    },
    {
        "fan_count": 50,
        "fan_set_id": 1,
        "id": 5,
        "order": 5
    },
    {
        "fan_count": 45,
        "fan_set_id": 1,
        "id": 6,
        "order": 6
    },
    {
        "fan_count": 40,
        "fan_set_id": 1,
        "id": 7,
        "order": 7
    },
    {
        "fan_count": 35,
        "fan_set_id": 1,
        "id": 8,
        "order": 8
    },
    {
        "fan_count": 30,
        "fan_set_id": 1,
        "id": 9,
        "order": 9
    },
    {
        "fan_count": 25,
        "fan_set_id": 1,
        "id": 10,
        "order": 10
    },
    {
        "fan_count": 20,
        "fan_set_id": 1,
        "id": 11,
        "order": 11
    },
    {
        "fan_count": 15,
        "fan_set_id": 1,
        "id": 12,
        "order": 12
    },
    {
        "fan_count": 13,
        "fan_set_id": 1,
        "id": 13,
        "order": 13
    },
    {
        "fan_count": 10,
        "fan_set_id": 1,
        "id": 14,
        "order": 14
    },
    {
        "fan_count": 8,
        "fan_set_id": 1,
        "id": 15,
        "order": 15
    },
    {
        "fan_count": 5,
        "fan_set_id": 1,
        "id": 16,
        "order": 16
    },
    {
        "fan_count": 5,
        "fan_set_id": 1,
        "id": 17,
        "order": 17
    },
    {
        "fan_count": 5,
        "fan_set_id": 1,
        "id": 18,
        "order": 18
    },
    {
        "fan_count": 600,
        "fan_set_id": 2,
        "id": 19,
        "order": 1
    },
    {
        "fan_count": 240,
        "fan_set_id": 2,
        "id": 20,
        "order": 2
    },
    {
        "fan_count": 150,
        "fan_set_id": 2,
        "id": 21,
        "order": 3
    },
    {
        "fan_count": 90,
        "fan_set_id": 2,
        "id": 22,
        "order": 4
    },
    {
        "fan_count": 60,
        "fan_set_id": 2,
        "id": 23,
        "order": 5
    },
    {
        "fan_count": 54,
        "fan_set_id": 2,
        "id": 24,
        "order": 6
    },
    {
        "fan_count": 48,
        "fan_set_id": 2,
        "id": 25,
        "order": 7
    },
    {
        "fan_count": 42,
        "fan_set_id": 2,
        "id": 26,
        "order": 8
    },
    {
        "fan_count": 36,
        "fan_set_id": 2,
        "id": 27,
        "order": 9
    },
    {
        "fan_count": 30,
        "fan_set_id": 2,
        "id": 28,
        "order": 10
    },
    {
        "fan_count": 24,
        "fan_set_id": 2,
        "id": 29,
        "order": 11
    },
    {
        "fan_count": 18,
        "fan_set_id": 2,
        "id": 30,
        "order": 12
    },
    {
        "fan_count": 15,
        "fan_set_id": 2,
        "id": 31,
        "order": 13
    },
    {
        "fan_count": 12,
        "fan_set_id": 2,
        "id": 32,
        "order": 14
    },
    {
        "fan_count": 9,
        "fan_set_id": 2,
        "id": 33,
        "order": 15
    },
    {
        "fan_count": 6,
        "fan_set_id": 2,
        "id": 34,
        "order": 16
    },
    {
        "fan_count": 6,
        "fan_set_id": 2,
        "id": 35,
        "order": 17
    },
    {
        "fan_count": 6,
        "fan_set_id": 2,
        "id": 36,
        "order": 18
    },
    {
        "fan_count": 700,
        "fan_set_id": 3,
        "id": 37,
        "order": 1
    },
    {
        "fan_count": 280,
        "fan_set_id": 3,
        "id": 38,
        "order": 2
    },
    {
        "fan_count": 175,
        "fan_set_id": 3,
        "id": 39,
        "order": 3
    },
    {
        "fan_count": 105,
        "fan_set_id": 3,
        "id": 40,
        "order": 4
    },
    {
        "fan_count": 70,
        "fan_set_id": 3,
        "id": 41,
        "order": 5
    },
    {
        "fan_count": 63,
        "fan_set_id": 3,
        "id": 42,
        "order": 6
    },
    {
        "fan_count": 56,
        "fan_set_id": 3,
        "id": 43,
        "order": 7
    },
    {
        "fan_count": 49,
        "fan_set_id": 3,
        "id": 44,
        "order": 8
    },
    {
        "fan_count": 42,
        "fan_set_id": 3,
        "id": 45,
        "order": 9
    },
    {
        "fan_count": 35,
        "fan_set_id": 3,
        "id": 46,
        "order": 10
    },
    {
        "fan_count": 28,
        "fan_set_id": 3,
        "id": 47,
        "order": 11
    },
    {
        "fan_count": 21,
        "fan_set_id": 3,
        "id": 48,
        "order": 12
    },
    {
        "fan_count": 18,
        "fan_set_id": 3,
        "id": 49,
        "order": 13
    },
    {
        "fan_count": 14,
        "fan_set_id": 3,
        "id": 50,
        "order": 14
    },
    {
        "fan_count": 11,
        "fan_set_id": 3,
        "id": 51,
        "order": 15
    },
    {
        "fan_count": 7,
        "fan_set_id": 3,
        "id": 52,
        "order": 16
    },
    {
        "fan_count": 7,
        "fan_set_id": 3,
        "id": 53,
        "order": 17
    },
    {
        "fan_count": 7,
        "fan_set_id": 3,
        "id": 54,
        "order": 18
    },
    {
        "fan_count": 1400,
        "fan_set_id": 4,
        "id": 55,
        "order": 1
    },
    {
        "fan_count": 560,
        "fan_set_id": 4,
        "id": 56,
        "order": 2
    },
    {
        "fan_count": 350,
        "fan_set_id": 4,
        "id": 57,
        "order": 3
    },
    {
        "fan_count": 210,
        "fan_set_id": 4,
        "id": 58,
        "order": 4
    },
    {
        "fan_count": 140,
        "fan_set_id": 4,
        "id": 59,
        "order": 5
    },
    {
        "fan_count": 126,
        "fan_set_id": 4,
        "id": 60,
        "order": 6
    },
    {
        "fan_count": 112,
        "fan_set_id": 4,
        "id": 61,
        "order": 7
    },
    {
        "fan_count": 98,
        "fan_set_id": 4,
        "id": 62,
        "order": 8
    },
    {
        "fan_count": 84,
        "fan_set_id": 4,
        "id": 63,
        "order": 9
    },
    {
        "fan_count": 70,
        "fan_set_id": 4,
        "id": 64,
        "order": 10
    },
    {
        "fan_count": 56,
        "fan_set_id": 4,
        "id": 65,
        "order": 11
    },
    {
        "fan_count": 42,
        "fan_set_id": 4,
        "id": 66,
        "order": 12
    },
    {
        "fan_count": 35,
        "fan_set_id": 4,
        "id": 67,
        "order": 13
    },
    {
        "fan_count": 28,
        "fan_set_id": 4,
        "id": 68,
        "order": 14
    },
    {
        "fan_count": 21,
        "fan_set_id": 4,
        "id": 69,
        "order": 15
    },
    {
        "fan_count": 14,
        "fan_set_id": 4,
        "id": 70,
        "order": 16
    },
    {
        "fan_count": 14,
        "fan_set_id": 4,
        "id": 71,
        "order": 17
    },
    {
        "fan_count": 14,
        "fan_set_id": 4,
        "id": 72,
        "order": 18
    },
    {
        "fan_count": 1600,
        "fan_set_id": 5,
        "id": 73,
        "order": 1
    },
    {
        "fan_count": 640,
        "fan_set_id": 5,
        "id": 74,
        "order": 2
    },
    {
        "fan_count": 400,
        "fan_set_id": 5,
        "id": 75,
        "order": 3
    },
    {
        "fan_count": 240,
        "fan_set_id": 5,
        "id": 76,
        "order": 4
    },
    {
        "fan_count": 160,
        "fan_set_id": 5,
        "id": 77,
        "order": 5
    },
    {
        "fan_count": 144,
        "fan_set_id": 5,
        "id": 78,
        "order": 6
    },
    {
        "fan_count": 128,
        "fan_set_id": 5,
        "id": 79,
        "order": 7
    },
    {
        "fan_count": 112,
        "fan_set_id": 5,
        "id": 80,
        "order": 8
    },
    {
        "fan_count": 96,
        "fan_set_id": 5,
        "id": 81,
        "order": 9
    },
    {
        "fan_count": 80,
        "fan_set_id": 5,
        "id": 82,
        "order": 10
    },
    {
        "fan_count": 64,
        "fan_set_id": 5,
        "id": 83,
        "order": 11
    },
    {
        "fan_count": 48,
        "fan_set_id": 5,
        "id": 84,
        "order": 12
    },
    {
        "fan_count": 40,
        "fan_set_id": 5,
        "id": 85,
        "order": 13
    },
    {
        "fan_count": 32,
        "fan_set_id": 5,
        "id": 86,
        "order": 14
    },
    {
        "fan_count": 24,
        "fan_set_id": 5,
        "id": 87,
        "order": 15
    },
    {
        "fan_count": 16,
        "fan_set_id": 5,
        "id": 88,
        "order": 16
    },
    {
        "fan_count": 16,
        "fan_set_id": 5,
        "id": 89,
        "order": 17
    },
    {
        "fan_count": 16,
        "fan_set_id": 5,
        "id": 90,
        "order": 18
    },
    {
        "fan_count": 1800,
        "fan_set_id": 6,
        "id": 91,
        "order": 1
    },
    {
        "fan_count": 720,
        "fan_set_id": 6,
        "id": 92,
        "order": 2
    },
    {
        "fan_count": 450,
        "fan_set_id": 6,
        "id": 93,
        "order": 3
    },
    {
        "fan_count": 270,
        "fan_set_id": 6,
        "id": 94,
        "order": 4
    },
    {
        "fan_count": 180,
        "fan_set_id": 6,
        "id": 95,
        "order": 5
    },
    {
        "fan_count": 162,
        "fan_set_id": 6,
        "id": 96,
        "order": 6
    },
    {
        "fan_count": 144,
        "fan_set_id": 6,
        "id": 97,
        "order": 7
    },
    {
        "fan_count": 126,
        "fan_set_id": 6,
        "id": 98,
        "order": 8
    },
    {
        "fan_count": 108,
        "fan_set_id": 6,
        "id": 99,
        "order": 9
    },
    {
        "fan_count": 90,
        "fan_set_id": 6,
        "id": 100,
        "order": 10
    },
    {
        "fan_count": 72,
        "fan_set_id": 6,
        "id": 101,
        "order": 11
    },
    {
        "fan_count": 54,
        "fan_set_id": 6,
        "id": 102,
        "order": 12
    },
    {
        "fan_count": 45,
        "fan_set_id": 6,
        "id": 103,
        "order": 13
    },
    {
        "fan_count": 36,
        "fan_set_id": 6,
        "id": 104,
        "order": 14
    },
    {
        "fan_count": 27,
        "fan_set_id": 6,
        "id": 105,
        "order": 15
    },
    {
        "fan_count": 18,
        "fan_set_id": 6,
        "id": 106,
        "order": 16
    },
    {
        "fan_count": 18,
        "fan_set_id": 6,
        "id": 107,
        "order": 17
    },
    {
        "fan_count": 18,
        "fan_set_id": 6,
        "id": 108,
        "order": 18
    },
    {
        "fan_count": 1820,
        "fan_set_id": 7,
        "id": 109,
        "order": 1
    },
    {
        "fan_count": 728,
        "fan_set_id": 7,
        "id": 110,
        "order": 2
    },
    {
        "fan_count": 455,
        "fan_set_id": 7,
        "id": 111,
        "order": 3
    },
    {
        "fan_count": 273,
        "fan_set_id": 7,
        "id": 112,
        "order": 4
    },
    {
        "fan_count": 182,
        "fan_set_id": 7,
        "id": 113,
        "order": 5
    },
    {
        "fan_count": 164,
        "fan_set_id": 7,
        "id": 114,
        "order": 6
    },
    {
        "fan_count": 146,
        "fan_set_id": 7,
        "id": 115,
        "order": 7
    },
    {
        "fan_count": 127,
        "fan_set_id": 7,
        "id": 116,
        "order": 8
    },
    {
        "fan_count": 109,
        "fan_set_id": 7,
        "id": 117,
        "order": 9
    },
    {
        "fan_count": 91,
        "fan_set_id": 7,
        "id": 118,
        "order": 10
    },
    {
        "fan_count": 73,
        "fan_set_id": 7,
        "id": 119,
        "order": 11
    },
    {
        "fan_count": 55,
        "fan_set_id": 7,
        "id": 120,
        "order": 12
    },
    {
        "fan_count": 46,
        "fan_set_id": 7,
        "id": 121,
        "order": 13
    },
    {
        "fan_count": 36,
        "fan_set_id": 7,
        "id": 122,
        "order": 14
    },
    {
        "fan_count": 27,
        "fan_set_id": 7,
        "id": 123,
        "order": 15
    },
    {
        "fan_count": 18,
        "fan_set_id": 7,
        "id": 124,
        "order": 16
    },
    {
        "fan_count": 18,
        "fan_set_id": 7,
        "id": 125,
        "order": 17
    },
    {
        "fan_count": 18,
        "fan_set_id": 7,
        "id": 126,
        "order": 18
    },
    {
        "fan_count": 1900,
        "fan_set_id": 8,
        "id": 127,
        "order": 1
    },
    {
        "fan_count": 760,
        "fan_set_id": 8,
        "id": 128,
        "order": 2
    },
    {
        "fan_count": 475,
        "fan_set_id": 8,
        "id": 129,
        "order": 3
    },
    {
        "fan_count": 285,
        "fan_set_id": 8,
        "id": 130,
        "order": 4
    },
    {
        "fan_count": 190,
        "fan_set_id": 8,
        "id": 131,
        "order": 5
    },
    {
        "fan_count": 171,
        "fan_set_id": 8,
        "id": 132,
        "order": 6
    },
    {
        "fan_count": 152,
        "fan_set_id": 8,
        "id": 133,
        "order": 7
    },
    {
        "fan_count": 133,
        "fan_set_id": 8,
        "id": 134,
        "order": 8
    },
    {
        "fan_count": 114,
        "fan_set_id": 8,
        "id": 135,
        "order": 9
    },
    {
        "fan_count": 95,
        "fan_set_id": 8,
        "id": 136,
        "order": 10
    },
    {
        "fan_count": 76,
        "fan_set_id": 8,
        "id": 137,
        "order": 11
    },
    {
        "fan_count": 57,
        "fan_set_id": 8,
        "id": 138,
        "order": 12
    },
    {
        "fan_count": 48,
        "fan_set_id": 8,
        "id": 139,
        "order": 13
    },
    {
        "fan_count": 38,
        "fan_set_id": 8,
        "id": 140,
        "order": 14
    },
    {
        "fan_count": 29,
        "fan_set_id": 8,
        "id": 141,
        "order": 15
    },
    {
        "fan_count": 19,
        "fan_set_id": 8,
        "id": 142,
        "order": 16
    },
    {
        "fan_count": 19,
        "fan_set_id": 8,
        "id": 143,
        "order": 17
    },
    {
        "fan_count": 19,
        "fan_set_id": 8,
        "id": 144,
        "order": 18
    },
    {
        "fan_count": 2200,
        "fan_set_id": 9,
        "id": 145,
        "order": 1
    },
    {
        "fan_count": 880,
        "fan_set_id": 9,
        "id": 146,
        "order": 2
    },
    {
        "fan_count": 550,
        "fan_set_id": 9,
        "id": 147,
        "order": 3
    },
    {
        "fan_count": 330,
        "fan_set_id": 9,
        "id": 148,
        "order": 4
    },
    {
        "fan_count": 220,
        "fan_set_id": 9,
        "id": 149,
        "order": 5
    },
    {
        "fan_count": 198,
        "fan_set_id": 9,
        "id": 150,
        "order": 6
    },
    {
        "fan_count": 176,
        "fan_set_id": 9,
        "id": 151,
        "order": 7
    },
    {
        "fan_count": 154,
        "fan_set_id": 9,
        "id": 152,
        "order": 8
    },
    {
        "fan_count": 132,
        "fan_set_id": 9,
        "id": 153,
        "order": 9
    },
    {
        "fan_count": 110,
        "fan_set_id": 9,
        "id": 154,
        "order": 10
    },
    {
        "fan_count": 88,
        "fan_set_id": 9,
        "id": 155,
        "order": 11
    },
    {
        "fan_count": 66,
        "fan_set_id": 9,
        "id": 156,
        "order": 12
    },
    {
        "fan_count": 55,
        "fan_set_id": 9,
        "id": 157,
        "order": 13
    },
    {
        "fan_count": 44,
        "fan_set_id": 9,
        "id": 158,
        "order": 14
    },
    {
        "fan_count": 33,
        "fan_set_id": 9,
        "id": 159,
        "order": 15
    },
    {
        "fan_count": 22,
        "fan_set_id": 9,
        "id": 160,
        "order": 16
    },
    {
        "fan_count": 22,
        "fan_set_id": 9,
        "id": 161,
        "order": 17
    },
    {
        "fan_count": 22,
        "fan_set_id": 9,
        "id": 162,
        "order": 18
    },
    {
        "fan_count": 2300,
        "fan_set_id": 10,
        "id": 163,
        "order": 1
    },
    {
        "fan_count": 920,
        "fan_set_id": 10,
        "id": 164,
        "order": 2
    },
    {
        "fan_count": 575,
        "fan_set_id": 10,
        "id": 165,
        "order": 3
    },
    {
        "fan_count": 345,
        "fan_set_id": 10,
        "id": 166,
        "order": 4
    },
    {
        "fan_count": 230,
        "fan_set_id": 10,
        "id": 167,
        "order": 5
    },
    {
        "fan_count": 207,
        "fan_set_id": 10,
        "id": 168,
        "order": 6
    },
    {
        "fan_count": 184,
        "fan_set_id": 10,
        "id": 169,
        "order": 7
    },
    {
        "fan_count": 161,
        "fan_set_id": 10,
        "id": 170,
        "order": 8
    },
    {
        "fan_count": 138,
        "fan_set_id": 10,
        "id": 171,
        "order": 9
    },
    {
        "fan_count": 115,
        "fan_set_id": 10,
        "id": 172,
        "order": 10
    },
    {
        "fan_count": 92,
        "fan_set_id": 10,
        "id": 173,
        "order": 11
    },
    {
        "fan_count": 69,
        "fan_set_id": 10,
        "id": 174,
        "order": 12
    },
    {
        "fan_count": 58,
        "fan_set_id": 10,
        "id": 175,
        "order": 13
    },
    {
        "fan_count": 46,
        "fan_set_id": 10,
        "id": 176,
        "order": 14
    },
    {
        "fan_count": 35,
        "fan_set_id": 10,
        "id": 177,
        "order": 15
    },
    {
        "fan_count": 23,
        "fan_set_id": 10,
        "id": 178,
        "order": 16
    },
    {
        "fan_count": 23,
        "fan_set_id": 10,
        "id": 179,
        "order": 17
    },
    {
        "fan_count": 23,
        "fan_set_id": 10,
        "id": 180,
        "order": 18
    },
    {
        "fan_count": 2400,
        "fan_set_id": 11,
        "id": 181,
        "order": 1
    },
    {
        "fan_count": 960,
        "fan_set_id": 11,
        "id": 182,
        "order": 2
    },
    {
        "fan_count": 600,
        "fan_set_id": 11,
        "id": 183,
        "order": 3
    },
    {
        "fan_count": 360,
        "fan_set_id": 11,
        "id": 184,
        "order": 4
    },
    {
        "fan_count": 240,
        "fan_set_id": 11,
        "id": 185,
        "order": 5
    },
    {
        "fan_count": 216,
        "fan_set_id": 11,
        "id": 186,
        "order": 6
    },
    {
        "fan_count": 192,
        "fan_set_id": 11,
        "id": 187,
        "order": 7
    },
    {
        "fan_count": 168,
        "fan_set_id": 11,
        "id": 188,
        "order": 8
    },
    {
        "fan_count": 144,
        "fan_set_id": 11,
        "id": 189,
        "order": 9
    },
    {
        "fan_count": 120,
        "fan_set_id": 11,
        "id": 190,
        "order": 10
    },
    {
        "fan_count": 96,
        "fan_set_id": 11,
        "id": 191,
        "order": 11
    },
    {
        "fan_count": 72,
        "fan_set_id": 11,
        "id": 192,
        "order": 12
    },
    {
        "fan_count": 60,
        "fan_set_id": 11,
        "id": 193,
        "order": 13
    },
    {
        "fan_count": 48,
        "fan_set_id": 11,
        "id": 194,
        "order": 14
    },
    {
        "fan_count": 36,
        "fan_set_id": 11,
        "id": 195,
        "order": 15
    },
    {
        "fan_count": 24,
        "fan_set_id": 11,
        "id": 196,
        "order": 16
    },
    {
        "fan_count": 24,
        "fan_set_id": 11,
        "id": 197,
        "order": 17
    },
    {
        "fan_count": 24,
        "fan_set_id": 11,
        "id": 198,
        "order": 18
    },
    {
        "fan_count": 2900,
        "fan_set_id": 12,
        "id": 199,
        "order": 1
    },
    {
        "fan_count": 1160,
        "fan_set_id": 12,
        "id": 200,
        "order": 2
    },
    {
        "fan_count": 725,
        "fan_set_id": 12,
        "id": 201,
        "order": 3
    },
    {
        "fan_count": 435,
        "fan_set_id": 12,
        "id": 202,
        "order": 4
    },
    {
        "fan_count": 290,
        "fan_set_id": 12,
        "id": 203,
        "order": 5
    },
    {
        "fan_count": 261,
        "fan_set_id": 12,
        "id": 204,
        "order": 6
    },
    {
        "fan_count": 232,
        "fan_set_id": 12,
        "id": 205,
        "order": 7
    },
    {
        "fan_count": 203,
        "fan_set_id": 12,
        "id": 206,
        "order": 8
    },
    {
        "fan_count": 174,
        "fan_set_id": 12,
        "id": 207,
        "order": 9
    },
    {
        "fan_count": 145,
        "fan_set_id": 12,
        "id": 208,
        "order": 10
    },
    {
        "fan_count": 116,
        "fan_set_id": 12,
        "id": 209,
        "order": 11
    },
    {
        "fan_count": 87,
        "fan_set_id": 12,
        "id": 210,
        "order": 12
    },
    {
        "fan_count": 73,
        "fan_set_id": 12,
        "id": 211,
        "order": 13
    },
    {
        "fan_count": 58,
        "fan_set_id": 12,
        "id": 212,
        "order": 14
    },
    {
        "fan_count": 44,
        "fan_set_id": 12,
        "id": 213,
        "order": 15
    },
    {
        "fan_count": 29,
        "fan_set_id": 12,
        "id": 214,
        "order": 16
    },
    {
        "fan_count": 29,
        "fan_set_id": 12,
        "id": 215,
        "order": 17
    },
    {
        "fan_count": 29,
        "fan_set_id": 12,
        "id": 216,
        "order": 18
    },
    {
        "fan_count": 3100,
        "fan_set_id": 13,
        "id": 217,
        "order": 1
    },
    {
        "fan_count": 1240,
        "fan_set_id": 13,
        "id": 218,
        "order": 2
    },
    {
        "fan_count": 775,
        "fan_set_id": 13,
        "id": 219,
        "order": 3
    },
    {
        "fan_count": 465,
        "fan_set_id": 13,
        "id": 220,
        "order": 4
    },
    {
        "fan_count": 310,
        "fan_set_id": 13,
        "id": 221,
        "order": 5
    },
    {
        "fan_count": 279,
        "fan_set_id": 13,
        "id": 222,
        "order": 6
    },
    {
        "fan_count": 248,
        "fan_set_id": 13,
        "id": 223,
        "order": 7
    },
    {
        "fan_count": 217,
        "fan_set_id": 13,
        "id": 224,
        "order": 8
    },
    {
        "fan_count": 186,
        "fan_set_id": 13,
        "id": 225,
        "order": 9
    },
    {
        "fan_count": 155,
        "fan_set_id": 13,
        "id": 226,
        "order": 10
    },
    {
        "fan_count": 124,
        "fan_set_id": 13,
        "id": 227,
        "order": 11
    },
    {
        "fan_count": 93,
        "fan_set_id": 13,
        "id": 228,
        "order": 12
    },
    {
        "fan_count": 78,
        "fan_set_id": 13,
        "id": 229,
        "order": 13
    },
    {
        "fan_count": 62,
        "fan_set_id": 13,
        "id": 230,
        "order": 14
    },
    {
        "fan_count": 47,
        "fan_set_id": 13,
        "id": 231,
        "order": 15
    },
    {
        "fan_count": 31,
        "fan_set_id": 13,
        "id": 232,
        "order": 16
    },
    {
        "fan_count": 31,
        "fan_set_id": 13,
        "id": 233,
        "order": 17
    },
    {
        "fan_count": 31,
        "fan_set_id": 13,
        "id": 234,
        "order": 18
    },
    {
        "fan_count": 3300,
        "fan_set_id": 14,
        "id": 235,
        "order": 1
    },
    {
        "fan_count": 1320,
        "fan_set_id": 14,
        "id": 236,
        "order": 2
    },
    {
        "fan_count": 825,
        "fan_set_id": 14,
        "id": 237,
        "order": 3
    },
    {
        "fan_count": 495,
        "fan_set_id": 14,
        "id": 238,
        "order": 4
    },
    {
        "fan_count": 330,
        "fan_set_id": 14,
        "id": 239,
        "order": 5
    },
    {
        "fan_count": 297,
        "fan_set_id": 14,
        "id": 240,
        "order": 6
    },
    {
        "fan_count": 264,
        "fan_set_id": 14,
        "id": 241,
        "order": 7
    },
    {
        "fan_count": 231,
        "fan_set_id": 14,
        "id": 242,
        "order": 8
    },
    {
        "fan_count": 198,
        "fan_set_id": 14,
        "id": 243,
        "order": 9
    },
    {
        "fan_count": 165,
        "fan_set_id": 14,
        "id": 244,
        "order": 10
    },
    {
        "fan_count": 132,
        "fan_set_id": 14,
        "id": 245,
        "order": 11
    },
    {
        "fan_count": 99,
        "fan_set_id": 14,
        "id": 246,
        "order": 12
    },
    {
        "fan_count": 83,
        "fan_set_id": 14,
        "id": 247,
        "order": 13
    },
    {
        "fan_count": 66,
        "fan_set_id": 14,
        "id": 248,
        "order": 14
    },
    {
        "fan_count": 50,
        "fan_set_id": 14,
        "id": 249,
        "order": 15
    },
    {
        "fan_count": 33,
        "fan_set_id": 14,
        "id": 250,
        "order": 16
    },
    {
        "fan_count": 33,
        "fan_set_id": 14,
        "id": 251,
        "order": 17
    },
    {
        "fan_count": 33,
        "fan_set_id": 14,
        "id": 252,
        "order": 18
    },
    {
        "fan_count": 3500,
        "fan_set_id": 15,
        "id": 253,
        "order": 1
    },
    {
        "fan_count": 1400,
        "fan_set_id": 15,
        "id": 254,
        "order": 2
    },
    {
        "fan_count": 875,
        "fan_set_id": 15,
        "id": 255,
        "order": 3
    },
    {
        "fan_count": 525,
        "fan_set_id": 15,
        "id": 256,
        "order": 4
    },
    {
        "fan_count": 350,
        "fan_set_id": 15,
        "id": 257,
        "order": 5
    },
    {
        "fan_count": 315,
        "fan_set_id": 15,
        "id": 258,
        "order": 6
    },
    {
        "fan_count": 280,
        "fan_set_id": 15,
        "id": 259,
        "order": 7
    },
    {
        "fan_count": 245,
        "fan_set_id": 15,
        "id": 260,
        "order": 8
    },
    {
        "fan_count": 210,
        "fan_set_id": 15,
        "id": 261,
        "order": 9
    },
    {
        "fan_count": 175,
        "fan_set_id": 15,
        "id": 262,
        "order": 10
    },
    {
        "fan_count": 140,
        "fan_set_id": 15,
        "id": 263,
        "order": 11
    },
    {
        "fan_count": 105,
        "fan_set_id": 15,
        "id": 264,
        "order": 12
    },
    {
        "fan_count": 88,
        "fan_set_id": 15,
        "id": 265,
        "order": 13
    },
    {
        "fan_count": 70,
        "fan_set_id": 15,
        "id": 266,
        "order": 14
    },
    {
        "fan_count": 53,
        "fan_set_id": 15,
        "id": 267,
        "order": 15
    },
    {
        "fan_count": 35,
        "fan_set_id": 15,
        "id": 268,
        "order": 16
    },
    {
        "fan_count": 35,
        "fan_set_id": 15,
        "id": 269,
        "order": 17
    },
    {
        "fan_count": 35,
        "fan_set_id": 15,
        "id": 270,
        "order": 18
    },
    {
        "fan_count": 3600,
        "fan_set_id": 16,
        "id": 271,
        "order": 1
    },
    {
        "fan_count": 1440,
        "fan_set_id": 16,
        "id": 272,
        "order": 2
    },
    {
        "fan_count": 900,
        "fan_set_id": 16,
        "id": 273,
        "order": 3
    },
    {
        "fan_count": 540,
        "fan_set_id": 16,
        "id": 274,
        "order": 4
    },
    {
        "fan_count": 360,
        "fan_set_id": 16,
        "id": 275,
        "order": 5
    },
    {
        "fan_count": 324,
        "fan_set_id": 16,
        "id": 276,
        "order": 6
    },
    {
        "fan_count": 288,
        "fan_set_id": 16,
        "id": 277,
        "order": 7
    },
    {
        "fan_count": 252,
        "fan_set_id": 16,
        "id": 278,
        "order": 8
    },
    {
        "fan_count": 216,
        "fan_set_id": 16,
        "id": 279,
        "order": 9
    },
    {
        "fan_count": 180,
        "fan_set_id": 16,
        "id": 280,
        "order": 10
    },
    {
        "fan_count": 144,
        "fan_set_id": 16,
        "id": 281,
        "order": 11
    },
    {
        "fan_count": 108,
        "fan_set_id": 16,
        "id": 282,
        "order": 12
    },
    {
        "fan_count": 90,
        "fan_set_id": 16,
        "id": 283,
        "order": 13
    },
    {
        "fan_count": 72,
        "fan_set_id": 16,
        "id": 284,
        "order": 14
    },
    {
        "fan_count": 54,
        "fan_set_id": 16,
        "id": 285,
        "order": 15
    },
    {
        "fan_count": 36,
        "fan_set_id": 16,
        "id": 286,
        "order": 16
    },
    {
        "fan_count": 36,
        "fan_set_id": 16,
        "id": 287,
        "order": 17
    },
    {
        "fan_count": 36,
        "fan_set_id": 16,
        "id": 288,
        "order": 18
    },
    {
        "fan_count": 3800,
        "fan_set_id": 17,
        "id": 289,
        "order": 1
    },
    {
        "fan_count": 1520,
        "fan_set_id": 17,
        "id": 290,
        "order": 2
    },
    {
        "fan_count": 950,
        "fan_set_id": 17,
        "id": 291,
        "order": 3
    },
    {
        "fan_count": 570,
        "fan_set_id": 17,
        "id": 292,
        "order": 4
    },
    {
        "fan_count": 380,
        "fan_set_id": 17,
        "id": 293,
        "order": 5
    },
    {
        "fan_count": 342,
        "fan_set_id": 17,
        "id": 294,
        "order": 6
    },
    {
        "fan_count": 304,
        "fan_set_id": 17,
        "id": 295,
        "order": 7
    },
    {
        "fan_count": 266,
        "fan_set_id": 17,
        "id": 296,
        "order": 8
    },
    {
        "fan_count": 228,
        "fan_set_id": 17,
        "id": 297,
        "order": 9
    },
    {
        "fan_count": 190,
        "fan_set_id": 17,
        "id": 298,
        "order": 10
    },
    {
        "fan_count": 152,
        "fan_set_id": 17,
        "id": 299,
        "order": 11
    },
    {
        "fan_count": 114,
        "fan_set_id": 17,
        "id": 300,
        "order": 12
    },
    {
        "fan_count": 95,
        "fan_set_id": 17,
        "id": 301,
        "order": 13
    },
    {
        "fan_count": 76,
        "fan_set_id": 17,
        "id": 302,
        "order": 14
    },
    {
        "fan_count": 57,
        "fan_set_id": 17,
        "id": 303,
        "order": 15
    },
    {
        "fan_count": 38,
        "fan_set_id": 17,
        "id": 304,
        "order": 16
    },
    {
        "fan_count": 38,
        "fan_set_id": 17,
        "id": 305,
        "order": 17
    },
    {
        "fan_count": 38,
        "fan_set_id": 17,
        "id": 306,
        "order": 18
    },
    {
        "fan_count": 3900,
        "fan_set_id": 18,
        "id": 307,
        "order": 1
    },
    {
        "fan_count": 1560,
        "fan_set_id": 18,
        "id": 308,
        "order": 2
    },
    {
        "fan_count": 975,
        "fan_set_id": 18,
        "id": 309,
        "order": 3
    },
    {
        "fan_count": 585,
        "fan_set_id": 18,
        "id": 310,
        "order": 4
    },
    {
        "fan_count": 390,
        "fan_set_id": 18,
        "id": 311,
        "order": 5
    },
    {
        "fan_count": 351,
        "fan_set_id": 18,
        "id": 312,
        "order": 6
    },
    {
        "fan_count": 312,
        "fan_set_id": 18,
        "id": 313,
        "order": 7
    },
    {
        "fan_count": 273,
        "fan_set_id": 18,
        "id": 314,
        "order": 8
    },
    {
        "fan_count": 234,
        "fan_set_id": 18,
        "id": 315,
        "order": 9
    },
    {
        "fan_count": 195,
        "fan_set_id": 18,
        "id": 316,
        "order": 10
    },
    {
        "fan_count": 156,
        "fan_set_id": 18,
        "id": 317,
        "order": 11
    },
    {
        "fan_count": 117,
        "fan_set_id": 18,
        "id": 318,
        "order": 12
    },
    {
        "fan_count": 98,
        "fan_set_id": 18,
        "id": 319,
        "order": 13
    },
    {
        "fan_count": 78,
        "fan_set_id": 18,
        "id": 320,
        "order": 14
    },
    {
        "fan_count": 59,
        "fan_set_id": 18,
        "id": 321,
        "order": 15
    },
    {
        "fan_count": 39,
        "fan_set_id": 18,
        "id": 322,
        "order": 16
    },
    {
        "fan_count": 39,
        "fan_set_id": 18,
        "id": 323,
        "order": 17
    },
    {
        "fan_count": 39,
        "fan_set_id": 18,
        "id": 324,
        "order": 18
    },
    {
        "fan_count": 4000,
        "fan_set_id": 19,
        "id": 325,
        "order": 1
    },
    {
        "fan_count": 1600,
        "fan_set_id": 19,
        "id": 326,
        "order": 2
    },
    {
        "fan_count": 1000,
        "fan_set_id": 19,
        "id": 327,
        "order": 3
    },
    {
        "fan_count": 600,
        "fan_set_id": 19,
        "id": 328,
        "order": 4
    },
    {
        "fan_count": 400,
        "fan_set_id": 19,
        "id": 329,
        "order": 5
    },
    {
        "fan_count": 360,
        "fan_set_id": 19,
        "id": 330,
        "order": 6
    },
    {
        "fan_count": 320,
        "fan_set_id": 19,
        "id": 331,
        "order": 7
    },
    {
        "fan_count": 280,
        "fan_set_id": 19,
        "id": 332,
        "order": 8
    },
    {
        "fan_count": 240,
        "fan_set_id": 19,
        "id": 333,
        "order": 9
    },
    {
        "fan_count": 200,
        "fan_set_id": 19,
        "id": 334,
        "order": 10
    },
    {
        "fan_count": 160,
        "fan_set_id": 19,
        "id": 335,
        "order": 11
    },
    {
        "fan_count": 120,
        "fan_set_id": 19,
        "id": 336,
        "order": 12
    },
    {
        "fan_count": 100,
        "fan_set_id": 19,
        "id": 337,
        "order": 13
    },
    {
        "fan_count": 80,
        "fan_set_id": 19,
        "id": 338,
        "order": 14
    },
    {
        "fan_count": 60,
        "fan_set_id": 19,
        "id": 339,
        "order": 15
    },
    {
        "fan_count": 40,
        "fan_set_id": 19,
        "id": 340,
        "order": 16
    },
    {
        "fan_count": 40,
        "fan_set_id": 19,
        "id": 341,
        "order": 17
    },
    {
        "fan_count": 40,
        "fan_set_id": 19,
        "id": 342,
        "order": 18
    },
    {
        "fan_count": 4100,
        "fan_set_id": 20,
        "id": 343,
        "order": 1
    },
    {
        "fan_count": 1640,
        "fan_set_id": 20,
        "id": 344,
        "order": 2
    },
    {
        "fan_count": 1025,
        "fan_set_id": 20,
        "id": 345,
        "order": 3
    },
    {
        "fan_count": 615,
        "fan_set_id": 20,
        "id": 346,
        "order": 4
    },
    {
        "fan_count": 410,
        "fan_set_id": 20,
        "id": 347,
        "order": 5
    },
    {
        "fan_count": 369,
        "fan_set_id": 20,
        "id": 348,
        "order": 6
    },
    {
        "fan_count": 328,
        "fan_set_id": 20,
        "id": 349,
        "order": 7
    },
    {
        "fan_count": 287,
        "fan_set_id": 20,
        "id": 350,
        "order": 8
    },
    {
        "fan_count": 246,
        "fan_set_id": 20,
        "id": 351,
        "order": 9
    },
    {
        "fan_count": 205,
        "fan_set_id": 20,
        "id": 352,
        "order": 10
    },
    {
        "fan_count": 164,
        "fan_set_id": 20,
        "id": 353,
        "order": 11
    },
    {
        "fan_count": 123,
        "fan_set_id": 20,
        "id": 354,
        "order": 12
    },
    {
        "fan_count": 103,
        "fan_set_id": 20,
        "id": 355,
        "order": 13
    },
    {
        "fan_count": 82,
        "fan_set_id": 20,
        "id": 356,
        "order": 14
    },
    {
        "fan_count": 62,
        "fan_set_id": 20,
        "id": 357,
        "order": 15
    },
    {
        "fan_count": 41,
        "fan_set_id": 20,
        "id": 358,
        "order": 16
    },
    {
        "fan_count": 41,
        "fan_set_id": 20,
        "id": 359,
        "order": 17
    },
    {
        "fan_count": 41,
        "fan_set_id": 20,
        "id": 360,
        "order": 18
    },
    {
        "fan_count": 5200,
        "fan_set_id": 21,
        "id": 361,
        "order": 1
    },
    {
        "fan_count": 2080,
        "fan_set_id": 21,
        "id": 362,
        "order": 2
    },
    {
        "fan_count": 1300,
        "fan_set_id": 21,
        "id": 363,
        "order": 3
    },
    {
        "fan_count": 780,
        "fan_set_id": 21,
        "id": 364,
        "order": 4
    },
    {
        "fan_count": 520,
        "fan_set_id": 21,
        "id": 365,
        "order": 5
    },
    {
        "fan_count": 468,
        "fan_set_id": 21,
        "id": 366,
        "order": 6
    },
    {
        "fan_count": 416,
        "fan_set_id": 21,
        "id": 367,
        "order": 7
    },
    {
        "fan_count": 364,
        "fan_set_id": 21,
        "id": 368,
        "order": 8
    },
    {
        "fan_count": 312,
        "fan_set_id": 21,
        "id": 369,
        "order": 9
    },
    {
        "fan_count": 260,
        "fan_set_id": 21,
        "id": 370,
        "order": 10
    },
    {
        "fan_count": 208,
        "fan_set_id": 21,
        "id": 371,
        "order": 11
    },
    {
        "fan_count": 156,
        "fan_set_id": 21,
        "id": 372,
        "order": 12
    },
    {
        "fan_count": 130,
        "fan_set_id": 21,
        "id": 373,
        "order": 13
    },
    {
        "fan_count": 104,
        "fan_set_id": 21,
        "id": 374,
        "order": 14
    },
    {
        "fan_count": 78,
        "fan_set_id": 21,
        "id": 375,
        "order": 15
    },
    {
        "fan_count": 52,
        "fan_set_id": 21,
        "id": 376,
        "order": 16
    },
    {
        "fan_count": 52,
        "fan_set_id": 21,
        "id": 377,
        "order": 17
    },
    {
        "fan_count": 52,
        "fan_set_id": 21,
        "id": 378,
        "order": 18
    },
    {
        "fan_count": 5400,
        "fan_set_id": 22,
        "id": 379,
        "order": 1
    },
    {
        "fan_count": 2160,
        "fan_set_id": 22,
        "id": 380,
        "order": 2
    },
    {
        "fan_count": 1350,
        "fan_set_id": 22,
        "id": 381,
        "order": 3
    },
    {
        "fan_count": 810,
        "fan_set_id": 22,
        "id": 382,
        "order": 4
    },
    {
        "fan_count": 540,
        "fan_set_id": 22,
        "id": 383,
        "order": 5
    },
    {
        "fan_count": 486,
        "fan_set_id": 22,
        "id": 384,
        "order": 6
    },
    {
        "fan_count": 432,
        "fan_set_id": 22,
        "id": 385,
        "order": 7
    },
    {
        "fan_count": 378,
        "fan_set_id": 22,
        "id": 386,
        "order": 8
    },
    {
        "fan_count": 324,
        "fan_set_id": 22,
        "id": 387,
        "order": 9
    },
    {
        "fan_count": 270,
        "fan_set_id": 22,
        "id": 388,
        "order": 10
    },
    {
        "fan_count": 216,
        "fan_set_id": 22,
        "id": 389,
        "order": 11
    },
    {
        "fan_count": 162,
        "fan_set_id": 22,
        "id": 390,
        "order": 12
    },
    {
        "fan_count": 135,
        "fan_set_id": 22,
        "id": 391,
        "order": 13
    },
    {
        "fan_count": 108,
        "fan_set_id": 22,
        "id": 392,
        "order": 14
    },
    {
        "fan_count": 81,
        "fan_set_id": 22,
        "id": 393,
        "order": 15
    },
    {
        "fan_count": 54,
        "fan_set_id": 22,
        "id": 394,
        "order": 16
    },
    {
        "fan_count": 54,
        "fan_set_id": 22,
        "id": 395,
        "order": 17
    },
    {
        "fan_count": 54,
        "fan_set_id": 22,
        "id": 396,
        "order": 18
    },
    {
        "fan_count": 5500,
        "fan_set_id": 23,
        "id": 397,
        "order": 1
    },
    {
        "fan_count": 2200,
        "fan_set_id": 23,
        "id": 398,
        "order": 2
    },
    {
        "fan_count": 1375,
        "fan_set_id": 23,
        "id": 399,
        "order": 3
    },
    {
        "fan_count": 825,
        "fan_set_id": 23,
        "id": 400,
        "order": 4
    },
    {
        "fan_count": 550,
        "fan_set_id": 23,
        "id": 401,
        "order": 5
    },
    {
        "fan_count": 495,
        "fan_set_id": 23,
        "id": 402,
        "order": 6
    },
    {
        "fan_count": 440,
        "fan_set_id": 23,
        "id": 403,
        "order": 7
    },
    {
        "fan_count": 385,
        "fan_set_id": 23,
        "id": 404,
        "order": 8
    },
    {
        "fan_count": 330,
        "fan_set_id": 23,
        "id": 405,
        "order": 9
    },
    {
        "fan_count": 275,
        "fan_set_id": 23,
        "id": 406,
        "order": 10
    },
    {
        "fan_count": 220,
        "fan_set_id": 23,
        "id": 407,
        "order": 11
    },
    {
        "fan_count": 165,
        "fan_set_id": 23,
        "id": 408,
        "order": 12
    },
    {
        "fan_count": 138,
        "fan_set_id": 23,
        "id": 409,
        "order": 13
    },
    {
        "fan_count": 110,
        "fan_set_id": 23,
        "id": 410,
        "order": 14
    },
    {
        "fan_count": 83,
        "fan_set_id": 23,
        "id": 411,
        "order": 15
    },
    {
        "fan_count": 55,
        "fan_set_id": 23,
        "id": 412,
        "order": 16
    },
    {
        "fan_count": 55,
        "fan_set_id": 23,
        "id": 413,
        "order": 17
    },
    {
        "fan_count": 55,
        "fan_set_id": 23,
        "id": 414,
        "order": 18
    },
    {
        "fan_count": 5700,
        "fan_set_id": 24,
        "id": 415,
        "order": 1
    },
    {
        "fan_count": 2280,
        "fan_set_id": 24,
        "id": 416,
        "order": 2
    },
    {
        "fan_count": 1425,
        "fan_set_id": 24,
        "id": 417,
        "order": 3
    },
    {
        "fan_count": 855,
        "fan_set_id": 24,
        "id": 418,
        "order": 4
    },
    {
        "fan_count": 570,
        "fan_set_id": 24,
        "id": 419,
        "order": 5
    },
    {
        "fan_count": 513,
        "fan_set_id": 24,
        "id": 420,
        "order": 6
    },
    {
        "fan_count": 456,
        "fan_set_id": 24,
        "id": 421,
        "order": 7
    },
    {
        "fan_count": 399,
        "fan_set_id": 24,
        "id": 422,
        "order": 8
    },
    {
        "fan_count": 342,
        "fan_set_id": 24,
        "id": 423,
        "order": 9
    },
    {
        "fan_count": 285,
        "fan_set_id": 24,
        "id": 424,
        "order": 10
    },
    {
        "fan_count": 228,
        "fan_set_id": 24,
        "id": 425,
        "order": 11
    },
    {
        "fan_count": 171,
        "fan_set_id": 24,
        "id": 426,
        "order": 12
    },
    {
        "fan_count": 143,
        "fan_set_id": 24,
        "id": 427,
        "order": 13
    },
    {
        "fan_count": 114,
        "fan_set_id": 24,
        "id": 428,
        "order": 14
    },
    {
        "fan_count": 86,
        "fan_set_id": 24,
        "id": 429,
        "order": 15
    },
    {
        "fan_count": 57,
        "fan_set_id": 24,
        "id": 430,
        "order": 16
    },
    {
        "fan_count": 57,
        "fan_set_id": 24,
        "id": 431,
        "order": 17
    },
    {
        "fan_count": 57,
        "fan_set_id": 24,
        "id": 432,
        "order": 18
    },
    {
        "fan_count": 5900,
        "fan_set_id": 25,
        "id": 433,
        "order": 1
    },
    {
        "fan_count": 2360,
        "fan_set_id": 25,
        "id": 434,
        "order": 2
    },
    {
        "fan_count": 1475,
        "fan_set_id": 25,
        "id": 435,
        "order": 3
    },
    {
        "fan_count": 885,
        "fan_set_id": 25,
        "id": 436,
        "order": 4
    },
    {
        "fan_count": 590,
        "fan_set_id": 25,
        "id": 437,
        "order": 5
    },
    {
        "fan_count": 531,
        "fan_set_id": 25,
        "id": 438,
        "order": 6
    },
    {
        "fan_count": 472,
        "fan_set_id": 25,
        "id": 439,
        "order": 7
    },
    {
        "fan_count": 413,
        "fan_set_id": 25,
        "id": 440,
        "order": 8
    },
    {
        "fan_count": 354,
        "fan_set_id": 25,
        "id": 441,
        "order": 9
    },
    {
        "fan_count": 295,
        "fan_set_id": 25,
        "id": 442,
        "order": 10
    },
    {
        "fan_count": 236,
        "fan_set_id": 25,
        "id": 443,
        "order": 11
    },
    {
        "fan_count": 177,
        "fan_set_id": 25,
        "id": 444,
        "order": 12
    },
    {
        "fan_count": 148,
        "fan_set_id": 25,
        "id": 445,
        "order": 13
    },
    {
        "fan_count": 118,
        "fan_set_id": 25,
        "id": 446,
        "order": 14
    },
    {
        "fan_count": 89,
        "fan_set_id": 25,
        "id": 447,
        "order": 15
    },
    {
        "fan_count": 59,
        "fan_set_id": 25,
        "id": 448,
        "order": 16
    },
    {
        "fan_count": 59,
        "fan_set_id": 25,
        "id": 449,
        "order": 17
    },
    {
        "fan_count": 59,
        "fan_set_id": 25,
        "id": 450,
        "order": 18
    },
    {
        "fan_count": 6200,
        "fan_set_id": 26,
        "id": 451,
        "order": 1
    },
    {
        "fan_count": 2480,
        "fan_set_id": 26,
        "id": 452,
        "order": 2
    },
    {
        "fan_count": 1550,
        "fan_set_id": 26,
        "id": 453,
        "order": 3
    },
    {
        "fan_count": 930,
        "fan_set_id": 26,
        "id": 454,
        "order": 4
    },
    {
        "fan_count": 620,
        "fan_set_id": 26,
        "id": 455,
        "order": 5
    },
    {
        "fan_count": 558,
        "fan_set_id": 26,
        "id": 456,
        "order": 6
    },
    {
        "fan_count": 496,
        "fan_set_id": 26,
        "id": 457,
        "order": 7
    },
    {
        "fan_count": 434,
        "fan_set_id": 26,
        "id": 458,
        "order": 8
    },
    {
        "fan_count": 372,
        "fan_set_id": 26,
        "id": 459,
        "order": 9
    },
    {
        "fan_count": 310,
        "fan_set_id": 26,
        "id": 460,
        "order": 10
    },
    {
        "fan_count": 248,
        "fan_set_id": 26,
        "id": 461,
        "order": 11
    },
    {
        "fan_count": 186,
        "fan_set_id": 26,
        "id": 462,
        "order": 12
    },
    {
        "fan_count": 155,
        "fan_set_id": 26,
        "id": 463,
        "order": 13
    },
    {
        "fan_count": 124,
        "fan_set_id": 26,
        "id": 464,
        "order": 14
    },
    {
        "fan_count": 93,
        "fan_set_id": 26,
        "id": 465,
        "order": 15
    },
    {
        "fan_count": 62,
        "fan_set_id": 26,
        "id": 466,
        "order": 16
    },
    {
        "fan_count": 62,
        "fan_set_id": 26,
        "id": 467,
        "order": 17
    },
    {
        "fan_count": 62,
        "fan_set_id": 26,
        "id": 468,
        "order": 18
    },
    {
        "fan_count": 6500,
        "fan_set_id": 27,
        "id": 469,
        "order": 1
    },
    {
        "fan_count": 2600,
        "fan_set_id": 27,
        "id": 470,
        "order": 2
    },
    {
        "fan_count": 1625,
        "fan_set_id": 27,
        "id": 471,
        "order": 3
    },
    {
        "fan_count": 975,
        "fan_set_id": 27,
        "id": 472,
        "order": 4
    },
    {
        "fan_count": 650,
        "fan_set_id": 27,
        "id": 473,
        "order": 5
    },
    {
        "fan_count": 585,
        "fan_set_id": 27,
        "id": 474,
        "order": 6
    },
    {
        "fan_count": 520,
        "fan_set_id": 27,
        "id": 475,
        "order": 7
    },
    {
        "fan_count": 455,
        "fan_set_id": 27,
        "id": 476,
        "order": 8
    },
    {
        "fan_count": 390,
        "fan_set_id": 27,
        "id": 477,
        "order": 9
    },
    {
        "fan_count": 325,
        "fan_set_id": 27,
        "id": 478,
        "order": 10
    },
    {
        "fan_count": 260,
        "fan_set_id": 27,
        "id": 479,
        "order": 11
    },
    {
        "fan_count": 195,
        "fan_set_id": 27,
        "id": 480,
        "order": 12
    },
    {
        "fan_count": 163,
        "fan_set_id": 27,
        "id": 481,
        "order": 13
    },
    {
        "fan_count": 130,
        "fan_set_id": 27,
        "id": 482,
        "order": 14
    },
    {
        "fan_count": 98,
        "fan_set_id": 27,
        "id": 483,
        "order": 15
    },
    {
        "fan_count": 65,
        "fan_set_id": 27,
        "id": 484,
        "order": 16
    },
    {
        "fan_count": 65,
        "fan_set_id": 27,
        "id": 485,
        "order": 17
    },
    {
        "fan_count": 65,
        "fan_set_id": 27,
        "id": 486,
        "order": 18
    },
    {
        "fan_count": 6700,
        "fan_set_id": 28,
        "id": 487,
        "order": 1
    },
    {
        "fan_count": 2680,
        "fan_set_id": 28,
        "id": 488,
        "order": 2
    },
    {
        "fan_count": 1675,
        "fan_set_id": 28,
        "id": 489,
        "order": 3
    },
    {
        "fan_count": 1005,
        "fan_set_id": 28,
        "id": 490,
        "order": 4
    },
    {
        "fan_count": 670,
        "fan_set_id": 28,
        "id": 491,
        "order": 5
    },
    {
        "fan_count": 603,
        "fan_set_id": 28,
        "id": 492,
        "order": 6
    },
    {
        "fan_count": 536,
        "fan_set_id": 28,
        "id": 493,
        "order": 7
    },
    {
        "fan_count": 469,
        "fan_set_id": 28,
        "id": 494,
        "order": 8
    },
    {
        "fan_count": 402,
        "fan_set_id": 28,
        "id": 495,
        "order": 9
    },
    {
        "fan_count": 335,
        "fan_set_id": 28,
        "id": 496,
        "order": 10
    },
    {
        "fan_count": 268,
        "fan_set_id": 28,
        "id": 497,
        "order": 11
    },
    {
        "fan_count": 201,
        "fan_set_id": 28,
        "id": 498,
        "order": 12
    },
    {
        "fan_count": 168,
        "fan_set_id": 28,
        "id": 499,
        "order": 13
    },
    {
        "fan_count": 134,
        "fan_set_id": 28,
        "id": 500,
        "order": 14
    },
    {
        "fan_count": 101,
        "fan_set_id": 28,
        "id": 501,
        "order": 15
    },
    {
        "fan_count": 67,
        "fan_set_id": 28,
        "id": 502,
        "order": 16
    },
    {
        "fan_count": 67,
        "fan_set_id": 28,
        "id": 503,
        "order": 17
    },
    {
        "fan_count": 67,
        "fan_set_id": 28,
        "id": 504,
        "order": 18
    },
    {
        "fan_count": 7000,
        "fan_set_id": 29,
        "id": 505,
        "order": 1
    },
    {
        "fan_count": 2800,
        "fan_set_id": 29,
        "id": 506,
        "order": 2
    },
    {
        "fan_count": 1750,
        "fan_set_id": 29,
        "id": 507,
        "order": 3
    },
    {
        "fan_count": 1050,
        "fan_set_id": 29,
        "id": 508,
        "order": 4
    },
    {
        "fan_count": 700,
        "fan_set_id": 29,
        "id": 509,
        "order": 5
    },
    {
        "fan_count": 630,
        "fan_set_id": 29,
        "id": 510,
        "order": 6
    },
    {
        "fan_count": 560,
        "fan_set_id": 29,
        "id": 511,
        "order": 7
    },
    {
        "fan_count": 490,
        "fan_set_id": 29,
        "id": 512,
        "order": 8
    },
    {
        "fan_count": 420,
        "fan_set_id": 29,
        "id": 513,
        "order": 9
    },
    {
        "fan_count": 350,
        "fan_set_id": 29,
        "id": 514,
        "order": 10
    },
    {
        "fan_count": 280,
        "fan_set_id": 29,
        "id": 515,
        "order": 11
    },
    {
        "fan_count": 210,
        "fan_set_id": 29,
        "id": 516,
        "order": 12
    },
    {
        "fan_count": 175,
        "fan_set_id": 29,
        "id": 517,
        "order": 13
    },
    {
        "fan_count": 140,
        "fan_set_id": 29,
        "id": 518,
        "order": 14
    },
    {
        "fan_count": 105,
        "fan_set_id": 29,
        "id": 519,
        "order": 15
    },
    {
        "fan_count": 70,
        "fan_set_id": 29,
        "id": 520,
        "order": 16
    },
    {
        "fan_count": 70,
        "fan_set_id": 29,
        "id": 521,
        "order": 17
    },
    {
        "fan_count": 70,
        "fan_set_id": 29,
        "id": 522,
        "order": 18
    },
    {
        "fan_count": 10000,
        "fan_set_id": 30,
        "id": 523,
        "order": 1
    },
    {
        "fan_count": 4000,
        "fan_set_id": 30,
        "id": 524,
        "order": 2
    },
    {
        "fan_count": 2500,
        "fan_set_id": 30,
        "id": 525,
        "order": 3
    },
    {
        "fan_count": 1500,
        "fan_set_id": 30,
        "id": 526,
        "order": 4
    },
    {
        "fan_count": 1000,
        "fan_set_id": 30,
        "id": 527,
        "order": 5
    },
    {
        "fan_count": 900,
        "fan_set_id": 30,
        "id": 528,
        "order": 6
    },
    {
        "fan_count": 800,
        "fan_set_id": 30,
        "id": 529,
        "order": 7
    },
    {
        "fan_count": 700,
        "fan_set_id": 30,
        "id": 530,
        "order": 8
    },
    {
        "fan_count": 600,
        "fan_set_id": 30,
        "id": 531,
        "order": 9
    },
    {
        "fan_count": 500,
        "fan_set_id": 30,
        "id": 532,
        "order": 10
    },
    {
        "fan_count": 400,
        "fan_set_id": 30,
        "id": 533,
        "order": 11
    },
    {
        "fan_count": 300,
        "fan_set_id": 30,
        "id": 534,
        "order": 12
    },
    {
        "fan_count": 250,
        "fan_set_id": 30,
        "id": 535,
        "order": 13
    },
    {
        "fan_count": 200,
        "fan_set_id": 30,
        "id": 536,
        "order": 14
    },
    {
        "fan_count": 150,
        "fan_set_id": 30,
        "id": 537,
        "order": 15
    },
    {
        "fan_count": 100,
        "fan_set_id": 30,
        "id": 538,
        "order": 16
    },
    {
        "fan_count": 100,
        "fan_set_id": 30,
        "id": 539,
        "order": 17
    },
    {
        "fan_count": 100,
        "fan_set_id": 30,
        "id": 540,
        "order": 18
    },
    {
        "fan_count": 10500,
        "fan_set_id": 31,
        "id": 541,
        "order": 1
    },
    {
        "fan_count": 4200,
        "fan_set_id": 31,
        "id": 542,
        "order": 2
    },
    {
        "fan_count": 2625,
        "fan_set_id": 31,
        "id": 543,
        "order": 3
    },
    {
        "fan_count": 1575,
        "fan_set_id": 31,
        "id": 544,
        "order": 4
    },
    {
        "fan_count": 1050,
        "fan_set_id": 31,
        "id": 545,
        "order": 5
    },
    {
        "fan_count": 945,
        "fan_set_id": 31,
        "id": 546,
        "order": 6
    },
    {
        "fan_count": 840,
        "fan_set_id": 31,
        "id": 547,
        "order": 7
    },
    {
        "fan_count": 735,
        "fan_set_id": 31,
        "id": 548,
        "order": 8
    },
    {
        "fan_count": 630,
        "fan_set_id": 31,
        "id": 549,
        "order": 9
    },
    {
        "fan_count": 525,
        "fan_set_id": 31,
        "id": 550,
        "order": 10
    },
    {
        "fan_count": 420,
        "fan_set_id": 31,
        "id": 551,
        "order": 11
    },
    {
        "fan_count": 315,
        "fan_set_id": 31,
        "id": 552,
        "order": 12
    },
    {
        "fan_count": 263,
        "fan_set_id": 31,
        "id": 553,
        "order": 13
    },
    {
        "fan_count": 210,
        "fan_set_id": 31,
        "id": 554,
        "order": 14
    },
    {
        "fan_count": 158,
        "fan_set_id": 31,
        "id": 555,
        "order": 15
    },
    {
        "fan_count": 105,
        "fan_set_id": 31,
        "id": 556,
        "order": 16
    },
    {
        "fan_count": 105,
        "fan_set_id": 31,
        "id": 557,
        "order": 17
    },
    {
        "fan_count": 105,
        "fan_set_id": 31,
        "id": 558,
        "order": 18
    },
    {
        "fan_count": 11000,
        "fan_set_id": 32,
        "id": 559,
        "order": 1
    },
    {
        "fan_count": 4400,
        "fan_set_id": 32,
        "id": 560,
        "order": 2
    },
    {
        "fan_count": 2750,
        "fan_set_id": 32,
        "id": 561,
        "order": 3
    },
    {
        "fan_count": 1650,
        "fan_set_id": 32,
        "id": 562,
        "order": 4
    },
    {
        "fan_count": 1100,
        "fan_set_id": 32,
        "id": 563,
        "order": 5
    },
    {
        "fan_count": 990,
        "fan_set_id": 32,
        "id": 564,
        "order": 6
    },
    {
        "fan_count": 880,
        "fan_set_id": 32,
        "id": 565,
        "order": 7
    },
    {
        "fan_count": 770,
        "fan_set_id": 32,
        "id": 566,
        "order": 8
    },
    {
        "fan_count": 660,
        "fan_set_id": 32,
        "id": 567,
        "order": 9
    },
    {
        "fan_count": 550,
        "fan_set_id": 32,
        "id": 568,
        "order": 10
    },
    {
        "fan_count": 440,
        "fan_set_id": 32,
        "id": 569,
        "order": 11
    },
    {
        "fan_count": 330,
        "fan_set_id": 32,
        "id": 570,
        "order": 12
    },
    {
        "fan_count": 275,
        "fan_set_id": 32,
        "id": 571,
        "order": 13
    },
    {
        "fan_count": 220,
        "fan_set_id": 32,
        "id": 572,
        "order": 14
    },
    {
        "fan_count": 165,
        "fan_set_id": 32,
        "id": 573,
        "order": 15
    },
    {
        "fan_count": 110,
        "fan_set_id": 32,
        "id": 574,
        "order": 16
    },
    {
        "fan_count": 110,
        "fan_set_id": 32,
        "id": 575,
        "order": 17
    },
    {
        "fan_count": 110,
        "fan_set_id": 32,
        "id": 576,
        "order": 18
    },
    {
        "fan_count": 12000,
        "fan_set_id": 33,
        "id": 577,
        "order": 1
    },
    {
        "fan_count": 4800,
        "fan_set_id": 33,
        "id": 578,
        "order": 2
    },
    {
        "fan_count": 3000,
        "fan_set_id": 33,
        "id": 579,
        "order": 3
    },
    {
        "fan_count": 1800,
        "fan_set_id": 33,
        "id": 580,
        "order": 4
    },
    {
        "fan_count": 1200,
        "fan_set_id": 33,
        "id": 581,
        "order": 5
    },
    {
        "fan_count": 1080,
        "fan_set_id": 33,
        "id": 582,
        "order": 6
    },
    {
        "fan_count": 960,
        "fan_set_id": 33,
        "id": 583,
        "order": 7
    },
    {
        "fan_count": 840,
        "fan_set_id": 33,
        "id": 584,
        "order": 8
    },
    {
        "fan_count": 720,
        "fan_set_id": 33,
        "id": 585,
        "order": 9
    },
    {
        "fan_count": 600,
        "fan_set_id": 33,
        "id": 586,
        "order": 10
    },
    {
        "fan_count": 480,
        "fan_set_id": 33,
        "id": 587,
        "order": 11
    },
    {
        "fan_count": 360,
        "fan_set_id": 33,
        "id": 588,
        "order": 12
    },
    {
        "fan_count": 300,
        "fan_set_id": 33,
        "id": 589,
        "order": 13
    },
    {
        "fan_count": 240,
        "fan_set_id": 33,
        "id": 590,
        "order": 14
    },
    {
        "fan_count": 180,
        "fan_set_id": 33,
        "id": 591,
        "order": 15
    },
    {
        "fan_count": 120,
        "fan_set_id": 33,
        "id": 592,
        "order": 16
    },
    {
        "fan_count": 120,
        "fan_set_id": 33,
        "id": 593,
        "order": 17
    },
    {
        "fan_count": 120,
        "fan_set_id": 33,
        "id": 594,
        "order": 18
    },
    {
        "fan_count": 15000,
        "fan_set_id": 34,
        "id": 595,
        "order": 1
    },
    {
        "fan_count": 6000,
        "fan_set_id": 34,
        "id": 596,
        "order": 2
    },
    {
        "fan_count": 3750,
        "fan_set_id": 34,
        "id": 597,
        "order": 3
    },
    {
        "fan_count": 2250,
        "fan_set_id": 34,
        "id": 598,
        "order": 4
    },
    {
        "fan_count": 1500,
        "fan_set_id": 34,
        "id": 599,
        "order": 5
    },
    {
        "fan_count": 1350,
        "fan_set_id": 34,
        "id": 600,
        "order": 6
    },
    {
        "fan_count": 1200,
        "fan_set_id": 34,
        "id": 601,
        "order": 7
    },
    {
        "fan_count": 1050,
        "fan_set_id": 34,
        "id": 602,
        "order": 8
    },
    {
        "fan_count": 900,
        "fan_set_id": 34,
        "id": 603,
        "order": 9
    },
    {
        "fan_count": 750,
        "fan_set_id": 34,
        "id": 604,
        "order": 10
    },
    {
        "fan_count": 600,
        "fan_set_id": 34,
        "id": 605,
        "order": 11
    },
    {
        "fan_count": 450,
        "fan_set_id": 34,
        "id": 606,
        "order": 12
    },
    {
        "fan_count": 375,
        "fan_set_id": 34,
        "id": 607,
        "order": 13
    },
    {
        "fan_count": 300,
        "fan_set_id": 34,
        "id": 608,
        "order": 14
    },
    {
        "fan_count": 225,
        "fan_set_id": 34,
        "id": 609,
        "order": 15
    },
    {
        "fan_count": 150,
        "fan_set_id": 34,
        "id": 610,
        "order": 16
    },
    {
        "fan_count": 150,
        "fan_set_id": 34,
        "id": 611,
        "order": 17
    },
    {
        "fan_count": 150,
        "fan_set_id": 34,
        "id": 612,
        "order": 18
    },
    {
        "fan_count": 20000,
        "fan_set_id": 35,
        "id": 613,
        "order": 1
    },
    {
        "fan_count": 8000,
        "fan_set_id": 35,
        "id": 614,
        "order": 2
    },
    {
        "fan_count": 5000,
        "fan_set_id": 35,
        "id": 615,
        "order": 3
    },
    {
        "fan_count": 3000,
        "fan_set_id": 35,
        "id": 616,
        "order": 4
    },
    {
        "fan_count": 2000,
        "fan_set_id": 35,
        "id": 617,
        "order": 5
    },
    {
        "fan_count": 1800,
        "fan_set_id": 35,
        "id": 618,
        "order": 6
    },
    {
        "fan_count": 1600,
        "fan_set_id": 35,
        "id": 619,
        "order": 7
    },
    {
        "fan_count": 1400,
        "fan_set_id": 35,
        "id": 620,
        "order": 8
    },
    {
        "fan_count": 1200,
        "fan_set_id": 35,
        "id": 621,
        "order": 9
    },
    {
        "fan_count": 1000,
        "fan_set_id": 35,
        "id": 622,
        "order": 10
    },
    {
        "fan_count": 800,
        "fan_set_id": 35,
        "id": 623,
        "order": 11
    },
    {
        "fan_count": 600,
        "fan_set_id": 35,
        "id": 624,
        "order": 12
    },
    {
        "fan_count": 500,
        "fan_set_id": 35,
        "id": 625,
        "order": 13
    },
    {
        "fan_count": 400,
        "fan_set_id": 35,
        "id": 626,
        "order": 14
    },
    {
        "fan_count": 300,
        "fan_set_id": 35,
        "id": 627,
        "order": 15
    },
    {
        "fan_count": 200,
        "fan_set_id": 35,
        "id": 628,
        "order": 16
    },
    {
        "fan_count": 200,
        "fan_set_id": 35,
        "id": 629,
        "order": 17
    },
    {
        "fan_count": 200,
        "fan_set_id": 35,
        "id": 630,
        "order": 18
    },
    {
        "fan_count": 30000,
        "fan_set_id": 36,
        "id": 631,
        "order": 1
    },
    {
        "fan_count": 12000,
        "fan_set_id": 36,
        "id": 632,
        "order": 2
    },
    {
        "fan_count": 7500,
        "fan_set_id": 36,
        "id": 633,
        "order": 3
    },
    {
        "fan_count": 4500,
        "fan_set_id": 36,
        "id": 634,
        "order": 4
    },
    {
        "fan_count": 3000,
        "fan_set_id": 36,
        "id": 635,
        "order": 5
    },
    {
        "fan_count": 2700,
        "fan_set_id": 36,
        "id": 636,
        "order": 6
    },
    {
        "fan_count": 2400,
        "fan_set_id": 36,
        "id": 637,
        "order": 7
    },
    {
        "fan_count": 2100,
        "fan_set_id": 36,
        "id": 638,
        "order": 8
    },
    {
        "fan_count": 1800,
        "fan_set_id": 36,
        "id": 639,
        "order": 9
    },
    {
        "fan_count": 1500,
        "fan_set_id": 36,
        "id": 640,
        "order": 10
    },
    {
        "fan_count": 1200,
        "fan_set_id": 36,
        "id": 641,
        "order": 11
    },
    {
        "fan_count": 900,
        "fan_set_id": 36,
        "id": 642,
        "order": 12
    },
    {
        "fan_count": 750,
        "fan_set_id": 36,
        "id": 643,
        "order": 13
    },
    {
        "fan_count": 600,
        "fan_set_id": 36,
        "id": 644,
        "order": 14
    },
    {
        "fan_count": 450,
        "fan_set_id": 36,
        "id": 645,
        "order": 15
    },
    {
        "fan_count": 300,
        "fan_set_id": 36,
        "id": 646,
        "order": 16
    },
    {
        "fan_count": 300,
        "fan_set_id": 36,
        "id": 647,
        "order": 17
    },
    {
        "fan_count": 300,
        "fan_set_id": 36,
        "id": 648,
        "order": 18
    },
    {
        "fan_count": 7000,
        "fan_set_id": 37,
        "id": 649,
        "order": 1
    },
    {
        "fan_count": 2800,
        "fan_set_id": 37,
        "id": 650,
        "order": 2
    },
    {
        "fan_count": 1750,
        "fan_set_id": 37,
        "id": 651,
        "order": 3
    },
    {
        "fan_count": 1050,
        "fan_set_id": 37,
        "id": 652,
        "order": 4
    },
    {
        "fan_count": 700,
        "fan_set_id": 37,
        "id": 653,
        "order": 5
    },
    {
        "fan_count": 630,
        "fan_set_id": 37,
        "id": 654,
        "order": 6
    },
    {
        "fan_count": 560,
        "fan_set_id": 37,
        "id": 655,
        "order": 7
    },
    {
        "fan_count": 490,
        "fan_set_id": 37,
        "id": 656,
        "order": 8
    },
    {
        "fan_count": 420,
        "fan_set_id": 37,
        "id": 657,
        "order": 9
    },
    {
        "fan_count": 350,
        "fan_set_id": 37,
        "id": 658,
        "order": 10
    },
    {
        "fan_count": 280,
        "fan_set_id": 37,
        "id": 659,
        "order": 11
    },
    {
        "fan_count": 210,
        "fan_set_id": 37,
        "id": 660,
        "order": 12
    },
    {
        "fan_count": 175,
        "fan_set_id": 37,
        "id": 661,
        "order": 13
    },
    {
        "fan_count": 140,
        "fan_set_id": 37,
        "id": 662,
        "order": 14
    },
    {
        "fan_count": 105,
        "fan_set_id": 37,
        "id": 663,
        "order": 15
    },
    {
        "fan_count": 70,
        "fan_set_id": 37,
        "id": 664,
        "order": 16
    },
    {
        "fan_count": 70,
        "fan_set_id": 37,
        "id": 665,
        "order": 17
    },
    {
        "fan_count": 70,
        "fan_set_id": 37,
        "id": 666,
        "order": 18
    },
    {
        "fan_count": 5200,
        "fan_set_id": 38,
        "id": 667,
        "order": 1
    },
    {
        "fan_count": 2080,
        "fan_set_id": 38,
        "id": 668,
        "order": 2
    },
    {
        "fan_count": 1300,
        "fan_set_id": 38,
        "id": 669,
        "order": 3
    },
    {
        "fan_count": 780,
        "fan_set_id": 38,
        "id": 670,
        "order": 4
    },
    {
        "fan_count": 520,
        "fan_set_id": 38,
        "id": 671,
        "order": 5
    },
    {
        "fan_count": 468,
        "fan_set_id": 38,
        "id": 672,
        "order": 6
    },
    {
        "fan_count": 416,
        "fan_set_id": 38,
        "id": 673,
        "order": 7
    },
    {
        "fan_count": 364,
        "fan_set_id": 38,
        "id": 674,
        "order": 8
    },
    {
        "fan_count": 312,
        "fan_set_id": 38,
        "id": 675,
        "order": 9
    },
    {
        "fan_count": 260,
        "fan_set_id": 38,
        "id": 676,
        "order": 10
    },
    {
        "fan_count": 208,
        "fan_set_id": 38,
        "id": 677,
        "order": 11
    },
    {
        "fan_count": 156,
        "fan_set_id": 38,
        "id": 678,
        "order": 12
    },
    {
        "fan_count": 130,
        "fan_set_id": 38,
        "id": 679,
        "order": 13
    },
    {
        "fan_count": 104,
        "fan_set_id": 38,
        "id": 680,
        "order": 14
    },
    {
        "fan_count": 78,
        "fan_set_id": 38,
        "id": 681,
        "order": 15
    },
    {
        "fan_count": 52,
        "fan_set_id": 38,
        "id": 682,
        "order": 16
    },
    {
        "fan_count": 26,
        "fan_set_id": 38,
        "id": 683,
        "order": 17
    },
    {
        "fan_count": 5,
        "fan_set_id": 38,
        "id": 684,
        "order": 18
    },
    {
        "fan_count": 3800,
        "fan_set_id": 39,
        "id": 685,
        "order": 1
    },
    {
        "fan_count": 1520,
        "fan_set_id": 39,
        "id": 686,
        "order": 2
    },
    {
        "fan_count": 950,
        "fan_set_id": 39,
        "id": 687,
        "order": 3
    },
    {
        "fan_count": 570,
        "fan_set_id": 39,
        "id": 688,
        "order": 4
    },
    {
        "fan_count": 380,
        "fan_set_id": 39,
        "id": 689,
        "order": 5
    },
    {
        "fan_count": 342,
        "fan_set_id": 39,
        "id": 690,
        "order": 6
    },
    {
        "fan_count": 304,
        "fan_set_id": 39,
        "id": 691,
        "order": 7
    },
    {
        "fan_count": 266,
        "fan_set_id": 39,
        "id": 692,
        "order": 8
    },
    {
        "fan_count": 228,
        "fan_set_id": 39,
        "id": 693,
        "order": 9
    },
    {
        "fan_count": 190,
        "fan_set_id": 39,
        "id": 694,
        "order": 10
    },
    {
        "fan_count": 152,
        "fan_set_id": 39,
        "id": 695,
        "order": 11
    },
    {
        "fan_count": 114,
        "fan_set_id": 39,
        "id": 696,
        "order": 12
    },
    {
        "fan_count": 95,
        "fan_set_id": 39,
        "id": 697,
        "order": 13
    },
    {
        "fan_count": 76,
        "fan_set_id": 39,
        "id": 698,
        "order": 14
    },
    {
        "fan_count": 57,
        "fan_set_id": 39,
        "id": 699,
        "order": 15
    },
    {
        "fan_count": 38,
        "fan_set_id": 39,
        "id": 700,
        "order": 16
    },
    {
        "fan_count": 38,
        "fan_set_id": 39,
        "id": 701,
        "order": 17
    },
    {
        "fan_count": 38,
        "fan_set_id": 39,
        "id": 702,
        "order": 18
    },
    {
        "fan_count": 3800,
        "fan_set_id": 40,
        "id": 703,
        "order": 1
    },
    {
        "fan_count": 1520,
        "fan_set_id": 40,
        "id": 704,
        "order": 2
    },
    {
        "fan_count": 950,
        "fan_set_id": 40,
        "id": 705,
        "order": 3
    },
    {
        "fan_count": 570,
        "fan_set_id": 40,
        "id": 706,
        "order": 4
    },
    {
        "fan_count": 380,
        "fan_set_id": 40,
        "id": 707,
        "order": 5
    },
    {
        "fan_count": 342,
        "fan_set_id": 40,
        "id": 708,
        "order": 6
    },
    {
        "fan_count": 304,
        "fan_set_id": 40,
        "id": 709,
        "order": 7
    },
    {
        "fan_count": 266,
        "fan_set_id": 40,
        "id": 710,
        "order": 8
    },
    {
        "fan_count": 228,
        "fan_set_id": 40,
        "id": 711,
        "order": 9
    },
    {
        "fan_count": 190,
        "fan_set_id": 40,
        "id": 712,
        "order": 10
    },
    {
        "fan_count": 152,
        "fan_set_id": 40,
        "id": 713,
        "order": 11
    },
    {
        "fan_count": 114,
        "fan_set_id": 40,
        "id": 714,
        "order": 12
    },
    {
        "fan_count": 95,
        "fan_set_id": 40,
        "id": 715,
        "order": 13
    },
    {
        "fan_count": 76,
        "fan_set_id": 40,
        "id": 716,
        "order": 14
    },
    {
        "fan_count": 57,
        "fan_set_id": 40,
        "id": 717,
        "order": 15
    },
    {
        "fan_count": 38,
        "fan_set_id": 40,
        "id": 718,
        "order": 16
    },
    {
        "fan_count": 38,
        "fan_set_id": 40,
        "id": 719,
        "order": 17
    },
    {
        "fan_count": 38,
        "fan_set_id": 40,
        "id": 720,
        "order": 18
    },
    {
        "fan_count": 6000,
        "fan_set_id": 41,
        "id": 721,
        "order": 1
    },
    {
        "fan_count": 2400,
        "fan_set_id": 41,
        "id": 722,
        "order": 2
    },
    {
        "fan_count": 1500,
        "fan_set_id": 41,
        "id": 723,
        "order": 3
    },
    {
        "fan_count": 900,
        "fan_set_id": 41,
        "id": 724,
        "order": 4
    },
    {
        "fan_count": 600,
        "fan_set_id": 41,
        "id": 725,
        "order": 5
    },
    {
        "fan_count": 540,
        "fan_set_id": 41,
        "id": 726,
        "order": 6
    },
    {
        "fan_count": 480,
        "fan_set_id": 41,
        "id": 727,
        "order": 7
    },
    {
        "fan_count": 420,
        "fan_set_id": 41,
        "id": 728,
        "order": 8
    },
    {
        "fan_count": 360,
        "fan_set_id": 41,
        "id": 729,
        "order": 9
    },
    {
        "fan_count": 300,
        "fan_set_id": 41,
        "id": 730,
        "order": 10
    },
    {
        "fan_count": 240,
        "fan_set_id": 41,
        "id": 731,
        "order": 11
    },
    {
        "fan_count": 180,
        "fan_set_id": 41,
        "id": 732,
        "order": 12
    },
    {
        "fan_count": 150,
        "fan_set_id": 41,
        "id": 733,
        "order": 13
    },
    {
        "fan_count": 120,
        "fan_set_id": 41,
        "id": 734,
        "order": 14
    },
    {
        "fan_count": 90,
        "fan_set_id": 41,
        "id": 735,
        "order": 15
    },
    {
        "fan_count": 60,
        "fan_set_id": 41,
        "id": 736,
        "order": 16
    },
    {
        "fan_count": 60,
        "fan_set_id": 41,
        "id": 737,
        "order": 17
    },
    {
        "fan_count": 60,
        "fan_set_id": 41,
        "id": 738,
        "order": 18
    },
    {
        "fan_count": 4500,
        "fan_set_id": 42,
        "id": 739,
        "order": 1
    },
    {
        "fan_count": 1800,
        "fan_set_id": 42,
        "id": 740,
        "order": 2
    },
    {
        "fan_count": 1125,
        "fan_set_id": 42,
        "id": 741,
        "order": 3
    },
    {
        "fan_count": 675,
        "fan_set_id": 42,
        "id": 742,
        "order": 4
    },
    {
        "fan_count": 450,
        "fan_set_id": 42,
        "id": 743,
        "order": 5
    },
    {
        "fan_count": 405,
        "fan_set_id": 42,
        "id": 744,
        "order": 6
    },
    {
        "fan_count": 360,
        "fan_set_id": 42,
        "id": 745,
        "order": 7
    },
    {
        "fan_count": 315,
        "fan_set_id": 42,
        "id": 746,
        "order": 8
    },
    {
        "fan_count": 270,
        "fan_set_id": 42,
        "id": 747,
        "order": 9
    },
    {
        "fan_count": 225,
        "fan_set_id": 42,
        "id": 748,
        "order": 10
    },
    {
        "fan_count": 180,
        "fan_set_id": 42,
        "id": 749,
        "order": 11
    },
    {
        "fan_count": 135,
        "fan_set_id": 42,
        "id": 750,
        "order": 12
    },
    {
        "fan_count": 113,
        "fan_set_id": 42,
        "id": 751,
        "order": 13
    },
    {
        "fan_count": 90,
        "fan_set_id": 42,
        "id": 752,
        "order": 14
    },
    {
        "fan_count": 68,
        "fan_set_id": 42,
        "id": 753,
        "order": 15
    },
    {
        "fan_count": 45,
        "fan_set_id": 42,
        "id": 754,
        "order": 16
    },
    {
        "fan_count": 45,
        "fan_set_id": 42,
        "id": 755,
        "order": 17
    },
    {
        "fan_count": 45,
        "fan_set_id": 42,
        "id": 756,
        "order": 18
    },
    {
        "fan_count": 8000,
        "fan_set_id": 43,
        "id": 757,
        "order": 1
    },
    {
        "fan_count": 3200,
        "fan_set_id": 43,
        "id": 758,
        "order": 2
    },
    {
        "fan_count": 2000,
        "fan_set_id": 43,
        "id": 759,
        "order": 3
    },
    {
        "fan_count": 1200,
        "fan_set_id": 43,
        "id": 760,
        "order": 4
    },
    {
        "fan_count": 800,
        "fan_set_id": 43,
        "id": 761,
        "order": 5
    },
    {
        "fan_count": 720,
        "fan_set_id": 43,
        "id": 762,
        "order": 6
    },
    {
        "fan_count": 640,
        "fan_set_id": 43,
        "id": 763,
        "order": 7
    },
    {
        "fan_count": 560,
        "fan_set_id": 43,
        "id": 764,
        "order": 8
    },
    {
        "fan_count": 480,
        "fan_set_id": 43,
        "id": 765,
        "order": 9
    },
    {
        "fan_count": 400,
        "fan_set_id": 43,
        "id": 766,
        "order": 10
    },
    {
        "fan_count": 320,
        "fan_set_id": 43,
        "id": 767,
        "order": 11
    },
    {
        "fan_count": 240,
        "fan_set_id": 43,
        "id": 768,
        "order": 12
    },
    {
        "fan_count": 200,
        "fan_set_id": 43,
        "id": 769,
        "order": 13
    },
    {
        "fan_count": 160,
        "fan_set_id": 43,
        "id": 770,
        "order": 14
    },
    {
        "fan_count": 120,
        "fan_set_id": 43,
        "id": 771,
        "order": 15
    },
    {
        "fan_count": 80,
        "fan_set_id": 43,
        "id": 772,
        "order": 16
    },
    {
        "fan_count": 80,
        "fan_set_id": 43,
        "id": 773,
        "order": 17
    },
    {
        "fan_count": 80,
        "fan_set_id": 43,
        "id": 774,
        "order": 18
    },
    {
        "fan_count": 1000,
        "fan_set_id": 44,
        "id": 775,
        "order": 1
    },
    {
        "fan_count": 400,
        "fan_set_id": 44,
        "id": 776,
        "order": 2
    },
    {
        "fan_count": 250,
        "fan_set_id": 44,
        "id": 777,
        "order": 3
    },
    {
        "fan_count": 150,
        "fan_set_id": 44,
        "id": 778,
        "order": 4
    },
    {
        "fan_count": 100,
        "fan_set_id": 44,
        "id": 779,
        "order": 5
    },
    {
        "fan_count": 90,
        "fan_set_id": 44,
        "id": 780,
        "order": 6
    },
    {
        "fan_count": 80,
        "fan_set_id": 44,
        "id": 781,
        "order": 7
    },
    {
        "fan_count": 70,
        "fan_set_id": 44,
        "id": 782,
        "order": 8
    },
    {
        "fan_count": 60,
        "fan_set_id": 44,
        "id": 783,
        "order": 9
    },
    {
        "fan_count": 50,
        "fan_set_id": 44,
        "id": 784,
        "order": 10
    },
    {
        "fan_count": 40,
        "fan_set_id": 44,
        "id": 785,
        "order": 11
    },
    {
        "fan_count": 30,
        "fan_set_id": 44,
        "id": 786,
        "order": 12
    },
    {
        "fan_count": 25,
        "fan_set_id": 44,
        "id": 787,
        "order": 13
    },
    {
        "fan_count": 20,
        "fan_set_id": 44,
        "id": 788,
        "order": 14
    },
    {
        "fan_count": 15,
        "fan_set_id": 44,
        "id": 789,
        "order": 15
    },
    {
        "fan_count": 7,
        "fan_set_id": 44,
        "id": 790,
        "order": 16
    },
    {
        "fan_count": 7,
        "fan_set_id": 44,
        "id": 791,
        "order": 17
    },
    {
        "fan_count": 7,
        "fan_set_id": 44,
        "id": 792,
        "order": 18
    },
    {
        "fan_count": 1700,
        "fan_set_id": 45,
        "id": 793,
        "order": 1
    },
    {
        "fan_count": 680,
        "fan_set_id": 45,
        "id": 794,
        "order": 2
    },
    {
        "fan_count": 425,
        "fan_set_id": 45,
        "id": 795,
        "order": 3
    },
    {
        "fan_count": 255,
        "fan_set_id": 45,
        "id": 796,
        "order": 4
    },
    {
        "fan_count": 170,
        "fan_set_id": 45,
        "id": 797,
        "order": 5
    },
    {
        "fan_count": 153,
        "fan_set_id": 45,
        "id": 798,
        "order": 6
    },
    {
        "fan_count": 136,
        "fan_set_id": 45,
        "id": 799,
        "order": 7
    },
    {
        "fan_count": 119,
        "fan_set_id": 45,
        "id": 800,
        "order": 8
    },
    {
        "fan_count": 102,
        "fan_set_id": 45,
        "id": 801,
        "order": 9
    },
    {
        "fan_count": 85,
        "fan_set_id": 45,
        "id": 802,
        "order": 10
    },
    {
        "fan_count": 68,
        "fan_set_id": 45,
        "id": 803,
        "order": 11
    },
    {
        "fan_count": 51,
        "fan_set_id": 45,
        "id": 804,
        "order": 12
    },
    {
        "fan_count": 43,
        "fan_set_id": 45,
        "id": 805,
        "order": 13
    },
    {
        "fan_count": 34,
        "fan_set_id": 45,
        "id": 806,
        "order": 14
    },
    {
        "fan_count": 26,
        "fan_set_id": 45,
        "id": 807,
        "order": 15
    },
    {
        "fan_count": 17,
        "fan_set_id": 45,
        "id": 808,
        "order": 16
    },
    {
        "fan_count": 17,
        "fan_set_id": 45,
        "id": 809,
        "order": 17
    },
    {
        "fan_count": 17,
        "fan_set_id": 45,
        "id": 810,
        "order": 18
    },
    {
        "fan_count": 13000,
        "fan_set_id": 46,
        "id": 811,
        "order": 1
    },
    {
        "fan_count": 5200,
        "fan_set_id": 46,
        "id": 812,
        "order": 2
    },
    {
        "fan_count": 3250,
        "fan_set_id": 46,
        "id": 813,
        "order": 3
    },
    {
        "fan_count": 1950,
        "fan_set_id": 46,
        "id": 814,
        "order": 4
    },
    {
        "fan_count": 1300,
        "fan_set_id": 46,
        "id": 815,
        "order": 5
    },
    {
        "fan_count": 1170,
        "fan_set_id": 46,
        "id": 816,
        "order": 6
    },
    {
        "fan_count": 1040,
        "fan_set_id": 46,
        "id": 817,
        "order": 7
    },
    {
        "fan_count": 910,
        "fan_set_id": 46,
        "id": 818,
        "order": 8
    },
    {
        "fan_count": 780,
        "fan_set_id": 46,
        "id": 819,
        "order": 9
    },
    {
        "fan_count": 650,
        "fan_set_id": 46,
        "id": 820,
        "order": 10
    },
    {
        "fan_count": 520,
        "fan_set_id": 46,
        "id": 821,
        "order": 11
    },
    {
        "fan_count": 390,
        "fan_set_id": 46,
        "id": 822,
        "order": 12
    },
    {
        "fan_count": 325,
        "fan_set_id": 46,
        "id": 823,
        "order": 13
    },
    {
        "fan_count": 260,
        "fan_set_id": 46,
        "id": 824,
        "order": 14
    },
    {
        "fan_count": 195,
        "fan_set_id": 46,
        "id": 825,
        "order": 15
    },
    {
        "fan_count": 130,
        "fan_set_id": 46,
        "id": 826,
        "order": 16
    },
    {
        "fan_count": 130,
        "fan_set_id": 46,
        "id": 827,
        "order": 17
    },
    {
        "fan_count": 130,
        "fan_set_id": 46,
        "id": 828,
        "order": 18
    },
    {
        "fan_count": 13500,
        "fan_set_id": 47,
        "id": 829,
        "order": 1
    },
    {
        "fan_count": 5400,
        "fan_set_id": 47,
        "id": 830,
        "order": 2
    },
    {
        "fan_count": 3375,
        "fan_set_id": 47,
        "id": 831,
        "order": 3
    },
    {
        "fan_count": 2025,
        "fan_set_id": 47,
        "id": 832,
        "order": 4
    },
    {
        "fan_count": 1350,
        "fan_set_id": 47,
        "id": 833,
        "order": 5
    },
    {
        "fan_count": 1215,
        "fan_set_id": 47,
        "id": 834,
        "order": 6
    },
    {
        "fan_count": 1080,
        "fan_set_id": 47,
        "id": 835,
        "order": 7
    },
    {
        "fan_count": 945,
        "fan_set_id": 47,
        "id": 836,
        "order": 8
    },
    {
        "fan_count": 810,
        "fan_set_id": 47,
        "id": 837,
        "order": 9
    },
    {
        "fan_count": 675,
        "fan_set_id": 47,
        "id": 838,
        "order": 10
    },
    {
        "fan_count": 540,
        "fan_set_id": 47,
        "id": 839,
        "order": 11
    },
    {
        "fan_count": 405,
        "fan_set_id": 47,
        "id": 840,
        "order": 12
    },
    {
        "fan_count": 338,
        "fan_set_id": 47,
        "id": 841,
        "order": 13
    },
    {
        "fan_count": 270,
        "fan_set_id": 47,
        "id": 842,
        "order": 14
    },
    {
        "fan_count": 203,
        "fan_set_id": 47,
        "id": 843,
        "order": 15
    },
    {
        "fan_count": 135,
        "fan_set_id": 47,
        "id": 844,
        "order": 16
    },
    {
        "fan_count": 135,
        "fan_set_id": 47,
        "id": 845,
        "order": 17
    },
    {
        "fan_count": 135,
        "fan_set_id": 47,
        "id": 846,
        "order": 18
    },
    {
        "fan_count": 2000,
        "fan_set_id": 48,
        "id": 847,
        "order": 1
    },
    {
        "fan_count": 800,
        "fan_set_id": 48,
        "id": 848,
        "order": 2
    },
    {
        "fan_count": 500,
        "fan_set_id": 48,
        "id": 849,
        "order": 3
    },
    {
        "fan_count": 300,
        "fan_set_id": 48,
        "id": 850,
        "order": 4
    },
    {
        "fan_count": 200,
        "fan_set_id": 48,
        "id": 851,
        "order": 5
    },
    {
        "fan_count": 180,
        "fan_set_id": 48,
        "id": 852,
        "order": 6
    },
    {
        "fan_count": 160,
        "fan_set_id": 48,
        "id": 853,
        "order": 7
    },
    {
        "fan_count": 140,
        "fan_set_id": 48,
        "id": 854,
        "order": 8
    },
    {
        "fan_count": 120,
        "fan_set_id": 48,
        "id": 855,
        "order": 9
    },
    {
        "fan_count": 100,
        "fan_set_id": 48,
        "id": 856,
        "order": 10
    },
    {
        "fan_count": 80,
        "fan_set_id": 48,
        "id": 857,
        "order": 11
    },
    {
        "fan_count": 60,
        "fan_set_id": 48,
        "id": 858,
        "order": 12
    },
    {
        "fan_count": 50,
        "fan_set_id": 48,
        "id": 859,
        "order": 13
    },
    {
        "fan_count": 40,
        "fan_set_id": 48,
        "id": 860,
        "order": 14
    },
    {
        "fan_count": 30,
        "fan_set_id": 48,
        "id": 861,
        "order": 15
    },
    {
        "fan_count": 20,
        "fan_set_id": 48,
        "id": 862,
        "order": 16
    },
    {
        "fan_count": 20,
        "fan_set_id": 48,
        "id": 863,
        "order": 17
    },
    {
        "fan_count": 20,
        "fan_set_id": 48,
        "id": 864,
        "order": 18
    },
    {
        "fan_count": 2500,
        "fan_set_id": 49,
        "id": 865,
        "order": 1
    },
    {
        "fan_count": 1000,
        "fan_set_id": 49,
        "id": 866,
        "order": 2
    },
    {
        "fan_count": 625,
        "fan_set_id": 49,
        "id": 867,
        "order": 3
    },
    {
        "fan_count": 375,
        "fan_set_id": 49,
        "id": 868,
        "order": 4
    },
    {
        "fan_count": 250,
        "fan_set_id": 49,
        "id": 869,
        "order": 5
    },
    {
        "fan_count": 225,
        "fan_set_id": 49,
        "id": 870,
        "order": 6
    },
    {
        "fan_count": 200,
        "fan_set_id": 49,
        "id": 871,
        "order": 7
    },
    {
        "fan_count": 175,
        "fan_set_id": 49,
        "id": 872,
        "order": 8
    },
    {
        "fan_count": 150,
        "fan_set_id": 49,
        "id": 873,
        "order": 9
    },
    {
        "fan_count": 125,
        "fan_set_id": 49,
        "id": 874,
        "order": 10
    },
    {
        "fan_count": 100,
        "fan_set_id": 49,
        "id": 875,
        "order": 11
    },
    {
        "fan_count": 75,
        "fan_set_id": 49,
        "id": 876,
        "order": 12
    },
    {
        "fan_count": 63,
        "fan_set_id": 49,
        "id": 877,
        "order": 13
    },
    {
        "fan_count": 50,
        "fan_set_id": 49,
        "id": 878,
        "order": 14
    },
    {
        "fan_count": 38,
        "fan_set_id": 49,
        "id": 879,
        "order": 15
    },
    {
        "fan_count": 25,
        "fan_set_id": 49,
        "id": 880,
        "order": 16
    },
    {
        "fan_count": 25,
        "fan_set_id": 49,
        "id": 881,
        "order": 17
    },
    {
        "fan_count": 25,
        "fan_set_id": 49,
        "id": 882,
        "order": 18
    },
    {
        "fan_count": 2600,
        "fan_set_id": 50,
        "id": 883,
        "order": 1
    },
    {
        "fan_count": 1040,
        "fan_set_id": 50,
        "id": 884,
        "order": 2
    },
    {
        "fan_count": 650,
        "fan_set_id": 50,
        "id": 885,
        "order": 3
    },
    {
        "fan_count": 390,
        "fan_set_id": 50,
        "id": 886,
        "order": 4
    },
    {
        "fan_count": 260,
        "fan_set_id": 50,
        "id": 887,
        "order": 5
    },
    {
        "fan_count": 234,
        "fan_set_id": 50,
        "id": 888,
        "order": 6
    },
    {
        "fan_count": 208,
        "fan_set_id": 50,
        "id": 889,
        "order": 7
    },
    {
        "fan_count": 182,
        "fan_set_id": 50,
        "id": 890,
        "order": 8
    },
    {
        "fan_count": 156,
        "fan_set_id": 50,
        "id": 891,
        "order": 9
    },
    {
        "fan_count": 130,
        "fan_set_id": 50,
        "id": 892,
        "order": 10
    },
    {
        "fan_count": 104,
        "fan_set_id": 50,
        "id": 893,
        "order": 11
    },
    {
        "fan_count": 78,
        "fan_set_id": 50,
        "id": 894,
        "order": 12
    },
    {
        "fan_count": 65,
        "fan_set_id": 50,
        "id": 895,
        "order": 13
    },
    {
        "fan_count": 52,
        "fan_set_id": 50,
        "id": 896,
        "order": 14
    },
    {
        "fan_count": 39,
        "fan_set_id": 50,
        "id": 897,
        "order": 15
    },
    {
        "fan_count": 26,
        "fan_set_id": 50,
        "id": 898,
        "order": 16
    },
    {
        "fan_count": 26,
        "fan_set_id": 50,
        "id": 899,
        "order": 17
    },
    {
        "fan_count": 26,
        "fan_set_id": 50,
        "id": 900,
        "order": 18
    }
]