[
    {
        "id": 1,
        "points": 1,
        "rank_id": 1
    },
    {
        "id": 2,
        "points": 2,
        "rank_id": 3
    },
    {
        "id": 3,
        "points": 3,
        "rank_id": 5
    },
    {
        "id": 4,
        "points": 4,
        "rank_id": 7
    },
    {
        "id": 5,
        "points": 5,
        "rank_id": 9
    },
    {
        "id": 6,
        "points": 6,
        "rank_id": 11
    },
    {
        "id": 7,
        "points": 7,
        "rank_id": 13
    },
    {
        "id": 8,
        "points": 8,
        "rank_id": 14
    }
]