[
    {
        "chara_id": 9001,
        "gain_flag_id": 0,
        "gain_role_id": 109001,
        "id": 1,
        "is_support_featured_stock": 0,
        "partner_id": 101,
        "period": 0,
        "scenario_id": 1,
        "training_placement": 1
    },
    {
        "chara_id": 9002,
        "gain_flag_id": 0,
        "gain_role_id": 109002,
        "id": 2,
        "is_support_featured_stock": 0,
        "partner_id": 102,
        "period": 2,
        "scenario_id": 1,
        "training_placement": 0
    },
    {
        "chara_id": 9003,
        "gain_flag_id": 0,
        "gain_role_id": 109003,
        "id": 3,
        "is_support_featured_stock": 0,
        "partner_id": 103,
        "period": 2,
        "scenario_id": 1,
        "training_placement": 0
    },
    {
        "chara_id": 9004,
        "gain_flag_id": 0,
        "gain_role_id": 109004,
        "id": 4,
        "is_support_featured_stock": 0,
        "partner_id": 104,
        "period": 0,
        "scenario_id": 1,
        "training_placement": 0
    },
    {
        "chara_id": 9006,
        "gain_flag_id": 9006,
        "gain_role_id": 109006,
        "id": 5,
        "is_support_featured_stock": 0,
        "partner_id": 106,
        "period": 0,
        "scenario_id": 1,
        "training_placement": 1
    },
    {
        "chara_id": 9001,
        "gain_flag_id": 0,
        "gain_role_id": 209001,
        "id": 201,
        "is_support_featured_stock": 0,
        "partner_id": 101,
        "period": 0,
        "scenario_id": 2,
        "training_placement": 1
    },
    {
        "chara_id": 9003,
        "gain_flag_id": 0,
        "gain_role_id": 209003,
        "id": 203,
        "is_support_featured_stock": 0,
        "partner_id": 103,
        "period": 2,
        "scenario_id": 2,
        "training_placement": 0
    },
    {
        "chara_id": 9004,
        "gain_flag_id": 9004,
        "gain_role_id": 209004,
        "id": 204,
        "is_support_featured_stock": 0,
        "partner_id": 104,
        "period": 0,
        "scenario_id": 2,
        "training_placement": 1
    },
    {
        "chara_id": 9006,
        "gain_flag_id": 0,
        "gain_role_id": 209006,
        "id": 205,
        "is_support_featured_stock": 1,
        "partner_id": 106,
        "period": 2,
        "scenario_id": 2,
        "training_placement": 0
    }
]