[
    {
        "id": 200011,
        "need_skill_point": 110,
        "status_type": 0,
        "status_value": 0
    },
    {
        "id": 200012,
        "need_skill_point": 90,
        "status_type": 0,
        "status_value": 0
    },
    {
        "id": 200013,
        "need_skill_point": 50,
        "status_type": 0,
        "status_value": 0
    },
    {
        "id": 200021,
        "need_skill_point": 110,
        "status_type": 0,
        "status_value": 0
    },
    {
        "id": 200022,
        "need_skill_point": 90,
        "status_type": 0,
        "status_value": 0
    },
    {
        "id": 200023,
        "need_skill_point": 50,
        "status_type": 0,
        "status_value": 0
    },
    {
        "id": 200031,
        "need_skill_point": 110,
        "status_type": 0,
        "status_value": 0
    },
    {
        "id": 200032,
        "need_skill_point": 90,
        "status_type": 0,
        "status_value": 0
    },
    {
        "id": 200033,
        "need_skill_point": 50,
        "status_type": 0,
        "status_value": 0
    },
    {
        "id": 200041,
        "need_skill_point": 110,
        "status_type": 0,
        "status_value": 0
    },
    {
        "id": 200042,
        "need_skill_point": 90,
        "status_type": 0,
        "status_value": 0
    },
    {
        "id": 200043,
        "need_skill_point": 50,
        "status_type": 0,
        "status_value": 0
    },
    {
        "id": 200051,
        "need_skill_point": 110,
        "status_type": 0,
        "status_value": 0
    },
    {
        "id": 200052,
        "need_skill_point": 90,
        "status_type": 0,
        "status_value": 0
    },
    {
        "id": 200053,
        "need_skill_point": 50,
        "status_type": 0,
        "status_value": 0
    },
    {
        "id": 200061,
        "need_skill_point": 110,
        "status_type": 0,
        "status_value": 0
    },
    {
        "id": 200062,
        "need_skill_point": 90,
        "status_type": 0,
        "status_value": 0
    },
    {
        "id": 200063,
        "need_skill_point": 50,
        "status_type": 0,
        "status_value": 0
    },
    {
        "id": 200071,
        "need_skill_point": 110,
        "status_type": 0,
        "status_value": 0
    },
    {
        "id": 200072,
        "need_skill_point": 90,
        "status_type": 0,
        "status_value": 0
    },
    {
        "id": 200073,
        "need_skill_point": 50,
        "status_type": 0,
        "status_value": 0
    },
    {
        "id": 200081,
        "need_skill_point": 90,
        "status_type": 0,
        "status_value": 0
    },
    {
        "id": 200082,
        "need_skill_point": 70,
        "status_type": 0,
        "status_value": 0
    },
    {
        "id": 200083,
        "need_skill_point": 40,
        "status_type": 0,
        "status_value": 0
    },
    {
        "id": 200091,
        "need_skill_point": 90,
        "status_type": 0,
        "status_value": 0
    },
    {
        "id": 200092,
        "need_skill_point": 70,
        "status_type": 0,
        "status_value": 0
    },
    {
        "id": 200093,
        "need_skill_point": 40,
        "status_type": 0,
        "status_value": 0
    },
    {
        "id": 200101,
        "need_skill_point": 90,
        "status_type": 0,
        "status_value": 0
    },
    {
        "id": 200102,
        "need_skill_point": 70,
        "status_type": 0,
        "status_value": 0
    },
    {
        "id": 200103,
        "need_skill_point": 40,
        "status_type": 0,
        "status_value": 0
    },
    {
        "id": 200111,
        "need_skill_point": 90,
        "status_type": 0,
        "status_value": 0
    },
    {
        "id": 200112,
        "need_skill_point": 70,
        "status_type": 0,
        "status_value": 0
    },
    {
        "id": 200113,
        "need_skill_point": 40,
        "status_type": 0,
        "status_value": 0
    },
    {
        "id": 200121,
        "need_skill_point": 90,
        "status_type": 0,
        "status_value": 0
    },
    {
        "id": 200122,
        "need_skill_point": 70,
        "status_type": 0,
        "status_value": 0
    },
    {
        "id": 200123,
        "need_skill_point": 40,
        "status_type": 0,
        "status_value": 0
    },
    {
        "id": 200131,
        "need_skill_point": 110,
        "status_type": 0,
        "status_value": 0
    },
    {
        "id": 200132,
        "need_skill_point": 90,
        "status_type": 0,
        "status_value": 0
    },
    {
        "id": 200133,
        "need_skill_point": 50,
        "status_type": 0,
        "status_value": 0
    },
    {
        "id": 200141,
        "need_skill_point": 110,
        "status_type": 0,
        "status_value": 0
    },
    {
        "id": 200142,
        "need_skill_point": 90,
        "status_type": 0,
        "status_value": 0
    },
    {
        "id": 200143,
        "need_skill_point": 50,
        "status_type": 0,
        "status_value": 0
    },
    {
        "id": 200151,
        "need_skill_point": 110,
        "status_type": 0,
        "status_value": 0
    },
    {
        "id": 200152,
        "need_skill_point": 90,
        "status_type": 0,
        "status_value": 0
    },
    {
        "id": 200153,
        "need_skill_point": 50,
        "status_type": 0,
        "status_value": 0
    },
    {
        "id": 200161,
        "need_skill_point": 110,
        "status_type": 0,
        "status_value": 0
    },
    {
        "id": 200162,
        "need_skill_point": 90,
        "status_type": 0,
        "status_value": 0
    },
    {
        "id": 200163,
        "need_skill_point": 50,
        "status_type": 0,
        "status_value": 0
    },
    {
        "id": 200171,
        "need_skill_point": 110,
        "status_type": 0,
        "status_value": 0
    },
    {
        "id": 200172,
        "need_skill_point": 90,
        "status_type": 0,
        "status_value": 0
    },
    {
        "id": 200173,
        "need_skill_point": 50,
        "status_type": 0,
        "status_value": 0
    },
    {
        "id": 200181,
        "need_skill_point": 110,
        "status_type": 0,
        "status_value": 0
    },
    {
        "id": 200182,
        "need_skill_point": 90,
        "status_type": 0,
        "status_value": 0
    },
    {
        "id": 200183,
        "need_skill_point": 50,
        "status_type": 0,
        "status_value": 0
    },
    {
        "id": 200191,
        "need_skill_point": 110,
        "status_type": 0,
        "status_value": 0
    },
    {
        "id": 200192,
        "need_skill_point": 90,
        "status_type": 0,
        "status_value": 0
    },
    {
        "id": 200193,
        "need_skill_point": 50,
        "status_type": 0,
        "status_value": 0
    },
    {
        "id": 200201,
        "need_skill_point": 110,
        "status_type": 0,
        "status_value": 0
    },
    {
        "id": 200202,
        "need_skill_point": 90,
        "status_type": 0,
        "status_value": 0
    },
    {
        "id": 200203,
        "need_skill_point": 50,
        "status_type": 0,
        "status_value": 0
    },
    {
        "id": 200211,
        "need_skill_point": 110,
        "status_type": 0,
        "status_value": 0
    },
    {
        "id": 200212,
        "need_skill_point": 90,
        "status_type": 0,
        "status_value": 0
    },
    {
        "id": 200221,
        "need_skill_point": 110,
        "status_type": 0,
        "status_value": 0
    },
    {
        "id": 200222,
        "need_skill_point": 90,
        "status_type": 0,
        "status_value": 0
    },
    {
        "id": 200231,
        "need_skill_point": 110,
        "status_type": 0,
        "status_value": 0
    },
    {
        "id": 200232,
        "need_skill_point": 90,
        "status_type": 0,
        "status_value": 0
    },
    {
        "id": 200233,
        "need_skill_point": 50,
        "status_type": 0,
        "status_value": 0
    },
    {
        "id": 200241,
        "need_skill_point": 110,
        "status_type": 0,
        "status_value": 0
    },
    {
        "id": 200242,
        "need_skill_point": 90,
        "status_type": 0,
        "status_value": 0
    },
    {
        "id": 200251,
        "need_skill_point": 110,
        "status_type": 0,
        "status_value": 0
    },
    {
        "id": 200252,
        "need_skill_point": 90,
        "status_type": 0,
        "status_value": 0
    },
    {
        "id": 200253,
        "need_skill_point": 50,
        "status_type": 0,
        "status_value": 0
    },
    {
        "id": 200261,
        "need_skill_point": 110,
        "status_type": 0,
        "status_value": 0
    },
    {
        "id": 200262,
        "need_skill_point": 90,
        "status_type": 0,
        "status_value": 0
    },
    {
        "id": 200263,
        "need_skill_point": 50,
        "status_type": 0,
        "status_value": 0
    },
    {
        "id": 200271,
        "need_skill_point": 110,
        "status_type": 0,
        "status_value": 0
    },
    {
        "id": 200272,
        "need_skill_point": 90,
        "status_type": 0,
        "status_value": 0
    },
    {
        "id": 200281,
        "need_skill_point": 110,
        "status_type": 0,
        "status_value": 0
    },
    {
        "id": 200282,
        "need_skill_point": 90,
        "status_type": 0,
        "status_value": 0
    },
    {
        "id": 200283,
        "need_skill_point": 50,
        "status_type": 0,
        "status_value": 0
    },
    {
        "id": 200291,
        "need_skill_point": 110,
        "status_type": 0,
        "status_value": 0
    },
    {
        "id": 200292,
        "need_skill_point": 90,
        "status_type": 0,
        "status_value": 0
    },
    {
        "id": 200301,
        "need_skill_point": 110,
        "status_type": 0,
        "status_value": 0
    },
    {
        "id": 200302,
        "need_skill_point": 90,
        "status_type": 0,
        "status_value": 0
    },
    {
        "id": 200311,
        "need_skill_point": 50,
        "status_type": 0,
        "status_value": 0
    },
    {
        "id": 200321,
        "need_skill_point": 50,
        "status_type": 0,
        "status_value": 0
    },
    {
        "id": 200331,
        "need_skill_point": 180,
        "status_type": 0,
        "status_value": 0
    },
    {
        "id": 200332,
        "need_skill_point": 180,
        "status_type": 0,
        "status_value": 0
    },
    {
        "id": 200333,
        "need_skill_point": 100,
        "status_type": 0,
        "status_value": 0
    },
    {
        "id": 200341,
        "need_skill_point": 180,
        "status_type": 0,
        "status_value": 0
    },
    {
        "id": 200342,
        "need_skill_point": 180,
        "status_type": 0,
        "status_value": 0
    },
    {
        "id": 200343,
        "need_skill_point": 100,
        "status_type": 0,
        "status_value": 0
    },
    {
        "id": 200351,
        "need_skill_point": 170,
        "status_type": 0,
        "status_value": 0
    },
    {
        "id": 200352,
        "need_skill_point": 170,
        "status_type": 0,
        "status_value": 0
    },
    {
        "id": 200353,
        "need_skill_point": 100,
        "status_type": 0,
        "status_value": 0
    },
    {
        "id": 200361,
        "need_skill_point": 170,
        "status_type": 0,
        "status_value": 0
    },
    {
        "id": 200362,
        "need_skill_point": 170,
        "status_type": 0,
        "status_value": 0
    },
    {
        "id": 200371,
        "need_skill_point": 170,
        "status_type": 0,
        "status_value": 0
    },
    {
        "id": 200372,
        "need_skill_point": 170,
        "status_type": 0,
        "status_value": 0
    },
    {
        "id": 200381,
        "need_skill_point": 170,
        "status_type": 0,
        "status_value": 0
    },
    {
        "id": 200382,
        "need_skill_point": 170,
        "status_type": 0,
        "status_value": 0
    },
    {
        "id": 200391,
        "need_skill_point": 100,
        "status_type": 0,
        "status_value": 0
    },
    {
        "id": 200401,
        "need_skill_point": 100,
        "status_type": 0,
        "status_value": 0
    },
    {
        "id": 200411,
        "need_skill_point": 100,
        "status_type": 0,
        "status_value": 0
    },
    {
        "id": 200421,
        "need_skill_point": 100,
        "status_type": 0,
        "status_value": 0
    },
    {
        "id": 200431,
        "need_skill_point": 140,
        "status_type": 0,
        "status_value": 0
    },
    {
        "id": 200432,
        "need_skill_point": 140,
        "status_type": 0,
        "status_value": 0
    },
    {
        "id": 200433,
        "need_skill_point": 70,
        "status_type": 0,
        "status_value": 0
    },
    {
        "id": 200441,
        "need_skill_point": 160,
        "status_type": 0,
        "status_value": 0
    },
    {
        "id": 200442,
        "need_skill_point": 160,
        "status_type": 0,
        "status_value": 0
    },
    {
        "id": 200451,
        "need_skill_point": 120,
        "status_type": 0,
        "status_value": 0
    },
    {
        "id": 200452,
        "need_skill_point": 120,
        "status_type": 0,
        "status_value": 0
    },
    {
        "id": 200461,
        "need_skill_point": 170,
        "status_type": 0,
        "status_value": 0
    },
    {
        "id": 200462,
        "need_skill_point": 170,
        "status_type": 0,
        "status_value": 0
    },
    {
        "id": 200471,
        "need_skill_point": 170,
        "status_type": 0,
        "status_value": 0
    },
    {
        "id": 200472,
        "need_skill_point": 170,
        "status_type": 0,
        "status_value": 0
    },
    {
        "id": 200481,
        "need_skill_point": 170,
        "status_type": 0,
        "status_value": 0
    },
    {
        "id": 200482,
        "need_skill_point": 170,
        "status_type": 0,
        "status_value": 0
    },
    {
        "id": 200491,
        "need_skill_point": 150,
        "status_type": 0,
        "status_value": 0
    },
    {
        "id": 200492,
        "need_skill_point": 150,
        "status_type": 0,
        "status_value": 0
    },
    {
        "id": 200501,
        "need_skill_point": 120,
        "status_type": 0,
        "status_value": 0
    },
    {
        "id": 200502,
        "need_skill_point": 120,
        "status_type": 0,
        "status_value": 0
    },
    {
        "id": 200511,
        "need_skill_point": 170,
        "status_type": 0,
        "status_value": 0
    },
    {
        "id": 200512,
        "need_skill_point": 170,
        "status_type": 0,
        "status_value": 0
    },
    {
        "id": 200521,
        "need_skill_point": 100,
        "status_type": 0,
        "status_value": 0
    },
    {
        "id": 200531,
        "need_skill_point": 120,
        "status_type": 0,
        "status_value": 0
    },
    {
        "id": 200532,
        "need_skill_point": 120,
        "status_type": 0,
        "status_value": 0
    },
    {
        "id": 200541,
        "need_skill_point": 180,
        "status_type": 0,
        "status_value": 0
    },
    {
        "id": 200542,
        "need_skill_point": 180,
        "status_type": 0,
        "status_value": 0
    },
    {
        "id": 200551,
        "need_skill_point": 180,
        "status_type": 0,
        "status_value": 0
    },
    {
        "id": 200552,
        "need_skill_point": 180,
        "status_type": 0,
        "status_value": 0
    },
    {
        "id": 200561,
        "need_skill_point": 180,
        "status_type": 0,
        "status_value": 0
    },
    {
        "id": 200562,
        "need_skill_point": 180,
        "status_type": 0,
        "status_value": 0
    },
    {
        "id": 200571,
        "need_skill_point": 180,
        "status_type": 0,
        "status_value": 0
    },
    {
        "id": 200572,
        "need_skill_point": 180,
        "status_type": 0,
        "status_value": 0
    },
    {
        "id": 200581,
        "need_skill_point": 180,
        "status_type": 0,
        "status_value": 0
    },
    {
        "id": 200582,
        "need_skill_point": 180,
        "status_type": 0,
        "status_value": 0
    },
    {
        "id": 200591,
        "need_skill_point": 180,
        "status_type": 0,
        "status_value": 0
    },
    {
        "id": 200592,
        "need_skill_point": 180,
        "status_type": 0,
        "status_value": 0
    },
    {
        "id": 200601,
        "need_skill_point": 180,
        "status_type": 0,
        "status_value": 0
    },
    {
        "id": 200602,
        "need_skill_point": 180,
        "status_type": 0,
        "status_value": 0
    },
    {
        "id": 200611,
        "need_skill_point": 180,
        "status_type": 0,
        "status_value": 0
    },
    {
        "id": 200612,
        "need_skill_point": 180,
        "status_type": 0,
        "status_value": 0
    },
    {
        "id": 200621,
        "need_skill_point": 180,
        "status_type": 0,
        "status_value": 0
    },
    {
        "id": 200622,
        "need_skill_point": 180,
        "status_type": 0,
        "status_value": 0
    },
    {
        "id": 200631,
        "need_skill_point": 180,
        "status_type": 0,
        "status_value": 0
    },
    {
        "id": 200632,
        "need_skill_point": 180,
        "status_type": 0,
        "status_value": 0
    },
    {
        "id": 200641,
        "need_skill_point": 180,
        "status_type": 0,
        "status_value": 0
    },
    {
        "id": 200642,
        "need_skill_point": 180,
        "status_type": 0,
        "status_value": 0
    },
    {
        "id": 200651,
        "need_skill_point": 160,
        "status_type": 0,
        "status_value": 0
    },
    {
        "id": 200652,
        "need_skill_point": 160,
        "status_type": 0,
        "status_value": 0
    },
    {
        "id": 200662,
        "need_skill_point": 160,
        "status_type": 0,
        "status_value": 0
    },
    {
        "id": 200671,
        "need_skill_point": 160,
        "status_type": 0,
        "status_value": 0
    },
    {
        "id": 200672,
        "need_skill_point": 160,
        "status_type": 0,
        "status_value": 0
    },
    {
        "id": 200681,
        "need_skill_point": 160,
        "status_type": 0,
        "status_value": 0
    },
    {
        "id": 200682,
        "need_skill_point": 160,
        "status_type": 0,
        "status_value": 0
    },
    {
        "id": 200691,
        "need_skill_point": 160,
        "status_type": 0,
        "status_value": 0
    },
    {
        "id": 200692,
        "need_skill_point": 160,
        "status_type": 0,
        "status_value": 0
    },
    {
        "id": 200701,
        "need_skill_point": 160,
        "status_type": 0,
        "status_value": 0
    },
    {
        "id": 200702,
        "need_skill_point": 160,
        "status_type": 0,
        "status_value": 0
    },
    {
        "id": 200711,
        "need_skill_point": 160,
        "status_type": 0,
        "status_value": 0
    },
    {
        "id": 200712,
        "need_skill_point": 160,
        "status_type": 0,
        "status_value": 0
    },
    {
        "id": 200721,
        "need_skill_point": 160,
        "status_type": 0,
        "status_value": 0
    },
    {
        "id": 200722,
        "need_skill_point": 160,
        "status_type": 0,
        "status_value": 0
    },
    {
        "id": 200731,
        "need_skill_point": 160,
        "status_type": 0,
        "status_value": 0
    },
    {
        "id": 200732,
        "need_skill_point": 160,
        "status_type": 0,
        "status_value": 0
    },
    {
        "id": 200741,
        "need_skill_point": 160,
        "status_type": 0,
        "status_value": 0
    },
    {
        "id": 200742,
        "need_skill_point": 160,
        "status_type": 0,
        "status_value": 0
    },
    {
        "id": 200751,
        "need_skill_point": 160,
        "status_type": 0,
        "status_value": 0
    },
    {
        "id": 200752,
        "need_skill_point": 160,
        "status_type": 0,
        "status_value": 0
    },
    {
        "id": 200761,
        "need_skill_point": 160,
        "status_type": 0,
        "status_value": 0
    },
    {
        "id": 200762,
        "need_skill_point": 160,
        "status_type": 0,
        "status_value": 0
    },
    {
        "id": 200771,
        "need_skill_point": 140,
        "status_type": 0,
        "status_value": 0
    },
    {
        "id": 200781,
        "need_skill_point": 140,
        "status_type": 0,
        "status_value": 0
    },
    {
        "id": 200791,
        "need_skill_point": 130,
        "status_type": 0,
        "status_value": 0
    },
    {
        "id": 200801,
        "need_skill_point": 130,
        "status_type": 0,
        "status_value": 0
    },
    {
        "id": 200811,
        "need_skill_point": 130,
        "status_type": 0,
        "status_value": 0
    },
    {
        "id": 200821,
        "need_skill_point": 130,
        "status_type": 0,
        "status_value": 0
    },
    {
        "id": 200831,
        "need_skill_point": 130,
        "status_type": 0,
        "status_value": 0
    },
    {
        "id": 200841,
        "need_skill_point": 130,
        "status_type": 0,
        "status_value": 0
    },
    {
        "id": 200851,
        "need_skill_point": 130,
        "status_type": 0,
        "status_value": 0
    },
    {
        "id": 200861,
        "need_skill_point": 130,
        "status_type": 0,
        "status_value": 0
    },
    {
        "id": 200871,
        "need_skill_point": 130,
        "status_type": 0,
        "status_value": 0
    },
    {
        "id": 200881,
        "need_skill_point": 130,
        "status_type": 0,
        "status_value": 0
    },
    {
        "id": 200891,
        "need_skill_point": 130,
        "status_type": 0,
        "status_value": 0
    },
    {
        "id": 200901,
        "need_skill_point": 130,
        "status_type": 0,
        "status_value": 0
    },
    {
        "id": 200911,
        "need_skill_point": 130,
        "status_type": 0,
        "status_value": 0
    },
    {
        "id": 200921,
        "need_skill_point": 130,
        "status_type": 0,
        "status_value": 0
    },
    {
        "id": 200931,
        "need_skill_point": 130,
        "status_type": 0,
        "status_value": 0
    },
    {
        "id": 200941,
        "need_skill_point": 130,
        "status_type": 0,
        "status_value": 0
    },
    {
        "id": 200951,
        "need_skill_point": 110,
        "status_type": 0,
        "status_value": 0
    },
    {
        "id": 200952,
        "need_skill_point": 90,
        "status_type": 0,
        "status_value": 0
    },
    {
        "id": 200953,
        "need_skill_point": 50,
        "status_type": 0,
        "status_value": 0
    },
    {
        "id": 200961,
        "need_skill_point": 110,
        "status_type": 0,
        "status_value": 0
    },
    {
        "id": 200962,
        "need_skill_point": 100,
        "status_type": 0,
        "status_value": 0
    },
    {
        "id": 200971,
        "need_skill_point": 110,
        "status_type": 0,
        "status_value": 0
    },
    {
        "id": 200972,
        "need_skill_point": 100,
        "status_type": 0,
        "status_value": 0
    },
    {
        "id": 200981,
        "need_skill_point": 170,
        "status_type": 0,
        "status_value": 0
    },
    {
        "id": 200982,
        "need_skill_point": 170,
        "status_type": 0,
        "status_value": 0
    },
    {
        "id": 200991,
        "need_skill_point": 160,
        "status_type": 0,
        "status_value": 0
    },
    {
        "id": 200992,
        "need_skill_point": 160,
        "status_type": 0,
        "status_value": 0
    },
    {
        "id": 201001,
        "need_skill_point": 140,
        "status_type": 0,
        "status_value": 0
    },
    {
        "id": 201002,
        "need_skill_point": 140,
        "status_type": 0,
        "status_value": 0
    },
    {
        "id": 201011,
        "need_skill_point": 170,
        "status_type": 0,
        "status_value": 0
    },
    {
        "id": 201012,
        "need_skill_point": 170,
        "status_type": 0,
        "status_value": 0
    },
    {
        "id": 201021,
        "need_skill_point": 170,
        "status_type": 0,
        "status_value": 0
    },
    {
        "id": 201022,
        "need_skill_point": 170,
        "status_type": 0,
        "status_value": 0
    },
    {
        "id": 201031,
        "need_skill_point": 110,
        "status_type": 0,
        "status_value": 0
    },
    {
        "id": 201032,
        "need_skill_point": 100,
        "status_type": 0,
        "status_value": 0
    },
    {
        "id": 201041,
        "need_skill_point": 110,
        "status_type": 0,
        "status_value": 0
    },
    {
        "id": 201042,
        "need_skill_point": 100,
        "status_type": 0,
        "status_value": 0
    },
    {
        "id": 201051,
        "need_skill_point": 160,
        "status_type": 0,
        "status_value": 0
    },
    {
        "id": 201052,
        "need_skill_point": 160,
        "status_type": 0,
        "status_value": 0
    },
    {
        "id": 201061,
        "need_skill_point": 160,
        "status_type": 0,
        "status_value": 0
    },
    {
        "id": 201062,
        "need_skill_point": 160,
        "status_type": 0,
        "status_value": 0
    },
    {
        "id": 201071,
        "need_skill_point": 120,
        "status_type": 0,
        "status_value": 0
    },
    {
        "id": 201072,
        "need_skill_point": 120,
        "status_type": 0,
        "status_value": 0
    },
    {
        "id": 201081,
        "need_skill_point": 160,
        "status_type": 0,
        "status_value": 0
    },
    {
        "id": 201082,
        "need_skill_point": 160,
        "status_type": 0,
        "status_value": 0
    },
    {
        "id": 201091,
        "need_skill_point": 160,
        "status_type": 0,
        "status_value": 0
    },
    {
        "id": 201092,
        "need_skill_point": 160,
        "status_type": 0,
        "status_value": 0
    },
    {
        "id": 201101,
        "need_skill_point": 110,
        "status_type": 0,
        "status_value": 0
    },
    {
        "id": 201102,
        "need_skill_point": 100,
        "status_type": 0,
        "status_value": 0
    },
    {
        "id": 201111,
        "need_skill_point": 110,
        "status_type": 0,
        "status_value": 0
    },
    {
        "id": 201112,
        "need_skill_point": 100,
        "status_type": 0,
        "status_value": 0
    },
    {
        "id": 201121,
        "need_skill_point": 110,
        "status_type": 0,
        "status_value": 0
    },
    {
        "id": 201122,
        "need_skill_point": 110,
        "status_type": 0,
        "status_value": 0
    },
    {
        "id": 201131,
        "need_skill_point": 140,
        "status_type": 0,
        "status_value": 0
    },
    {
        "id": 201132,
        "need_skill_point": 140,
        "status_type": 0,
        "status_value": 0
    },
    {
        "id": 201141,
        "need_skill_point": 160,
        "status_type": 0,
        "status_value": 0
    },
    {
        "id": 201142,
        "need_skill_point": 160,
        "status_type": 0,
        "status_value": 0
    },
    {
        "id": 201151,
        "need_skill_point": 160,
        "status_type": 0,
        "status_value": 0
    },
    {
        "id": 201152,
        "need_skill_point": 160,
        "status_type": 0,
        "status_value": 0
    },
    {
        "id": 201161,
        "need_skill_point": 160,
        "status_type": 0,
        "status_value": 0
    },
    {
        "id": 201162,
        "need_skill_point": 160,
        "status_type": 0,
        "status_value": 0
    },
    {
        "id": 201171,
        "need_skill_point": 110,
        "status_type": 0,
        "status_value": 0
    },
    {
        "id": 201172,
        "need_skill_point": 100,
        "status_type": 0,
        "status_value": 0
    },
    {
        "id": 201181,
        "need_skill_point": 110,
        "status_type": 0,
        "status_value": 0
    },
    {
        "id": 201182,
        "need_skill_point": 100,
        "status_type": 0,
        "status_value": 0
    },
    {
        "id": 201191,
        "need_skill_point": 160,
        "status_type": 0,
        "status_value": 0
    },
    {
        "id": 201192,
        "need_skill_point": 160,
        "status_type": 0,
        "status_value": 0
    },
    {
        "id": 201202,
        "need_skill_point": 160,
        "status_type": 0,
        "status_value": 0
    },
    {
        "id": 201211,
        "need_skill_point": 160,
        "status_type": 0,
        "status_value": 0
    },
    {
        "id": 201212,
        "need_skill_point": 160,
        "status_type": 0,
        "status_value": 0
    },
    {
        "id": 201221,
        "need_skill_point": 160,
        "status_type": 0,
        "status_value": 0
    },
    {
        "id": 201222,
        "need_skill_point": 160,
        "status_type": 0,
        "status_value": 0
    },
    {
        "id": 201231,
        "need_skill_point": 110,
        "status_type": 0,
        "status_value": 0
    },
    {
        "id": 201232,
        "need_skill_point": 110,
        "status_type": 0,
        "status_value": 0
    },
    {
        "id": 201241,
        "need_skill_point": 140,
        "status_type": 0,
        "status_value": 0
    },
    {
        "id": 201242,
        "need_skill_point": 130,
        "status_type": 0,
        "status_value": 0
    },
    {
        "id": 201251,
        "need_skill_point": 140,
        "status_type": 0,
        "status_value": 0
    },
    {
        "id": 201252,
        "need_skill_point": 130,
        "status_type": 0,
        "status_value": 0
    },
    {
        "id": 201261,
        "need_skill_point": 110,
        "status_type": 0,
        "status_value": 0
    },
    {
        "id": 201262,
        "need_skill_point": 110,
        "status_type": 0,
        "status_value": 0
    },
    {
        "id": 201272,
        "need_skill_point": 180,
        "status_type": 0,
        "status_value": 0
    },
    {
        "id": 201281,
        "need_skill_point": 180,
        "status_type": 0,
        "status_value": 0
    },
    {
        "id": 201282,
        "need_skill_point": 180,
        "status_type": 0,
        "status_value": 0
    },
    {
        "id": 201291,
        "need_skill_point": 180,
        "status_type": 0,
        "status_value": 0
    },
    {
        "id": 201292,
        "need_skill_point": 180,
        "status_type": 0,
        "status_value": 0
    },
    {
        "id": 201302,
        "need_skill_point": 130,
        "status_type": 0,
        "status_value": 0
    },
    {
        "id": 201311,
        "need_skill_point": 140,
        "status_type": 0,
        "status_value": 0
    },
    {
        "id": 201312,
        "need_skill_point": 130,
        "status_type": 0,
        "status_value": 0
    },
    {
        "id": 201321,
        "need_skill_point": 140,
        "status_type": 0,
        "status_value": 0
    },
    {
        "id": 201322,
        "need_skill_point": 130,
        "status_type": 0,
        "status_value": 0
    },
    {
        "id": 201331,
        "need_skill_point": 120,
        "status_type": 0,
        "status_value": 0
    },
    {
        "id": 201332,
        "need_skill_point": 120,
        "status_type": 0,
        "status_value": 0
    },
    {
        "id": 201341,
        "need_skill_point": 120,
        "status_type": 0,
        "status_value": 0
    },
    {
        "id": 201342,
        "need_skill_point": 120,
        "status_type": 0,
        "status_value": 0
    },
    {
        "id": 201351,
        "need_skill_point": 180,
        "status_type": 0,
        "status_value": 0
    },
    {
        "id": 201352,
        "need_skill_point": 180,
        "status_type": 0,
        "status_value": 0
    },
    {
        "id": 201361,
        "need_skill_point": 120,
        "status_type": 0,
        "status_value": 0
    },
    {
        "id": 201362,
        "need_skill_point": 120,
        "status_type": 0,
        "status_value": 0
    },
    {
        "id": 201371,
        "need_skill_point": 110,
        "status_type": 0,
        "status_value": 0
    },
    {
        "id": 201372,
        "need_skill_point": 110,
        "status_type": 0,
        "status_value": 0
    },
    {
        "id": 201381,
        "need_skill_point": 140,
        "status_type": 0,
        "status_value": 0
    },
    {
        "id": 201382,
        "need_skill_point": 130,
        "status_type": 0,
        "status_value": 0
    },
    {
        "id": 201391,
        "need_skill_point": 140,
        "status_type": 0,
        "status_value": 0
    },
    {
        "id": 201392,
        "need_skill_point": 130,
        "status_type": 0,
        "status_value": 0
    },
    {
        "id": 201401,
        "need_skill_point": 120,
        "status_type": 0,
        "status_value": 0
    },
    {
        "id": 201402,
        "need_skill_point": 120,
        "status_type": 0,
        "status_value": 0
    },
    {
        "id": 201411,
        "need_skill_point": 120,
        "status_type": 0,
        "status_value": 0
    },
    {
        "id": 201412,
        "need_skill_point": 120,
        "status_type": 0,
        "status_value": 0
    },
    {
        "id": 201421,
        "need_skill_point": 180,
        "status_type": 0,
        "status_value": 0
    },
    {
        "id": 201422,
        "need_skill_point": 180,
        "status_type": 0,
        "status_value": 0
    },
    {
        "id": 201431,
        "need_skill_point": 120,
        "status_type": 0,
        "status_value": 0
    },
    {
        "id": 201432,
        "need_skill_point": 120,
        "status_type": 0,
        "status_value": 0
    },
    {
        "id": 201441,
        "need_skill_point": 180,
        "status_type": 0,
        "status_value": 0
    },
    {
        "id": 201442,
        "need_skill_point": 180,
        "status_type": 0,
        "status_value": 0
    },
    {
        "id": 201451,
        "need_skill_point": 140,
        "status_type": 0,
        "status_value": 0
    },
    {
        "id": 201452,
        "need_skill_point": 130,
        "status_type": 0,
        "status_value": 0
    },
    {
        "id": 201461,
        "need_skill_point": 140,
        "status_type": 0,
        "status_value": 0
    },
    {
        "id": 201462,
        "need_skill_point": 130,
        "status_type": 0,
        "status_value": 0
    },
    {
        "id": 201471,
        "need_skill_point": 110,
        "status_type": 0,
        "status_value": 0
    },
    {
        "id": 201472,
        "need_skill_point": 110,
        "status_type": 0,
        "status_value": 0
    },
    {
        "id": 201481,
        "need_skill_point": 170,
        "status_type": 0,
        "status_value": 0
    },
    {
        "id": 201482,
        "need_skill_point": 170,
        "status_type": 0,
        "status_value": 0
    },
    {
        "id": 201491,
        "need_skill_point": 180,
        "status_type": 0,
        "status_value": 0
    },
    {
        "id": 201492,
        "need_skill_point": 180,
        "status_type": 0,
        "status_value": 0
    },
    {
        "id": 201501,
        "need_skill_point": 110,
        "status_type": 0,
        "status_value": 0
    },
    {
        "id": 201502,
        "need_skill_point": 110,
        "status_type": 0,
        "status_value": 0
    },
    {
        "id": 201511,
        "need_skill_point": 180,
        "status_type": 0,
        "status_value": 0
    },
    {
        "id": 201512,
        "need_skill_point": 180,
        "status_type": 0,
        "status_value": 0
    },
    {
        "id": 201521,
        "need_skill_point": 130,
        "status_type": 0,
        "status_value": 0
    },
    {
        "id": 201522,
        "need_skill_point": 110,
        "status_type": 0,
        "status_value": 0
    },
    {
        "id": 201531,
        "need_skill_point": 130,
        "status_type": 0,
        "status_value": 0
    },
    {
        "id": 201532,
        "need_skill_point": 110,
        "status_type": 0,
        "status_value": 0
    },
    {
        "id": 201541,
        "need_skill_point": 130,
        "status_type": 0,
        "status_value": 0
    },
    {
        "id": 201542,
        "need_skill_point": 110,
        "status_type": 0,
        "status_value": 0
    },
    {
        "id": 201551,
        "need_skill_point": 130,
        "status_type": 0,
        "status_value": 0
    },
    {
        "id": 201552,
        "need_skill_point": 110,
        "status_type": 0,
        "status_value": 0
    },
    {
        "id": 201561,
        "need_skill_point": 110,
        "status_type": 0,
        "status_value": 0
    },
    {
        "id": 201562,
        "need_skill_point": 110,
        "status_type": 0,
        "status_value": 0
    },
    {
        "id": 201571,
        "need_skill_point": 160,
        "status_type": 0,
        "status_value": 0
    },
    {
        "id": 201581,
        "need_skill_point": 160,
        "status_type": 0,
        "status_value": 0
    },
    {
        "id": 201591,
        "need_skill_point": 160,
        "status_type": 0,
        "status_value": 0
    },
    {
        "id": 201601,
        "need_skill_point": 100,
        "status_type": 0,
        "status_value": 0
    },
    {
        "id": 201611,
        "need_skill_point": 100,
        "status_type": 0,
        "status_value": 0
    },
    {
        "id": 201621,
        "need_skill_point": 100,
        "status_type": 0,
        "status_value": 0
    },
    {
        "id": 201631,
        "need_skill_point": 70,
        "status_type": 0,
        "status_value": 0
    },
    {
        "id": 201641,
        "need_skill_point": 70,
        "status_type": 0,
        "status_value": 0
    },
    {
        "id": 201651,
        "need_skill_point": 160,
        "status_type": 0,
        "status_value": 0
    },
    {
        "id": 201661,
        "need_skill_point": 160,
        "status_type": 0,
        "status_value": 0
    },
    {
        "id": 201671,
        "need_skill_point": 180,
        "status_type": 0,
        "status_value": 0
    },
    {
        "id": 201672,
        "need_skill_point": 180,
        "status_type": 0,
        "status_value": 0
    },
    {
        "id": 210011,
        "need_skill_point": 200,
        "status_type": 0,
        "status_value": 0
    },
    {
        "id": 210012,
        "need_skill_point": 200,
        "status_type": 0,
        "status_value": 0
    },
    {
        "id": 210021,
        "need_skill_point": 200,
        "status_type": 0,
        "status_value": 0
    },
    {
        "id": 210022,
        "need_skill_point": 200,
        "status_type": 0,
        "status_value": 0
    },
    {
        "id": 210031,
        "need_skill_point": 200,
        "status_type": 0,
        "status_value": 0
    },
    {
        "id": 210032,
        "need_skill_point": 200,
        "status_type": 0,
        "status_value": 0
    },
    {
        "id": 210041,
        "need_skill_point": 200,
        "status_type": 0,
        "status_value": 0
    },
    {
        "id": 210042,
        "need_skill_point": 200,
        "status_type": 0,
        "status_value": 0
    },
    {
        "id": 210051,
        "need_skill_point": 200,
        "status_type": 0,
        "status_value": 0
    },
    {
        "id": 210052,
        "need_skill_point": 200,
        "status_type": 0,
        "status_value": 0
    },
    {
        "id": 900011,
        "need_skill_point": 200,
        "status_type": 0,
        "status_value": 0
    },
    {
        "id": 900021,
        "need_skill_point": 200,
        "status_type": 0,
        "status_value": 0
    },
    {
        "id": 900031,
        "need_skill_point": 200,
        "status_type": 0,
        "status_value": 0
    },
    {
        "id": 900041,
        "need_skill_point": 200,
        "status_type": 0,
        "status_value": 0
    },
    {
        "id": 900051,
        "need_skill_point": 200,
        "status_type": 0,
        "status_value": 0
    },
    {
        "id": 900061,
        "need_skill_point": 200,
        "status_type": 0,
        "status_value": 0
    },
    {
        "id": 900071,
        "need_skill_point": 200,
        "status_type": 0,
        "status_value": 0
    },
    {
        "id": 900081,
        "need_skill_point": 200,
        "status_type": 0,
        "status_value": 0
    },
    {
        "id": 900091,
        "need_skill_point": 200,
        "status_type": 0,
        "status_value": 0
    },
    {
        "id": 900101,
        "need_skill_point": 200,
        "status_type": 0,
        "status_value": 0
    },
    {
        "id": 900111,
        "need_skill_point": 200,
        "status_type": 0,
        "status_value": 0
    },
    {
        "id": 900121,
        "need_skill_point": 200,
        "status_type": 0,
        "status_value": 0
    },
    {
        "id": 900131,
        "need_skill_point": 200,
        "status_type": 0,
        "status_value": 0
    },
    {
        "id": 900141,
        "need_skill_point": 200,
        "status_type": 0,
        "status_value": 0
    },
    {
        "id": 900151,
        "need_skill_point": 200,
        "status_type": 0,
        "status_value": 0
    },
    {
        "id": 900161,
        "need_skill_point": 200,
        "status_type": 0,
        "status_value": 0
    },
    {
        "id": 900171,
        "need_skill_point": 200,
        "status_type": 0,
        "status_value": 0
    },
    {
        "id": 900181,
        "need_skill_point": 200,
        "status_type": 0,
        "status_value": 0
    },
    {
        "id": 900201,
        "need_skill_point": 200,
        "status_type": 0,
        "status_value": 0
    },
    {
        "id": 900231,
        "need_skill_point": 200,
        "status_type": 0,
        "status_value": 0
    },
    {
        "id": 900241,
        "need_skill_point": 200,
        "status_type": 0,
        "status_value": 0
    },
    {
        "id": 900261,
        "need_skill_point": 200,
        "status_type": 0,
        "status_value": 0
    },
    {
        "id": 900271,
        "need_skill_point": 200,
        "status_type": 0,
        "status_value": 0
    },
    {
        "id": 900301,
        "need_skill_point": 200,
        "status_type": 0,
        "status_value": 0
    },
    {
        "id": 900321,
        "need_skill_point": 200,
        "status_type": 0,
        "status_value": 0
    },
    {
        "id": 900351,
        "need_skill_point": 200,
        "status_type": 0,
        "status_value": 0
    },
    {
        "id": 900371,
        "need_skill_point": 200,
        "status_type": 0,
        "status_value": 0
    },
    {
        "id": 900381,
        "need_skill_point": 200,
        "status_type": 0,
        "status_value": 0
    },
    {
        "id": 900401,
        "need_skill_point": 200,
        "status_type": 0,
        "status_value": 0
    },
    {
        "id": 900411,
        "need_skill_point": 200,
        "status_type": 0,
        "status_value": 0
    },
    {
        "id": 900451,
        "need_skill_point": 200,
        "status_type": 0,
        "status_value": 0
    },
    {
        "id": 900461,
        "need_skill_point": 200,
        "status_type": 0,
        "status_value": 0
    },
    {
        "id": 900501,
        "need_skill_point": 200,
        "status_type": 0,
        "status_value": 0
    },
    {
        "id": 900521,
        "need_skill_point": 200,
        "status_type": 0,
        "status_value": 0
    },
    {
        "id": 900561,
        "need_skill_point": 200,
        "status_type": 0,
        "status_value": 0
    },
    {
        "id": 900581,
        "need_skill_point": 200,
        "status_type": 0,
        "status_value": 0
    },
    {
        "id": 900601,
        "need_skill_point": 200,
        "status_type": 0,
        "status_value": 0
    },
    {
        "id": 900611,
        "need_skill_point": 200,
        "status_type": 0,
        "status_value": 0
    },
    {
        "id": 910011,
        "need_skill_point": 200,
        "status_type": 0,
        "status_value": 0
    },
    {
        "id": 910031,
        "need_skill_point": 200,
        "status_type": 0,
        "status_value": 0
    },
    {
        "id": 910041,
        "need_skill_point": 200,
        "status_type": 0,
        "status_value": 0
    },
    {
        "id": 910111,
        "need_skill_point": 200,
        "status_type": 0,
        "status_value": 0
    },
    {
        "id": 910131,
        "need_skill_point": 200,
        "status_type": 0,
        "status_value": 0
    },
    {
        "id": 910141,
        "need_skill_point": 200,
        "status_type": 0,
        "status_value": 0
    },
    {
        "id": 910181,
        "need_skill_point": 200,
        "status_type": 0,
        "status_value": 0
    },
    {
        "id": 910241,
        "need_skill_point": 200,
        "status_type": 0,
        "status_value": 0
    },
    {
        "id": 910561,
        "need_skill_point": 200,
        "status_type": 0,
        "status_value": 0
    }
]