[
    {
        "conclusion_id": 5,
        "root_id": 0,
        "story_id": 400000035
    },
    {
        "conclusion_id": 5,
        "root_id": 0,
        "story_id": 400000036
    },
    {
        "conclusion_id": 1,
        "root_id": 0,
        "story_id": 801001001
    },
    {
        "conclusion_id": 1,
        "root_id": 0,
        "story_id": 801001002
    },
    {
        "conclusion_id": 2,
        "root_id": 0,
        "story_id": 801001003
    },
    {
        "conclusion_id": 1,
        "root_id": 0,
        "story_id": 801002001
    },
    {
        "conclusion_id": 1,
        "root_id": 0,
        "story_id": 830001001
    },
    {
        "conclusion_id": 1,
        "root_id": 0,
        "story_id": 830001002
    },
    {
        "conclusion_id": 1,
        "root_id": 0,
        "story_id": 830001003
    },
    {
        "conclusion_id": 1,
        "root_id": 0,
        "story_id": 801002002
    },
    {
        "conclusion_id": 2,
        "root_id": 0,
        "story_id": 801002003
    },
    {
        "conclusion_id": 1,
        "root_id": 0,
        "story_id": 830002001
    },
    {
        "conclusion_id": 1,
        "root_id": 0,
        "story_id": 830002002
    },
    {
        "conclusion_id": 1,
        "root_id": 0,
        "story_id": 830002003
    },
    {
        "conclusion_id": 1,
        "root_id": 0,
        "story_id": 801003001
    },
    {
        "conclusion_id": 1,
        "root_id": 0,
        "story_id": 801003002
    },
    {
        "conclusion_id": 1,
        "root_id": 0,
        "story_id": 830003001
    },
    {
        "conclusion_id": 1,
        "root_id": 0,
        "story_id": 830003002
    },
    {
        "conclusion_id": 1,
        "root_id": 0,
        "story_id": 830003003
    },
    {
        "conclusion_id": 2,
        "root_id": 0,
        "story_id": 801003003
    },
    {
        "conclusion_id": 1,
        "root_id": 0,
        "story_id": 801004001
    },
    {
        "conclusion_id": 1,
        "root_id": 0,
        "story_id": 801004002
    },
    {
        "conclusion_id": 2,
        "root_id": 0,
        "story_id": 801004003
    },
    {
        "conclusion_id": 1,
        "root_id": 0,
        "story_id": 820001001
    },
    {
        "conclusion_id": 1,
        "root_id": 0,
        "story_id": 820001002
    },
    {
        "conclusion_id": 1,
        "root_id": 0,
        "story_id": 801005001
    },
    {
        "conclusion_id": 1,
        "root_id": 0,
        "story_id": 801005002
    },
    {
        "conclusion_id": 2,
        "root_id": 0,
        "story_id": 801005003
    },
    {
        "conclusion_id": 1,
        "root_id": 0,
        "story_id": 801006001
    },
    {
        "conclusion_id": 1,
        "root_id": 0,
        "story_id": 830004001
    },
    {
        "conclusion_id": 1,
        "root_id": 0,
        "story_id": 830004002
    },
    {
        "conclusion_id": 1,
        "root_id": 0,
        "story_id": 830004003
    },
    {
        "conclusion_id": 1,
        "root_id": 0,
        "story_id": 801006002
    },
    {
        "conclusion_id": 2,
        "root_id": 0,
        "story_id": 801006003
    },
    {
        "conclusion_id": 1,
        "root_id": 0,
        "story_id": 830005001
    },
    {
        "conclusion_id": 1,
        "root_id": 0,
        "story_id": 830005002
    },
    {
        "conclusion_id": 1,
        "root_id": 0,
        "story_id": 830005003
    },
    {
        "conclusion_id": 1,
        "root_id": 0,
        "story_id": 801007001
    },
    {
        "conclusion_id": 1,
        "root_id": 0,
        "story_id": 801007002
    },
    {
        "conclusion_id": 1,
        "root_id": 0,
        "story_id": 820002001
    },
    {
        "conclusion_id": 1,
        "root_id": 0,
        "story_id": 820002002
    },
    {
        "conclusion_id": 2,
        "root_id": 0,
        "story_id": 801007003
    },
    {
        "conclusion_id": 1,
        "root_id": 0,
        "story_id": 801008001
    },
    {
        "conclusion_id": 1,
        "root_id": 0,
        "story_id": 801008002
    },
    {
        "conclusion_id": 2,
        "root_id": 0,
        "story_id": 801008003
    },
    {
        "conclusion_id": 1,
        "root_id": 0,
        "story_id": 830006001
    },
    {
        "conclusion_id": 1,
        "root_id": 0,
        "story_id": 830006002
    },
    {
        "conclusion_id": 1,
        "root_id": 0,
        "story_id": 830006003
    },
    {
        "conclusion_id": 1,
        "root_id": 0,
        "story_id": 801009001
    },
    {
        "conclusion_id": 1,
        "root_id": 0,
        "story_id": 801009002
    },
    {
        "conclusion_id": 1,
        "root_id": 0,
        "story_id": 820003001
    },
    {
        "conclusion_id": 1,
        "root_id": 0,
        "story_id": 820003002
    },
    {
        "conclusion_id": 2,
        "root_id": 0,
        "story_id": 801009003
    },
    {
        "conclusion_id": 1,
        "root_id": 0,
        "story_id": 801010001
    },
    {
        "conclusion_id": 1,
        "root_id": 0,
        "story_id": 830022001
    },
    {
        "conclusion_id": 1,
        "root_id": 0,
        "story_id": 830022002
    },
    {
        "conclusion_id": 1,
        "root_id": 0,
        "story_id": 830022003
    },
    {
        "conclusion_id": 1,
        "root_id": 0,
        "story_id": 801010002
    },
    {
        "conclusion_id": 2,
        "root_id": 0,
        "story_id": 801010003
    },
    {
        "conclusion_id": 1,
        "root_id": 0,
        "story_id": 830007001
    },
    {
        "conclusion_id": 1,
        "root_id": 0,
        "story_id": 830007002
    },
    {
        "conclusion_id": 1,
        "root_id": 0,
        "story_id": 830007003
    },
    {
        "conclusion_id": 1,
        "root_id": 0,
        "story_id": 801011001
    },
    {
        "conclusion_id": 1,
        "root_id": 0,
        "story_id": 801011002
    },
    {
        "conclusion_id": 2,
        "root_id": 0,
        "story_id": 801011003
    },
    {
        "conclusion_id": 1,
        "root_id": 0,
        "story_id": 801012001
    },
    {
        "conclusion_id": 1,
        "root_id": 0,
        "story_id": 801012002
    },
    {
        "conclusion_id": 2,
        "root_id": 0,
        "story_id": 801012003
    },
    {
        "conclusion_id": 1,
        "root_id": 0,
        "story_id": 820004001
    },
    {
        "conclusion_id": 1,
        "root_id": 0,
        "story_id": 820004002
    },
    {
        "conclusion_id": 1,
        "root_id": 0,
        "story_id": 801013001
    },
    {
        "conclusion_id": 1,
        "root_id": 0,
        "story_id": 801013002
    },
    {
        "conclusion_id": 1,
        "root_id": 0,
        "story_id": 820005001
    },
    {
        "conclusion_id": 1,
        "root_id": 0,
        "story_id": 820005002
    },
    {
        "conclusion_id": 2,
        "root_id": 0,
        "story_id": 801013003
    },
    {
        "conclusion_id": 1,
        "root_id": 0,
        "story_id": 801014001
    },
    {
        "conclusion_id": 1,
        "root_id": 0,
        "story_id": 801014002
    },
    {
        "conclusion_id": 2,
        "root_id": 0,
        "story_id": 801014003
    },
    {
        "conclusion_id": 1,
        "root_id": 0,
        "story_id": 801015001
    },
    {
        "conclusion_id": 1,
        "root_id": 0,
        "story_id": 801015002
    },
    {
        "conclusion_id": 2,
        "root_id": 0,
        "story_id": 801015003
    },
    {
        "conclusion_id": 1,
        "root_id": 0,
        "story_id": 830009001
    },
    {
        "conclusion_id": 1,
        "root_id": 0,
        "story_id": 830009002
    },
    {
        "conclusion_id": 1,
        "root_id": 0,
        "story_id": 830009003
    },
    {
        "conclusion_id": 1,
        "root_id": 0,
        "story_id": 801017001
    },
    {
        "conclusion_id": 1,
        "root_id": 0,
        "story_id": 801017002
    },
    {
        "conclusion_id": 1,
        "root_id": 0,
        "story_id": 830010001
    },
    {
        "conclusion_id": 1,
        "root_id": 0,
        "story_id": 830010002
    },
    {
        "conclusion_id": 1,
        "root_id": 0,
        "story_id": 830010003
    },
    {
        "conclusion_id": 2,
        "root_id": 0,
        "story_id": 801017003
    },
    {
        "conclusion_id": 1,
        "root_id": 0,
        "story_id": 801018001
    },
    {
        "conclusion_id": 1,
        "root_id": 0,
        "story_id": 820006001
    },
    {
        "conclusion_id": 1,
        "root_id": 0,
        "story_id": 820006002
    },
    {
        "conclusion_id": 1,
        "root_id": 0,
        "story_id": 801018002
    },
    {
        "conclusion_id": 2,
        "root_id": 0,
        "story_id": 801018003
    },
    {
        "conclusion_id": 1,
        "root_id": 0,
        "story_id": 820007001
    },
    {
        "conclusion_id": 1,
        "root_id": 0,
        "story_id": 820007002
    },
    {
        "conclusion_id": 1,
        "root_id": 0,
        "story_id": 801019001
    },
    {
        "conclusion_id": 1,
        "root_id": 0,
        "story_id": 801019002
    },
    {
        "conclusion_id": 2,
        "root_id": 0,
        "story_id": 801019003
    },
    {
        "conclusion_id": 1,
        "root_id": 0,
        "story_id": 801020001
    },
    {
        "conclusion_id": 1,
        "root_id": 0,
        "story_id": 801020002
    },
    {
        "conclusion_id": 2,
        "root_id": 0,
        "story_id": 801020003
    },
    {
        "conclusion_id": 1,
        "root_id": 0,
        "story_id": 820009001
    },
    {
        "conclusion_id": 1,
        "root_id": 0,
        "story_id": 820009002
    },
    {
        "conclusion_id": 1,
        "root_id": 0,
        "story_id": 801021001
    },
    {
        "conclusion_id": 1,
        "root_id": 0,
        "story_id": 801021002
    },
    {
        "conclusion_id": 1,
        "root_id": 0,
        "story_id": 820010001
    },
    {
        "conclusion_id": 1,
        "root_id": 0,
        "story_id": 820010002
    },
    {
        "conclusion_id": 2,
        "root_id": 0,
        "story_id": 801021003
    },
    {
        "conclusion_id": 1,
        "root_id": 0,
        "story_id": 801022001
    },
    {
        "conclusion_id": 1,
        "root_id": 0,
        "story_id": 820011001
    },
    {
        "conclusion_id": 1,
        "root_id": 0,
        "story_id": 820011002
    },
    {
        "conclusion_id": 1,
        "root_id": 0,
        "story_id": 801022002
    },
    {
        "conclusion_id": 2,
        "root_id": 0,
        "story_id": 801022003
    },
    {
        "conclusion_id": 1,
        "root_id": 0,
        "story_id": 830023001
    },
    {
        "conclusion_id": 1,
        "root_id": 0,
        "story_id": 830023002
    },
    {
        "conclusion_id": 1,
        "root_id": 0,
        "story_id": 830023003
    },
    {
        "conclusion_id": 1,
        "root_id": 0,
        "story_id": 801023001
    },
    {
        "conclusion_id": 1,
        "root_id": 0,
        "story_id": 801023002
    },
    {
        "conclusion_id": 1,
        "root_id": 0,
        "story_id": 830011001
    },
    {
        "conclusion_id": 1,
        "root_id": 0,
        "story_id": 830011002
    },
    {
        "conclusion_id": 1,
        "root_id": 0,
        "story_id": 830011003
    },
    {
        "conclusion_id": 2,
        "root_id": 0,
        "story_id": 801023003
    },
    {
        "conclusion_id": 1,
        "root_id": 0,
        "story_id": 801024001
    },
    {
        "conclusion_id": 1,
        "root_id": 0,
        "story_id": 820012001
    },
    {
        "conclusion_id": 1,
        "root_id": 0,
        "story_id": 820012002
    },
    {
        "conclusion_id": 1,
        "root_id": 0,
        "story_id": 801024002
    },
    {
        "conclusion_id": 2,
        "root_id": 0,
        "story_id": 801024003
    },
    {
        "conclusion_id": 1,
        "root_id": 0,
        "story_id": 830012001
    },
    {
        "conclusion_id": 1,
        "root_id": 0,
        "story_id": 830012002
    },
    {
        "conclusion_id": 1,
        "root_id": 0,
        "story_id": 830012003
    },
    {
        "conclusion_id": 1,
        "root_id": 0,
        "story_id": 801025001
    },
    {
        "conclusion_id": 1,
        "root_id": 0,
        "story_id": 801025002
    },
    {
        "conclusion_id": 1,
        "root_id": 0,
        "story_id": 830013001
    },
    {
        "conclusion_id": 1,
        "root_id": 0,
        "story_id": 830013002
    },
    {
        "conclusion_id": 1,
        "root_id": 0,
        "story_id": 830013003
    },
    {
        "conclusion_id": 2,
        "root_id": 0,
        "story_id": 801025003
    },
    {
        "conclusion_id": 1,
        "root_id": 0,
        "story_id": 801026001
    },
    {
        "conclusion_id": 1,
        "root_id": 0,
        "story_id": 820013001
    },
    {
        "conclusion_id": 1,
        "root_id": 0,
        "story_id": 820013002
    },
    {
        "conclusion_id": 1,
        "root_id": 0,
        "story_id": 801026002
    },
    {
        "conclusion_id": 2,
        "root_id": 0,
        "story_id": 801026003
    },
    {
        "conclusion_id": 1,
        "root_id": 0,
        "story_id": 830014001
    },
    {
        "conclusion_id": 1,
        "root_id": 0,
        "story_id": 830014002
    },
    {
        "conclusion_id": 1,
        "root_id": 0,
        "story_id": 830014003
    },
    {
        "conclusion_id": 1,
        "root_id": 0,
        "story_id": 801027001
    },
    {
        "conclusion_id": 1,
        "root_id": 0,
        "story_id": 801027002
    },
    {
        "conclusion_id": 1,
        "root_id": 0,
        "story_id": 830015001
    },
    {
        "conclusion_id": 1,
        "root_id": 0,
        "story_id": 830015002
    },
    {
        "conclusion_id": 1,
        "root_id": 0,
        "story_id": 830015003
    },
    {
        "conclusion_id": 2,
        "root_id": 0,
        "story_id": 801027003
    },
    {
        "conclusion_id": 1,
        "root_id": 0,
        "story_id": 801029001
    },
    {
        "conclusion_id": 1,
        "root_id": 0,
        "story_id": 830016001
    },
    {
        "conclusion_id": 1,
        "root_id": 0,
        "story_id": 830016002
    },
    {
        "conclusion_id": 1,
        "root_id": 0,
        "story_id": 830016003
    },
    {
        "conclusion_id": 1,
        "root_id": 0,
        "story_id": 801029002
    },
    {
        "conclusion_id": 2,
        "root_id": 0,
        "story_id": 801029003
    },
    {
        "conclusion_id": 1,
        "root_id": 0,
        "story_id": 830017001
    },
    {
        "conclusion_id": 1,
        "root_id": 0,
        "story_id": 830017002
    },
    {
        "conclusion_id": 1,
        "root_id": 0,
        "story_id": 830017003
    },
    {
        "conclusion_id": 1,
        "root_id": 0,
        "story_id": 801030001
    },
    {
        "conclusion_id": 1,
        "root_id": 0,
        "story_id": 801030002
    },
    {
        "conclusion_id": 1,
        "root_id": 0,
        "story_id": 820014001
    },
    {
        "conclusion_id": 1,
        "root_id": 0,
        "story_id": 820014002
    },
    {
        "conclusion_id": 2,
        "root_id": 0,
        "story_id": 801030003
    },
    {
        "conclusion_id": 1,
        "root_id": 0,
        "story_id": 801031001
    },
    {
        "conclusion_id": 1,
        "root_id": 0,
        "story_id": 801031002
    },
    {
        "conclusion_id": 2,
        "root_id": 0,
        "story_id": 801031003
    },
    {
        "conclusion_id": 1,
        "root_id": 0,
        "story_id": 801032001
    },
    {
        "conclusion_id": 1,
        "root_id": 0,
        "story_id": 801032002
    },
    {
        "conclusion_id": 2,
        "root_id": 0,
        "story_id": 801032003
    },
    {
        "conclusion_id": 1,
        "root_id": 0,
        "story_id": 830019001
    },
    {
        "conclusion_id": 1,
        "root_id": 0,
        "story_id": 830019002
    },
    {
        "conclusion_id": 1,
        "root_id": 0,
        "story_id": 830019003
    },
    {
        "conclusion_id": 1,
        "root_id": 0,
        "story_id": 801035001
    },
    {
        "conclusion_id": 1,
        "root_id": 0,
        "story_id": 801035002
    },
    {
        "conclusion_id": 1,
        "root_id": 0,
        "story_id": 830020001
    },
    {
        "conclusion_id": 1,
        "root_id": 0,
        "story_id": 830020002
    },
    {
        "conclusion_id": 1,
        "root_id": 0,
        "story_id": 830020003
    },
    {
        "conclusion_id": 2,
        "root_id": 0,
        "story_id": 801035003
    },
    {
        "conclusion_id": 1,
        "root_id": 0,
        "story_id": 801036001
    },
    {
        "conclusion_id": 1,
        "root_id": 0,
        "story_id": 820015001
    },
    {
        "conclusion_id": 1,
        "root_id": 0,
        "story_id": 820015002
    },
    {
        "conclusion_id": 1,
        "root_id": 0,
        "story_id": 801036002
    },
    {
        "conclusion_id": 2,
        "root_id": 0,
        "story_id": 801036003
    },
    {
        "conclusion_id": 1,
        "root_id": 0,
        "story_id": 820016001
    },
    {
        "conclusion_id": 1,
        "root_id": 0,
        "story_id": 820016002
    },
    {
        "conclusion_id": 1,
        "root_id": 0,
        "story_id": 801037001
    },
    {
        "conclusion_id": 1,
        "root_id": 0,
        "story_id": 801037002
    },
    {
        "conclusion_id": 1,
        "root_id": 0,
        "story_id": 820017001
    },
    {
        "conclusion_id": 1,
        "root_id": 0,
        "story_id": 820017002
    },
    {
        "conclusion_id": 2,
        "root_id": 0,
        "story_id": 801037003
    },
    {
        "conclusion_id": 1,
        "root_id": 0,
        "story_id": 801040001
    },
    {
        "conclusion_id": 1,
        "root_id": 0,
        "story_id": 801040002
    },
    {
        "conclusion_id": 2,
        "root_id": 0,
        "story_id": 801040003
    },
    {
        "conclusion_id": 1,
        "root_id": 0,
        "story_id": 801041001
    },
    {
        "conclusion_id": 1,
        "root_id": 0,
        "story_id": 801041002
    },
    {
        "conclusion_id": 1,
        "root_id": 0,
        "story_id": 820019001
    },
    {
        "conclusion_id": 1,
        "root_id": 0,
        "story_id": 820019002
    },
    {
        "conclusion_id": 2,
        "root_id": 0,
        "story_id": 801041003
    },
    {
        "conclusion_id": 1,
        "root_id": 0,
        "story_id": 801045001
    },
    {
        "conclusion_id": 1,
        "root_id": 0,
        "story_id": 820020001
    },
    {
        "conclusion_id": 1,
        "root_id": 0,
        "story_id": 820020002
    },
    {
        "conclusion_id": 1,
        "root_id": 0,
        "story_id": 801045002
    },
    {
        "conclusion_id": 2,
        "root_id": 0,
        "story_id": 801045003
    },
    {
        "conclusion_id": 1,
        "root_id": 0,
        "story_id": 801046001
    },
    {
        "conclusion_id": 1,
        "root_id": 0,
        "story_id": 801046002
    },
    {
        "conclusion_id": 2,
        "root_id": 0,
        "story_id": 801046003
    },
    {
        "conclusion_id": 1,
        "root_id": 0,
        "story_id": 801050001
    },
    {
        "conclusion_id": 1,
        "root_id": 0,
        "story_id": 801050002
    },
    {
        "conclusion_id": 2,
        "root_id": 0,
        "story_id": 801050003
    },
    {
        "conclusion_id": 1,
        "root_id": 0,
        "story_id": 801051001
    },
    {
        "conclusion_id": 1,
        "root_id": 0,
        "story_id": 801051002
    },
    {
        "conclusion_id": 2,
        "root_id": 0,
        "story_id": 801051003
    },
    {
        "conclusion_id": 1,
        "root_id": 0,
        "story_id": 801052001
    },
    {
        "conclusion_id": 1,
        "root_id": 0,
        "story_id": 801052002
    },
    {
        "conclusion_id": 2,
        "root_id": 0,
        "story_id": 801052003
    },
    {
        "conclusion_id": 1,
        "root_id": 0,
        "story_id": 801054001
    },
    {
        "conclusion_id": 1,
        "root_id": 0,
        "story_id": 801054002
    },
    {
        "conclusion_id": 2,
        "root_id": 0,
        "story_id": 801054003
    },
    {
        "conclusion_id": 1,
        "root_id": 0,
        "story_id": 801055001
    },
    {
        "conclusion_id": 1,
        "root_id": 0,
        "story_id": 801055002
    },
    {
        "conclusion_id": 2,
        "root_id": 0,
        "story_id": 801055003
    },
    {
        "conclusion_id": 1,
        "root_id": 0,
        "story_id": 801056001
    },
    {
        "conclusion_id": 1,
        "root_id": 0,
        "story_id": 801056002
    },
    {
        "conclusion_id": 2,
        "root_id": 0,
        "story_id": 801056003
    },
    {
        "conclusion_id": 1,
        "root_id": 0,
        "story_id": 801058001
    },
    {
        "conclusion_id": 1,
        "root_id": 0,
        "story_id": 801058002
    },
    {
        "conclusion_id": 2,
        "root_id": 0,
        "story_id": 801058003
    },
    {
        "conclusion_id": 1,
        "root_id": 0,
        "story_id": 801059001
    },
    {
        "conclusion_id": 1,
        "root_id": 0,
        "story_id": 801059002
    },
    {
        "conclusion_id": 2,
        "root_id": 0,
        "story_id": 801059003
    },
    {
        "conclusion_id": 1,
        "root_id": 0,
        "story_id": 801060001
    },
    {
        "conclusion_id": 1,
        "root_id": 0,
        "story_id": 801060002
    },
    {
        "conclusion_id": 2,
        "root_id": 0,
        "story_id": 801060003
    },
    {
        "conclusion_id": 1,
        "root_id": 0,
        "story_id": 801061001
    },
    {
        "conclusion_id": 1,
        "root_id": 0,
        "story_id": 801061002
    },
    {
        "conclusion_id": 2,
        "root_id": 0,
        "story_id": 801061003
    },
    {
        "conclusion_id": 1,
        "root_id": 0,
        "story_id": 809001001
    },
    {
        "conclusion_id": 1,
        "root_id": 0,
        "story_id": 809001002
    },
    {
        "conclusion_id": 1,
        "root_id": 0,
        "story_id": 809001004
    },
    {
        "conclusion_id": 1,
        "root_id": 0,
        "story_id": 809001005
    },
    {
        "conclusion_id": 1,
        "root_id": 0,
        "story_id": 809001006
    },
    {
        "conclusion_id": 1,
        "root_id": 0,
        "story_id": 809001007
    },
    {
        "conclusion_id": 1,
        "root_id": 0,
        "story_id": 809001008
    },
    {
        "conclusion_id": 1,
        "root_id": 0,
        "story_id": 809004001
    },
    {
        "conclusion_id": 1,
        "root_id": 0,
        "story_id": 809004002
    },
    {
        "conclusion_id": 1,
        "root_id": 0,
        "story_id": 809004004
    },
    {
        "conclusion_id": 1,
        "root_id": 0,
        "story_id": 809004005
    },
    {
        "conclusion_id": 1,
        "root_id": 0,
        "story_id": 809004006
    },
    {
        "conclusion_id": 1,
        "root_id": 0,
        "story_id": 809004007
    },
    {
        "conclusion_id": 1,
        "root_id": 0,
        "story_id": 809004008
    },
    {
        "conclusion_id": 1,
        "root_id": 0,
        "story_id": 830021001
    },
    {
        "conclusion_id": 1,
        "root_id": 0,
        "story_id": 820008001
    },
    {
        "conclusion_id": 1,
        "root_id": 0,
        "story_id": 820008002
    },
    {
        "conclusion_id": 1,
        "root_id": 0,
        "story_id": 820018001
    },
    {
        "conclusion_id": 1,
        "root_id": 0,
        "story_id": 820018002
    },
    {
        "conclusion_id": 1,
        "root_id": 0,
        "story_id": 830008001
    },
    {
        "conclusion_id": 1,
        "root_id": 0,
        "story_id": 830008002
    },
    {
        "conclusion_id": 1,
        "root_id": 0,
        "story_id": 830008003
    },
    {
        "conclusion_id": 1,
        "root_id": 0,
        "story_id": 830018001
    },
    {
        "conclusion_id": 1,
        "root_id": 0,
        "story_id": 830018002
    },
    {
        "conclusion_id": 1,
        "root_id": 0,
        "story_id": 820021001
    },
    {
        "conclusion_id": 1,
        "root_id": 0,
        "story_id": 830018003
    },
    {
        "conclusion_id": 4,
        "root_id": 0,
        "story_id": 400000037
    },
    {
        "conclusion_id": 4,
        "root_id": 0,
        "story_id": 400000038
    },
    {
        "conclusion_id": 4,
        "root_id": 0,
        "story_id": 400000039
    },
    {
        "conclusion_id": 4,
        "root_id": 1,
        "story_id": 400000043
    },
    {
        "conclusion_id": 4,
        "root_id": 2,
        "story_id": 400000043
    },
    {
        "conclusion_id": 3,
        "root_id": 3,
        "story_id": 400000043
    },
    {
        "conclusion_id": 4,
        "root_id": 1,
        "story_id": 400000044
    },
    {
        "conclusion_id": 4,
        "root_id": 2,
        "story_id": 400000044
    },
    {
        "conclusion_id": 3,
        "root_id": 3,
        "story_id": 400000044
    },
    {
        "conclusion_id": 2,
        "root_id": 0,
        "story_id": 801044003
    },
    {
        "conclusion_id": 1,
        "root_id": 0,
        "story_id": 801044001
    },
    {
        "conclusion_id": 1,
        "root_id": 0,
        "story_id": 801044002
    },
    {
        "conclusion_id": 1,
        "root_id": 0,
        "story_id": 820023001
    },
    {
        "conclusion_id": 1,
        "root_id": 0,
        "story_id": 820023002
    },
    {
        "conclusion_id": 1,
        "root_id": 0,
        "story_id": 830025001
    },
    {
        "conclusion_id": 1,
        "root_id": 0,
        "story_id": 830025002
    },
    {
        "conclusion_id": 1,
        "root_id": 0,
        "story_id": 830025003
    },
    {
        "conclusion_id": 1,
        "root_id": 0,
        "story_id": 830024001
    },
    {
        "conclusion_id": 1,
        "root_id": 0,
        "story_id": 830024002
    },
    {
        "conclusion_id": 1,
        "root_id": 0,
        "story_id": 830024003
    },
    {
        "conclusion_id": 2,
        "root_id": 0,
        "story_id": 801065003
    },
    {
        "conclusion_id": 1,
        "root_id": 0,
        "story_id": 801065001
    },
    {
        "conclusion_id": 1,
        "root_id": 0,
        "story_id": 801065002
    },
    {
        "conclusion_id": 1,
        "root_id": 0,
        "story_id": 820024001
    },
    {
        "conclusion_id": 1,
        "root_id": 0,
        "story_id": 820024002
    },
    {
        "conclusion_id": 2,
        "root_id": 0,
        "story_id": 801066003
    },
    {
        "conclusion_id": 1,
        "root_id": 0,
        "story_id": 801066001
    },
    {
        "conclusion_id": 1,
        "root_id": 0,
        "story_id": 801066002
    },
    {
        "conclusion_id": 1,
        "root_id": 0,
        "story_id": 830026001
    },
    {
        "conclusion_id": 1,
        "root_id": 0,
        "story_id": 830026002
    },
    {
        "conclusion_id": 1,
        "root_id": 0,
        "story_id": 830026003
    },
    {
        "conclusion_id": 5,
        "root_id": 0,
        "story_id": 400001023
    },
    {
        "conclusion_id": 5,
        "root_id": 0,
        "story_id": 400001029
    },
    {
        "conclusion_id": 5,
        "root_id": 0,
        "story_id": 809001009
    },
    {
        "conclusion_id": 2,
        "root_id": 0,
        "story_id": 801063003
    },
    {
        "conclusion_id": 1,
        "root_id": 0,
        "story_id": 801063001
    },
    {
        "conclusion_id": 1,
        "root_id": 0,
        "story_id": 801063002
    },
    {
        "conclusion_id": 1,
        "root_id": 0,
        "story_id": 820025001
    },
    {
        "conclusion_id": 1,
        "root_id": 0,
        "story_id": 820025002
    },
    {
        "conclusion_id": 2,
        "root_id": 0,
        "story_id": 801064003
    },
    {
        "conclusion_id": 1,
        "root_id": 0,
        "story_id": 801064001
    },
    {
        "conclusion_id": 1,
        "root_id": 0,
        "story_id": 801064002
    },
    {
        "conclusion_id": 1,
        "root_id": 0,
        "story_id": 830027001
    },
    {
        "conclusion_id": 1,
        "root_id": 0,
        "story_id": 830027002
    },
    {
        "conclusion_id": 1,
        "root_id": 0,
        "story_id": 830027003
    },
    {
        "conclusion_id": 2,
        "root_id": 0,
        "story_id": 801062003
    },
    {
        "conclusion_id": 1,
        "root_id": 0,
        "story_id": 801062001
    },
    {
        "conclusion_id": 1,
        "root_id": 0,
        "story_id": 801062002
    },
    {
        "conclusion_id": 1,
        "root_id": 0,
        "story_id": 830030001
    },
    {
        "conclusion_id": 1,
        "root_id": 0,
        "story_id": 830030002
    },
    {
        "conclusion_id": 1,
        "root_id": 0,
        "story_id": 830030003
    },
    {
        "conclusion_id": 2,
        "root_id": 0,
        "story_id": 801067003
    },
    {
        "conclusion_id": 1,
        "root_id": 0,
        "story_id": 801067001
    },
    {
        "conclusion_id": 1,
        "root_id": 0,
        "story_id": 801067002
    },
    {
        "conclusion_id": 1,
        "root_id": 0,
        "story_id": 830029001
    },
    {
        "conclusion_id": 1,
        "root_id": 0,
        "story_id": 830029002
    },
    {
        "conclusion_id": 1,
        "root_id": 0,
        "story_id": 830029003
    },
    {
        "conclusion_id": 2,
        "root_id": 0,
        "story_id": 801068003
    },
    {
        "conclusion_id": 1,
        "root_id": 0,
        "story_id": 801068001
    },
    {
        "conclusion_id": 1,
        "root_id": 0,
        "story_id": 801068002
    },
    {
        "conclusion_id": 1,
        "root_id": 0,
        "story_id": 830028001
    },
    {
        "conclusion_id": 1,
        "root_id": 0,
        "story_id": 830028002
    },
    {
        "conclusion_id": 1,
        "root_id": 0,
        "story_id": 830028003
    },
    {
        "conclusion_id": 1,
        "root_id": 0,
        "story_id": 820026001
    },
    {
        "conclusion_id": 1,
        "root_id": 0,
        "story_id": 820026002
    },
    {
        "conclusion_id": 1,
        "root_id": 0,
        "story_id": 820027001
    },
    {
        "conclusion_id": 1,
        "root_id": 0,
        "story_id": 820027002
    },
    {
        "conclusion_id": 1,
        "root_id": 0,
        "story_id": 830031001
    },
    {
        "conclusion_id": 1,
        "root_id": 0,
        "story_id": 830031002
    },
    {
        "conclusion_id": 1,
        "root_id": 0,
        "story_id": 830031003
    },
    {
        "conclusion_id": 2,
        "root_id": 0,
        "story_id": 801072003
    },
    {
        "conclusion_id": 1,
        "root_id": 0,
        "story_id": 801072001
    },
    {
        "conclusion_id": 1,
        "root_id": 0,
        "story_id": 801072002
    },
    {
        "conclusion_id": 1,
        "root_id": 0,
        "story_id": 830032001
    },
    {
        "conclusion_id": 1,
        "root_id": 0,
        "story_id": 830032002
    },
    {
        "conclusion_id": 1,
        "root_id": 0,
        "story_id": 830032003
    },
    {
        "conclusion_id": 2,
        "root_id": 0,
        "story_id": 801047003
    },
    {
        "conclusion_id": 1,
        "root_id": 0,
        "story_id": 801047001
    },
    {
        "conclusion_id": 1,
        "root_id": 0,
        "story_id": 801047002
    },
    {
        "conclusion_id": 1,
        "root_id": 0,
        "story_id": 820028001
    },
    {
        "conclusion_id": 1,
        "root_id": 0,
        "story_id": 820028002
    },
    {
        "conclusion_id": 1,
        "root_id": 0,
        "story_id": 830033001
    },
    {
        "conclusion_id": 1,
        "root_id": 0,
        "story_id": 830033002
    },
    {
        "conclusion_id": 1,
        "root_id": 0,
        "story_id": 830033003
    },
    {
        "conclusion_id": 2,
        "root_id": 0,
        "story_id": 801069003
    },
    {
        "conclusion_id": 1,
        "root_id": 0,
        "story_id": 801069001
    },
    {
        "conclusion_id": 1,
        "root_id": 0,
        "story_id": 801069002
    },
    {
        "conclusion_id": 1,
        "root_id": 0,
        "story_id": 830038001
    },
    {
        "conclusion_id": 1,
        "root_id": 0,
        "story_id": 830038002
    },
    {
        "conclusion_id": 1,
        "root_id": 0,
        "story_id": 830038003
    },
    {
        "conclusion_id": 2,
        "root_id": 0,
        "story_id": 801042003
    },
    {
        "conclusion_id": 1,
        "root_id": 0,
        "story_id": 801042001
    },
    {
        "conclusion_id": 1,
        "root_id": 0,
        "story_id": 801042002
    },
    {
        "conclusion_id": 1,
        "root_id": 0,
        "story_id": 820029001
    },
    {
        "conclusion_id": 1,
        "root_id": 0,
        "story_id": 820029002
    },
    {
        "conclusion_id": 1,
        "root_id": 0,
        "story_id": 809006001
    },
    {
        "conclusion_id": 1,
        "root_id": 0,
        "story_id": 809006002
    },
    {
        "conclusion_id": 1,
        "root_id": 0,
        "story_id": 809006004
    },
    {
        "conclusion_id": 1,
        "root_id": 0,
        "story_id": 809006005
    },
    {
        "conclusion_id": 1,
        "root_id": 0,
        "story_id": 809006006
    },
    {
        "conclusion_id": 1,
        "root_id": 0,
        "story_id": 809006007
    },
    {
        "conclusion_id": 1,
        "root_id": 0,
        "story_id": 809006008
    },
    {
        "conclusion_id": 1,
        "root_id": 0,
        "story_id": 830036001
    }
]