[
    {
        "chara_id": 1001,
        "id": 1,
        "race_set_id": 1001,
        "scenario_id": 0
    },
    {
        "chara_id": 1006,
        "id": 2,
        "race_set_id": 1006,
        "scenario_id": 0
    },
    {
        "chara_id": 1009,
        "id": 3,
        "race_set_id": 1009,
        "scenario_id": 0
    },
    {
        "chara_id": 1010,
        "id": 4,
        "race_set_id": 1010,
        "scenario_id": 0
    },
    {
        "chara_id": 1013,
        "id": 5,
        "race_set_id": 1013,
        "scenario_id": 0
    },
    {
        "chara_id": 1052,
        "id": 6,
        "race_set_id": 1052,
        "scenario_id": 0
    },
    {
        "chara_id": 1030,
        "id": 7,
        "race_set_id": 1030,
        "scenario_id": 0
    },
    {
        "chara_id": 1003,
        "id": 8,
        "race_set_id": 1003,
        "scenario_id": 0
    },
    {
        "chara_id": 1056,
        "id": 9,
        "race_set_id": 1056,
        "scenario_id": 0
    },
    {
        "chara_id": 1011,
        "id": 10,
        "race_set_id": 1011,
        "scenario_id": 0
    },
    {
        "chara_id": 1002,
        "id": 11,
        "race_set_id": 1002,
        "scenario_id": 0
    },
    {
        "chara_id": 1045,
        "id": 12,
        "race_set_id": 1045,
        "scenario_id": 0
    },
    {
        "chara_id": 1027,
        "id": 13,
        "race_set_id": 1027,
        "scenario_id": 0
    },
    {
        "chara_id": 1024,
        "id": 14,
        "race_set_id": 1024,
        "scenario_id": 0
    },
    {
        "chara_id": 1060,
        "id": 15,
        "race_set_id": 1060,
        "scenario_id": 0
    },
    {
        "chara_id": 1018,
        "id": 16,
        "race_set_id": 1018,
        "scenario_id": 0
    },
    {
        "chara_id": 1032,
        "id": 17,
        "race_set_id": 1032,
        "scenario_id": 0
    },
    {
        "chara_id": 1017,
        "id": 18,
        "race_set_id": 1017,
        "scenario_id": 0
    },
    {
        "chara_id": 1061,
        "id": 19,
        "race_set_id": 1061,
        "scenario_id": 0
    },
    {
        "chara_id": 1004,
        "id": 20,
        "race_set_id": 1004,
        "scenario_id": 0
    },
    {
        "chara_id": 1041,
        "id": 21,
        "race_set_id": 1041,
        "scenario_id": 0
    },
    {
        "chara_id": 1014,
        "id": 22,
        "race_set_id": 1014,
        "scenario_id": 0
    },
    {
        "chara_id": 1008,
        "id": 23,
        "race_set_id": 1008,
        "scenario_id": 0
    },
    {
        "chara_id": 1007,
        "id": 24,
        "race_set_id": 1007,
        "scenario_id": 0
    },
    {
        "chara_id": 1035,
        "id": 25,
        "race_set_id": 1035,
        "scenario_id": 0
    },
    {
        "chara_id": 1015,
        "id": 26,
        "race_set_id": 1015,
        "scenario_id": 0
    },
    {
        "chara_id": 1026,
        "id": 27,
        "race_set_id": 1026,
        "scenario_id": 0
    },
    {
        "chara_id": 1023,
        "id": 28,
        "race_set_id": 1023,
        "scenario_id": 0
    },
    {
        "chara_id": 1038,
        "id": 29,
        "race_set_id": 1038,
        "scenario_id": 0
    },
    {
        "chara_id": 1050,
        "id": 30,
        "race_set_id": 1050,
        "scenario_id": 0
    },
    {
        "chara_id": 1046,
        "id": 31,
        "race_set_id": 1046,
        "scenario_id": 0
    },
    {
        "chara_id": 1016,
        "id": 32,
        "race_set_id": 1016,
        "scenario_id": 0
    },
    {
        "chara_id": 1020,
        "id": 33,
        "race_set_id": 1020,
        "scenario_id": 0
    },
    {
        "chara_id": 1012,
        "id": 34,
        "race_set_id": 1012,
        "scenario_id": 0
    },
    {
        "chara_id": 1005,
        "id": 35,
        "race_set_id": 1005,
        "scenario_id": 0
    },
    {
        "chara_id": 1040,
        "id": 36,
        "race_set_id": 1040,
        "scenario_id": 0
    },
    {
        "chara_id": 1058,
        "id": 37,
        "race_set_id": 1058,
        "scenario_id": 0
    },
    {
        "chara_id": 1037,
        "id": 38,
        "race_set_id": 1037,
        "scenario_id": 0
    }
]