[
    {
        "id": 1,
        "level": 1,
        "scale": 50,
        "type": 1
    },
    {
        "id": 2,
        "level": 2,
        "scale": 100,
        "type": 1
    },
    {
        "id": 3,
        "level": 3,
        "scale": 150,
        "type": 1
    },
    {
        "id": 4,
        "level": 4,
        "scale": 200,
        "type": 1
    },
    {
        "id": 5,
        "level": 5,
        "scale": 250,
        "type": 1
    },
    {
        "id": 6,
        "level": 6,
        "scale": 300,
        "type": 1
    },
    {
        "id": 7,
        "level": 7,
        "scale": 350,
        "type": 1
    },
    {
        "id": 8,
        "level": 8,
        "scale": 400,
        "type": 1
    },
    {
        "id": 9,
        "level": 9,
        "scale": 450,
        "type": 1
    },
    {
        "id": 10,
        "level": 10,
        "scale": 500,
        "type": 1
    }
]