[
    {
        "idx": "team_stadium_race_result_motion_0_character_id",
        "stat": "61 1",
        "tbl": "team_stadium_race_result_motion"
    },
    {
        "idx": "team_stadium_bgm_0_scene_type",
        "stat": "11 2",
        "tbl": "team_stadium_bgm"
    },
    {
        "idx": "team_stadium_class_0_team_stadium_id",
        "stat": "6 6",
        "tbl": "team_stadium_class"
    },
    {
        "idx": "trained_chara_trade_item_0_trained_chara_rank",
        "stat": "98 1",
        "tbl": "trained_chara_trade_item"
    },
    {
        "idx": "topics_0_type",
        "stat": "229 77",
        "tbl": "topics"
    },
    {
        "idx": "main_story_race_chara_data_0_running_style",
        "stat": "167 34",
        "tbl": "main_story_race_chara_data"
    },
    {
        "idx": "main_story_race_chara_data_0_group_id",
        "stat": "167 11",
        "tbl": "main_story_race_chara_data"
    },
    {
        "idx": "sqlite_autoindex_mini_face_type_data_1",
        "stat": "35 1",
        "tbl": "mini_face_type_data"
    },
    {
        "idx": "directory_0_rank_level",
        "stat": "200 1",
        "tbl": "directory"
    },
    {
        "idx": "directory_0_required_point",
        "stat": "200 1",
        "tbl": "directory"
    },
    {
        "idx": "story_event_win_bonus_0_story_event_id",
        "stat": "98 20",
        "tbl": "story_event_win_bonus"
    },
    {
        "idx": "single_mode_aoharu_cutt_type_0_chara_type_1_cutt_type",
        "stat": "24 4 2",
        "tbl": "single_mode_aoharu_cutt_type"
    },
    {
        "idx": "single_mode_aoharu_cutt_type_0_chara_type",
        "stat": "24 4",
        "tbl": "single_mode_aoharu_cutt_type"
    },
    {
        "idx": "single_mode_aoharu_cutt_type_0_cutt_type",
        "stat": "24 12",
        "tbl": "single_mode_aoharu_cutt_type"
    },
    {
        "idx": "single_mode_aoharu_result_cutt_0_chara_id",
        "stat": "4 2",
        "tbl": "single_mode_aoharu_result_cutt"
    },
    {
        "idx": null,
        "stat": "4",
        "tbl": "single_mode_team_name"
    },
    {
        "idx": "single_mode_special_chara_0_scenario_id_1_chara_id",
        "stat": "6 3 1",
        "tbl": "single_mode_special_chara"
    },
    {
        "idx": "single_mode_special_chara_0_scenario_id",
        "stat": "6 3",
        "tbl": "single_mode_special_chara"
    },
    {
        "idx": "sqlite_autoindex_crane_game_catch_result_1",
        "stat": "68 3 1",
        "tbl": "crane_game_catch_result"
    },
    {
        "idx": "training_cutt_chara_data_0_command_id_1_sub_id",
        "stat": "263 24 24",
        "tbl": "training_cutt_chara_data"
    },
    {
        "idx": "story_event_top_chara_0_story_event_id",
        "stat": "47 10",
        "tbl": "story_event_top_chara"
    },
    {
        "idx": null,
        "stat": "153",
        "tbl": "single_mode_wins_saddle"
    },
    {
        "idx": "sqlite_autoindex_story_hip_offset_1",
        "stat": "1 1 1",
        "tbl": "story_hip_offset"
    },
    {
        "idx": "single_mode_scenario_record_0_scenario_id",
        "stat": "18 9",
        "tbl": "single_mode_scenario_record"
    },
    {
        "idx": null,
        "stat": "3",
        "tbl": "succession_relation_rank"
    },
    {
        "idx": null,
        "stat": "1",
        "tbl": "crane_game_define_param"
    },
    {
        "idx": "single_mode_recommend_setting_0_recommend_course_id",
        "stat": "3 1",
        "tbl": "single_mode_recommend_setting"
    },
    {
        "idx": "single_mode_analyze_ticket_0_grade",
        "stat": "7 1",
        "tbl": "single_mode_analyze_ticket"
    },
    {
        "idx": "single_mode_scout_chara_0_chara_id",
        "stat": "144 3",
        "tbl": "single_mode_scout_chara"
    },
    {
        "idx": "single_mode_training_0_command_id_1_command_level",
        "stat": "36 3 1",
        "tbl": "single_mode_training"
    },
    {
        "idx": "single_mode_training_0_cutin_file_id",
        "stat": "36 1",
        "tbl": "single_mode_training"
    },
    {
        "idx": "single_mode_training_0_command_type",
        "stat": "36 12",
        "tbl": "single_mode_training"
    },
    {
        "idx": "single_mode_training_0_command_id",
        "stat": "36 3",
        "tbl": "single_mode_training"
    },
    {
        "idx": "race_trophy_0_race_instance_id",
        "stat": "197 1",
        "tbl": "race_trophy"
    },
    {
        "idx": "race_trophy_0_trophy_id",
        "stat": "197 2",
        "tbl": "race_trophy"
    },
    {
        "idx": null,
        "stat": "740",
        "tbl": "mob_data"
    },
    {
        "idx": "race_jikkyo_cue_0_cuesheet_type",
        "stat": "1552 776",
        "tbl": "race_jikkyo_cue"
    },
    {
        "idx": "sqlite_autoindex_race_jikkyo_cue_1",
        "stat": "1552 2 1",
        "tbl": "race_jikkyo_cue"
    },
    {
        "idx": "event_motion_data_0_type",
        "stat": "755 378",
        "tbl": "event_motion_data"
    },
    {
        "idx": null,
        "stat": "19",
        "tbl": "single_mode_chara_effect"
    },
    {
        "idx": "single_mode_top_bg_0_scenario_id",
        "stat": "49 25",
        "tbl": "single_mode_top_bg"
    },
    {
        "idx": "single_mode_top_bg_0_month_1_scenario_id",
        "stat": "49 4 2",
        "tbl": "single_mode_top_bg"
    },
    {
        "idx": "race_bgm_0_race_type",
        "stat": "83 9",
        "tbl": "race_bgm"
    },
    {
        "idx": "race_jikkyo_message_0_comment_group",
        "stat": "2310 66",
        "tbl": "race_jikkyo_message"
    },
    {
        "idx": "race_jikkyo_message_0_group_id",
        "stat": "2310 3",
        "tbl": "race_jikkyo_message"
    },
    {
        "idx": "race_instance_0_race_id",
        "stat": "1160 2",
        "tbl": "race_instance"
    },
    {
        "idx": "single_mode_reward_set_0_reward_set_id",
        "stat": "734 15",
        "tbl": "single_mode_reward_set"
    },
    {
        "idx": "sqlite_autoindex_race_bib_color_1",
        "stat": "75 13 1",
        "tbl": "race_bib_color"
    },
    {
        "idx": null,
        "stat": "5",
        "tbl": "story_event_data"
    },
    {
        "idx": null,
        "stat": "9",
        "tbl": "race_proper_ground_rate"
    },
    {
        "idx": null,
        "stat": "2",
        "tbl": "single_mode_scenario"
    },
    {
        "idx": "succession_factor_effect_0_factor_group_id_1_effect_id",
        "stat": "1228 5 2",
        "tbl": "succession_factor_effect"
    },
    {
        "idx": "succession_factor_effect_0_factor_group_id",
        "stat": "1228 5",
        "tbl": "succession_factor_effect"
    },
    {
        "idx": "legend_race_0_race_instance_id",
        "stat": "17 1",
        "tbl": "legend_race"
    },
    {
        "idx": "legend_race_0_group_id",
        "stat": "17 1",
        "tbl": "legend_race"
    },
    {
        "idx": "story_event_mission_top_chara_0_story_event_id",
        "stat": "10 2",
        "tbl": "story_event_mission_top_chara"
    },
    {
        "idx": "story_event_mission_0_story_event_id",
        "stat": "215 43",
        "tbl": "story_event_mission"
    },
    {
        "idx": "succession_relation_member_0_chara_id",
        "stat": "1182 32",
        "tbl": "succession_relation_member"
    },
    {
        "idx": null,
        "stat": "12",
        "tbl": "item_exchange_top"
    },
    {
        "idx": "race_condition_0_ground_1_weather",
        "stat": "32 8 4",
        "tbl": "race_condition"
    },
    {
        "idx": "race_condition_0_weather_1_ground",
        "stat": "32 8 4",
        "tbl": "race_condition"
    },
    {
        "idx": "race_condition_0_season_1_weather",
        "stat": "32 7 2",
        "tbl": "race_condition"
    },
    {
        "idx": "race_condition_0_season_1_ground",
        "stat": "32 7 2",
        "tbl": "race_condition"
    },
    {
        "idx": "login_bonus_detail_0_login_bonus_id",
        "stat": "62 4",
        "tbl": "login_bonus_detail"
    },
    {
        "idx": "sqlite_autoindex_login_bonus_detail_1",
        "stat": "62 4 1",
        "tbl": "login_bonus_detail"
    },
    {
        "idx": "live_permission_data_0_music_id",
        "stat": "101 8",
        "tbl": "live_permission_data"
    },
    {
        "idx": "sqlite_autoindex_live_permission_data_1",
        "stat": "101 8 1",
        "tbl": "live_permission_data"
    },
    {
        "idx": "item_exchange_0_pay_item_id",
        "stat": "259 20",
        "tbl": "item_exchange"
    },
    {
        "idx": "item_exchange_0_item_exchange_top_id",
        "stat": "259 20",
        "tbl": "item_exchange"
    },
    {
        "idx": "audio_story_effect_0_effect_name",
        "stat": "12 1",
        "tbl": "audio_story_effect"
    },
    {
        "idx": "home_poster_data_0_priority",
        "stat": "11 3",
        "tbl": "home_poster_data"
    },
    {
        "idx": null,
        "stat": "33",
        "tbl": "crane_game_hidden_odds"
    },
    {
        "idx": "team_stadium_class_reward_0_team_stadium_id_1_class_reward_type",
        "stat": "17 17 5",
        "tbl": "team_stadium_class_reward"
    },
    {
        "idx": "single_mode_npc_0_npc_group_id",
        "stat": "1057 89",
        "tbl": "single_mode_npc"
    },
    {
        "idx": "sqlite_autoindex_home_prop_setting_1",
        "stat": "20 5 1",
        "tbl": "home_prop_setting"
    },
    {
        "idx": null,
        "stat": "598",
        "tbl": "succession_relation"
    },
    {
        "idx": "race_bgm_cutin_extension_time_0_cutin_category",
        "stat": "73 25",
        "tbl": "race_bgm_cutin_extension_time"
    },
    {
        "idx": "home_story_trigger_0_pos_id",
        "stat": "133 13",
        "tbl": "home_story_trigger"
    },
    {
        "idx": "home_story_trigger_0_home_event_type_1_story_id",
        "stat": "133 133 2",
        "tbl": "home_story_trigger"
    },
    {
        "idx": "event_motion_plus_data_0_layer_index",
        "stat": "149 75",
        "tbl": "event_motion_plus_data"
    },
    {
        "idx": "event_motion_plus_data_0_base_state_name",
        "stat": "149 1",
        "tbl": "event_motion_plus_data"
    },
    {
        "idx": "sqlite_autoindex_single_mode_event_conclusion_1",
        "stat": "152 38 1",
        "tbl": "single_mode_event_conclusion"
    },
    {
        "idx": "single_mode_rival_0_race_program_id",
        "stat": "853 9",
        "tbl": "single_mode_rival"
    },
    {
        "idx": "sqlite_autoindex_single_mode_rival_1",
        "stat": "853 23 2 2 1",
        "tbl": "single_mode_rival"
    },
    {
        "idx": "item_place_0_id",
        "stat": "113 2",
        "tbl": "item_place"
    },
    {
        "idx": "sqlite_autoindex_item_place_1",
        "stat": "113 2 2 1",
        "tbl": "item_place"
    },
    {
        "idx": null,
        "stat": "38",
        "tbl": "home_walk_group"
    },
    {
        "idx": "sqlite_autoindex_text_data_1",
        "stat": "22399 159 1",
        "tbl": "text_data"
    },
    {
        "idx": "single_mode_turn_0_turn_set_id",
        "stat": "156 78",
        "tbl": "single_mode_turn"
    },
    {
        "idx": "single_mode_top_bg_chara_0_bg_id_1_scenario_id",
        "stat": "12 12 12",
        "tbl": "single_mode_top_bg_chara"
    },
    {
        "idx": null,
        "stat": "1633",
        "tbl": "race_jikkyo_trigger"
    },
    {
        "idx": null,
        "stat": "105",
        "tbl": "limited_exchange_reward"
    },
    {
        "idx": "home_env_setting_0_home_set_id_1_home_event_type_2_season_3_weather_4_timezone",
        "stat": "84 84 42 14 4 1",
        "tbl": "home_env_setting"
    },
    {
        "idx": null,
        "stat": "1",
        "tbl": "crane_game_extra_odds_condition"
    },
    {
        "idx": "training_cutt_data_0_command_id_1_sub_id",
        "stat": "72 6 6",
        "tbl": "training_cutt_data"
    },
    {
        "idx": null,
        "stat": "4",
        "tbl": "timezone_data"
    },
    {
        "idx": "story_event_bingo_reward_0_reward_set_id",
        "stat": "64 8",
        "tbl": "story_event_bingo_reward"
    },
    {
        "idx": null,
        "stat": "159",
        "tbl": "race_trophy_reward"
    },
    {
        "idx": null,
        "stat": "6",
        "tbl": "gacha_free_campaign"
    },
    {
        "idx": null,
        "stat": "1",
        "tbl": "team_stadium"
    },
    {
        "idx": "mini_motion_set_0_id",
        "stat": "185 1",
        "tbl": "mini_motion_set"
    },
    {
        "idx": "sqlite_autoindex_mini_motion_set_1",
        "stat": "185 1",
        "tbl": "mini_motion_set"
    },
    {
        "idx": "story_event_nickname_bonus_0_story_event_id",
        "stat": "15 3",
        "tbl": "story_event_nickname_bonus"
    },
    {
        "idx": "sqlite_autoindex_story_event_nickname_bonus_1",
        "stat": "15 3 1",
        "tbl": "story_event_nickname_bonus"
    },
    {
        "idx": "story_event_bonus_support_card_0_story_event_id",
        "stat": "72 15",
        "tbl": "story_event_bonus_support_card"
    },
    {
        "idx": "sqlite_autoindex_story_event_bonus_support_card_1",
        "stat": "72 15 3 2 1",
        "tbl": "story_event_bonus_support_card"
    },
    {
        "idx": null,
        "stat": "1",
        "tbl": "story_extra_data"
    },
    {
        "idx": "single_mode_program_0_month",
        "stat": "610 51",
        "tbl": "single_mode_program"
    },
    {
        "idx": null,
        "stat": "13",
        "tbl": "item_pack"
    },
    {
        "idx": null,
        "stat": "134",
        "tbl": "daily_race_npc"
    },
    {
        "idx": "team_stadium_support_text_0_type",
        "stat": "10 5",
        "tbl": "team_stadium_support_text"
    },
    {
        "idx": "story_extra_story_data_0_story_extra_id",
        "stat": "10 10",
        "tbl": "story_extra_story_data"
    },
    {
        "idx": "single_mode_conclusion_set_0_story_id",
        "stat": "368 2",
        "tbl": "single_mode_conclusion_set"
    },
    {
        "idx": null,
        "stat": "42",
        "tbl": "single_mode_event_production"
    },
    {
        "idx": "single_mode_evaluation_0_chara_id",
        "stat": "12 4",
        "tbl": "single_mode_evaluation"
    },
    {
        "idx": "daily_race_0_race_instance_id",
        "stat": "6 1",
        "tbl": "daily_race"
    },
    {
        "idx": "note_profile_0_chara_id",
        "stat": "11 2",
        "tbl": "note_profile"
    },
    {
        "idx": null,
        "stat": "2",
        "tbl": "single_mode_outing_set"
    },
    {
        "idx": "single_mode_hint_gain_0_hint_id",
        "stat": "1209 19",
        "tbl": "single_mode_hint_gain"
    },
    {
        "idx": "succession_initial_factor_0_factor_type",
        "stat": "7 4",
        "tbl": "succession_initial_factor"
    },
    {
        "idx": "succession_initial_factor_0_factor_type_1_value_1",
        "stat": "7 4 1",
        "tbl": "succession_initial_factor"
    },
    {
        "idx": null,
        "stat": "11",
        "tbl": "circle_rank_data"
    },
    {
        "idx": "single_mode_event_item_detail_0_event_category_id_1_item_id",
        "stat": "16 2 1",
        "tbl": "single_mode_event_item_detail"
    },
    {
        "idx": null,
        "stat": "740",
        "tbl": "mob_dress_color_set"
    },
    {
        "idx": null,
        "stat": "13",
        "tbl": "limited_exchange_reward_odds"
    },
    {
        "idx": "champions_entry_reward_0_champions_id",
        "stat": "2 2",
        "tbl": "champions_entry_reward"
    },
    {
        "idx": "sqlite_autoindex_champions_entry_reward_1",
        "stat": "2 2 1",
        "tbl": "champions_entry_reward"
    },
    {
        "idx": "single_mode_route_0_scenario_id_1_chara_id",
        "stat": "38 38 1",
        "tbl": "single_mode_route"
    },
    {
        "idx": "succession_rental_0_rental_rank_1_rental_num",
        "stat": "490 5 1",
        "tbl": "succession_rental"
    },
    {
        "idx": null,
        "stat": "16",
        "tbl": "champions_evaluation_rate"
    },
    {
        "idx": null,
        "stat": "2",
        "tbl": "transfer_event_data"
    },
    {
        "idx": "race_player_camera_0_category",
        "stat": "95 48",
        "tbl": "race_player_camera"
    },
    {
        "idx": "race_player_camera_0_prefab_name",
        "stat": "95 1",
        "tbl": "race_player_camera"
    },
    {
        "idx": null,
        "stat": "48",
        "tbl": "piece_data"
    },
    {
        "idx": "support_card_data_0_chara_id",
        "stat": "150 3",
        "tbl": "support_card_data"
    },
    {
        "idx": "story_event_story_data_0_story_event_id",
        "stat": "40 8",
        "tbl": "story_event_story_data"
    },
    {
        "idx": "story_event_story_data_0_story_event_id_1_episode_index_id",
        "stat": "40 8 1",
        "tbl": "story_event_story_data"
    },
    {
        "idx": "champions_round_detail_0_champions_id_1_league_type",
        "stat": "56 14 7",
        "tbl": "champions_round_detail"
    },
    {
        "idx": null,
        "stat": "3",
        "tbl": "crane_game_prize_pattern"
    },
    {
        "idx": null,
        "stat": "3",
        "tbl": "crane_game_arm_swing"
    },
    {
        "idx": null,
        "stat": "30",
        "tbl": "team_stadium_rank"
    },
    {
        "idx": "single_mode_member_rank_0_member_rank_id",
        "stat": "8 1",
        "tbl": "single_mode_member_rank"
    },
    {
        "idx": "single_mode_training_se_0_sheet_id",
        "stat": "200 1",
        "tbl": "single_mode_training_se"
    },
    {
        "idx": "card_talent_upgrade_0_talent_group_id_1_talent_level",
        "stat": "192 4 1",
        "tbl": "card_talent_upgrade"
    },
    {
        "idx": "main_story_race_bonus_0_group_id",
        "stat": "9 2",
        "tbl": "main_story_race_bonus"
    },
    {
        "idx": null,
        "stat": "3",
        "tbl": "single_mode_ao_training_plate"
    },
    {
        "idx": null,
        "stat": "567",
        "tbl": "race_jikkyo_race"
    },
    {
        "idx": "race_jikkyo_base_0_mode",
        "stat": "3128 241",
        "tbl": "race_jikkyo_base"
    },
    {
        "idx": null,
        "stat": "52",
        "tbl": "champions_news_chara_wininfo"
    },
    {
        "idx": "character_system_text_0_character_id",
        "stat": "7544 107",
        "tbl": "character_system_text"
    },
    {
        "idx": "sqlite_autoindex_character_system_text_1",
        "stat": "7544 107 1",
        "tbl": "character_system_text"
    },
    {
        "idx": "story_event_roulette_bingo_0_story_event_id",
        "stat": "20 4",
        "tbl": "story_event_roulette_bingo"
    },
    {
        "idx": "sqlite_autoindex_story_event_roulette_bingo_1",
        "stat": "20 4 4 1",
        "tbl": "story_event_roulette_bingo"
    },
    {
        "idx": null,
        "stat": "1",
        "tbl": "single_mode_story_guide"
    },
    {
        "idx": null,
        "stat": "18",
        "tbl": "announce_character"
    },
    {
        "idx": "card_data_0_get_piece_id",
        "stat": "34 1",
        "tbl": "card_data"
    },
    {
        "idx": "card_data_0_chara_id",
        "stat": "34 2",
        "tbl": "card_data"
    },
    {
        "idx": "sqlite_autoindex_team_stadium_evaluation_rate_1",
        "stat": "24 8 1",
        "tbl": "team_stadium_evaluation_rate"
    },
    {
        "idx": null,
        "stat": "266",
        "tbl": "honor_data"
    },
    {
        "idx": "story_event_point_reward_0_story_event_id",
        "stat": "430 86",
        "tbl": "story_event_point_reward"
    },
    {
        "idx": null,
        "stat": "14",
        "tbl": "single_mode_recommend"
    },
    {
        "idx": null,
        "stat": "83",
        "tbl": "single_mode_race_live"
    },
    {
        "idx": null,
        "stat": "11",
        "tbl": "race_track"
    },
    {
        "idx": null,
        "stat": "17",
        "tbl": "legend_race_boss_npc"
    },
    {
        "idx": "sqlite_autoindex_circle_stamp_data_1",
        "stat": "31 1",
        "tbl": "circle_stamp_data"
    },
    {
        "idx": "banner_data_0_group_id",
        "stat": "67 12",
        "tbl": "banner_data"
    },
    {
        "idx": "mini_bg_chara_motion_0_bg_id",
        "stat": "84 17",
        "tbl": "mini_bg_chara_motion"
    },
    {
        "idx": "transfer_event_detail_0_transfer_event_id",
        "stat": "18 9",
        "tbl": "transfer_event_detail"
    },
    {
        "idx": "price_change_0_group_id",
        "stat": "9 5",
        "tbl": "price_change"
    },
    {
        "idx": null,
        "stat": "80",
        "tbl": "chara_data"
    },
    {
        "idx": "homestory_hip_offset_0_story_id_1_chara_id",
        "stat": "3 1 1",
        "tbl": "homestory_hip_offset"
    },
    {
        "idx": null,
        "stat": "32",
        "tbl": "announce_data"
    },
    {
        "idx": "sqlite_autoindex_champions_stand_motion_1",
        "stat": "18 6 1",
        "tbl": "champions_stand_motion"
    },
    {
        "idx": "chara_type_0_target_scene_1_target_cut",
        "stat": "3081 343 103",
        "tbl": "chara_type"
    },
    {
        "idx": "sqlite_autoindex_chara_type_1",
        "stat": "3081 1",
        "tbl": "chara_type"
    },
    {
        "idx": "single_mode_race_group_0_race_group_id",
        "stat": "610 2",
        "tbl": "single_mode_race_group"
    },
    {
        "idx": null,
        "stat": "14",
        "tbl": "announce_support_card"
    },
    {
        "idx": "character_prop_animation_0_prop_id_1_scene_type",
        "stat": "17 5 3",
        "tbl": "character_prop_animation"
    },
    {
        "idx": "team_stadium_raw_score_0_race_score_name_id",
        "stat": "95 14",
        "tbl": "team_stadium_raw_score"
    },
    {
        "idx": "team_stadium_raw_score_0_condition_type",
        "stat": "95 9",
        "tbl": "team_stadium_raw_score"
    },
    {
        "idx": "story_event_bonus_card_0_story_event_id",
        "stat": "20 4",
        "tbl": "story_event_bonus_card"
    },
    {
        "idx": "sqlite_autoindex_story_event_bonus_card_1",
        "stat": "20 4 2 1",
        "tbl": "story_event_bonus_card"
    },
    {
        "idx": "sqlite_autoindex_single_mode_difficulty_data_1",
        "stat": "1 1 1",
        "tbl": "single_mode_difficulty_data"
    },
    {
        "idx": null,
        "stat": "98",
        "tbl": "single_mode_rank"
    },
    {
        "idx": "audio_ignored_cue_on_highspeed_0_cue_name_1_cue_sheet",
        "stat": "7 1 1",
        "tbl": "audio_ignored_cue_on_highspeed"
    },
    {
        "idx": "single_mode_analyze_message_0_popularity",
        "stat": "53 3",
        "tbl": "single_mode_analyze_message"
    },
    {
        "idx": "single_mode_training_effect_0_command_id_1_result_state",
        "stat": "110 8 7",
        "tbl": "single_mode_training_effect"
    },
    {
        "idx": "race_jikkyo_comment_0_group_id",
        "stat": "182 2",
        "tbl": "race_jikkyo_comment"
    },
    {
        "idx": "support_card_team_score_bonus_0_level",
        "stat": "7 1",
        "tbl": "support_card_team_score_bonus"
    },
    {
        "idx": "support_card_level_0_rarity",
        "stat": "135 45",
        "tbl": "support_card_level"
    },
    {
        "idx": "sqlite_autoindex_support_card_level_1",
        "stat": "135 45 1",
        "tbl": "support_card_level"
    },
    {
        "idx": null,
        "stat": "9",
        "tbl": "race_proper_distance_rate"
    },
    {
        "idx": "champions_bgm_0_round_id_1_scene_type_2_race_number",
        "stat": "55 10 3 1",
        "tbl": "champions_bgm"
    },
    {
        "idx": "audio_cuesheet_0_attribute",
        "stat": "12 2",
        "tbl": "audio_cuesheet"
    },
    {
        "idx": "character_system_lottery_0_trigger_1_param1",
        "stat": "1803 12 3",
        "tbl": "character_system_lottery"
    },
    {
        "idx": "character_system_lottery_0_chara_id_1_trigger",
        "stat": "1803 44 3",
        "tbl": "character_system_lottery"
    },
    {
        "idx": "character_system_lottery_0_chara_id",
        "stat": "1803 44",
        "tbl": "character_system_lottery"
    },
    {
        "idx": "note_profile_text_type_0_text_type",
        "stat": "21 3",
        "tbl": "note_profile_text_type"
    },
    {
        "idx": "main_story_race_bonus_condition_0_group_id",
        "stat": "7 1",
        "tbl": "main_story_race_bonus_condition"
    },
    {
        "idx": null,
        "stat": "4",
        "tbl": "main_story_part"
    },
    {
        "idx": null,
        "stat": "5",
        "tbl": "single_mode_ao_offset"
    },
    {
        "idx": "single_mode_chara_program_0_chara_id",
        "stat": "536 9",
        "tbl": "single_mode_chara_program"
    },
    {
        "idx": "item_group_0_group_id",
        "stat": "35 18",
        "tbl": "item_group"
    },
    {
        "idx": "champions_news_trainer_wininfo_0_round_id",
        "stat": "48 10",
        "tbl": "champions_news_trainer_wininfo"
    },
    {
        "idx": "chara_motion_act_0_chara_id",
        "stat": "36 3",
        "tbl": "chara_motion_act"
    },
    {
        "idx": "chara_motion_act_0_chara_id_1_command_name",
        "stat": "36 3 1",
        "tbl": "chara_motion_act"
    },
    {
        "idx": "succession_factor_0_factor_group_id_1_rarity",
        "stat": "777 3 1",
        "tbl": "succession_factor"
    },
    {
        "idx": null,
        "stat": "25",
        "tbl": "race_bgm_pattern"
    },
    {
        "idx": "race_env_define_0_race_track_id",
        "stat": "880 80",
        "tbl": "race_env_define"
    },
    {
        "idx": null,
        "stat": "37",
        "tbl": "gacha_data"
    },
    {
        "idx": null,
        "stat": "1",
        "tbl": "daily_race_billing"
    },
    {
        "idx": "card_rarity_data_0_card_id_1_rarity",
        "stat": "126 4 1",
        "tbl": "card_rarity_data"
    },
    {
        "idx": "card_rarity_data_0_card_id",
        "stat": "126 4",
        "tbl": "card_rarity_data"
    },
    {
        "idx": "campaign_data_0_image_change",
        "stat": "48 24",
        "tbl": "campaign_data"
    },
    {
        "idx": "campaign_data_0_target_type",
        "stat": "48 10",
        "tbl": "campaign_data"
    },
    {
        "idx": null,
        "stat": "3",
        "tbl": "crane_game_prize_face"
    },
    {
        "idx": null,
        "stat": "9",
        "tbl": "race_course_set_status"
    },
    {
        "idx": null,
        "stat": "1",
        "tbl": "legend_race_billing"
    },
    {
        "idx": "gacha_piece_0_rarity",
        "stat": "3 1",
        "tbl": "gacha_piece"
    },
    {
        "idx": null,
        "stat": "5",
        "tbl": "skill_rarity"
    },
    {
        "idx": "support_card_effect_table_0_id",
        "stat": "1256 9",
        "tbl": "support_card_effect_table"
    },
    {
        "idx": "sqlite_autoindex_support_card_effect_table_1",
        "stat": "1256 9 1",
        "tbl": "support_card_effect_table"
    },
    {
        "idx": null,
        "stat": "6",
        "tbl": "race_single_mode_team_status"
    },
    {
        "idx": "sqlite_autoindex_live_data_1",
        "stat": "16 1",
        "tbl": "live_data"
    },
    {
        "idx": null,
        "stat": "279",
        "tbl": "legend_race_npc"
    },
    {
        "idx": "sqlite_autoindex_face_type_data_1",
        "stat": "114 1",
        "tbl": "face_type_data"
    },
    {
        "idx": "story_live_position_0_music_id",
        "stat": "75 10",
        "tbl": "story_live_position"
    },
    {
        "idx": "story_live_position_0_set_id",
        "stat": "75 10",
        "tbl": "story_live_position"
    },
    {
        "idx": "single_mode_member_rank_points_0_rank_id",
        "stat": "8 1",
        "tbl": "single_mode_member_rank_points"
    },
    {
        "idx": "gacha_available_0_gacha_id",
        "stat": "2939 80",
        "tbl": "gacha_available"
    },
    {
        "idx": "sqlite_autoindex_gacha_available_1",
        "stat": "2939 80 1",
        "tbl": "gacha_available"
    },
    {
        "idx": null,
        "stat": "126",
        "tbl": "champions_news_trainer_detail"
    },
    {
        "idx": null,
        "stat": "3",
        "tbl": "support_card_limit"
    },
    {
        "idx": null,
        "stat": "16",
        "tbl": "main_story_race_data"
    },
    {
        "idx": "chara_story_data_0_chara_id",
        "stat": "266 7",
        "tbl": "chara_story_data"
    },
    {
        "idx": "chara_story_data_0_chara_id_1_episode_index",
        "stat": "266 7 1",
        "tbl": "chara_story_data"
    },
    {
        "idx": "chara_story_data_0_story_id",
        "stat": "266 1",
        "tbl": "chara_story_data"
    },
    {
        "idx": null,
        "stat": "3",
        "tbl": "announce_event"
    },
    {
        "idx": null,
        "stat": "85",
        "tbl": "support_card_unique_effect"
    },
    {
        "idx": "background_data_0_bg_id_1_bg_sub",
        "stat": "328 3 1",
        "tbl": "background_data"
    },
    {
        "idx": "need_piece_num_data_0_rarity",
        "stat": "3 1",
        "tbl": "need_piece_num_data"
    },
    {
        "idx": "single_mode_story_data_0_short_story_id",
        "stat": "3712 4",
        "tbl": "single_mode_story_data"
    },
    {
        "idx": "single_mode_story_data_0_gallery_main_scenario",
        "stat": "3712 1238",
        "tbl": "single_mode_story_data"
    },
    {
        "idx": "single_mode_story_data_0_support_chara_id",
        "stat": "3712 59",
        "tbl": "single_mode_story_data"
    },
    {
        "idx": "single_mode_story_data_0_support_card_id",
        "stat": "3712 58",
        "tbl": "single_mode_story_data"
    },
    {
        "idx": "single_mode_story_data_0_card_chara_id",
        "stat": "3712 113",
        "tbl": "single_mode_story_data"
    },
    {
        "idx": "single_mode_story_data_0_card_id",
        "stat": "3712 107",
        "tbl": "single_mode_story_data"
    },
    {
        "idx": "single_mode_story_data_0_story_id",
        "stat": "3712 2",
        "tbl": "single_mode_story_data"
    },
    {
        "idx": null,
        "stat": "5",
        "tbl": "race_motivation_rate"
    },
    {
        "idx": "champions_news_title_0_round_id",
        "stat": "266 54",
        "tbl": "champions_news_title"
    },
    {
        "idx": null,
        "stat": "3525",
        "tbl": "chara_motion_set"
    },
    {
        "idx": "team_stadium_stand_motion_0_character_id_1_type",
        "stat": "14 5 5",
        "tbl": "team_stadium_stand_motion"
    },
    {
        "idx": "single_mode_tag_card_pos_0_support_card_id",
        "stat": "2310 15",
        "tbl": "single_mode_tag_card_pos"
    },
    {
        "idx": "single_mode_outing_0_command_group_id",
        "stat": "3 1",
        "tbl": "single_mode_outing"
    },
    {
        "idx": "race_0_group",
        "stat": "1069 98",
        "tbl": "race"
    },
    {
        "idx": "race_0_course_set",
        "stat": "1069 12",
        "tbl": "race"
    },
    {
        "idx": "mission_data_0_mission_type",
        "stat": "1677 280",
        "tbl": "mission_data"
    },
    {
        "idx": "skill_exp_0_type",
        "stat": "10 10",
        "tbl": "skill_exp"
    },
    {
        "idx": null,
        "stat": "32",
        "tbl": "mini_mouth_type"
    },
    {
        "idx": "tutorial_guide_data_0_group_id_1_page_index",
        "stat": "82 2 1",
        "tbl": "tutorial_guide_data"
    },
    {
        "idx": "tutorial_guide_data_0_group_id",
        "stat": "82 2",
        "tbl": "tutorial_guide_data"
    },
    {
        "idx": "transfer_event_reward_0_transfer_detail_id",
        "stat": "42 3",
        "tbl": "transfer_event_reward"
    },
    {
        "idx": null,
        "stat": "82",
        "tbl": "mob_hair_color_set"
    },
    {
        "idx": null,
        "stat": "2",
        "tbl": "limited_exchange"
    },
    {
        "idx": "dress_data_0_body_type",
        "stat": "120 8",
        "tbl": "dress_data"
    },
    {
        "idx": "dress_data_0_condition_type",
        "stat": "120 24",
        "tbl": "dress_data"
    },
    {
        "idx": "dress_data_0_chara_id",
        "stat": "120 3",
        "tbl": "dress_data"
    },
    {
        "idx": null,
        "stat": "2",
        "tbl": "crane_game_prop"
    },
    {
        "idx": "season_data_0_type",
        "stat": "28 6",
        "tbl": "season_data"
    },
    {
        "idx": "single_mode_fan_count_0_fan_set_id",
        "stat": "900 18",
        "tbl": "single_mode_fan_count"
    },
    {
        "idx": "sqlite_autoindex_champions_race_condition_1",
        "stat": "28 7 1",
        "tbl": "champions_race_condition"
    },
    {
        "idx": "skill_level_value_0_ability_type",
        "stat": "220 10",
        "tbl": "skill_level_value"
    },
    {
        "idx": null,
        "stat": "5",
        "tbl": "single_mode_aoharu_schedule"
    },
    {
        "idx": "daily_pack_0_group_id",
        "stat": "3 3",
        "tbl": "daily_pack"
    },
    {
        "idx": "sqlite_autoindex_daily_pack_1",
        "stat": "3 3 1",
        "tbl": "daily_pack"
    },
    {
        "idx": "champions_reward_rate_0_champions_id_1_round_id",
        "stat": "192 48 10",
        "tbl": "champions_reward_rate"
    },
    {
        "idx": null,
        "stat": "38",
        "tbl": "chara_category_motion"
    },
    {
        "idx": "love_rank_0_rank",
        "stat": "11 1",
        "tbl": "love_rank"
    },
    {
        "idx": "facial_mouth_change_0_chara_id",
        "stat": "14 2",
        "tbl": "facial_mouth_change"
    },
    {
        "idx": "facial_mouth_change_0_chara_id_1_before_facialname",
        "stat": "14 2 1",
        "tbl": "facial_mouth_change"
    },
    {
        "idx": "mini_bg_0_scene_type",
        "stat": "5 2",
        "tbl": "mini_bg"
    },
    {
        "idx": "champions_round_schedule_0_champions_id",
        "stat": "24 6",
        "tbl": "champions_round_schedule"
    },
    {
        "idx": "story_still_0_still_id",
        "stat": "52 2",
        "tbl": "story_still"
    },
    {
        "idx": null,
        "stat": "381",
        "tbl": "single_mode_skill_need_point"
    },
    {
        "idx": null,
        "stat": "5",
        "tbl": "race_overrun_pattern"
    },
    {
        "idx": "login_bonus_data_0_type",
        "stat": "20 7",
        "tbl": "login_bonus_data"
    },
    {
        "idx": "sqlite_autoindex_login_bonus_data_1",
        "stat": "20 1",
        "tbl": "login_bonus_data"
    },
    {
        "idx": "item_data_0_group_id",
        "stat": "82 28",
        "tbl": "item_data"
    },
    {
        "idx": "item_data_0_item_category",
        "stat": "82 4",
        "tbl": "item_data"
    },
    {
        "idx": "short_episode_0_scene",
        "stat": "7 2",
        "tbl": "short_episode"
    },
    {
        "idx": "champions_news_race_0_round_id",
        "stat": "211 43",
        "tbl": "champions_news_race"
    },
    {
        "idx": "skill_data_0_group_id",
        "stat": "446 2",
        "tbl": "skill_data"
    },
    {
        "idx": "campaign_chara_story_schedule_0_campaign_id",
        "stat": "88 4",
        "tbl": "campaign_chara_story_schedule"
    },
    {
        "idx": "campaign_chara_story_schedule_0_chara_id",
        "stat": "88 4",
        "tbl": "campaign_chara_story_schedule"
    },
    {
        "idx": "single_mode_unique_chara_0_partner_id_1_scenario_id",
        "stat": "9 2 1",
        "tbl": "single_mode_unique_chara"
    },
    {
        "idx": null,
        "stat": "723",
        "tbl": "skill_set"
    },
    {
        "idx": null,
        "stat": "25",
        "tbl": "single_mode_message"
    },
    {
        "idx": "available_skill_set_0_available_skill_set_id",
        "stat": "329 7",
        "tbl": "available_skill_set"
    },
    {
        "idx": "team_stadium_score_bonus_0_condition_type",
        "stat": "7 2",
        "tbl": "team_stadium_score_bonus"
    },
    {
        "idx": null,
        "stat": "80",
        "tbl": "gift_message"
    },
    {
        "idx": null,
        "stat": "9",
        "tbl": "race_proper_runningstyle_rate"
    },
    {
        "idx": null,
        "stat": "3",
        "tbl": "highlight_interpolate"
    },
    {
        "idx": null,
        "stat": "10",
        "tbl": "single_mode_chara_grade"
    },
    {
        "idx": null,
        "stat": "108",
        "tbl": "race_fence_set"
    },
    {
        "idx": "race_course_set_0_race_track_id",
        "stat": "107 10",
        "tbl": "race_course_set"
    },
    {
        "idx": "race_popularity_proper_value_0_proper_type",
        "stat": "16 8",
        "tbl": "race_popularity_proper_value"
    },
    {
        "idx": null,
        "stat": "1",
        "tbl": "home_event_schedule"
    },
    {
        "idx": "sqlite_autoindex_home_character_type_1",
        "stat": "23 6 1",
        "tbl": "home_character_type"
    },
    {
        "idx": "gacha_exchange_0_gacha_id",
        "stat": "65 3",
        "tbl": "gacha_exchange"
    },
    {
        "idx": "sqlite_autoindex_gacha_exchange_1",
        "stat": "65 3 1",
        "tbl": "gacha_exchange"
    },
    {
        "idx": "random_ear_tail_motion_0_parts_type",
        "stat": "27 14",
        "tbl": "random_ear_tail_motion"
    },
    {
        "idx": "nickname_0_user_show",
        "stat": "153 153",
        "tbl": "nickname"
    },
    {
        "idx": "main_story_data_0_part_id",
        "stat": "69 18",
        "tbl": "main_story_data"
    },
    {
        "idx": "sqlite_autoindex_main_story_data_1",
        "stat": "69 1",
        "tbl": "main_story_data"
    },
    {
        "idx": "single_mode_route_race_0_race_set_id",
        "stat": "467 13",
        "tbl": "single_mode_route_race"
    },
    {
        "idx": "gacha_top_bg_0_gacha_id",
        "stat": "48 1",
        "tbl": "gacha_top_bg"
    },
    {
        "idx": "champions_news_chara_comment_0_round_id",
        "stat": "499 100",
        "tbl": "champions_news_chara_comment"
    },
    {
        "idx": null,
        "stat": "465",
        "tbl": "champions_news_chara_detail"
    },
    {
        "idx": null,
        "stat": "4",
        "tbl": "champions_schedule"
    }
]