[
    {
        "id": 0,
        "order_id": 0,
        "page_id": 0,
        "still_id": 20001011
    },
    {
        "id": 1,
        "order_id": 1,
        "page_id": 0,
        "still_id": 20001011
    },
    {
        "id": 2,
        "order_id": 2,
        "page_id": 0,
        "still_id": 20001011
    },
    {
        "id": 3,
        "order_id": 3,
        "page_id": 0,
        "still_id": 20001011
    },
    {
        "id": 4,
        "order_id": 0,
        "page_id": 0,
        "still_id": 20001041
    },
    {
        "id": 5,
        "order_id": 1,
        "page_id": 0,
        "still_id": 20001041
    },
    {
        "id": 6,
        "order_id": 2,
        "page_id": 0,
        "still_id": 20001041
    },
    {
        "id": 7,
        "order_id": 0,
        "page_id": 0,
        "still_id": 20001071
    },
    {
        "id": 8,
        "order_id": 0,
        "page_id": 0,
        "still_id": 20001121
    },
    {
        "id": 9,
        "order_id": 0,
        "page_id": 0,
        "still_id": 20001131
    },
    {
        "id": 10,
        "order_id": 0,
        "page_id": 0,
        "still_id": 20002011
    },
    {
        "id": 11,
        "order_id": 0,
        "page_id": 1,
        "still_id": 20002011
    },
    {
        "id": 12,
        "order_id": 1,
        "page_id": 1,
        "still_id": 20002011
    },
    {
        "id": 13,
        "order_id": 2,
        "page_id": 1,
        "still_id": 20002011
    },
    {
        "id": 14,
        "order_id": 3,
        "page_id": 1,
        "still_id": 20002011
    },
    {
        "id": 15,
        "order_id": 4,
        "page_id": 1,
        "still_id": 20002011
    },
    {
        "id": 16,
        "order_id": 0,
        "page_id": 0,
        "still_id": 20002031
    },
    {
        "id": 17,
        "order_id": 0,
        "page_id": 0,
        "still_id": 20002071
    },
    {
        "id": 18,
        "order_id": 1,
        "page_id": 0,
        "still_id": 20002071
    },
    {
        "id": 19,
        "order_id": 0,
        "page_id": 0,
        "still_id": 20002091
    },
    {
        "id": 20,
        "order_id": 0,
        "page_id": 0,
        "still_id": 20002111
    },
    {
        "id": 21,
        "order_id": 0,
        "page_id": 1,
        "still_id": 20002111
    },
    {
        "id": 22,
        "order_id": 0,
        "page_id": 0,
        "still_id": 20002131
    },
    {
        "id": 23,
        "order_id": 0,
        "page_id": 0,
        "still_id": 20002133
    },
    {
        "id": 24,
        "order_id": 1,
        "page_id": 0,
        "still_id": 20002133
    },
    {
        "id": 25,
        "order_id": 0,
        "page_id": 0,
        "still_id": 90001008
    },
    {
        "id": 26,
        "order_id": 0,
        "page_id": 1,
        "still_id": 20003011
    },
    {
        "id": 27,
        "order_id": 0,
        "page_id": 0,
        "still_id": 20003051
    },
    {
        "id": 28,
        "order_id": 1,
        "page_id": 0,
        "still_id": 20003051
    },
    {
        "id": 29,
        "order_id": 2,
        "page_id": 0,
        "still_id": 20003051
    },
    {
        "id": 30,
        "order_id": 0,
        "page_id": 0,
        "still_id": 90003005
    },
    {
        "id": 31,
        "order_id": 0,
        "page_id": 0,
        "still_id": 90003007
    },
    {
        "id": 32,
        "order_id": 0,
        "page_id": 0,
        "still_id": 90003008
    },
    {
        "id": 33,
        "order_id": 0,
        "page_id": 0,
        "still_id": 20003081
    },
    {
        "id": 34,
        "order_id": 1,
        "page_id": 0,
        "still_id": 20003081
    },
    {
        "id": 35,
        "order_id": 0,
        "page_id": 0,
        "still_id": 20003121
    },
    {
        "id": 36,
        "order_id": 1,
        "page_id": 0,
        "still_id": 20003121
    },
    {
        "id": 37,
        "order_id": 0,
        "page_id": 0,
        "still_id": 20003133
    },
    {
        "id": 38,
        "order_id": 0,
        "page_id": 0,
        "still_id": 90002004
    },
    {
        "id": 39,
        "order_id": 0,
        "page_id": 1,
        "still_id": 90002004
    },
    {
        "id": 40,
        "order_id": 0,
        "page_id": 2,
        "still_id": 90002004
    },
    {
        "id": 41,
        "order_id": 0,
        "page_id": 0,
        "still_id": 20004021
    },
    {
        "id": 42,
        "order_id": 0,
        "page_id": 0,
        "still_id": 20004041
    },
    {
        "id": 43,
        "order_id": 1,
        "page_id": 0,
        "still_id": 20004041
    },
    {
        "id": 44,
        "order_id": 0,
        "page_id": 0,
        "still_id": 20004061
    },
    {
        "id": 45,
        "order_id": 1,
        "page_id": 0,
        "still_id": 20004061
    },
    {
        "id": 46,
        "order_id": 2,
        "page_id": 0,
        "still_id": 20004061
    },
    {
        "id": 47,
        "order_id": 0,
        "page_id": 0,
        "still_id": 20004111
    },
    {
        "id": 48,
        "order_id": 1,
        "page_id": 0,
        "still_id": 20004111
    },
    {
        "id": 49,
        "order_id": 0,
        "page_id": 0,
        "still_id": 20004134
    },
    {
        "id": 50,
        "order_id": 1,
        "page_id": 0,
        "still_id": 20004134
    },
    {
        "id": 51,
        "order_id": 2,
        "page_id": 0,
        "still_id": 20004134
    }
]