[
    {
        "bgm_cue_name": "snd_bgm_GM029_sys_02",
        "bgm_cuesheet_name": "snd_bgm_GM029",
        "character_id": 9001,
        "dress_id": 900101,
        "ending_flag": 0,
        "env_cue_name": "snd_sfx_atmos_tokubetu_d",
        "env_cuesheet_name": "snd_sfx_atmos_tokubetu_d",
        "id": 1,
        "menu_bg_id": 1,
        "menu_bg_sub_id": 1110,
        "story_event_id": 1001
    },
    {
        "bgm_cue_name": "snd_bgm_GM029_sys_02",
        "bgm_cuesheet_name": "snd_bgm_GM029",
        "character_id": 9001,
        "dress_id": 900101,
        "ending_flag": 1,
        "env_cue_name": "snd_sfx_atmos_tokubetu_d",
        "env_cuesheet_name": "snd_sfx_atmos_tokubetu_d",
        "id": 2,
        "menu_bg_id": 1,
        "menu_bg_sub_id": 1110,
        "story_event_id": 1001
    },
    {
        "bgm_cue_name": "snd_bgm_GM029_sys_02",
        "bgm_cuesheet_name": "snd_bgm_GM029",
        "character_id": 1062,
        "dress_id": 5,
        "ending_flag": 0,
        "env_cue_name": "snd_sfx_atmos_tokubetu_d",
        "env_cuesheet_name": "snd_sfx_atmos_tokubetu_d",
        "id": 3,
        "menu_bg_id": 1,
        "menu_bg_sub_id": 1110,
        "story_event_id": 1002
    },
    {
        "bgm_cue_name": "snd_bgm_GM029_sys_02",
        "bgm_cuesheet_name": "snd_bgm_GM029",
        "character_id": 1062,
        "dress_id": 5,
        "ending_flag": 1,
        "env_cue_name": "snd_sfx_atmos_tokubetu_d",
        "env_cuesheet_name": "snd_sfx_atmos_tokubetu_d",
        "id": 4,
        "menu_bg_id": 1,
        "menu_bg_sub_id": 1110,
        "story_event_id": 1002
    },
    {
        "bgm_cue_name": "snd_bgm_AM028_sys_02",
        "bgm_cuesheet_name": "snd_bgm_AM028",
        "character_id": 1059,
        "dress_id": 3,
        "ending_flag": 0,
        "env_cue_name": "snd_sfx_atmos_mori_d",
        "env_cuesheet_name": "snd_sfx_atmos_mori_d",
        "id": 5,
        "menu_bg_id": 51,
        "menu_bg_sub_id": 110,
        "story_event_id": 1003
    },
    {
        "bgm_cue_name": "snd_bgm_AM028_sys_02",
        "bgm_cuesheet_name": "snd_bgm_AM028",
        "character_id": 1059,
        "dress_id": 3,
        "ending_flag": 1,
        "env_cue_name": "snd_sfx_atmos_namiki_d",
        "env_cuesheet_name": "snd_sfx_atmos_namiki_d",
        "id": 6,
        "menu_bg_id": 126,
        "menu_bg_sub_id": 110,
        "story_event_id": 1003
    },
    {
        "bgm_cue_name": "snd_bgm_GM095_Lp01_sys",
        "bgm_cuesheet_name": "snd_bgm_GM095_Lp01",
        "character_id": 1007,
        "dress_id": 100701,
        "ending_flag": 0,
        "env_cue_name": "snd_sfx_atmos_aozora_d",
        "env_cuesheet_name": "snd_sfx_atmos_aozora_d",
        "id": 7,
        "menu_bg_id": 113,
        "menu_bg_sub_id": 110,
        "story_event_id": 1004
    },
    {
        "bgm_cue_name": "snd_bgm_GM095_Lp01_sys",
        "bgm_cuesheet_name": "snd_bgm_GM095_Lp01",
        "character_id": 1007,
        "dress_id": 100701,
        "ending_flag": 1,
        "env_cue_name": "snd_sfx_atmos_aozora_d",
        "env_cuesheet_name": "snd_sfx_atmos_aozora_d",
        "id": 8,
        "menu_bg_id": 113,
        "menu_bg_sub_id": 110,
        "story_event_id": 1004
    },
    {
        "bgm_cue_name": "snd_bgm_GM116_sys",
        "bgm_cuesheet_name": "snd_bgm_GM116",
        "character_id": 1004,
        "dress_id": 100430,
        "ending_flag": 0,
        "env_cue_name": "snd_sfx_atmos_zawazawa_e",
        "env_cuesheet_name": "snd_sfx_atmos_zawazawa_e",
        "id": 9,
        "menu_bg_id": 132,
        "menu_bg_sub_id": 1,
        "story_event_id": 1005
    },
    {
        "bgm_cue_name": "snd_bgm_AM028_sys_02",
        "bgm_cuesheet_name": "snd_bgm_AM028",
        "character_id": 1004,
        "dress_id": 901004,
        "ending_flag": 1,
        "env_cue_name": "snd_sfx_atmos_room_d_noext",
        "env_cuesheet_name": "snd_sfx_atmos_room_d_noext",
        "id": 10,
        "menu_bg_id": 135,
        "menu_bg_sub_id": 111,
        "story_event_id": 1005
    }
]