[
    {
        "chara_id": 1013,
        "chara_type": 1,
        "dress_color": 0,
        "dress_id": 101301,
        "id": 1,
        "music_id": 1025,
        "position_id": 1,
        "second_dress_color": 0,
        "second_dress_id": 0,
        "set_id": 1,
        "vocal_chara_id": 0
    },
    {
        "chara_id": 1013,
        "chara_type": 1,
        "dress_color": 0,
        "dress_id": 101301,
        "id": 2,
        "music_id": 1008,
        "position_id": 1,
        "second_dress_color": 0,
        "second_dress_id": 0,
        "set_id": 2,
        "vocal_chara_id": 0
    },
    {
        "chara_id": 10008,
        "chara_type": 2,
        "dress_color": 0,
        "dress_id": 8,
        "id": 3,
        "music_id": 1008,
        "position_id": 2,
        "second_dress_color": 0,
        "second_dress_id": 0,
        "set_id": 2,
        "vocal_chara_id": 1045
    },
    {
        "chara_id": 10009,
        "chara_type": 2,
        "dress_color": 0,
        "dress_id": 8,
        "id": 4,
        "music_id": 1008,
        "position_id": 3,
        "second_dress_color": 0,
        "second_dress_id": 0,
        "set_id": 2,
        "vocal_chara_id": 1011
    },
    {
        "chara_id": 1027,
        "chara_type": 1,
        "dress_color": 0,
        "dress_id": 7,
        "id": 5,
        "music_id": 1008,
        "position_id": 4,
        "second_dress_color": 0,
        "second_dress_id": 0,
        "set_id": 2,
        "vocal_chara_id": 0
    },
    {
        "chara_id": 10013,
        "chara_type": 2,
        "dress_color": 0,
        "dress_id": 7,
        "id": 6,
        "music_id": 1008,
        "position_id": 5,
        "second_dress_color": 0,
        "second_dress_id": 0,
        "set_id": 2,
        "vocal_chara_id": 0
    },
    {
        "chara_id": 10007,
        "chara_type": 2,
        "dress_color": 0,
        "dress_id": 7,
        "id": 7,
        "music_id": 1008,
        "position_id": 6,
        "second_dress_color": 0,
        "second_dress_id": 0,
        "set_id": 2,
        "vocal_chara_id": 0
    },
    {
        "chara_id": 10016,
        "chara_type": 2,
        "dress_color": 0,
        "dress_id": 7,
        "id": 8,
        "music_id": 1008,
        "position_id": 7,
        "second_dress_color": 0,
        "second_dress_id": 0,
        "set_id": 2,
        "vocal_chara_id": 0
    },
    {
        "chara_id": 10011,
        "chara_type": 2,
        "dress_color": 0,
        "dress_id": 7,
        "id": 9,
        "music_id": 1008,
        "position_id": 8,
        "second_dress_color": 0,
        "second_dress_id": 0,
        "set_id": 2,
        "vocal_chara_id": 0
    },
    {
        "chara_id": 10015,
        "chara_type": 2,
        "dress_color": 0,
        "dress_id": 7,
        "id": 10,
        "music_id": 1008,
        "position_id": 9,
        "second_dress_color": 0,
        "second_dress_id": 0,
        "set_id": 2,
        "vocal_chara_id": 0
    },
    {
        "chara_id": 10004,
        "chara_type": 2,
        "dress_color": 0,
        "dress_id": 7,
        "id": 11,
        "music_id": 1008,
        "position_id": 10,
        "second_dress_color": 0,
        "second_dress_id": 0,
        "set_id": 2,
        "vocal_chara_id": 0
    },
    {
        "chara_id": 10012,
        "chara_type": 2,
        "dress_color": 0,
        "dress_id": 7,
        "id": 12,
        "music_id": 1008,
        "position_id": 11,
        "second_dress_color": 0,
        "second_dress_id": 0,
        "set_id": 2,
        "vocal_chara_id": 0
    },
    {
        "chara_id": 10014,
        "chara_type": 2,
        "dress_color": 0,
        "dress_id": 7,
        "id": 13,
        "music_id": 1008,
        "position_id": 12,
        "second_dress_color": 0,
        "second_dress_id": 0,
        "set_id": 2,
        "vocal_chara_id": 0
    },
    {
        "chara_id": 10010,
        "chara_type": 2,
        "dress_color": 0,
        "dress_id": 7,
        "id": 14,
        "music_id": 1008,
        "position_id": 13,
        "second_dress_color": 0,
        "second_dress_id": 0,
        "set_id": 2,
        "vocal_chara_id": 0
    },
    {
        "chara_id": 10006,
        "chara_type": 2,
        "dress_color": 0,
        "dress_id": 7,
        "id": 15,
        "music_id": 1008,
        "position_id": 14,
        "second_dress_color": 0,
        "second_dress_id": 0,
        "set_id": 2,
        "vocal_chara_id": 0
    },
    {
        "chara_id": 10005,
        "chara_type": 2,
        "dress_color": 0,
        "dress_id": 7,
        "id": 16,
        "music_id": 1008,
        "position_id": 15,
        "second_dress_color": 0,
        "second_dress_id": 0,
        "set_id": 2,
        "vocal_chara_id": 0
    },
    {
        "chara_id": 10003,
        "chara_type": 2,
        "dress_color": 0,
        "dress_id": 7,
        "id": 17,
        "music_id": 1008,
        "position_id": 16,
        "second_dress_color": 0,
        "second_dress_id": 0,
        "set_id": 2,
        "vocal_chara_id": 0
    },
    {
        "chara_id": 10002,
        "chara_type": 2,
        "dress_color": 0,
        "dress_id": 7,
        "id": 18,
        "music_id": 1008,
        "position_id": 17,
        "second_dress_color": 0,
        "second_dress_id": 0,
        "set_id": 2,
        "vocal_chara_id": 0
    },
    {
        "chara_id": 10001,
        "chara_type": 2,
        "dress_color": 0,
        "dress_id": 7,
        "id": 19,
        "music_id": 1008,
        "position_id": 18,
        "second_dress_color": 0,
        "second_dress_id": 0,
        "set_id": 2,
        "vocal_chara_id": 0
    },
    {
        "chara_id": 1030,
        "chara_type": 1,
        "dress_color": 0,
        "dress_id": 103001,
        "id": 20,
        "music_id": 1026,
        "position_id": 1,
        "second_dress_color": 0,
        "second_dress_id": 0,
        "set_id": 3,
        "vocal_chara_id": 0
    },
    {
        "chara_id": 1035,
        "chara_type": 1,
        "dress_color": 0,
        "dress_id": 103501,
        "id": 21,
        "music_id": 1030,
        "position_id": 1,
        "second_dress_color": 0,
        "second_dress_id": 0,
        "set_id": 4,
        "vocal_chara_id": 0
    },
    {
        "chara_id": 1023,
        "chara_type": 1,
        "dress_color": 0,
        "dress_id": 102301,
        "id": 22,
        "music_id": 1030,
        "position_id": 2,
        "second_dress_color": 0,
        "second_dress_id": 0,
        "set_id": 4,
        "vocal_chara_id": 0
    },
    {
        "chara_id": 1050,
        "chara_type": 1,
        "dress_color": 0,
        "dress_id": 105001,
        "id": 23,
        "music_id": 1030,
        "position_id": 3,
        "second_dress_color": 0,
        "second_dress_id": 0,
        "set_id": 4,
        "vocal_chara_id": 0
    },
    {
        "chara_id": 1003,
        "chara_type": 1,
        "dress_color": 0,
        "dress_id": 100301,
        "id": 24,
        "music_id": 1032,
        "position_id": 1,
        "second_dress_color": 0,
        "second_dress_id": 100302,
        "set_id": 5,
        "vocal_chara_id": 0
    },
    {
        "chara_id": 1013,
        "chara_type": 1,
        "dress_color": 0,
        "dress_id": 101301,
        "id": 25,
        "music_id": 1032,
        "position_id": 2,
        "second_dress_color": 0,
        "second_dress_id": 0,
        "set_id": 5,
        "vocal_chara_id": 0
    },
    {
        "chara_id": 1060,
        "chara_type": 1,
        "dress_color": 0,
        "dress_id": 106001,
        "id": 26,
        "music_id": 1032,
        "position_id": 3,
        "second_dress_color": 0,
        "second_dress_id": 0,
        "set_id": 5,
        "vocal_chara_id": 0
    },
    {
        "chara_id": 1062,
        "chara_type": 1,
        "dress_color": 1,
        "dress_id": 7,
        "id": 27,
        "music_id": 1032,
        "position_id": 4,
        "second_dress_color": 0,
        "second_dress_id": 0,
        "set_id": 5,
        "vocal_chara_id": 0
    },
    {
        "chara_id": 1001,
        "chara_type": 1,
        "dress_color": 1,
        "dress_id": 7,
        "id": 28,
        "music_id": 1032,
        "position_id": 5,
        "second_dress_color": 0,
        "second_dress_id": 0,
        "set_id": 5,
        "vocal_chara_id": 0
    },
    {
        "chara_id": 1063,
        "chara_type": 1,
        "dress_color": 1,
        "dress_id": 7,
        "id": 29,
        "music_id": 1032,
        "position_id": 6,
        "second_dress_color": 0,
        "second_dress_id": 0,
        "set_id": 5,
        "vocal_chara_id": 0
    },
    {
        "chara_id": 1002,
        "chara_type": 1,
        "dress_color": 1,
        "dress_id": 7,
        "id": 30,
        "music_id": 1032,
        "position_id": 7,
        "second_dress_color": 0,
        "second_dress_id": 0,
        "set_id": 5,
        "vocal_chara_id": 0
    },
    {
        "chara_id": 1066,
        "chara_type": 1,
        "dress_color": 1,
        "dress_id": 7,
        "id": 31,
        "music_id": 1032,
        "position_id": 8,
        "second_dress_color": 0,
        "second_dress_id": 0,
        "set_id": 5,
        "vocal_chara_id": 0
    },
    {
        "chara_id": 1009,
        "chara_type": 1,
        "dress_color": 1,
        "dress_id": 7,
        "id": 32,
        "music_id": 1032,
        "position_id": 9,
        "second_dress_color": 0,
        "second_dress_id": 0,
        "set_id": 5,
        "vocal_chara_id": 0
    },
    {
        "chara_id": 1064,
        "chara_type": 1,
        "dress_color": 1,
        "dress_id": 7,
        "id": 33,
        "music_id": 1032,
        "position_id": 10,
        "second_dress_color": 0,
        "second_dress_id": 0,
        "set_id": 5,
        "vocal_chara_id": 0
    },
    {
        "chara_id": 1008,
        "chara_type": 1,
        "dress_color": 1,
        "dress_id": 7,
        "id": 34,
        "music_id": 1032,
        "position_id": 11,
        "second_dress_color": 0,
        "second_dress_id": 0,
        "set_id": 5,
        "vocal_chara_id": 0
    },
    {
        "chara_id": 1065,
        "chara_type": 1,
        "dress_color": 1,
        "dress_id": 7,
        "id": 35,
        "music_id": 1032,
        "position_id": 12,
        "second_dress_color": 0,
        "second_dress_id": 0,
        "set_id": 5,
        "vocal_chara_id": 0
    },
    {
        "chara_id": 1007,
        "chara_type": 1,
        "dress_color": 1,
        "dress_id": 7,
        "id": 36,
        "music_id": 1032,
        "position_id": 13,
        "second_dress_color": 0,
        "second_dress_id": 0,
        "set_id": 5,
        "vocal_chara_id": 0
    },
    {
        "chara_id": 1030,
        "chara_type": 1,
        "dress_color": 1,
        "dress_id": 7,
        "id": 37,
        "music_id": 1032,
        "position_id": 14,
        "second_dress_color": 0,
        "second_dress_id": 0,
        "set_id": 5,
        "vocal_chara_id": 0
    },
    {
        "chara_id": 1026,
        "chara_type": 1,
        "dress_color": 1,
        "dress_id": 7,
        "id": 38,
        "music_id": 1032,
        "position_id": 15,
        "second_dress_color": 0,
        "second_dress_id": 0,
        "set_id": 5,
        "vocal_chara_id": 0
    },
    {
        "chara_id": 1016,
        "chara_type": 1,
        "dress_color": 0,
        "dress_id": 101601,
        "id": 39,
        "music_id": 1028,
        "position_id": 1,
        "second_dress_color": 0,
        "second_dress_id": 0,
        "set_id": 6,
        "vocal_chara_id": 0
    },
    {
        "chara_id": 8001,
        "chara_type": 2,
        "dress_color": 0,
        "dress_id": 7,
        "id": 40,
        "music_id": 1028,
        "position_id": 2,
        "second_dress_color": 0,
        "second_dress_id": 0,
        "set_id": 6,
        "vocal_chara_id": 1032
    },
    {
        "chara_id": 8002,
        "chara_type": 2,
        "dress_color": 0,
        "dress_id": 7,
        "id": 41,
        "music_id": 1028,
        "position_id": 3,
        "second_dress_color": 0,
        "second_dress_id": 0,
        "set_id": 6,
        "vocal_chara_id": 1056
    },
    {
        "chara_id": 8003,
        "chara_type": 2,
        "dress_color": 0,
        "dress_id": 7,
        "id": 42,
        "music_id": 1028,
        "position_id": 4,
        "second_dress_color": 0,
        "second_dress_id": 0,
        "set_id": 6,
        "vocal_chara_id": 0
    },
    {
        "chara_id": 8004,
        "chara_type": 2,
        "dress_color": 0,
        "dress_id": 7,
        "id": 43,
        "music_id": 1028,
        "position_id": 5,
        "second_dress_color": 0,
        "second_dress_id": 0,
        "set_id": 6,
        "vocal_chara_id": 0
    },
    {
        "chara_id": 8005,
        "chara_type": 2,
        "dress_color": 0,
        "dress_id": 7,
        "id": 44,
        "music_id": 1028,
        "position_id": 6,
        "second_dress_color": 0,
        "second_dress_id": 0,
        "set_id": 6,
        "vocal_chara_id": 0
    },
    {
        "chara_id": 8006,
        "chara_type": 2,
        "dress_color": 0,
        "dress_id": 7,
        "id": 45,
        "music_id": 1028,
        "position_id": 7,
        "second_dress_color": 0,
        "second_dress_id": 0,
        "set_id": 6,
        "vocal_chara_id": 0
    },
    {
        "chara_id": 8007,
        "chara_type": 2,
        "dress_color": 0,
        "dress_id": 7,
        "id": 46,
        "music_id": 1028,
        "position_id": 8,
        "second_dress_color": 0,
        "second_dress_id": 0,
        "set_id": 6,
        "vocal_chara_id": 0
    },
    {
        "chara_id": 8008,
        "chara_type": 2,
        "dress_color": 0,
        "dress_id": 7,
        "id": 47,
        "music_id": 1028,
        "position_id": 9,
        "second_dress_color": 0,
        "second_dress_id": 0,
        "set_id": 6,
        "vocal_chara_id": 0
    },
    {
        "chara_id": 8009,
        "chara_type": 2,
        "dress_color": 0,
        "dress_id": 7,
        "id": 48,
        "music_id": 1028,
        "position_id": 10,
        "second_dress_color": 0,
        "second_dress_id": 0,
        "set_id": 6,
        "vocal_chara_id": 0
    },
    {
        "chara_id": 8010,
        "chara_type": 2,
        "dress_color": 0,
        "dress_id": 7,
        "id": 49,
        "music_id": 1028,
        "position_id": 11,
        "second_dress_color": 0,
        "second_dress_id": 0,
        "set_id": 6,
        "vocal_chara_id": 0
    },
    {
        "chara_id": 8011,
        "chara_type": 2,
        "dress_color": 0,
        "dress_id": 7,
        "id": 50,
        "music_id": 1028,
        "position_id": 12,
        "second_dress_color": 0,
        "second_dress_id": 0,
        "set_id": 6,
        "vocal_chara_id": 0
    },
    {
        "chara_id": 8012,
        "chara_type": 2,
        "dress_color": 0,
        "dress_id": 7,
        "id": 51,
        "music_id": 1028,
        "position_id": 13,
        "second_dress_color": 0,
        "second_dress_id": 0,
        "set_id": 6,
        "vocal_chara_id": 0
    },
    {
        "chara_id": 8013,
        "chara_type": 2,
        "dress_color": 0,
        "dress_id": 7,
        "id": 52,
        "music_id": 1028,
        "position_id": 14,
        "second_dress_color": 0,
        "second_dress_id": 0,
        "set_id": 6,
        "vocal_chara_id": 0
    },
    {
        "chara_id": 8014,
        "chara_type": 2,
        "dress_color": 0,
        "dress_id": 7,
        "id": 53,
        "music_id": 1028,
        "position_id": 15,
        "second_dress_color": 0,
        "second_dress_id": 0,
        "set_id": 6,
        "vocal_chara_id": 0
    },
    {
        "chara_id": 8015,
        "chara_type": 2,
        "dress_color": 0,
        "dress_id": 7,
        "id": 54,
        "music_id": 1028,
        "position_id": 16,
        "second_dress_color": 0,
        "second_dress_id": 0,
        "set_id": 6,
        "vocal_chara_id": 0
    },
    {
        "chara_id": 8016,
        "chara_type": 2,
        "dress_color": 0,
        "dress_id": 7,
        "id": 55,
        "music_id": 1028,
        "position_id": 17,
        "second_dress_color": 0,
        "second_dress_id": 0,
        "set_id": 6,
        "vocal_chara_id": 0
    },
    {
        "chara_id": 8017,
        "chara_type": 2,
        "dress_color": 0,
        "dress_id": 7,
        "id": 56,
        "music_id": 1028,
        "position_id": 18,
        "second_dress_color": 0,
        "second_dress_id": 0,
        "set_id": 6,
        "vocal_chara_id": 0
    },
    {
        "chara_id": 1016,
        "chara_type": 1,
        "dress_color": 0,
        "dress_id": 101602,
        "id": 57,
        "music_id": 1031,
        "position_id": 1,
        "second_dress_color": 0,
        "second_dress_id": 0,
        "set_id": 7,
        "vocal_chara_id": 0
    },
    {
        "chara_id": 1001,
        "chara_type": 1,
        "dress_color": 0,
        "dress_id": 103,
        "id": 58,
        "music_id": 1004,
        "position_id": 1,
        "second_dress_color": 0,
        "second_dress_id": 0,
        "set_id": 8,
        "vocal_chara_id": 0
    },
    {
        "chara_id": 1002,
        "chara_type": 1,
        "dress_color": 0,
        "dress_id": 103,
        "id": 59,
        "music_id": 1004,
        "position_id": 2,
        "second_dress_color": 0,
        "second_dress_id": 0,
        "set_id": 8,
        "vocal_chara_id": 0
    },
    {
        "chara_id": 1003,
        "chara_type": 1,
        "dress_color": 0,
        "dress_id": 102,
        "id": 60,
        "music_id": 1004,
        "position_id": 3,
        "second_dress_color": 0,
        "second_dress_id": 0,
        "set_id": 8,
        "vocal_chara_id": 0
    },
    {
        "chara_id": 1007,
        "chara_type": 1,
        "dress_color": 0,
        "dress_id": 103,
        "id": 61,
        "music_id": 1004,
        "position_id": 4,
        "second_dress_color": 0,
        "second_dress_id": 0,
        "set_id": 8,
        "vocal_chara_id": 0
    },
    {
        "chara_id": 1013,
        "chara_type": 1,
        "dress_color": 0,
        "dress_id": 103,
        "id": 62,
        "music_id": 1004,
        "position_id": 5,
        "second_dress_color": 0,
        "second_dress_id": 0,
        "set_id": 8,
        "vocal_chara_id": 0
    },
    {
        "chara_id": 1009,
        "chara_type": 1,
        "dress_color": 0,
        "dress_id": 103,
        "id": 63,
        "music_id": 1004,
        "position_id": 6,
        "second_dress_color": 0,
        "second_dress_id": 0,
        "set_id": 8,
        "vocal_chara_id": 0
    },
    {
        "chara_id": 1008,
        "chara_type": 1,
        "dress_color": 0,
        "dress_id": 102,
        "id": 64,
        "music_id": 1004,
        "position_id": 7,
        "second_dress_color": 0,
        "second_dress_id": 0,
        "set_id": 8,
        "vocal_chara_id": 0
    },
    {
        "chara_id": 1018,
        "chara_type": 1,
        "dress_color": 0,
        "dress_id": 103,
        "id": 65,
        "music_id": 1004,
        "position_id": 8,
        "second_dress_color": 0,
        "second_dress_id": 0,
        "set_id": 8,
        "vocal_chara_id": 0
    },
    {
        "chara_id": 1017,
        "chara_type": 1,
        "dress_color": 0,
        "dress_id": 103,
        "id": 66,
        "music_id": 1004,
        "position_id": 9,
        "second_dress_color": 0,
        "second_dress_id": 0,
        "set_id": 8,
        "vocal_chara_id": 0
    },
    {
        "chara_id": 1024,
        "chara_type": 1,
        "dress_color": 0,
        "dress_id": 102,
        "id": 67,
        "music_id": 1004,
        "position_id": 10,
        "second_dress_color": 0,
        "second_dress_id": 0,
        "set_id": 8,
        "vocal_chara_id": 0
    },
    {
        "chara_id": 1016,
        "chara_type": 1,
        "dress_color": 0,
        "dress_id": 103,
        "id": 68,
        "music_id": 1004,
        "position_id": 11,
        "second_dress_color": 0,
        "second_dress_id": 0,
        "set_id": 8,
        "vocal_chara_id": 0
    },
    {
        "chara_id": 1068,
        "chara_type": 1,
        "dress_color": 0,
        "dress_id": 102,
        "id": 69,
        "music_id": 1004,
        "position_id": 12,
        "second_dress_color": 0,
        "second_dress_id": 0,
        "set_id": 8,
        "vocal_chara_id": 0
    },
    {
        "chara_id": 1067,
        "chara_type": 1,
        "dress_color": 0,
        "dress_id": 103,
        "id": 70,
        "music_id": 1004,
        "position_id": 13,
        "second_dress_color": 0,
        "second_dress_id": 0,
        "set_id": 8,
        "vocal_chara_id": 0
    },
    {
        "chara_id": 1066,
        "chara_type": 1,
        "dress_color": 0,
        "dress_id": 103,
        "id": 71,
        "music_id": 1004,
        "position_id": 14,
        "second_dress_color": 0,
        "second_dress_id": 0,
        "set_id": 8,
        "vocal_chara_id": 0
    },
    {
        "chara_id": 1060,
        "chara_type": 1,
        "dress_color": 0,
        "dress_id": 103,
        "id": 72,
        "music_id": 1004,
        "position_id": 15,
        "second_dress_color": 0,
        "second_dress_id": 0,
        "set_id": 8,
        "vocal_chara_id": 0
    },
    {
        "chara_id": 1023,
        "chara_type": 1,
        "dress_color": 0,
        "dress_id": 103,
        "id": 73,
        "music_id": 1004,
        "position_id": 16,
        "second_dress_color": 0,
        "second_dress_id": 0,
        "set_id": 8,
        "vocal_chara_id": 0
    },
    {
        "chara_id": 1050,
        "chara_type": 1,
        "dress_color": 0,
        "dress_id": 102,
        "id": 74,
        "music_id": 1004,
        "position_id": 17,
        "second_dress_color": 0,
        "second_dress_id": 0,
        "set_id": 8,
        "vocal_chara_id": 0
    },
    {
        "chara_id": 1035,
        "chara_type": 1,
        "dress_color": 0,
        "dress_id": 102,
        "id": 75,
        "music_id": 1004,
        "position_id": 18,
        "second_dress_color": 0,
        "second_dress_id": 0,
        "set_id": 8,
        "vocal_chara_id": 0
    }
]