[
    {
        "card_id": 0,
        "chara_id": 1001,
        "end_date": 1657421999,
        "id": 1,
        "rarity_1": 0,
        "rarity_2": 0,
        "rarity_3": 10,
        "rarity_4": 12,
        "rarity_5": 15,
        "start_date": 1656298800,
        "story_event_id": 1001
    },
    {
        "card_id": 0,
        "chara_id": 1015,
        "end_date": 1657421999,
        "id": 2,
        "rarity_1": 0,
        "rarity_2": 0,
        "rarity_3": 10,
        "rarity_4": 12,
        "rarity_5": 15,
        "start_date": 1656298800,
        "story_event_id": 1001
    },
    {
        "card_id": 0,
        "chara_id": 1002,
        "end_date": 1657421999,
        "id": 3,
        "rarity_1": 0,
        "rarity_2": 0,
        "rarity_3": 5,
        "rarity_4": 7,
        "rarity_5": 10,
        "start_date": 1656298800,
        "story_event_id": 1001
    },
    {
        "card_id": 0,
        "chara_id": 1003,
        "end_date": 1657421999,
        "id": 4,
        "rarity_1": 0,
        "rarity_2": 0,
        "rarity_3": 5,
        "rarity_4": 7,
        "rarity_5": 10,
        "start_date": 1656298800,
        "story_event_id": 1001
    },
    {
        "card_id": 0,
        "chara_id": 1026,
        "end_date": 1657421999,
        "id": 5,
        "rarity_1": 0,
        "rarity_2": 0,
        "rarity_3": 10,
        "rarity_4": 12,
        "rarity_5": 15,
        "start_date": 1656903600,
        "story_event_id": 1001
    },
    {
        "card_id": 100301,
        "chara_id": 1003,
        "end_date": 1660100399,
        "id": 6,
        "rarity_1": 0,
        "rarity_2": 0,
        "rarity_3": 5,
        "rarity_4": 7,
        "rarity_5": 10,
        "start_date": 1658718000,
        "story_event_id": 1002
    },
    {
        "card_id": 100302,
        "chara_id": 1003,
        "end_date": 1660100399,
        "id": 7,
        "rarity_1": 0,
        "rarity_2": 0,
        "rarity_3": 10,
        "rarity_4": 12,
        "rarity_5": 15,
        "start_date": 1658718000,
        "story_event_id": 1002
    },
    {
        "card_id": 101301,
        "chara_id": 1013,
        "end_date": 1660100399,
        "id": 8,
        "rarity_1": 0,
        "rarity_2": 0,
        "rarity_3": 5,
        "rarity_4": 7,
        "rarity_5": 10,
        "start_date": 1658718000,
        "story_event_id": 1002
    },
    {
        "card_id": 101302,
        "chara_id": 1013,
        "end_date": 1660100399,
        "id": 9,
        "rarity_1": 0,
        "rarity_2": 0,
        "rarity_3": 10,
        "rarity_4": 12,
        "rarity_5": 15,
        "start_date": 1658718000,
        "story_event_id": 1002
    },
    {
        "card_id": 106001,
        "chara_id": 1060,
        "end_date": 1660100399,
        "id": 10,
        "rarity_1": 1,
        "rarity_2": 3,
        "rarity_3": 5,
        "rarity_4": 7,
        "rarity_5": 10,
        "start_date": 1658718000,
        "story_event_id": 1002
    },
    {
        "card_id": 102401,
        "chara_id": 1024,
        "end_date": 1664333999,
        "id": 11,
        "rarity_1": 0,
        "rarity_2": 3,
        "rarity_3": 5,
        "rarity_4": 7,
        "rarity_5": 10,
        "start_date": 1663210800,
        "story_event_id": 1003
    },
    {
        "card_id": 101801,
        "chara_id": 1018,
        "end_date": 1664333999,
        "id": 13,
        "rarity_1": 0,
        "rarity_2": 3,
        "rarity_3": 5,
        "rarity_4": 7,
        "rarity_5": 10,
        "start_date": 1663210800,
        "story_event_id": 1003
    },
    {
        "card_id": 101401,
        "chara_id": 1014,
        "end_date": 1667185199,
        "id": 17,
        "rarity_1": 0,
        "rarity_2": 3,
        "rarity_3": 5,
        "rarity_4": 7,
        "rarity_5": 10,
        "start_date": 1666062000,
        "story_event_id": 1004
    },
    {
        "card_id": 101101,
        "chara_id": 1011,
        "end_date": 1667185199,
        "id": 18,
        "rarity_1": 0,
        "rarity_2": 3,
        "rarity_3": 5,
        "rarity_4": 7,
        "rarity_5": 10,
        "start_date": 1666062000,
        "story_event_id": 1004
    },
    {
        "card_id": 100701,
        "chara_id": 1007,
        "end_date": 1667185199,
        "id": 19,
        "rarity_1": 0,
        "rarity_2": 3,
        "rarity_3": 5,
        "rarity_4": 7,
        "rarity_5": 10,
        "start_date": 1666062000,
        "story_event_id": 1004
    },
    {
        "card_id": 106101,
        "chara_id": 1061,
        "end_date": 1667185199,
        "id": 21,
        "rarity_1": 1,
        "rarity_2": 3,
        "rarity_3": 5,
        "rarity_4": 7,
        "rarity_5": 10,
        "start_date": 1666062000,
        "story_event_id": 1004
    },
    {
        "card_id": 100101,
        "chara_id": 1001,
        "end_date": 1669604399,
        "id": 22,
        "rarity_1": 0,
        "rarity_2": 0,
        "rarity_3": 5,
        "rarity_4": 7,
        "rarity_5": 10,
        "start_date": 1668481200,
        "story_event_id": 1005
    },
    {
        "card_id": 100401,
        "chara_id": 1004,
        "end_date": 1669604399,
        "id": 24,
        "rarity_1": 0,
        "rarity_2": 0,
        "rarity_3": 5,
        "rarity_4": 7,
        "rarity_5": 10,
        "start_date": 1668481200,
        "story_event_id": 1005
    },
    {
        "card_id": 100901,
        "chara_id": 1009,
        "end_date": 1669604399,
        "id": 26,
        "rarity_1": 0,
        "rarity_2": 3,
        "rarity_3": 5,
        "rarity_4": 7,
        "rarity_5": 10,
        "start_date": 1668481200,
        "story_event_id": 1005
    },
    {
        "card_id": 103501,
        "chara_id": 1035,
        "end_date": 1669604399,
        "id": 27,
        "rarity_1": 1,
        "rarity_2": 3,
        "rarity_3": 5,
        "rarity_4": 7,
        "rarity_5": 10,
        "start_date": 1668481200,
        "story_event_id": 1005
    }
]