[
    {
        "id": 1,
        "item_category": 103,
        "item_id": 98,
        "item_num": 500,
        "line_num": 1,
        "reward_set_id": 1
    },
    {
        "id": 2,
        "item_category": 30,
        "item_id": 110,
        "item_num": 1000,
        "line_num": 2,
        "reward_set_id": 1
    },
    {
        "id": 3,
        "item_category": 21,
        "item_id": 34,
        "item_num": 1,
        "line_num": 3,
        "reward_set_id": 1
    },
    {
        "id": 4,
        "item_category": 150,
        "item_id": 117,
        "item_num": 1,
        "line_num": 4,
        "reward_set_id": 1
    },
    {
        "id": 5,
        "item_category": 34,
        "item_id": 95,
        "item_num": 1,
        "line_num": 5,
        "reward_set_id": 1
    },
    {
        "id": 6,
        "item_category": 20,
        "item_id": 32,
        "item_num": 1,
        "line_num": 6,
        "reward_set_id": 1
    },
    {
        "id": 7,
        "item_category": 90,
        "item_id": 43,
        "item_num": 100,
        "line_num": 7,
        "reward_set_id": 1
    },
    {
        "id": 8,
        "item_category": 51,
        "item_id": 30025,
        "item_num": 1,
        "line_num": 8,
        "reward_set_id": 1
    },
    {
        "id": 9,
        "item_category": 150,
        "item_id": 118,
        "item_num": 1,
        "line_num": 1,
        "reward_set_id": 2
    },
    {
        "id": 10,
        "item_category": 150,
        "item_id": 116,
        "item_num": 1,
        "line_num": 2,
        "reward_set_id": 2
    },
    {
        "id": 11,
        "item_category": 34,
        "item_id": 95,
        "item_num": 1,
        "line_num": 3,
        "reward_set_id": 2
    },
    {
        "id": 12,
        "item_category": 21,
        "item_id": 34,
        "item_num": 1,
        "line_num": 4,
        "reward_set_id": 2
    },
    {
        "id": 13,
        "item_category": 91,
        "item_id": 59,
        "item_num": 500,
        "line_num": 5,
        "reward_set_id": 2
    },
    {
        "id": 14,
        "item_category": 103,
        "item_id": 98,
        "item_num": 100,
        "line_num": 6,
        "reward_set_id": 2
    },
    {
        "id": 15,
        "item_category": 30,
        "item_id": 110,
        "item_num": 300,
        "line_num": 7,
        "reward_set_id": 2
    },
    {
        "id": 16,
        "item_category": 97,
        "item_id": 115,
        "item_num": 1,
        "line_num": 8,
        "reward_set_id": 2
    },
    {
        "id": 17,
        "item_category": 103,
        "item_id": 98,
        "item_num": 500,
        "line_num": 1,
        "reward_set_id": 3
    },
    {
        "id": 18,
        "item_category": 30,
        "item_id": 110,
        "item_num": 1000,
        "line_num": 2,
        "reward_set_id": 3
    },
    {
        "id": 19,
        "item_category": 21,
        "item_id": 34,
        "item_num": 1,
        "line_num": 3,
        "reward_set_id": 3
    },
    {
        "id": 20,
        "item_category": 150,
        "item_id": 117,
        "item_num": 1,
        "line_num": 4,
        "reward_set_id": 3
    },
    {
        "id": 21,
        "item_category": 51,
        "item_id": 20026,
        "item_num": 1,
        "line_num": 5,
        "reward_set_id": 3
    },
    {
        "id": 22,
        "item_category": 34,
        "item_id": 95,
        "item_num": 1,
        "line_num": 6,
        "reward_set_id": 3
    },
    {
        "id": 23,
        "item_category": 20,
        "item_id": 32,
        "item_num": 1,
        "line_num": 7,
        "reward_set_id": 3
    },
    {
        "id": 24,
        "item_category": 51,
        "item_id": 30030,
        "item_num": 1,
        "line_num": 8,
        "reward_set_id": 3
    },
    {
        "id": 25,
        "item_category": 103,
        "item_id": 98,
        "item_num": 500,
        "line_num": 1,
        "reward_set_id": 4
    },
    {
        "id": 26,
        "item_category": 30,
        "item_id": 110,
        "item_num": 1000,
        "line_num": 2,
        "reward_set_id": 4
    },
    {
        "id": 27,
        "item_category": 21,
        "item_id": 34,
        "item_num": 1,
        "line_num": 3,
        "reward_set_id": 4
    },
    {
        "id": 28,
        "item_category": 150,
        "item_id": 116,
        "item_num": 1,
        "line_num": 4,
        "reward_set_id": 4
    },
    {
        "id": 29,
        "item_category": 34,
        "item_id": 95,
        "item_num": 1,
        "line_num": 5,
        "reward_set_id": 4
    },
    {
        "id": 30,
        "item_category": 20,
        "item_id": 32,
        "item_num": 1,
        "line_num": 6,
        "reward_set_id": 4
    },
    {
        "id": 31,
        "item_category": 90,
        "item_id": 43,
        "item_num": 150,
        "line_num": 7,
        "reward_set_id": 4
    },
    {
        "id": 32,
        "item_category": 51,
        "item_id": 30041,
        "item_num": 1,
        "line_num": 8,
        "reward_set_id": 4
    },
    {
        "id": 33,
        "item_category": 91,
        "item_id": 59,
        "item_num": 100,
        "line_num": 1,
        "reward_set_id": 5
    },
    {
        "id": 34,
        "item_category": 103,
        "item_id": 98,
        "item_num": 100,
        "line_num": 2,
        "reward_set_id": 5
    },
    {
        "id": 35,
        "item_category": 30,
        "item_id": 110,
        "item_num": 300,
        "line_num": 3,
        "reward_set_id": 5
    },
    {
        "id": 36,
        "item_category": 91,
        "item_id": 59,
        "item_num": 500,
        "line_num": 4,
        "reward_set_id": 5
    },
    {
        "id": 37,
        "item_category": 150,
        "item_id": 116,
        "item_num": 1,
        "line_num": 5,
        "reward_set_id": 5
    },
    {
        "id": 38,
        "item_category": 34,
        "item_id": 95,
        "item_num": 1,
        "line_num": 6,
        "reward_set_id": 5
    },
    {
        "id": 39,
        "item_category": 21,
        "item_id": 34,
        "item_num": 1,
        "line_num": 7,
        "reward_set_id": 5
    },
    {
        "id": 40,
        "item_category": 97,
        "item_id": 115,
        "item_num": 1,
        "line_num": 8,
        "reward_set_id": 5
    },
    {
        "id": 41,
        "item_category": 103,
        "item_id": 98,
        "item_num": 500,
        "line_num": 1,
        "reward_set_id": 6
    },
    {
        "id": 42,
        "item_category": 30,
        "item_id": 110,
        "item_num": 1000,
        "line_num": 2,
        "reward_set_id": 6
    },
    {
        "id": 43,
        "item_category": 21,
        "item_id": 34,
        "item_num": 1,
        "line_num": 3,
        "reward_set_id": 6
    },
    {
        "id": 44,
        "item_category": 150,
        "item_id": 116,
        "item_num": 1,
        "line_num": 4,
        "reward_set_id": 6
    },
    {
        "id": 45,
        "item_category": 34,
        "item_id": 95,
        "item_num": 1,
        "line_num": 5,
        "reward_set_id": 6
    },
    {
        "id": 46,
        "item_category": 20,
        "item_id": 32,
        "item_num": 1,
        "line_num": 6,
        "reward_set_id": 6
    },
    {
        "id": 47,
        "item_category": 90,
        "item_id": 43,
        "item_num": 150,
        "line_num": 7,
        "reward_set_id": 6
    },
    {
        "id": 48,
        "item_category": 51,
        "item_id": 30057,
        "item_num": 1,
        "line_num": 8,
        "reward_set_id": 6
    },
    {
        "id": 49,
        "item_category": 91,
        "item_id": 59,
        "item_num": 100,
        "line_num": 1,
        "reward_set_id": 7
    },
    {
        "id": 50,
        "item_category": 103,
        "item_id": 98,
        "item_num": 100,
        "line_num": 2,
        "reward_set_id": 7
    },
    {
        "id": 51,
        "item_category": 30,
        "item_id": 110,
        "item_num": 300,
        "line_num": 3,
        "reward_set_id": 7
    },
    {
        "id": 52,
        "item_category": 91,
        "item_id": 59,
        "item_num": 500,
        "line_num": 4,
        "reward_set_id": 7
    },
    {
        "id": 53,
        "item_category": 150,
        "item_id": 116,
        "item_num": 1,
        "line_num": 5,
        "reward_set_id": 7
    },
    {
        "id": 54,
        "item_category": 34,
        "item_id": 95,
        "item_num": 1,
        "line_num": 6,
        "reward_set_id": 7
    },
    {
        "id": 55,
        "item_category": 21,
        "item_id": 34,
        "item_num": 1,
        "line_num": 7,
        "reward_set_id": 7
    },
    {
        "id": 56,
        "item_category": 97,
        "item_id": 115,
        "item_num": 1,
        "line_num": 8,
        "reward_set_id": 7
    },
    {
        "id": 57,
        "item_category": 103,
        "item_id": 98,
        "item_num": 500,
        "line_num": 1,
        "reward_set_id": 8
    },
    {
        "id": 58,
        "item_category": 30,
        "item_id": 110,
        "item_num": 1000,
        "line_num": 2,
        "reward_set_id": 8
    },
    {
        "id": 59,
        "item_category": 21,
        "item_id": 34,
        "item_num": 1,
        "line_num": 3,
        "reward_set_id": 8
    },
    {
        "id": 60,
        "item_category": 150,
        "item_id": 116,
        "item_num": 1,
        "line_num": 4,
        "reward_set_id": 8
    },
    {
        "id": 61,
        "item_category": 34,
        "item_id": 95,
        "item_num": 1,
        "line_num": 5,
        "reward_set_id": 8
    },
    {
        "id": 62,
        "item_category": 20,
        "item_id": 32,
        "item_num": 1,
        "line_num": 6,
        "reward_set_id": 8
    },
    {
        "id": 63,
        "item_category": 90,
        "item_id": 43,
        "item_num": 150,
        "line_num": 7,
        "reward_set_id": 8
    },
    {
        "id": 64,
        "item_category": 51,
        "item_id": 30047,
        "item_num": 1,
        "line_num": 8,
        "reward_set_id": 8
    }
]