[
    {
        "bonus_point": 10,
        "id": 1,
        "nickname_rank": 1,
        "story_event_id": 1001
    },
    {
        "bonus_point": 30,
        "id": 2,
        "nickname_rank": 2,
        "story_event_id": 1001
    },
    {
        "bonus_point": 50,
        "id": 3,
        "nickname_rank": 3,
        "story_event_id": 1001
    },
    {
        "bonus_point": 10,
        "id": 4,
        "nickname_rank": 1,
        "story_event_id": 1002
    },
    {
        "bonus_point": 30,
        "id": 5,
        "nickname_rank": 2,
        "story_event_id": 1002
    },
    {
        "bonus_point": 50,
        "id": 6,
        "nickname_rank": 3,
        "story_event_id": 1002
    },
    {
        "bonus_point": 10,
        "id": 7,
        "nickname_rank": 1,
        "story_event_id": 1003
    },
    {
        "bonus_point": 30,
        "id": 8,
        "nickname_rank": 2,
        "story_event_id": 1003
    },
    {
        "bonus_point": 50,
        "id": 9,
        "nickname_rank": 3,
        "story_event_id": 1003
    },
    {
        "bonus_point": 10,
        "id": 10,
        "nickname_rank": 1,
        "story_event_id": 1004
    },
    {
        "bonus_point": 30,
        "id": 11,
        "nickname_rank": 2,
        "story_event_id": 1004
    },
    {
        "bonus_point": 50,
        "id": 12,
        "nickname_rank": 3,
        "story_event_id": 1004
    },
    {
        "bonus_point": 10,
        "id": 13,
        "nickname_rank": 1,
        "story_event_id": 1005
    },
    {
        "bonus_point": 30,
        "id": 14,
        "nickname_rank": 2,
        "story_event_id": 1005
    },
    {
        "bonus_point": 50,
        "id": 15,
        "nickname_rank": 3,
        "story_event_id": 1005
    }
]