[
    {
        "bgm_cue_name": "snd_bgm_GM032_sys_02",
        "bgm_cuesheet_name": "snd_bgm_GM032",
        "character_id": 1001,
        "dress_id": 5,
        "ending_flag": 0,
        "env_cue_name": "snd_sfx_atmos_hiroba_d",
        "env_cuesheet_name": "snd_sfx_atmos_hiroba_d",
        "id": 1,
        "max_episode_index": 2,
        "menu_bg_id": 2,
        "menu_bg_sub_id": 110,
        "min_episode_index": 1,
        "story_event_id": 1001
    },
    {
        "bgm_cue_name": "snd_bgm_GM032_sys_02",
        "bgm_cuesheet_name": "snd_bgm_GM032",
        "character_id": 1001,
        "dress_id": 5,
        "ending_flag": 0,
        "env_cue_name": "snd_sfx_atmos_hiroba_d",
        "env_cuesheet_name": "snd_sfx_atmos_hiroba_d",
        "id": 2,
        "max_episode_index": 5,
        "menu_bg_id": 2,
        "menu_bg_sub_id": 110,
        "min_episode_index": 3,
        "story_event_id": 1001
    },
    {
        "bgm_cue_name": "snd_bgm_GM032_sys_02",
        "bgm_cuesheet_name": "snd_bgm_GM032",
        "character_id": 1001,
        "dress_id": 5,
        "ending_flag": 0,
        "env_cue_name": "snd_sfx_atmos_hiroba_d",
        "env_cuesheet_name": "snd_sfx_atmos_hiroba_d",
        "id": 3,
        "max_episode_index": 7,
        "menu_bg_id": 2,
        "menu_bg_sub_id": 110,
        "min_episode_index": 6,
        "story_event_id": 1001
    },
    {
        "bgm_cue_name": "snd_bgm_GM032_sys_02",
        "bgm_cuesheet_name": "snd_bgm_GM032",
        "character_id": 1001,
        "dress_id": 5,
        "ending_flag": 0,
        "env_cue_name": "snd_sfx_atmos_hiroba_d",
        "env_cuesheet_name": "snd_sfx_atmos_hiroba_d",
        "id": 4,
        "max_episode_index": 8,
        "menu_bg_id": 2,
        "menu_bg_sub_id": 110,
        "min_episode_index": 8,
        "story_event_id": 1001
    },
    {
        "bgm_cue_name": "snd_bgm_GM032_sys_02",
        "bgm_cuesheet_name": "snd_bgm_GM032",
        "character_id": 1001,
        "dress_id": 5,
        "ending_flag": 1,
        "env_cue_name": "snd_sfx_atmos_hiroba_d",
        "env_cuesheet_name": "snd_sfx_atmos_hiroba_d",
        "id": 5,
        "max_episode_index": 0,
        "menu_bg_id": 2,
        "menu_bg_sub_id": 110,
        "min_episode_index": 0,
        "story_event_id": 1001
    },
    {
        "bgm_cue_name": "snd_bgm_GM085_sys",
        "bgm_cuesheet_name": "snd_bgm_GM085",
        "character_id": 1003,
        "dress_id": 100302,
        "ending_flag": 0,
        "env_cue_name": "snd_sfx_atmos_race_track_d",
        "env_cuesheet_name": "snd_sfx_atmos_race_track_d",
        "id": 6,
        "max_episode_index": 2,
        "menu_bg_id": 76,
        "menu_bg_sub_id": 110,
        "min_episode_index": 1,
        "story_event_id": 1002
    },
    {
        "bgm_cue_name": "snd_bgm_GM085_sys",
        "bgm_cuesheet_name": "snd_bgm_GM085",
        "character_id": 1013,
        "dress_id": 101302,
        "ending_flag": 0,
        "env_cue_name": "snd_sfx_atmos_race_track_d",
        "env_cuesheet_name": "snd_sfx_atmos_race_track_d",
        "id": 7,
        "max_episode_index": 2,
        "menu_bg_id": 76,
        "menu_bg_sub_id": 110,
        "min_episode_index": 1,
        "story_event_id": 1002
    },
    {
        "bgm_cue_name": "snd_bgm_GM085_sys",
        "bgm_cuesheet_name": "snd_bgm_GM085",
        "character_id": 1068,
        "dress_id": 5,
        "ending_flag": 0,
        "env_cue_name": "snd_sfx_atmos_cafe_d",
        "env_cuesheet_name": "snd_sfx_atmos_cafe_d",
        "id": 8,
        "max_episode_index": 5,
        "menu_bg_id": 11,
        "menu_bg_sub_id": 110,
        "min_episode_index": 3,
        "story_event_id": 1002
    },
    {
        "bgm_cue_name": "snd_bgm_GM085_sys",
        "bgm_cuesheet_name": "snd_bgm_GM085",
        "character_id": 1067,
        "dress_id": 5,
        "ending_flag": 0,
        "env_cue_name": "snd_sfx_atmos_cafe_d",
        "env_cuesheet_name": "snd_sfx_atmos_cafe_d",
        "id": 9,
        "max_episode_index": 5,
        "menu_bg_id": 11,
        "menu_bg_sub_id": 110,
        "min_episode_index": 3,
        "story_event_id": 1002
    },
    {
        "bgm_cue_name": "snd_bgm_GM085_sys",
        "bgm_cuesheet_name": "snd_bgm_GM085",
        "character_id": 1068,
        "dress_id": 5,
        "ending_flag": 0,
        "env_cue_name": "snd_sfx_atmos_training_stand_d",
        "env_cuesheet_name": "snd_sfx_atmos_training_stand_d",
        "id": 10,
        "max_episode_index": 7,
        "menu_bg_id": 74,
        "menu_bg_sub_id": 110,
        "min_episode_index": 6,
        "story_event_id": 1002
    },
    {
        "bgm_cue_name": "snd_bgm_GM085_sys",
        "bgm_cuesheet_name": "snd_bgm_GM085",
        "character_id": 1067,
        "dress_id": 5,
        "ending_flag": 0,
        "env_cue_name": "snd_sfx_atmos_training_stand_d",
        "env_cuesheet_name": "snd_sfx_atmos_training_stand_d",
        "id": 11,
        "max_episode_index": 7,
        "menu_bg_id": 74,
        "menu_bg_sub_id": 110,
        "min_episode_index": 6,
        "story_event_id": 1002
    },
    {
        "bgm_cue_name": "snd_bgm_GM085_sys",
        "bgm_cuesheet_name": "snd_bgm_GM085",
        "character_id": 1068,
        "dress_id": 5,
        "ending_flag": 0,
        "env_cue_name": "snd_sfx_atmos_kasenjiki_e",
        "env_cuesheet_name": "snd_sfx_atmos_kasenjiki_e",
        "id": 12,
        "max_episode_index": 8,
        "menu_bg_id": 33,
        "menu_bg_sub_id": 120,
        "min_episode_index": 8,
        "story_event_id": 1002
    },
    {
        "bgm_cue_name": "snd_bgm_GM085_sys",
        "bgm_cuesheet_name": "snd_bgm_GM085",
        "character_id": 1067,
        "dress_id": 5,
        "ending_flag": 0,
        "env_cue_name": "snd_sfx_atmos_kasenjiki_e",
        "env_cuesheet_name": "snd_sfx_atmos_kasenjiki_e",
        "id": 13,
        "max_episode_index": 8,
        "menu_bg_id": 33,
        "menu_bg_sub_id": 120,
        "min_episode_index": 8,
        "story_event_id": 1002
    },
    {
        "bgm_cue_name": "snd_bgm_GM085_sys",
        "bgm_cuesheet_name": "snd_bgm_GM085",
        "character_id": 1068,
        "dress_id": 5,
        "ending_flag": 1,
        "env_cue_name": "snd_sfx_atmos_kasenjiki_e",
        "env_cuesheet_name": "snd_sfx_atmos_kasenjiki_e",
        "id": 14,
        "max_episode_index": 0,
        "menu_bg_id": 33,
        "menu_bg_sub_id": 120,
        "min_episode_index": 0,
        "story_event_id": 1002
    },
    {
        "bgm_cue_name": "snd_bgm_DM014_sys",
        "bgm_cuesheet_name": "snd_bgm_DM014",
        "character_id": 1024,
        "dress_id": 2,
        "ending_flag": 0,
        "env_cue_name": "snd_sfx_atmos_rouka_d",
        "env_cuesheet_name": "snd_sfx_atmos_rouka_d",
        "id": 15,
        "max_episode_index": 2,
        "menu_bg_id": 7,
        "menu_bg_sub_id": 110,
        "min_episode_index": 1,
        "story_event_id": 1003
    },
    {
        "bgm_cue_name": "snd_bgm_DM014_sys",
        "bgm_cuesheet_name": "snd_bgm_DM014",
        "character_id": 1018,
        "dress_id": 2,
        "ending_flag": 0,
        "env_cue_name": "snd_sfx_atmos_rouka_d",
        "env_cuesheet_name": "snd_sfx_atmos_rouka_d",
        "id": 16,
        "max_episode_index": 2,
        "menu_bg_id": 7,
        "menu_bg_sub_id": 110,
        "min_episode_index": 1,
        "story_event_id": 1003
    },
    {
        "bgm_cue_name": "snd_bgm_DM014_sys",
        "bgm_cuesheet_name": "snd_bgm_DM014",
        "character_id": 1018,
        "dress_id": 3,
        "ending_flag": 0,
        "env_cue_name": "snd_sfx_atmos_mori_d",
        "env_cuesheet_name": "snd_sfx_atmos_mori_d",
        "id": 17,
        "max_episode_index": 5,
        "menu_bg_id": 123,
        "menu_bg_sub_id": 110,
        "min_episode_index": 3,
        "story_event_id": 1003
    },
    {
        "bgm_cue_name": "snd_bgm_DM014_sys",
        "bgm_cuesheet_name": "snd_bgm_DM014",
        "character_id": 1059,
        "dress_id": 3,
        "ending_flag": 0,
        "env_cue_name": "snd_sfx_atmos_mori_d",
        "env_cuesheet_name": "snd_sfx_atmos_mori_d",
        "id": 18,
        "max_episode_index": 5,
        "menu_bg_id": 123,
        "menu_bg_sub_id": 110,
        "min_episode_index": 3,
        "story_event_id": 1003
    },
    {
        "bgm_cue_name": "snd_bgm_DM014_sys",
        "bgm_cuesheet_name": "snd_bgm_DM014",
        "character_id": 1039,
        "dress_id": 3,
        "ending_flag": 0,
        "env_cue_name": "snd_sfx_atmos_mori_d",
        "env_cuesheet_name": "snd_sfx_atmos_mori_d",
        "id": 19,
        "max_episode_index": 5,
        "menu_bg_id": 123,
        "menu_bg_sub_id": 110,
        "min_episode_index": 3,
        "story_event_id": 1003
    },
    {
        "bgm_cue_name": "snd_bgm_DM014_sys",
        "bgm_cuesheet_name": "snd_bgm_DM014",
        "character_id": 1024,
        "dress_id": 3,
        "ending_flag": 0,
        "env_cue_name": "snd_sfx_atmos_mori_d",
        "env_cuesheet_name": "snd_sfx_atmos_mori_d",
        "id": 20,
        "max_episode_index": 7,
        "menu_bg_id": 128,
        "menu_bg_sub_id": 110,
        "min_episode_index": 6,
        "story_event_id": 1003
    },
    {
        "bgm_cue_name": "snd_bgm_DM014_sys",
        "bgm_cuesheet_name": "snd_bgm_DM014",
        "character_id": 1028,
        "dress_id": 3,
        "ending_flag": 0,
        "env_cue_name": "snd_sfx_atmos_mori_d",
        "env_cuesheet_name": "snd_sfx_atmos_mori_d",
        "id": 21,
        "max_episode_index": 7,
        "menu_bg_id": 128,
        "menu_bg_sub_id": 110,
        "min_episode_index": 6,
        "story_event_id": 1003
    },
    {
        "bgm_cue_name": "snd_bgm_DM014_sys",
        "bgm_cuesheet_name": "snd_bgm_DM014",
        "character_id": 1018,
        "dress_id": 101826,
        "ending_flag": 0,
        "env_cue_name": "snd_sfx_atmos_room_d_noext",
        "env_cuesheet_name": "snd_sfx_atmos_room_d_noext",
        "id": 22,
        "max_episode_index": 8,
        "menu_bg_id": 127,
        "menu_bg_sub_id": 110,
        "min_episode_index": 8,
        "story_event_id": 1003
    },
    {
        "bgm_cue_name": "snd_bgm_DM014_sys",
        "bgm_cuesheet_name": "snd_bgm_DM014",
        "character_id": 1024,
        "dress_id": 102426,
        "ending_flag": 0,
        "env_cue_name": "snd_sfx_atmos_room_d_noext",
        "env_cuesheet_name": "snd_sfx_atmos_room_d_noext",
        "id": 23,
        "max_episode_index": 8,
        "menu_bg_id": 127,
        "menu_bg_sub_id": 110,
        "min_episode_index": 8,
        "story_event_id": 1003
    },
    {
        "bgm_cue_name": "snd_bgm_DM014_sys",
        "bgm_cuesheet_name": "snd_bgm_DM014",
        "character_id": 1018,
        "dress_id": 101826,
        "ending_flag": 1,
        "env_cue_name": "snd_sfx_atmos_room_d_noext",
        "env_cuesheet_name": "snd_sfx_atmos_room_d_noext",
        "id": 24,
        "max_episode_index": 0,
        "menu_bg_id": 127,
        "menu_bg_sub_id": 110,
        "min_episode_index": 0,
        "story_event_id": 1003
    },
    {
        "bgm_cue_name": "snd_bgm_GM093_sys",
        "bgm_cuesheet_name": "snd_bgm_GM093",
        "character_id": 1014,
        "dress_id": 101416,
        "ending_flag": 0,
        "env_cue_name": "snd_sfx_atmos_aozora_d",
        "env_cuesheet_name": "snd_sfx_atmos_aozora_d",
        "id": 25,
        "max_episode_index": 2,
        "menu_bg_id": 112,
        "menu_bg_sub_id": 110,
        "min_episode_index": 1,
        "story_event_id": 1004
    },
    {
        "bgm_cue_name": "snd_bgm_GM093_sys",
        "bgm_cuesheet_name": "snd_bgm_GM093",
        "character_id": 1011,
        "dress_id": 101116,
        "ending_flag": 0,
        "env_cue_name": "snd_sfx_atmos_aozora_d",
        "env_cuesheet_name": "snd_sfx_atmos_aozora_d",
        "id": 26,
        "max_episode_index": 2,
        "menu_bg_id": 112,
        "menu_bg_sub_id": 110,
        "min_episode_index": 1,
        "story_event_id": 1004
    },
    {
        "bgm_cue_name": "snd_bgm_GM093_sys",
        "bgm_cuesheet_name": "snd_bgm_GM093",
        "character_id": 1014,
        "dress_id": 101416,
        "ending_flag": 0,
        "env_cue_name": "snd_sfx_atmos_aozora_c",
        "env_cuesheet_name": "snd_sfx_atmos_aozora_c",
        "id": 27,
        "max_episode_index": 5,
        "menu_bg_id": 112,
        "menu_bg_sub_id": 410,
        "min_episode_index": 3,
        "story_event_id": 1004
    },
    {
        "bgm_cue_name": "snd_bgm_GM093_sys",
        "bgm_cuesheet_name": "snd_bgm_GM093",
        "character_id": 1011,
        "dress_id": 101116,
        "ending_flag": 0,
        "env_cue_name": "snd_sfx_atmos_aozora_c",
        "env_cuesheet_name": "snd_sfx_atmos_aozora_c",
        "id": 28,
        "max_episode_index": 5,
        "menu_bg_id": 112,
        "menu_bg_sub_id": 410,
        "min_episode_index": 3,
        "story_event_id": 1004
    },
    {
        "bgm_cue_name": "snd_bgm_GM093_sys",
        "bgm_cuesheet_name": "snd_bgm_GM093",
        "character_id": 1014,
        "dress_id": 101416,
        "ending_flag": 0,
        "env_cue_name": "snd_sfx_atmos_race_track_d",
        "env_cuesheet_name": "snd_sfx_atmos_race_track_d",
        "id": 29,
        "max_episode_index": 7,
        "menu_bg_id": 76,
        "menu_bg_sub_id": 110,
        "min_episode_index": 6,
        "story_event_id": 1004
    },
    {
        "bgm_cue_name": "snd_bgm_GM093_sys",
        "bgm_cuesheet_name": "snd_bgm_GM093",
        "character_id": 1011,
        "dress_id": 101116,
        "ending_flag": 0,
        "env_cue_name": "snd_sfx_atmos_race_track_d",
        "env_cuesheet_name": "snd_sfx_atmos_race_track_d",
        "id": 30,
        "max_episode_index": 7,
        "menu_bg_id": 76,
        "menu_bg_sub_id": 110,
        "min_episode_index": 6,
        "story_event_id": 1004
    },
    {
        "bgm_cue_name": "snd_bgm_GM093_sys",
        "bgm_cuesheet_name": "snd_bgm_GM093",
        "character_id": 1014,
        "dress_id": 101416,
        "ending_flag": 0,
        "env_cue_name": "snd_sfx_atmos_aozora_d",
        "env_cuesheet_name": "snd_sfx_atmos_aozora_d",
        "id": 31,
        "max_episode_index": 8,
        "menu_bg_id": 112,
        "menu_bg_sub_id": 110,
        "min_episode_index": 8,
        "story_event_id": 1004
    },
    {
        "bgm_cue_name": "snd_bgm_GM093_sys",
        "bgm_cuesheet_name": "snd_bgm_GM093",
        "character_id": 1011,
        "dress_id": 101116,
        "ending_flag": 0,
        "env_cue_name": "snd_sfx_atmos_aozora_d",
        "env_cuesheet_name": "snd_sfx_atmos_aozora_d",
        "id": 32,
        "max_episode_index": 8,
        "menu_bg_id": 112,
        "menu_bg_sub_id": 110,
        "min_episode_index": 8,
        "story_event_id": 1004
    },
    {
        "bgm_cue_name": "snd_bgm_GM093_sys",
        "bgm_cuesheet_name": "snd_bgm_GM093",
        "character_id": 1014,
        "dress_id": 101416,
        "ending_flag": 1,
        "env_cue_name": "snd_sfx_atmos_gymnasium_d",
        "env_cuesheet_name": "snd_sfx_atmos_gymnasium_d",
        "id": 33,
        "max_episode_index": 0,
        "menu_bg_id": 20,
        "menu_bg_sub_id": 110,
        "min_episode_index": 0,
        "story_event_id": 1004
    },
    {
        "bgm_cue_name": "snd_bgm_GM117_sys",
        "bgm_cuesheet_name": "snd_bgm_GM117",
        "character_id": 1001,
        "dress_id": 3,
        "ending_flag": 0,
        "env_cue_name": "snd_sfx_atmos_training_d",
        "env_cuesheet_name": "snd_sfx_atmos_training_d",
        "id": 34,
        "max_episode_index": 2,
        "menu_bg_id": 9,
        "menu_bg_sub_id": 110,
        "min_episode_index": 1,
        "story_event_id": 1005
    },
    {
        "bgm_cue_name": "snd_bgm_GM117_sys",
        "bgm_cuesheet_name": "snd_bgm_GM117",
        "character_id": 1004,
        "dress_id": 3,
        "ending_flag": 0,
        "env_cue_name": "snd_sfx_atmos_training_d",
        "env_cuesheet_name": "snd_sfx_atmos_training_d",
        "id": 35,
        "max_episode_index": 2,
        "menu_bg_id": 9,
        "menu_bg_sub_id": 110,
        "min_episode_index": 1,
        "story_event_id": 1005
    },
    {
        "bgm_cue_name": "snd_bgm_GM117_sys",
        "bgm_cuesheet_name": "snd_bgm_GM117",
        "character_id": 1009,
        "dress_id": 3,
        "ending_flag": 0,
        "env_cue_name": "snd_sfx_atmos_training_d",
        "env_cuesheet_name": "snd_sfx_atmos_training_d",
        "id": 36,
        "max_episode_index": 2,
        "menu_bg_id": 9,
        "menu_bg_sub_id": 110,
        "min_episode_index": 1,
        "story_event_id": 1005
    },
    {
        "bgm_cue_name": "snd_bgm_GM117_sys",
        "bgm_cuesheet_name": "snd_bgm_GM117",
        "character_id": 1009,
        "dress_id": 3,
        "ending_flag": 0,
        "env_cue_name": "snd_sfx_atmos_pool_d",
        "env_cuesheet_name": "snd_sfx_atmos_pool_d",
        "id": 37,
        "max_episode_index": 5,
        "menu_bg_id": 131,
        "menu_bg_sub_id": 111,
        "min_episode_index": 3,
        "story_event_id": 1005
    },
    {
        "bgm_cue_name": "snd_bgm_GM117_sys",
        "bgm_cuesheet_name": "snd_bgm_GM117",
        "character_id": 1035,
        "dress_id": 901035,
        "ending_flag": 0,
        "env_cue_name": "snd_sfx_atmos_pool_d",
        "env_cuesheet_name": "snd_sfx_atmos_pool_d",
        "id": 38,
        "max_episode_index": 5,
        "menu_bg_id": 131,
        "menu_bg_sub_id": 111,
        "min_episode_index": 3,
        "story_event_id": 1005
    },
    {
        "bgm_cue_name": "snd_bgm_GM117_sys",
        "bgm_cuesheet_name": "snd_bgm_GM117",
        "character_id": 1044,
        "dress_id": 901044,
        "ending_flag": 0,
        "env_cue_name": "snd_sfx_atmos_pool_d",
        "env_cuesheet_name": "snd_sfx_atmos_pool_d",
        "id": 39,
        "max_episode_index": 5,
        "menu_bg_id": 131,
        "menu_bg_sub_id": 111,
        "min_episode_index": 3,
        "story_event_id": 1005
    },
    {
        "bgm_cue_name": "snd_bgm_GM117_sys",
        "bgm_cuesheet_name": "snd_bgm_GM117",
        "character_id": 1009,
        "dress_id": 3,
        "ending_flag": 0,
        "env_cue_name": "snd_sfx_atmos_pool_n",
        "env_cuesheet_name": "snd_sfx_atmos_pool_n",
        "id": 40,
        "max_episode_index": 7,
        "menu_bg_id": 131,
        "menu_bg_sub_id": 130,
        "min_episode_index": 6,
        "story_event_id": 1005
    },
    {
        "bgm_cue_name": "snd_bgm_GM117_sys",
        "bgm_cuesheet_name": "snd_bgm_GM117",
        "character_id": 1001,
        "dress_id": 901001,
        "ending_flag": 0,
        "env_cue_name": "snd_sfx_atmos_pool_n",
        "env_cuesheet_name": "snd_sfx_atmos_pool_n",
        "id": 41,
        "max_episode_index": 7,
        "menu_bg_id": 131,
        "menu_bg_sub_id": 130,
        "min_episode_index": 6,
        "story_event_id": 1005
    },
    {
        "bgm_cue_name": "snd_bgm_GM117_sys",
        "bgm_cuesheet_name": "snd_bgm_GM117",
        "character_id": 1004,
        "dress_id": 901004,
        "ending_flag": 0,
        "env_cue_name": "snd_sfx_atmos_pool_n",
        "env_cuesheet_name": "snd_sfx_atmos_pool_n",
        "id": 42,
        "max_episode_index": 7,
        "menu_bg_id": 131,
        "menu_bg_sub_id": 130,
        "min_episode_index": 6,
        "story_event_id": 1005
    },
    {
        "bgm_cue_name": "snd_bgm_GM117_sys",
        "bgm_cuesheet_name": "snd_bgm_GM117",
        "character_id": 1004,
        "dress_id": 100430,
        "ending_flag": 0,
        "env_cue_name": "snd_sfx_atmos_beach_d",
        "env_cuesheet_name": "snd_sfx_atmos_beach_d",
        "id": 43,
        "max_episode_index": 8,
        "menu_bg_id": 42,
        "menu_bg_sub_id": 2111,
        "min_episode_index": 8,
        "story_event_id": 1005
    },
    {
        "bgm_cue_name": "snd_bgm_GM117_sys",
        "bgm_cuesheet_name": "snd_bgm_GM117",
        "character_id": 1009,
        "dress_id": 3,
        "ending_flag": 0,
        "env_cue_name": "snd_sfx_atmos_beach_d",
        "env_cuesheet_name": "snd_sfx_atmos_beach_d",
        "id": 44,
        "max_episode_index": 8,
        "menu_bg_id": 42,
        "menu_bg_sub_id": 2111,
        "min_episode_index": 8,
        "story_event_id": 1005
    },
    {
        "bgm_cue_name": "snd_bgm_GM117_sys",
        "bgm_cuesheet_name": "snd_bgm_GM117",
        "character_id": 1001,
        "dress_id": 100130,
        "ending_flag": 0,
        "env_cue_name": "snd_sfx_atmos_beach_d",
        "env_cuesheet_name": "snd_sfx_atmos_beach_d",
        "id": 45,
        "max_episode_index": 8,
        "menu_bg_id": 42,
        "menu_bg_sub_id": 2111,
        "min_episode_index": 8,
        "story_event_id": 1005
    },
    {
        "bgm_cue_name": "snd_bgm_GM117_sys",
        "bgm_cuesheet_name": "snd_bgm_GM117",
        "character_id": 1035,
        "dress_id": 901035,
        "ending_flag": 1,
        "env_cue_name": "snd_sfx_atmos_room_d_noext",
        "env_cuesheet_name": "snd_sfx_atmos_room_d_noext",
        "id": 46,
        "max_episode_index": 0,
        "menu_bg_id": 135,
        "menu_bg_sub_id": 111,
        "min_episode_index": 0,
        "story_event_id": 1005
    },
    {
        "bgm_cue_name": "snd_bgm_GM117_sys",
        "bgm_cuesheet_name": "snd_bgm_GM117",
        "character_id": 1044,
        "dress_id": 901044,
        "ending_flag": 1,
        "env_cue_name": "snd_sfx_atmos_room_d_noext",
        "env_cuesheet_name": "snd_sfx_atmos_room_d_noext",
        "id": 47,
        "max_episode_index": 0,
        "menu_bg_id": 135,
        "menu_bg_sub_id": 111,
        "min_episode_index": 0,
        "story_event_id": 1005
    }
]