[
    {
        "add_reward_category_1": 90,
        "add_reward_category_2": 0,
        "add_reward_id_1": 43,
        "add_reward_id_2": 0,
        "add_reward_num_1": 30,
        "add_reward_num_2": 0,
        "episode_index_id": 1,
        "id": 1,
        "need_point": 0,
        "start_date": 1656298800,
        "story_condition_type": 1,
        "story_event_id": 1001,
        "story_id_1": 90001001,
        "story_id_2": 0,
        "story_id_3": 0,
        "story_id_4": 0,
        "story_id_5": 0,
        "story_type_1": 1,
        "story_type_2": 0,
        "story_type_3": 0,
        "story_type_4": 0,
        "story_type_5": 0
    },
    {
        "add_reward_category_1": 90,
        "add_reward_category_2": 0,
        "add_reward_id_1": 43,
        "add_reward_id_2": 0,
        "add_reward_num_1": 30,
        "add_reward_num_2": 0,
        "episode_index_id": 2,
        "id": 2,
        "need_point": 10000,
        "start_date": 1656298800,
        "story_condition_type": 0,
        "story_event_id": 1001,
        "story_id_1": 90001002,
        "story_id_2": 0,
        "story_id_3": 0,
        "story_id_4": 0,
        "story_id_5": 0,
        "story_type_1": 1,
        "story_type_2": 0,
        "story_type_3": 0,
        "story_type_4": 0,
        "story_type_5": 0
    },
    {
        "add_reward_category_1": 90,
        "add_reward_category_2": 0,
        "add_reward_id_1": 43,
        "add_reward_id_2": 0,
        "add_reward_num_1": 30,
        "add_reward_num_2": 0,
        "episode_index_id": 3,
        "id": 3,
        "need_point": 20000,
        "start_date": 1656298800,
        "story_condition_type": 0,
        "story_event_id": 1001,
        "story_id_1": 90001003,
        "story_id_2": 0,
        "story_id_3": 0,
        "story_id_4": 0,
        "story_id_5": 0,
        "story_type_1": 1,
        "story_type_2": 0,
        "story_type_3": 0,
        "story_type_4": 0,
        "story_type_5": 0
    },
    {
        "add_reward_category_1": 90,
        "add_reward_category_2": 0,
        "add_reward_id_1": 43,
        "add_reward_id_2": 0,
        "add_reward_num_1": 30,
        "add_reward_num_2": 0,
        "episode_index_id": 4,
        "id": 4,
        "need_point": 30000,
        "start_date": 1656298800,
        "story_condition_type": 0,
        "story_event_id": 1001,
        "story_id_1": 90001004,
        "story_id_2": 0,
        "story_id_3": 0,
        "story_id_4": 0,
        "story_id_5": 0,
        "story_type_1": 1,
        "story_type_2": 0,
        "story_type_3": 0,
        "story_type_4": 0,
        "story_type_5": 0
    },
    {
        "add_reward_category_1": 90,
        "add_reward_category_2": 0,
        "add_reward_id_1": 43,
        "add_reward_id_2": 0,
        "add_reward_num_1": 30,
        "add_reward_num_2": 0,
        "episode_index_id": 5,
        "id": 5,
        "need_point": 40000,
        "start_date": 1656298800,
        "story_condition_type": 0,
        "story_event_id": 1001,
        "story_id_1": 90001005,
        "story_id_2": 0,
        "story_id_3": 0,
        "story_id_4": 0,
        "story_id_5": 0,
        "story_type_1": 1,
        "story_type_2": 0,
        "story_type_3": 0,
        "story_type_4": 0,
        "story_type_5": 0
    },
    {
        "add_reward_category_1": 90,
        "add_reward_category_2": 0,
        "add_reward_id_1": 43,
        "add_reward_id_2": 0,
        "add_reward_num_1": 30,
        "add_reward_num_2": 0,
        "episode_index_id": 6,
        "id": 6,
        "need_point": 50000,
        "start_date": 1656298800,
        "story_condition_type": 0,
        "story_event_id": 1001,
        "story_id_1": 90001006,
        "story_id_2": 0,
        "story_id_3": 0,
        "story_id_4": 0,
        "story_id_5": 0,
        "story_type_1": 1,
        "story_type_2": 0,
        "story_type_3": 0,
        "story_type_4": 0,
        "story_type_5": 0
    },
    {
        "add_reward_category_1": 90,
        "add_reward_category_2": 0,
        "add_reward_id_1": 43,
        "add_reward_id_2": 0,
        "add_reward_num_1": 30,
        "add_reward_num_2": 0,
        "episode_index_id": 7,
        "id": 7,
        "need_point": 60000,
        "start_date": 1656298800,
        "story_condition_type": 0,
        "story_event_id": 1001,
        "story_id_1": 90001007,
        "story_id_2": 0,
        "story_id_3": 0,
        "story_id_4": 0,
        "story_id_5": 0,
        "story_type_1": 1,
        "story_type_2": 0,
        "story_type_3": 0,
        "story_type_4": 0,
        "story_type_5": 0
    },
    {
        "add_reward_category_1": 90,
        "add_reward_category_2": 51,
        "add_reward_id_1": 43,
        "add_reward_id_2": 30025,
        "add_reward_num_1": 30,
        "add_reward_num_2": 1,
        "episode_index_id": 8,
        "id": 8,
        "need_point": 70000,
        "start_date": 1656298800,
        "story_condition_type": 0,
        "story_event_id": 1001,
        "story_id_1": 90001008,
        "story_id_2": 0,
        "story_id_3": 0,
        "story_id_4": 0,
        "story_id_5": 0,
        "story_type_1": 1,
        "story_type_2": 0,
        "story_type_3": 0,
        "story_type_4": 0,
        "story_type_5": 0
    },
    {
        "add_reward_category_1": 90,
        "add_reward_category_2": 0,
        "add_reward_id_1": 43,
        "add_reward_id_2": 0,
        "add_reward_num_1": 30,
        "add_reward_num_2": 0,
        "episode_index_id": 1,
        "id": 9,
        "need_point": 0,
        "start_date": 1658718000,
        "story_condition_type": 1,
        "story_event_id": 1002,
        "story_id_1": 90003001,
        "story_id_2": 5,
        "story_id_3": 0,
        "story_id_4": 0,
        "story_id_5": 0,
        "story_type_1": 1,
        "story_type_2": 2,
        "story_type_3": 0,
        "story_type_4": 0,
        "story_type_5": 0
    },
    {
        "add_reward_category_1": 90,
        "add_reward_category_2": 0,
        "add_reward_id_1": 43,
        "add_reward_id_2": 0,
        "add_reward_num_1": 30,
        "add_reward_num_2": 0,
        "episode_index_id": 2,
        "id": 10,
        "need_point": 10000,
        "start_date": 1658718000,
        "story_condition_type": 0,
        "story_event_id": 1002,
        "story_id_1": 90003002,
        "story_id_2": 0,
        "story_id_3": 0,
        "story_id_4": 0,
        "story_id_5": 0,
        "story_type_1": 1,
        "story_type_2": 0,
        "story_type_3": 0,
        "story_type_4": 0,
        "story_type_5": 0
    },
    {
        "add_reward_category_1": 90,
        "add_reward_category_2": 0,
        "add_reward_id_1": 43,
        "add_reward_id_2": 0,
        "add_reward_num_1": 30,
        "add_reward_num_2": 0,
        "episode_index_id": 3,
        "id": 11,
        "need_point": 20000,
        "start_date": 1658718000,
        "story_condition_type": 0,
        "story_event_id": 1002,
        "story_id_1": 90003003,
        "story_id_2": 0,
        "story_id_3": 0,
        "story_id_4": 0,
        "story_id_5": 0,
        "story_type_1": 1,
        "story_type_2": 0,
        "story_type_3": 0,
        "story_type_4": 0,
        "story_type_5": 0
    },
    {
        "add_reward_category_1": 90,
        "add_reward_category_2": 0,
        "add_reward_id_1": 43,
        "add_reward_id_2": 0,
        "add_reward_num_1": 30,
        "add_reward_num_2": 0,
        "episode_index_id": 4,
        "id": 12,
        "need_point": 30000,
        "start_date": 1658718000,
        "story_condition_type": 0,
        "story_event_id": 1002,
        "story_id_1": 90003004,
        "story_id_2": 0,
        "story_id_3": 0,
        "story_id_4": 0,
        "story_id_5": 0,
        "story_type_1": 1,
        "story_type_2": 0,
        "story_type_3": 0,
        "story_type_4": 0,
        "story_type_5": 0
    },
    {
        "add_reward_category_1": 51,
        "add_reward_category_2": 0,
        "add_reward_id_1": 20026,
        "add_reward_id_2": 0,
        "add_reward_num_1": 1,
        "add_reward_num_2": 0,
        "episode_index_id": 5,
        "id": 13,
        "need_point": 40000,
        "start_date": 1658718000,
        "story_condition_type": 0,
        "story_event_id": 1002,
        "story_id_1": 90003005,
        "story_id_2": 0,
        "story_id_3": 0,
        "story_id_4": 0,
        "story_id_5": 0,
        "story_type_1": 1,
        "story_type_2": 0,
        "story_type_3": 0,
        "story_type_4": 0,
        "story_type_5": 0
    },
    {
        "add_reward_category_1": 90,
        "add_reward_category_2": 0,
        "add_reward_id_1": 43,
        "add_reward_id_2": 0,
        "add_reward_num_1": 30,
        "add_reward_num_2": 0,
        "episode_index_id": 6,
        "id": 14,
        "need_point": 50000,
        "start_date": 1658718000,
        "story_condition_type": 0,
        "story_event_id": 1002,
        "story_id_1": 90003006,
        "story_id_2": 0,
        "story_id_3": 0,
        "story_id_4": 0,
        "story_id_5": 0,
        "story_type_1": 1,
        "story_type_2": 0,
        "story_type_3": 0,
        "story_type_4": 0,
        "story_type_5": 0
    },
    {
        "add_reward_category_1": 90,
        "add_reward_category_2": 0,
        "add_reward_id_1": 43,
        "add_reward_id_2": 0,
        "add_reward_num_1": 30,
        "add_reward_num_2": 0,
        "episode_index_id": 7,
        "id": 15,
        "need_point": 60000,
        "start_date": 1658718000,
        "story_condition_type": 0,
        "story_event_id": 1002,
        "story_id_1": 90003007,
        "story_id_2": 0,
        "story_id_3": 0,
        "story_id_4": 0,
        "story_id_5": 0,
        "story_type_1": 1,
        "story_type_2": 0,
        "story_type_3": 0,
        "story_type_4": 0,
        "story_type_5": 0
    },
    {
        "add_reward_category_1": 51,
        "add_reward_category_2": 0,
        "add_reward_id_1": 30030,
        "add_reward_id_2": 0,
        "add_reward_num_1": 1,
        "add_reward_num_2": 0,
        "episode_index_id": 8,
        "id": 16,
        "need_point": 70000,
        "start_date": 1658718000,
        "story_condition_type": 0,
        "story_event_id": 1002,
        "story_id_1": 90003008,
        "story_id_2": 0,
        "story_id_3": 0,
        "story_id_4": 0,
        "story_id_5": 0,
        "story_type_1": 1,
        "story_type_2": 0,
        "story_type_3": 0,
        "story_type_4": 0,
        "story_type_5": 0
    },
    {
        "add_reward_category_1": 90,
        "add_reward_category_2": 0,
        "add_reward_id_1": 43,
        "add_reward_id_2": 0,
        "add_reward_num_1": 30,
        "add_reward_num_2": 0,
        "episode_index_id": 1,
        "id": 17,
        "need_point": 0,
        "start_date": 1663210800,
        "story_condition_type": 1,
        "story_event_id": 1003,
        "story_id_1": 90004001,
        "story_id_2": 0,
        "story_id_3": 0,
        "story_id_4": 0,
        "story_id_5": 0,
        "story_type_1": 1,
        "story_type_2": 0,
        "story_type_3": 0,
        "story_type_4": 0,
        "story_type_5": 0
    },
    {
        "add_reward_category_1": 90,
        "add_reward_category_2": 0,
        "add_reward_id_1": 43,
        "add_reward_id_2": 0,
        "add_reward_num_1": 30,
        "add_reward_num_2": 0,
        "episode_index_id": 2,
        "id": 18,
        "need_point": 10000,
        "start_date": 1663210800,
        "story_condition_type": 0,
        "story_event_id": 1003,
        "story_id_1": 90004002,
        "story_id_2": 0,
        "story_id_3": 0,
        "story_id_4": 0,
        "story_id_5": 0,
        "story_type_1": 1,
        "story_type_2": 0,
        "story_type_3": 0,
        "story_type_4": 0,
        "story_type_5": 0
    },
    {
        "add_reward_category_1": 90,
        "add_reward_category_2": 0,
        "add_reward_id_1": 43,
        "add_reward_id_2": 0,
        "add_reward_num_1": 30,
        "add_reward_num_2": 0,
        "episode_index_id": 3,
        "id": 19,
        "need_point": 20000,
        "start_date": 1663210800,
        "story_condition_type": 0,
        "story_event_id": 1003,
        "story_id_1": 90004003,
        "story_id_2": 0,
        "story_id_3": 0,
        "story_id_4": 0,
        "story_id_5": 0,
        "story_type_1": 1,
        "story_type_2": 0,
        "story_type_3": 0,
        "story_type_4": 0,
        "story_type_5": 0
    },
    {
        "add_reward_category_1": 90,
        "add_reward_category_2": 0,
        "add_reward_id_1": 43,
        "add_reward_id_2": 0,
        "add_reward_num_1": 30,
        "add_reward_num_2": 0,
        "episode_index_id": 4,
        "id": 20,
        "need_point": 30000,
        "start_date": 1663210800,
        "story_condition_type": 0,
        "story_event_id": 1003,
        "story_id_1": 90004004,
        "story_id_2": 0,
        "story_id_3": 0,
        "story_id_4": 0,
        "story_id_5": 0,
        "story_type_1": 1,
        "story_type_2": 0,
        "story_type_3": 0,
        "story_type_4": 0,
        "story_type_5": 0
    },
    {
        "add_reward_category_1": 90,
        "add_reward_category_2": 0,
        "add_reward_id_1": 43,
        "add_reward_id_2": 0,
        "add_reward_num_1": 30,
        "add_reward_num_2": 0,
        "episode_index_id": 5,
        "id": 21,
        "need_point": 40000,
        "start_date": 1663210800,
        "story_condition_type": 0,
        "story_event_id": 1003,
        "story_id_1": 90004005,
        "story_id_2": 0,
        "story_id_3": 0,
        "story_id_4": 0,
        "story_id_5": 0,
        "story_type_1": 1,
        "story_type_2": 0,
        "story_type_3": 0,
        "story_type_4": 0,
        "story_type_5": 0
    },
    {
        "add_reward_category_1": 90,
        "add_reward_category_2": 0,
        "add_reward_id_1": 43,
        "add_reward_id_2": 0,
        "add_reward_num_1": 30,
        "add_reward_num_2": 0,
        "episode_index_id": 6,
        "id": 22,
        "need_point": 50000,
        "start_date": 1663210800,
        "story_condition_type": 0,
        "story_event_id": 1003,
        "story_id_1": 90004006,
        "story_id_2": 0,
        "story_id_3": 0,
        "story_id_4": 0,
        "story_id_5": 0,
        "story_type_1": 1,
        "story_type_2": 0,
        "story_type_3": 0,
        "story_type_4": 0,
        "story_type_5": 0
    },
    {
        "add_reward_category_1": 90,
        "add_reward_category_2": 0,
        "add_reward_id_1": 43,
        "add_reward_id_2": 0,
        "add_reward_num_1": 30,
        "add_reward_num_2": 0,
        "episode_index_id": 7,
        "id": 23,
        "need_point": 60000,
        "start_date": 1663210800,
        "story_condition_type": 0,
        "story_event_id": 1003,
        "story_id_1": 90004007,
        "story_id_2": 0,
        "story_id_3": 0,
        "story_id_4": 0,
        "story_id_5": 0,
        "story_type_1": 1,
        "story_type_2": 0,
        "story_type_3": 0,
        "story_type_4": 0,
        "story_type_5": 0
    },
    {
        "add_reward_category_1": 51,
        "add_reward_category_2": 0,
        "add_reward_id_1": 30041,
        "add_reward_id_2": 0,
        "add_reward_num_1": 1,
        "add_reward_num_2": 0,
        "episode_index_id": 8,
        "id": 24,
        "need_point": 70000,
        "start_date": 1663210800,
        "story_condition_type": 0,
        "story_event_id": 1003,
        "story_id_1": 90004008,
        "story_id_2": 0,
        "story_id_3": 0,
        "story_id_4": 0,
        "story_id_5": 0,
        "story_type_1": 1,
        "story_type_2": 0,
        "story_type_3": 0,
        "story_type_4": 0,
        "story_type_5": 0
    },
    {
        "add_reward_category_1": 90,
        "add_reward_category_2": 0,
        "add_reward_id_1": 43,
        "add_reward_id_2": 0,
        "add_reward_num_1": 30,
        "add_reward_num_2": 0,
        "episode_index_id": 1,
        "id": 25,
        "need_point": 0,
        "start_date": 1666062000,
        "story_condition_type": 1,
        "story_event_id": 1004,
        "story_id_1": 90002001,
        "story_id_2": 0,
        "story_id_3": 0,
        "story_id_4": 0,
        "story_id_5": 0,
        "story_type_1": 1,
        "story_type_2": 0,
        "story_type_3": 0,
        "story_type_4": 0,
        "story_type_5": 0
    },
    {
        "add_reward_category_1": 90,
        "add_reward_category_2": 0,
        "add_reward_id_1": 43,
        "add_reward_id_2": 0,
        "add_reward_num_1": 30,
        "add_reward_num_2": 0,
        "episode_index_id": 2,
        "id": 26,
        "need_point": 10000,
        "start_date": 1666062000,
        "story_condition_type": 0,
        "story_event_id": 1004,
        "story_id_1": 90002002,
        "story_id_2": 0,
        "story_id_3": 0,
        "story_id_4": 0,
        "story_id_5": 0,
        "story_type_1": 1,
        "story_type_2": 0,
        "story_type_3": 0,
        "story_type_4": 0,
        "story_type_5": 0
    },
    {
        "add_reward_category_1": 90,
        "add_reward_category_2": 0,
        "add_reward_id_1": 43,
        "add_reward_id_2": 0,
        "add_reward_num_1": 30,
        "add_reward_num_2": 0,
        "episode_index_id": 3,
        "id": 27,
        "need_point": 20000,
        "start_date": 1666062000,
        "story_condition_type": 0,
        "story_event_id": 1004,
        "story_id_1": 90002003,
        "story_id_2": 0,
        "story_id_3": 0,
        "story_id_4": 0,
        "story_id_5": 0,
        "story_type_1": 1,
        "story_type_2": 0,
        "story_type_3": 0,
        "story_type_4": 0,
        "story_type_5": 0
    },
    {
        "add_reward_category_1": 90,
        "add_reward_category_2": 0,
        "add_reward_id_1": 43,
        "add_reward_id_2": 0,
        "add_reward_num_1": 30,
        "add_reward_num_2": 0,
        "episode_index_id": 4,
        "id": 28,
        "need_point": 30000,
        "start_date": 1666062000,
        "story_condition_type": 0,
        "story_event_id": 1004,
        "story_id_1": 90002004,
        "story_id_2": 0,
        "story_id_3": 0,
        "story_id_4": 0,
        "story_id_5": 0,
        "story_type_1": 1,
        "story_type_2": 0,
        "story_type_3": 0,
        "story_type_4": 0,
        "story_type_5": 0
    },
    {
        "add_reward_category_1": 90,
        "add_reward_category_2": 0,
        "add_reward_id_1": 43,
        "add_reward_id_2": 0,
        "add_reward_num_1": 30,
        "add_reward_num_2": 0,
        "episode_index_id": 5,
        "id": 29,
        "need_point": 40000,
        "start_date": 1666062000,
        "story_condition_type": 0,
        "story_event_id": 1004,
        "story_id_1": 90002005,
        "story_id_2": 0,
        "story_id_3": 0,
        "story_id_4": 0,
        "story_id_5": 0,
        "story_type_1": 1,
        "story_type_2": 0,
        "story_type_3": 0,
        "story_type_4": 0,
        "story_type_5": 0
    },
    {
        "add_reward_category_1": 90,
        "add_reward_category_2": 0,
        "add_reward_id_1": 43,
        "add_reward_id_2": 0,
        "add_reward_num_1": 30,
        "add_reward_num_2": 0,
        "episode_index_id": 6,
        "id": 30,
        "need_point": 50000,
        "start_date": 1666062000,
        "story_condition_type": 0,
        "story_event_id": 1004,
        "story_id_1": 90002006,
        "story_id_2": 0,
        "story_id_3": 0,
        "story_id_4": 0,
        "story_id_5": 0,
        "story_type_1": 1,
        "story_type_2": 0,
        "story_type_3": 0,
        "story_type_4": 0,
        "story_type_5": 0
    },
    {
        "add_reward_category_1": 90,
        "add_reward_category_2": 0,
        "add_reward_id_1": 43,
        "add_reward_id_2": 0,
        "add_reward_num_1": 30,
        "add_reward_num_2": 0,
        "episode_index_id": 7,
        "id": 31,
        "need_point": 60000,
        "start_date": 1666062000,
        "story_condition_type": 0,
        "story_event_id": 1004,
        "story_id_1": 90002007,
        "story_id_2": 0,
        "story_id_3": 0,
        "story_id_4": 0,
        "story_id_5": 0,
        "story_type_1": 1,
        "story_type_2": 0,
        "story_type_3": 0,
        "story_type_4": 0,
        "story_type_5": 0
    },
    {
        "add_reward_category_1": 51,
        "add_reward_category_2": 0,
        "add_reward_id_1": 30057,
        "add_reward_id_2": 0,
        "add_reward_num_1": 1,
        "add_reward_num_2": 0,
        "episode_index_id": 8,
        "id": 32,
        "need_point": 70000,
        "start_date": 1666062000,
        "story_condition_type": 0,
        "story_event_id": 1004,
        "story_id_1": 90002008,
        "story_id_2": 0,
        "story_id_3": 0,
        "story_id_4": 0,
        "story_id_5": 0,
        "story_type_1": 1,
        "story_type_2": 0,
        "story_type_3": 0,
        "story_type_4": 0,
        "story_type_5": 0
    },
    {
        "add_reward_category_1": 90,
        "add_reward_category_2": 0,
        "add_reward_id_1": 43,
        "add_reward_id_2": 0,
        "add_reward_num_1": 30,
        "add_reward_num_2": 0,
        "episode_index_id": 1,
        "id": 33,
        "need_point": 0,
        "start_date": 1668481200,
        "story_condition_type": 1,
        "story_event_id": 1005,
        "story_id_1": 90005001,
        "story_id_2": 0,
        "story_id_3": 0,
        "story_id_4": 0,
        "story_id_5": 0,
        "story_type_1": 1,
        "story_type_2": 0,
        "story_type_3": 0,
        "story_type_4": 0,
        "story_type_5": 0
    },
    {
        "add_reward_category_1": 90,
        "add_reward_category_2": 0,
        "add_reward_id_1": 43,
        "add_reward_id_2": 0,
        "add_reward_num_1": 30,
        "add_reward_num_2": 0,
        "episode_index_id": 2,
        "id": 34,
        "need_point": 10000,
        "start_date": 1668481200,
        "story_condition_type": 0,
        "story_event_id": 1005,
        "story_id_1": 90005002,
        "story_id_2": 0,
        "story_id_3": 0,
        "story_id_4": 0,
        "story_id_5": 0,
        "story_type_1": 1,
        "story_type_2": 0,
        "story_type_3": 0,
        "story_type_4": 0,
        "story_type_5": 0
    },
    {
        "add_reward_category_1": 90,
        "add_reward_category_2": 0,
        "add_reward_id_1": 43,
        "add_reward_id_2": 0,
        "add_reward_num_1": 30,
        "add_reward_num_2": 0,
        "episode_index_id": 3,
        "id": 35,
        "need_point": 20000,
        "start_date": 1668481200,
        "story_condition_type": 0,
        "story_event_id": 1005,
        "story_id_1": 90005003,
        "story_id_2": 0,
        "story_id_3": 0,
        "story_id_4": 0,
        "story_id_5": 0,
        "story_type_1": 1,
        "story_type_2": 0,
        "story_type_3": 0,
        "story_type_4": 0,
        "story_type_5": 0
    },
    {
        "add_reward_category_1": 90,
        "add_reward_category_2": 0,
        "add_reward_id_1": 43,
        "add_reward_id_2": 0,
        "add_reward_num_1": 30,
        "add_reward_num_2": 0,
        "episode_index_id": 4,
        "id": 36,
        "need_point": 30000,
        "start_date": 1668481200,
        "story_condition_type": 0,
        "story_event_id": 1005,
        "story_id_1": 90005004,
        "story_id_2": 0,
        "story_id_3": 0,
        "story_id_4": 0,
        "story_id_5": 0,
        "story_type_1": 1,
        "story_type_2": 0,
        "story_type_3": 0,
        "story_type_4": 0,
        "story_type_5": 0
    },
    {
        "add_reward_category_1": 90,
        "add_reward_category_2": 0,
        "add_reward_id_1": 43,
        "add_reward_id_2": 0,
        "add_reward_num_1": 30,
        "add_reward_num_2": 0,
        "episode_index_id": 5,
        "id": 37,
        "need_point": 40000,
        "start_date": 1668481200,
        "story_condition_type": 0,
        "story_event_id": 1005,
        "story_id_1": 90005005,
        "story_id_2": 0,
        "story_id_3": 0,
        "story_id_4": 0,
        "story_id_5": 0,
        "story_type_1": 1,
        "story_type_2": 0,
        "story_type_3": 0,
        "story_type_4": 0,
        "story_type_5": 0
    },
    {
        "add_reward_category_1": 90,
        "add_reward_category_2": 0,
        "add_reward_id_1": 43,
        "add_reward_id_2": 0,
        "add_reward_num_1": 30,
        "add_reward_num_2": 0,
        "episode_index_id": 6,
        "id": 38,
        "need_point": 50000,
        "start_date": 1668481200,
        "story_condition_type": 0,
        "story_event_id": 1005,
        "story_id_1": 90005006,
        "story_id_2": 0,
        "story_id_3": 0,
        "story_id_4": 0,
        "story_id_5": 0,
        "story_type_1": 1,
        "story_type_2": 0,
        "story_type_3": 0,
        "story_type_4": 0,
        "story_type_5": 0
    },
    {
        "add_reward_category_1": 90,
        "add_reward_category_2": 0,
        "add_reward_id_1": 43,
        "add_reward_id_2": 0,
        "add_reward_num_1": 30,
        "add_reward_num_2": 0,
        "episode_index_id": 7,
        "id": 39,
        "need_point": 60000,
        "start_date": 1668481200,
        "story_condition_type": 0,
        "story_event_id": 1005,
        "story_id_1": 90005007,
        "story_id_2": 0,
        "story_id_3": 0,
        "story_id_4": 0,
        "story_id_5": 0,
        "story_type_1": 1,
        "story_type_2": 0,
        "story_type_3": 0,
        "story_type_4": 0,
        "story_type_5": 0
    },
    {
        "add_reward_category_1": 51,
        "add_reward_category_2": 0,
        "add_reward_id_1": 30047,
        "add_reward_id_2": 0,
        "add_reward_num_1": 1,
        "add_reward_num_2": 0,
        "episode_index_id": 8,
        "id": 40,
        "need_point": 70000,
        "start_date": 1668481200,
        "story_condition_type": 0,
        "story_event_id": 1005,
        "story_id_1": 90005008,
        "story_id_2": 0,
        "story_id_3": 0,
        "story_id_4": 0,
        "story_id_5": 0,
        "story_type_1": 1,
        "story_type_2": 0,
        "story_type_3": 0,
        "story_type_4": 0,
        "story_type_5": 0
    }
]