[
    {
        "can_loop": 0,
        "character_id": 1001,
        "dress_id": 100101,
        "end_date": 1657681199,
        "id": 1,
        "reset_line": 8,
        "reward_set_id": 1,
        "roulette_id": 1001,
        "roulette_max_num": 25,
        "sheet_num": 1,
        "start_date": 1656298800,
        "story_event_id": 1001,
        "use_item_category": 94,
        "use_item_id": 45,
        "use_item_num": 10
    },
    {
        "can_loop": 0,
        "character_id": 1001,
        "dress_id": 100101,
        "end_date": 1657681199,
        "id": 2,
        "reset_line": 8,
        "reward_set_id": 1,
        "roulette_id": 1001,
        "roulette_max_num": 25,
        "sheet_num": 2,
        "start_date": 1656298800,
        "story_event_id": 1001,
        "use_item_category": 94,
        "use_item_id": 45,
        "use_item_num": 10
    },
    {
        "can_loop": 0,
        "character_id": 1001,
        "dress_id": 100101,
        "end_date": 1657681199,
        "id": 3,
        "reset_line": 8,
        "reward_set_id": 1,
        "roulette_id": 1001,
        "roulette_max_num": 25,
        "sheet_num": 3,
        "start_date": 1656298800,
        "story_event_id": 1001,
        "use_item_category": 94,
        "use_item_id": 45,
        "use_item_num": 10
    },
    {
        "can_loop": 1,
        "character_id": 1001,
        "dress_id": 100101,
        "end_date": 1657681199,
        "id": 4,
        "reset_line": 1,
        "reward_set_id": 2,
        "roulette_id": 1001,
        "roulette_max_num": 25,
        "sheet_num": 4,
        "start_date": 1656298800,
        "story_event_id": 1001,
        "use_item_category": 94,
        "use_item_id": 45,
        "use_item_num": 10
    },
    {
        "can_loop": 0,
        "character_id": 1060,
        "dress_id": 106001,
        "end_date": 1660359599,
        "id": 5,
        "reset_line": 8,
        "reward_set_id": 3,
        "roulette_id": 1002,
        "roulette_max_num": 25,
        "sheet_num": 1,
        "start_date": 1658718000,
        "story_event_id": 1002,
        "use_item_category": 94,
        "use_item_id": 45,
        "use_item_num": 10
    },
    {
        "can_loop": 0,
        "character_id": 1060,
        "dress_id": 106001,
        "end_date": 1660359599,
        "id": 6,
        "reset_line": 8,
        "reward_set_id": 3,
        "roulette_id": 1002,
        "roulette_max_num": 25,
        "sheet_num": 2,
        "start_date": 1658718000,
        "story_event_id": 1002,
        "use_item_category": 94,
        "use_item_id": 45,
        "use_item_num": 10
    },
    {
        "can_loop": 0,
        "character_id": 1060,
        "dress_id": 106001,
        "end_date": 1660359599,
        "id": 7,
        "reset_line": 8,
        "reward_set_id": 3,
        "roulette_id": 1002,
        "roulette_max_num": 25,
        "sheet_num": 3,
        "start_date": 1658718000,
        "story_event_id": 1002,
        "use_item_category": 94,
        "use_item_id": 45,
        "use_item_num": 10
    },
    {
        "can_loop": 1,
        "character_id": 1060,
        "dress_id": 106001,
        "end_date": 1660359599,
        "id": 8,
        "reset_line": 1,
        "reward_set_id": 2,
        "roulette_id": 1002,
        "roulette_max_num": 25,
        "sheet_num": 4,
        "start_date": 1658718000,
        "story_event_id": 1002,
        "use_item_category": 94,
        "use_item_id": 45,
        "use_item_num": 10
    },
    {
        "can_loop": 0,
        "character_id": 1024,
        "dress_id": 102426,
        "end_date": 1664593199,
        "id": 9,
        "reset_line": 8,
        "reward_set_id": 4,
        "roulette_id": 1003,
        "roulette_max_num": 25,
        "sheet_num": 1,
        "start_date": 1663210800,
        "story_event_id": 1003,
        "use_item_category": 94,
        "use_item_id": 45,
        "use_item_num": 10
    },
    {
        "can_loop": 0,
        "character_id": 1024,
        "dress_id": 102426,
        "end_date": 1664593199,
        "id": 10,
        "reset_line": 8,
        "reward_set_id": 4,
        "roulette_id": 1003,
        "roulette_max_num": 25,
        "sheet_num": 2,
        "start_date": 1663210800,
        "story_event_id": 1003,
        "use_item_category": 94,
        "use_item_id": 45,
        "use_item_num": 10
    },
    {
        "can_loop": 0,
        "character_id": 1024,
        "dress_id": 102426,
        "end_date": 1664593199,
        "id": 11,
        "reset_line": 8,
        "reward_set_id": 4,
        "roulette_id": 1003,
        "roulette_max_num": 25,
        "sheet_num": 3,
        "start_date": 1663210800,
        "story_event_id": 1003,
        "use_item_category": 94,
        "use_item_id": 45,
        "use_item_num": 10
    },
    {
        "can_loop": 1,
        "character_id": 1024,
        "dress_id": 102426,
        "end_date": 1664593199,
        "id": 12,
        "reset_line": 1,
        "reward_set_id": 5,
        "roulette_id": 1003,
        "roulette_max_num": 25,
        "sheet_num": 4,
        "start_date": 1663210800,
        "story_event_id": 1003,
        "use_item_category": 94,
        "use_item_id": 45,
        "use_item_num": 10
    },
    {
        "can_loop": 0,
        "character_id": 1007,
        "dress_id": 100701,
        "end_date": 1667444399,
        "id": 13,
        "reset_line": 8,
        "reward_set_id": 6,
        "roulette_id": 1004,
        "roulette_max_num": 25,
        "sheet_num": 1,
        "start_date": 1666062000,
        "story_event_id": 1004,
        "use_item_category": 94,
        "use_item_id": 45,
        "use_item_num": 10
    },
    {
        "can_loop": 0,
        "character_id": 1007,
        "dress_id": 100701,
        "end_date": 1667444399,
        "id": 14,
        "reset_line": 8,
        "reward_set_id": 6,
        "roulette_id": 1004,
        "roulette_max_num": 25,
        "sheet_num": 2,
        "start_date": 1666062000,
        "story_event_id": 1004,
        "use_item_category": 94,
        "use_item_id": 45,
        "use_item_num": 10
    },
    {
        "can_loop": 0,
        "character_id": 1007,
        "dress_id": 100701,
        "end_date": 1667444399,
        "id": 15,
        "reset_line": 8,
        "reward_set_id": 6,
        "roulette_id": 1004,
        "roulette_max_num": 25,
        "sheet_num": 3,
        "start_date": 1666062000,
        "story_event_id": 1004,
        "use_item_category": 94,
        "use_item_id": 45,
        "use_item_num": 10
    },
    {
        "can_loop": 1,
        "character_id": 1007,
        "dress_id": 100701,
        "end_date": 1667444399,
        "id": 16,
        "reset_line": 1,
        "reward_set_id": 7,
        "roulette_id": 1004,
        "roulette_max_num": 25,
        "sheet_num": 4,
        "start_date": 1666062000,
        "story_event_id": 1004,
        "use_item_category": 94,
        "use_item_id": 45,
        "use_item_num": 10
    },
    {
        "can_loop": 0,
        "character_id": 1009,
        "dress_id": 100901,
        "end_date": 1669863599,
        "id": 17,
        "reset_line": 8,
        "reward_set_id": 8,
        "roulette_id": 1005,
        "roulette_max_num": 25,
        "sheet_num": 1,
        "start_date": 1668481200,
        "story_event_id": 1005,
        "use_item_category": 94,
        "use_item_id": 45,
        "use_item_num": 10
    },
    {
        "can_loop": 0,
        "character_id": 1009,
        "dress_id": 100901,
        "end_date": 1669863599,
        "id": 18,
        "reset_line": 8,
        "reward_set_id": 8,
        "roulette_id": 1005,
        "roulette_max_num": 25,
        "sheet_num": 2,
        "start_date": 1668481200,
        "story_event_id": 1005,
        "use_item_category": 94,
        "use_item_id": 45,
        "use_item_num": 10
    },
    {
        "can_loop": 0,
        "character_id": 1009,
        "dress_id": 100901,
        "end_date": 1669863599,
        "id": 19,
        "reset_line": 8,
        "reward_set_id": 8,
        "roulette_id": 1005,
        "roulette_max_num": 25,
        "sheet_num": 3,
        "start_date": 1668481200,
        "story_event_id": 1005,
        "use_item_category": 94,
        "use_item_id": 45,
        "use_item_num": 10
    },
    {
        "can_loop": 1,
        "character_id": 1009,
        "dress_id": 100901,
        "end_date": 1669863599,
        "id": 20,
        "reset_line": 1,
        "reward_set_id": 7,
        "roulette_id": 1005,
        "roulette_max_num": 25,
        "sheet_num": 4,
        "start_date": 1668481200,
        "story_event_id": 1005,
        "use_item_category": 94,
        "use_item_id": 45,
        "use_item_num": 10
    }
]