[
    {
        "chara_id": 1001,
        "end_date": 1657421999,
        "id": 1,
        "limit_0": 15,
        "limit_1": 18,
        "limit_2": 21,
        "limit_3": 25,
        "limit_4": 30,
        "rarity": 3,
        "start_date": 1656298800,
        "story_event_id": 1001,
        "support_card_id": 30025
    },
    {
        "chara_id": 1006,
        "end_date": 1657421999,
        "id": 2,
        "limit_0": 25,
        "limit_1": 27,
        "limit_2": 30,
        "limit_3": 35,
        "limit_4": 40,
        "rarity": 3,
        "start_date": 1656298800,
        "story_event_id": 1001,
        "support_card_id": 30024
    },
    {
        "chara_id": 1001,
        "end_date": 1657421999,
        "id": 3,
        "limit_0": 5,
        "limit_1": 7,
        "limit_2": 9,
        "limit_3": 12,
        "limit_4": 15,
        "rarity": 3,
        "start_date": 1656298800,
        "story_event_id": 1001,
        "support_card_id": 30001
    },
    {
        "chara_id": 1002,
        "end_date": 1657421999,
        "id": 4,
        "limit_0": 5,
        "limit_1": 7,
        "limit_2": 9,
        "limit_3": 12,
        "limit_4": 15,
        "rarity": 3,
        "start_date": 1656298800,
        "story_event_id": 1001,
        "support_card_id": 30002
    },
    {
        "chara_id": 1003,
        "end_date": 1657421999,
        "id": 5,
        "limit_0": 5,
        "limit_1": 7,
        "limit_2": 9,
        "limit_3": 12,
        "limit_4": 15,
        "rarity": 3,
        "start_date": 1656298800,
        "story_event_id": 1001,
        "support_card_id": 30003
    },
    {
        "chara_id": 1044,
        "end_date": 1657421999,
        "id": 6,
        "limit_0": 10,
        "limit_1": 13,
        "limit_2": 16,
        "limit_3": 20,
        "limit_4": 25,
        "rarity": 2,
        "start_date": 1656298800,
        "story_event_id": 1001,
        "support_card_id": 0
    },
    {
        "chara_id": 1044,
        "end_date": 1657421999,
        "id": 7,
        "limit_0": 3,
        "limit_1": 5,
        "limit_2": 7,
        "limit_3": 10,
        "limit_4": 12,
        "rarity": 1,
        "start_date": 1656298800,
        "story_event_id": 1001,
        "support_card_id": 0
    },
    {
        "chara_id": 1001,
        "end_date": 1657421999,
        "id": 8,
        "limit_0": 2,
        "limit_1": 3,
        "limit_2": 5,
        "limit_3": 7,
        "limit_4": 10,
        "rarity": 1,
        "start_date": 1656298800,
        "story_event_id": 1001,
        "support_card_id": 10001
    },
    {
        "chara_id": 1002,
        "end_date": 1657421999,
        "id": 9,
        "limit_0": 2,
        "limit_1": 3,
        "limit_2": 5,
        "limit_3": 7,
        "limit_4": 10,
        "rarity": 1,
        "start_date": 1656298800,
        "story_event_id": 1001,
        "support_card_id": 10002
    },
    {
        "chara_id": 1003,
        "end_date": 1657421999,
        "id": 10,
        "limit_0": 2,
        "limit_1": 3,
        "limit_2": 5,
        "limit_3": 7,
        "limit_4": 10,
        "rarity": 1,
        "start_date": 1656298800,
        "story_event_id": 1001,
        "support_card_id": 10003
    },
    {
        "chara_id": 1066,
        "end_date": 1657421999,
        "id": 11,
        "limit_0": 25,
        "limit_1": 27,
        "limit_2": 30,
        "limit_3": 35,
        "limit_4": 40,
        "rarity": 3,
        "start_date": 1656903600,
        "story_event_id": 1001,
        "support_card_id": 0
    },
    {
        "chara_id": 1065,
        "end_date": 1657421999,
        "id": 12,
        "limit_0": 10,
        "limit_1": 13,
        "limit_2": 16,
        "limit_3": 20,
        "limit_4": 25,
        "rarity": 2,
        "start_date": 1656903600,
        "story_event_id": 1001,
        "support_card_id": 0
    },
    {
        "chara_id": 1066,
        "end_date": 1657421999,
        "id": 13,
        "limit_0": 3,
        "limit_1": 5,
        "limit_2": 7,
        "limit_3": 10,
        "limit_4": 12,
        "rarity": 1,
        "start_date": 1656903600,
        "story_event_id": 1001,
        "support_card_id": 0
    },
    {
        "chara_id": 1065,
        "end_date": 1657421999,
        "id": 14,
        "limit_0": 3,
        "limit_1": 5,
        "limit_2": 7,
        "limit_3": 10,
        "limit_4": 12,
        "rarity": 1,
        "start_date": 1656903600,
        "story_event_id": 1001,
        "support_card_id": 0
    },
    {
        "chara_id": 1068,
        "end_date": 1660100399,
        "id": 15,
        "limit_0": 30,
        "limit_1": 32,
        "limit_2": 35,
        "limit_3": 40,
        "limit_4": 45,
        "rarity": 3,
        "start_date": 1658718000,
        "story_event_id": 1002,
        "support_card_id": 0
    },
    {
        "chara_id": 1067,
        "end_date": 1660100399,
        "id": 16,
        "limit_0": 30,
        "limit_1": 32,
        "limit_2": 35,
        "limit_3": 40,
        "limit_4": 45,
        "rarity": 3,
        "start_date": 1658718000,
        "story_event_id": 1002,
        "support_card_id": 0
    },
    {
        "chara_id": 1066,
        "end_date": 1660100399,
        "id": 17,
        "limit_0": 10,
        "limit_1": 13,
        "limit_2": 16,
        "limit_3": 20,
        "limit_4": 25,
        "rarity": 3,
        "start_date": 1658718000,
        "story_event_id": 1002,
        "support_card_id": 0
    },
    {
        "chara_id": 1064,
        "end_date": 1660100399,
        "id": 18,
        "limit_0": 10,
        "limit_1": 13,
        "limit_2": 16,
        "limit_3": 20,
        "limit_4": 25,
        "rarity": 3,
        "start_date": 1658718000,
        "story_event_id": 1002,
        "support_card_id": 0
    },
    {
        "chara_id": 1062,
        "end_date": 1660100399,
        "id": 19,
        "limit_0": 20,
        "limit_1": 23,
        "limit_2": 26,
        "limit_3": 30,
        "limit_4": 35,
        "rarity": 3,
        "start_date": 1658718000,
        "story_event_id": 1002,
        "support_card_id": 30030
    },
    {
        "chara_id": 1003,
        "end_date": 1660100399,
        "id": 20,
        "limit_0": 10,
        "limit_1": 13,
        "limit_2": 16,
        "limit_3": 20,
        "limit_4": 25,
        "rarity": 3,
        "start_date": 1658718000,
        "story_event_id": 1002,
        "support_card_id": 30003
    },
    {
        "chara_id": 1013,
        "end_date": 1660100399,
        "id": 21,
        "limit_0": 5,
        "limit_1": 7,
        "limit_2": 9,
        "limit_3": 12,
        "limit_4": 15,
        "rarity": 3,
        "start_date": 1658718000,
        "story_event_id": 1002,
        "support_card_id": 30022
    },
    {
        "chara_id": 1065,
        "end_date": 1660100399,
        "id": 22,
        "limit_0": 5,
        "limit_1": 7,
        "limit_2": 9,
        "limit_3": 12,
        "limit_4": 15,
        "rarity": 2,
        "start_date": 1658718000,
        "story_event_id": 1002,
        "support_card_id": 0
    },
    {
        "chara_id": 1063,
        "end_date": 1660100399,
        "id": 23,
        "limit_0": 5,
        "limit_1": 7,
        "limit_2": 9,
        "limit_3": 12,
        "limit_4": 15,
        "rarity": 2,
        "start_date": 1658718000,
        "story_event_id": 1002,
        "support_card_id": 0
    },
    {
        "chara_id": 1060,
        "end_date": 1660100399,
        "id": 24,
        "limit_0": 5,
        "limit_1": 7,
        "limit_2": 9,
        "limit_3": 12,
        "limit_4": 15,
        "rarity": 2,
        "start_date": 1658718000,
        "story_event_id": 1002,
        "support_card_id": 20019
    },
    {
        "chara_id": 1060,
        "end_date": 1660100399,
        "id": 25,
        "limit_0": 13,
        "limit_1": 16,
        "limit_2": 19,
        "limit_3": 23,
        "limit_4": 28,
        "rarity": 2,
        "start_date": 1658718000,
        "story_event_id": 1002,
        "support_card_id": 20026
    },
    {
        "chara_id": 1068,
        "end_date": 1660100399,
        "id": 26,
        "limit_0": 5,
        "limit_1": 7,
        "limit_2": 9,
        "limit_3": 12,
        "limit_4": 15,
        "rarity": 1,
        "start_date": 1658718000,
        "story_event_id": 1002,
        "support_card_id": 0
    },
    {
        "chara_id": 1067,
        "end_date": 1660100399,
        "id": 27,
        "limit_0": 5,
        "limit_1": 7,
        "limit_2": 9,
        "limit_3": 12,
        "limit_4": 15,
        "rarity": 1,
        "start_date": 1658718000,
        "story_event_id": 1002,
        "support_card_id": 0
    },
    {
        "chara_id": 1066,
        "end_date": 1660100399,
        "id": 28,
        "limit_0": 3,
        "limit_1": 5,
        "limit_2": 7,
        "limit_3": 10,
        "limit_4": 12,
        "rarity": 1,
        "start_date": 1658718000,
        "story_event_id": 1002,
        "support_card_id": 0
    },
    {
        "chara_id": 1064,
        "end_date": 1660100399,
        "id": 29,
        "limit_0": 3,
        "limit_1": 5,
        "limit_2": 7,
        "limit_3": 10,
        "limit_4": 12,
        "rarity": 1,
        "start_date": 1658718000,
        "story_event_id": 1002,
        "support_card_id": 0
    },
    {
        "chara_id": 1062,
        "end_date": 1660100399,
        "id": 30,
        "limit_0": 5,
        "limit_1": 7,
        "limit_2": 9,
        "limit_3": 12,
        "limit_4": 15,
        "rarity": 1,
        "start_date": 1658718000,
        "story_event_id": 1002,
        "support_card_id": 0
    },
    {
        "chara_id": 1003,
        "end_date": 1660100399,
        "id": 31,
        "limit_0": 3,
        "limit_1": 5,
        "limit_2": 7,
        "limit_3": 10,
        "limit_4": 12,
        "rarity": 1,
        "start_date": 1658718000,
        "story_event_id": 1002,
        "support_card_id": 0
    },
    {
        "chara_id": 1013,
        "end_date": 1660100399,
        "id": 32,
        "limit_0": 3,
        "limit_1": 5,
        "limit_2": 7,
        "limit_3": 10,
        "limit_4": 12,
        "rarity": 1,
        "start_date": 1658718000,
        "story_event_id": 1002,
        "support_card_id": 0
    },
    {
        "chara_id": 1065,
        "end_date": 1660100399,
        "id": 33,
        "limit_0": 3,
        "limit_1": 5,
        "limit_2": 7,
        "limit_3": 10,
        "limit_4": 12,
        "rarity": 1,
        "start_date": 1658718000,
        "story_event_id": 1002,
        "support_card_id": 0
    },
    {
        "chara_id": 1063,
        "end_date": 1660100399,
        "id": 34,
        "limit_0": 3,
        "limit_1": 5,
        "limit_2": 7,
        "limit_3": 10,
        "limit_4": 12,
        "rarity": 1,
        "start_date": 1658718000,
        "story_event_id": 1002,
        "support_card_id": 0
    },
    {
        "chara_id": 1060,
        "end_date": 1660100399,
        "id": 35,
        "limit_0": 3,
        "limit_1": 5,
        "limit_2": 7,
        "limit_3": 10,
        "limit_4": 12,
        "rarity": 1,
        "start_date": 1658718000,
        "story_event_id": 1002,
        "support_card_id": 0
    },
    {
        "chara_id": 1039,
        "end_date": 1664333999,
        "id": 36,
        "limit_0": 30,
        "limit_1": 32,
        "limit_2": 35,
        "limit_3": 40,
        "limit_4": 45,
        "rarity": 3,
        "start_date": 1663210800,
        "story_event_id": 1003,
        "support_card_id": 30039
    },
    {
        "chara_id": 1028,
        "end_date": 1664333999,
        "id": 37,
        "limit_0": 30,
        "limit_1": 32,
        "limit_2": 35,
        "limit_3": 40,
        "limit_4": 45,
        "rarity": 3,
        "start_date": 1663210800,
        "story_event_id": 1003,
        "support_card_id": 30040
    },
    {
        "chara_id": 1018,
        "end_date": 1664333999,
        "id": 38,
        "limit_0": 7,
        "limit_1": 9,
        "limit_2": 12,
        "limit_3": 15,
        "limit_4": 18,
        "rarity": 2,
        "start_date": 1663210800,
        "story_event_id": 1003,
        "support_card_id": 20018
    },
    {
        "chara_id": 1024,
        "end_date": 1664333999,
        "id": 39,
        "limit_0": 7,
        "limit_1": 9,
        "limit_2": 12,
        "limit_3": 15,
        "limit_4": 18,
        "rarity": 2,
        "start_date": 1663210800,
        "story_event_id": 1003,
        "support_card_id": 20007
    },
    {
        "chara_id": 1059,
        "end_date": 1664333999,
        "id": 40,
        "limit_0": 7,
        "limit_1": 9,
        "limit_2": 12,
        "limit_3": 15,
        "limit_4": 18,
        "rarity": 2,
        "start_date": 1663210800,
        "story_event_id": 1003,
        "support_card_id": 20004
    },
    {
        "chara_id": 1039,
        "end_date": 1664333999,
        "id": 41,
        "limit_0": 5,
        "limit_1": 7,
        "limit_2": 9,
        "limit_3": 12,
        "limit_4": 15,
        "rarity": 1,
        "start_date": 1663210800,
        "story_event_id": 1003,
        "support_card_id": 10063
    },
    {
        "chara_id": 1028,
        "end_date": 1664333999,
        "id": 42,
        "limit_0": 5,
        "limit_1": 7,
        "limit_2": 9,
        "limit_3": 12,
        "limit_4": 15,
        "rarity": 1,
        "start_date": 1663210800,
        "story_event_id": 1003,
        "support_card_id": 10064
    },
    {
        "chara_id": 1059,
        "end_date": 1664333999,
        "id": 43,
        "limit_0": 3,
        "limit_1": 5,
        "limit_2": 7,
        "limit_3": 10,
        "limit_4": 12,
        "rarity": 1,
        "start_date": 1663210800,
        "story_event_id": 1003,
        "support_card_id": 10046
    },
    {
        "chara_id": 1024,
        "end_date": 1664333999,
        "id": 44,
        "limit_0": 3,
        "limit_1": 5,
        "limit_2": 7,
        "limit_3": 10,
        "limit_4": 12,
        "rarity": 1,
        "start_date": 1663210800,
        "story_event_id": 1003,
        "support_card_id": 10030
    },
    {
        "chara_id": 1018,
        "end_date": 1664333999,
        "id": 45,
        "limit_0": 3,
        "limit_1": 5,
        "limit_2": 7,
        "limit_3": 10,
        "limit_4": 12,
        "rarity": 1,
        "start_date": 1663210800,
        "story_event_id": 1003,
        "support_card_id": 10025
    },
    {
        "chara_id": 1059,
        "end_date": 1664333999,
        "id": 46,
        "limit_0": 20,
        "limit_1": 23,
        "limit_2": 26,
        "limit_3": 30,
        "limit_4": 35,
        "rarity": 3,
        "start_date": 1663210800,
        "story_event_id": 1003,
        "support_card_id": 30041
    },
    {
        "chara_id": 1020,
        "end_date": 1667185199,
        "id": 47,
        "limit_0": 30,
        "limit_1": 32,
        "limit_2": 35,
        "limit_3": 40,
        "limit_4": 45,
        "rarity": 3,
        "start_date": 1666062000,
        "story_event_id": 1004,
        "support_card_id": 30055
    },
    {
        "chara_id": 1061,
        "end_date": 1667185199,
        "id": 48,
        "limit_0": 30,
        "limit_1": 32,
        "limit_2": 35,
        "limit_3": 40,
        "limit_4": 45,
        "rarity": 3,
        "start_date": 1666062000,
        "story_event_id": 1004,
        "support_card_id": 30056
    },
    {
        "chara_id": 1014,
        "end_date": 1667185199,
        "id": 49,
        "limit_0": 10,
        "limit_1": 13,
        "limit_2": 16,
        "limit_3": 20,
        "limit_4": 25,
        "rarity": 3,
        "start_date": 1666062000,
        "story_event_id": 1004,
        "support_card_id": 30007
    },
    {
        "chara_id": 1011,
        "end_date": 1667185199,
        "id": 50,
        "limit_0": 10,
        "limit_1": 13,
        "limit_2": 16,
        "limit_3": 20,
        "limit_4": 25,
        "rarity": 3,
        "start_date": 1666062000,
        "story_event_id": 1004,
        "support_card_id": 30006
    },
    {
        "chara_id": 1007,
        "end_date": 1667185199,
        "id": 51,
        "limit_0": 10,
        "limit_1": 13,
        "limit_2": 16,
        "limit_3": 20,
        "limit_4": 25,
        "rarity": 3,
        "start_date": 1666062000,
        "story_event_id": 1004,
        "support_card_id": 30004
    },
    {
        "chara_id": 1020,
        "end_date": 1667185199,
        "id": 52,
        "limit_0": 10,
        "limit_1": 13,
        "limit_2": 16,
        "limit_3": 20,
        "limit_4": 25,
        "rarity": 3,
        "start_date": 1666062000,
        "story_event_id": 1004,
        "support_card_id": 30008
    },
    {
        "chara_id": 1061,
        "end_date": 1667185199,
        "id": 53,
        "limit_0": 5,
        "limit_1": 7,
        "limit_2": 9,
        "limit_3": 12,
        "limit_4": 15,
        "rarity": 2,
        "start_date": 1666062000,
        "story_event_id": 1004,
        "support_card_id": 20020
    },
    {
        "chara_id": 1014,
        "end_date": 1667185199,
        "id": 54,
        "limit_0": 3,
        "limit_1": 5,
        "limit_2": 7,
        "limit_3": 10,
        "limit_4": 12,
        "rarity": 1,
        "start_date": 1666062000,
        "story_event_id": 1004,
        "support_card_id": 10011
    },
    {
        "chara_id": 1011,
        "end_date": 1667185199,
        "id": 55,
        "limit_0": 3,
        "limit_1": 5,
        "limit_2": 7,
        "limit_3": 10,
        "limit_4": 12,
        "rarity": 1,
        "start_date": 1666062000,
        "story_event_id": 1004,
        "support_card_id": 10009
    },
    {
        "chara_id": 1007,
        "end_date": 1667185199,
        "id": 56,
        "limit_0": 3,
        "limit_1": 5,
        "limit_2": 7,
        "limit_3": 10,
        "limit_4": 12,
        "rarity": 1,
        "start_date": 1666062000,
        "story_event_id": 1004,
        "support_card_id": 10006
    },
    {
        "chara_id": 1020,
        "end_date": 1667185199,
        "id": 57,
        "limit_0": 3,
        "limit_1": 5,
        "limit_2": 7,
        "limit_3": 10,
        "limit_4": 12,
        "rarity": 1,
        "start_date": 1666062000,
        "story_event_id": 1004,
        "support_card_id": 10014
    },
    {
        "chara_id": 1061,
        "end_date": 1667185199,
        "id": 58,
        "limit_0": 3,
        "limit_1": 5,
        "limit_2": 7,
        "limit_3": 10,
        "limit_4": 12,
        "rarity": 1,
        "start_date": 1666062000,
        "story_event_id": 1004,
        "support_card_id": 10048
    },
    {
        "chara_id": 1007,
        "end_date": 1667185199,
        "id": 59,
        "limit_0": 20,
        "limit_1": 23,
        "limit_2": 26,
        "limit_3": 30,
        "limit_4": 35,
        "rarity": 3,
        "start_date": 1666062000,
        "story_event_id": 1004,
        "support_card_id": 30057
    },
    {
        "chara_id": 1044,
        "end_date": 1669604399,
        "id": 60,
        "limit_0": 30,
        "limit_1": 32,
        "limit_2": 35,
        "limit_3": 40,
        "limit_4": 45,
        "rarity": 3,
        "start_date": 1668481200,
        "story_event_id": 1005,
        "support_card_id": 30045
    },
    {
        "chara_id": 1035,
        "end_date": 1669604399,
        "id": 61,
        "limit_0": 30,
        "limit_1": 32,
        "limit_2": 35,
        "limit_3": 40,
        "limit_4": 45,
        "rarity": 3,
        "start_date": 1668481200,
        "story_event_id": 1005,
        "support_card_id": 30046
    },
    {
        "chara_id": 1001,
        "end_date": 1669604399,
        "id": 62,
        "limit_0": 10,
        "limit_1": 13,
        "limit_2": 16,
        "limit_3": 20,
        "limit_4": 25,
        "rarity": 3,
        "start_date": 1668481200,
        "story_event_id": 1005,
        "support_card_id": 0
    },
    {
        "chara_id": 1035,
        "end_date": 1669604399,
        "id": 63,
        "limit_0": 10,
        "limit_1": 13,
        "limit_2": 16,
        "limit_3": 20,
        "limit_4": 25,
        "rarity": 3,
        "start_date": 1668481200,
        "story_event_id": 1005,
        "support_card_id": 30012
    },
    {
        "chara_id": 1035,
        "end_date": 1669604399,
        "id": 64,
        "limit_0": 10,
        "limit_1": 13,
        "limit_2": 16,
        "limit_3": 20,
        "limit_4": 25,
        "rarity": 3,
        "start_date": 1668481200,
        "story_event_id": 1005,
        "support_card_id": 30033
    },
    {
        "chara_id": 1009,
        "end_date": 1669604399,
        "id": 65,
        "limit_0": 5,
        "limit_1": 7,
        "limit_2": 9,
        "limit_3": 12,
        "limit_4": 15,
        "rarity": 2,
        "start_date": 1668481200,
        "story_event_id": 1005,
        "support_card_id": 20002
    },
    {
        "chara_id": 1044,
        "end_date": 1669604399,
        "id": 66,
        "limit_0": 5,
        "limit_1": 7,
        "limit_2": 9,
        "limit_3": 12,
        "limit_4": 15,
        "rarity": 2,
        "start_date": 1668481200,
        "story_event_id": 1005,
        "support_card_id": 20023
    },
    {
        "chara_id": 1044,
        "end_date": 1669604399,
        "id": 67,
        "limit_0": 3,
        "limit_1": 5,
        "limit_2": 7,
        "limit_3": 10,
        "limit_4": 12,
        "rarity": 1,
        "start_date": 1668481200,
        "story_event_id": 1005,
        "support_card_id": 10050
    },
    {
        "chara_id": 1035,
        "end_date": 1669604399,
        "id": 68,
        "limit_0": 3,
        "limit_1": 5,
        "limit_2": 7,
        "limit_3": 10,
        "limit_4": 12,
        "rarity": 1,
        "start_date": 1668481200,
        "story_event_id": 1005,
        "support_card_id": 10016
    },
    {
        "chara_id": 1009,
        "end_date": 1669604399,
        "id": 69,
        "limit_0": 3,
        "limit_1": 5,
        "limit_2": 7,
        "limit_3": 10,
        "limit_4": 12,
        "rarity": 1,
        "start_date": 1668481200,
        "story_event_id": 1005,
        "support_card_id": 10023
    },
    {
        "chara_id": 1001,
        "end_date": 1669604399,
        "id": 70,
        "limit_0": 3,
        "limit_1": 5,
        "limit_2": 7,
        "limit_3": 10,
        "limit_4": 12,
        "rarity": 1,
        "start_date": 1668481200,
        "story_event_id": 1005,
        "support_card_id": 10001
    },
    {
        "chara_id": 1004,
        "end_date": 1669604399,
        "id": 71,
        "limit_0": 3,
        "limit_1": 5,
        "limit_2": 7,
        "limit_3": 10,
        "limit_4": 12,
        "rarity": 1,
        "start_date": 1668481200,
        "story_event_id": 1005,
        "support_card_id": 10004
    },
    {
        "chara_id": 1009,
        "end_date": 1669604399,
        "id": 72,
        "limit_0": 20,
        "limit_1": 23,
        "limit_2": 26,
        "limit_3": 30,
        "limit_4": 35,
        "rarity": 3,
        "start_date": 1668481200,
        "story_event_id": 1005,
        "support_card_id": 30047
    }
]