[
    {
        "id": 1,
        "rental_num": 1,
        "rental_rank": 1,
        "use_value1": 20,
        "use_value2": 10
    },
    {
        "id": 2,
        "rental_num": 2,
        "rental_rank": 1,
        "use_value1": 20,
        "use_value2": 10
    },
    {
        "id": 3,
        "rental_num": 3,
        "rental_rank": 1,
        "use_value1": 20,
        "use_value2": 10
    },
    {
        "id": 4,
        "rental_num": 4,
        "rental_rank": 1,
        "use_value1": 20,
        "use_value2": 10
    },
    {
        "id": 5,
        "rental_num": 5,
        "rental_rank": 1,
        "use_value1": 20,
        "use_value2": 10
    },
    {
        "id": 6,
        "rental_num": 1,
        "rental_rank": 2,
        "use_value1": 50,
        "use_value2": 30
    },
    {
        "id": 7,
        "rental_num": 2,
        "rental_rank": 2,
        "use_value1": 50,
        "use_value2": 30
    },
    {
        "id": 8,
        "rental_num": 3,
        "rental_rank": 2,
        "use_value1": 50,
        "use_value2": 30
    },
    {
        "id": 9,
        "rental_num": 4,
        "rental_rank": 2,
        "use_value1": 50,
        "use_value2": 30
    },
    {
        "id": 10,
        "rental_num": 5,
        "rental_rank": 2,
        "use_value1": 50,
        "use_value2": 30
    },
    {
        "id": 11,
        "rental_num": 1,
        "rental_rank": 3,
        "use_value1": 100,
        "use_value2": 60
    },
    {
        "id": 12,
        "rental_num": 2,
        "rental_rank": 3,
        "use_value1": 100,
        "use_value2": 60
    },
    {
        "id": 13,
        "rental_num": 3,
        "rental_rank": 3,
        "use_value1": 100,
        "use_value2": 60
    },
    {
        "id": 14,
        "rental_num": 4,
        "rental_rank": 3,
        "use_value1": 100,
        "use_value2": 60
    },
    {
        "id": 15,
        "rental_num": 5,
        "rental_rank": 3,
        "use_value1": 100,
        "use_value2": 60
    },
    {
        "id": 16,
        "rental_num": 1,
        "rental_rank": 4,
        "use_value1": 170,
        "use_value2": 100
    },
    {
        "id": 17,
        "rental_num": 2,
        "rental_rank": 4,
        "use_value1": 170,
        "use_value2": 100
    },
    {
        "id": 18,
        "rental_num": 3,
        "rental_rank": 4,
        "use_value1": 170,
        "use_value2": 100
    },
    {
        "id": 19,
        "rental_num": 4,
        "rental_rank": 4,
        "use_value1": 170,
        "use_value2": 100
    },
    {
        "id": 20,
        "rental_num": 5,
        "rental_rank": 4,
        "use_value1": 170,
        "use_value2": 100
    },
    {
        "id": 21,
        "rental_num": 1,
        "rental_rank": 5,
        "use_value1": 260,
        "use_value2": 150
    },
    {
        "id": 22,
        "rental_num": 2,
        "rental_rank": 5,
        "use_value1": 260,
        "use_value2": 150
    },
    {
        "id": 23,
        "rental_num": 3,
        "rental_rank": 5,
        "use_value1": 260,
        "use_value2": 150
    },
    {
        "id": 24,
        "rental_num": 4,
        "rental_rank": 5,
        "use_value1": 260,
        "use_value2": 150
    },
    {
        "id": 25,
        "rental_num": 5,
        "rental_rank": 5,
        "use_value1": 260,
        "use_value2": 150
    },
    {
        "id": 26,
        "rental_num": 1,
        "rental_rank": 6,
        "use_value1": 380,
        "use_value2": 220
    },
    {
        "id": 27,
        "rental_num": 2,
        "rental_rank": 6,
        "use_value1": 380,
        "use_value2": 220
    },
    {
        "id": 28,
        "rental_num": 3,
        "rental_rank": 6,
        "use_value1": 380,
        "use_value2": 220
    },
    {
        "id": 29,
        "rental_num": 4,
        "rental_rank": 6,
        "use_value1": 380,
        "use_value2": 220
    },
    {
        "id": 30,
        "rental_num": 5,
        "rental_rank": 6,
        "use_value1": 380,
        "use_value2": 220
    },
    {
        "id": 31,
        "rental_num": 1,
        "rental_rank": 7,
        "use_value1": 530,
        "use_value2": 310
    },
    {
        "id": 32,
        "rental_num": 2,
        "rental_rank": 7,
        "use_value1": 530,
        "use_value2": 310
    },
    {
        "id": 33,
        "rental_num": 3,
        "rental_rank": 7,
        "use_value1": 530,
        "use_value2": 310
    },
    {
        "id": 34,
        "rental_num": 4,
        "rental_rank": 7,
        "use_value1": 530,
        "use_value2": 310
    },
    {
        "id": 35,
        "rental_num": 5,
        "rental_rank": 7,
        "use_value1": 530,
        "use_value2": 310
    },
    {
        "id": 36,
        "rental_num": 1,
        "rental_rank": 8,
        "use_value1": 710,
        "use_value2": 410
    },
    {
        "id": 37,
        "rental_num": 2,
        "rental_rank": 8,
        "use_value1": 710,
        "use_value2": 410
    },
    {
        "id": 38,
        "rental_num": 3,
        "rental_rank": 8,
        "use_value1": 710,
        "use_value2": 410
    },
    {
        "id": 39,
        "rental_num": 4,
        "rental_rank": 8,
        "use_value1": 710,
        "use_value2": 410
    },
    {
        "id": 40,
        "rental_num": 5,
        "rental_rank": 8,
        "use_value1": 710,
        "use_value2": 410
    },
    {
        "id": 41,
        "rental_num": 1,
        "rental_rank": 9,
        "use_value1": 920,
        "use_value2": 520
    },
    {
        "id": 42,
        "rental_num": 2,
        "rental_rank": 9,
        "use_value1": 920,
        "use_value2": 520
    },
    {
        "id": 43,
        "rental_num": 3,
        "rental_rank": 9,
        "use_value1": 920,
        "use_value2": 520
    },
    {
        "id": 44,
        "rental_num": 4,
        "rental_rank": 9,
        "use_value1": 920,
        "use_value2": 520
    },
    {
        "id": 45,
        "rental_num": 5,
        "rental_rank": 9,
        "use_value1": 920,
        "use_value2": 520
    },
    {
        "id": 46,
        "rental_num": 1,
        "rental_rank": 10,
        "use_value1": 1170,
        "use_value2": 660
    },
    {
        "id": 47,
        "rental_num": 2,
        "rental_rank": 10,
        "use_value1": 1170,
        "use_value2": 660
    },
    {
        "id": 48,
        "rental_num": 3,
        "rental_rank": 10,
        "use_value1": 1170,
        "use_value2": 660
    },
    {
        "id": 49,
        "rental_num": 4,
        "rental_rank": 10,
        "use_value1": 1170,
        "use_value2": 660
    },
    {
        "id": 50,
        "rental_num": 5,
        "rental_rank": 10,
        "use_value1": 1170,
        "use_value2": 660
    },
    {
        "id": 51,
        "rental_num": 1,
        "rental_rank": 11,
        "use_value1": 1460,
        "use_value2": 820
    },
    {
        "id": 52,
        "rental_num": 2,
        "rental_rank": 11,
        "use_value1": 1460,
        "use_value2": 820
    },
    {
        "id": 53,
        "rental_num": 3,
        "rental_rank": 11,
        "use_value1": 1460,
        "use_value2": 820
    },
    {
        "id": 54,
        "rental_num": 4,
        "rental_rank": 11,
        "use_value1": 1460,
        "use_value2": 820
    },
    {
        "id": 55,
        "rental_num": 5,
        "rental_rank": 11,
        "use_value1": 1460,
        "use_value2": 820
    },
    {
        "id": 56,
        "rental_num": 1,
        "rental_rank": 12,
        "use_value1": 1790,
        "use_value2": 1000
    },
    {
        "id": 57,
        "rental_num": 2,
        "rental_rank": 12,
        "use_value1": 1790,
        "use_value2": 1000
    },
    {
        "id": 58,
        "rental_num": 3,
        "rental_rank": 12,
        "use_value1": 1790,
        "use_value2": 1000
    },
    {
        "id": 59,
        "rental_num": 4,
        "rental_rank": 12,
        "use_value1": 1790,
        "use_value2": 1000
    },
    {
        "id": 60,
        "rental_num": 5,
        "rental_rank": 12,
        "use_value1": 1790,
        "use_value2": 1000
    },
    {
        "id": 61,
        "rental_num": 1,
        "rental_rank": 13,
        "use_value1": 2480,
        "use_value2": 1380
    },
    {
        "id": 62,
        "rental_num": 2,
        "rental_rank": 13,
        "use_value1": 2480,
        "use_value2": 1380
    },
    {
        "id": 63,
        "rental_num": 3,
        "rental_rank": 13,
        "use_value1": 2480,
        "use_value2": 1380
    },
    {
        "id": 64,
        "rental_num": 4,
        "rental_rank": 13,
        "use_value1": 2480,
        "use_value2": 1380
    },
    {
        "id": 65,
        "rental_num": 5,
        "rental_rank": 13,
        "use_value1": 2480,
        "use_value2": 1380
    },
    {
        "id": 66,
        "rental_num": 1,
        "rental_rank": 14,
        "use_value1": 3370,
        "use_value2": 1860
    },
    {
        "id": 67,
        "rental_num": 2,
        "rental_rank": 14,
        "use_value1": 3370,
        "use_value2": 1860
    },
    {
        "id": 68,
        "rental_num": 3,
        "rental_rank": 14,
        "use_value1": 3370,
        "use_value2": 1860
    },
    {
        "id": 69,
        "rental_num": 4,
        "rental_rank": 14,
        "use_value1": 3370,
        "use_value2": 1860
    },
    {
        "id": 70,
        "rental_num": 5,
        "rental_rank": 14,
        "use_value1": 3370,
        "use_value2": 1860
    },
    {
        "id": 71,
        "rental_num": 1,
        "rental_rank": 15,
        "use_value1": 4940,
        "use_value2": 2720
    },
    {
        "id": 72,
        "rental_num": 2,
        "rental_rank": 15,
        "use_value1": 4940,
        "use_value2": 2720
    },
    {
        "id": 73,
        "rental_num": 3,
        "rental_rank": 15,
        "use_value1": 4940,
        "use_value2": 2720
    },
    {
        "id": 74,
        "rental_num": 4,
        "rental_rank": 15,
        "use_value1": 4940,
        "use_value2": 2720
    },
    {
        "id": 75,
        "rental_num": 5,
        "rental_rank": 15,
        "use_value1": 4940,
        "use_value2": 2720
    },
    {
        "id": 76,
        "rental_num": 1,
        "rental_rank": 16,
        "use_value1": 7100,
        "use_value2": 3880
    },
    {
        "id": 77,
        "rental_num": 2,
        "rental_rank": 16,
        "use_value1": 7100,
        "use_value2": 3880
    },
    {
        "id": 78,
        "rental_num": 3,
        "rental_rank": 16,
        "use_value1": 7100,
        "use_value2": 3880
    },
    {
        "id": 79,
        "rental_num": 4,
        "rental_rank": 16,
        "use_value1": 7100,
        "use_value2": 3880
    },
    {
        "id": 80,
        "rental_num": 5,
        "rental_rank": 16,
        "use_value1": 7100,
        "use_value2": 3880
    },
    {
        "id": 81,
        "rental_num": 1,
        "rental_rank": 17,
        "use_value1": 10020,
        "use_value2": 5440
    },
    {
        "id": 82,
        "rental_num": 2,
        "rental_rank": 17,
        "use_value1": 10020,
        "use_value2": 5440
    },
    {
        "id": 83,
        "rental_num": 3,
        "rental_rank": 17,
        "use_value1": 10020,
        "use_value2": 5440
    },
    {
        "id": 84,
        "rental_num": 4,
        "rental_rank": 17,
        "use_value1": 10020,
        "use_value2": 5440
    },
    {
        "id": 85,
        "rental_num": 5,
        "rental_rank": 17,
        "use_value1": 10020,
        "use_value2": 5440
    },
    {
        "id": 86,
        "rental_num": 1,
        "rental_rank": 18,
        "use_value1": 13920,
        "use_value2": 7520
    },
    {
        "id": 87,
        "rental_num": 2,
        "rental_rank": 18,
        "use_value1": 13920,
        "use_value2": 7520
    },
    {
        "id": 88,
        "rental_num": 3,
        "rental_rank": 18,
        "use_value1": 13920,
        "use_value2": 7520
    },
    {
        "id": 89,
        "rental_num": 4,
        "rental_rank": 18,
        "use_value1": 13920,
        "use_value2": 7520
    },
    {
        "id": 90,
        "rental_num": 5,
        "rental_rank": 18,
        "use_value1": 13920,
        "use_value2": 7520
    },
    {
        "id": 91,
        "rental_num": 1,
        "rental_rank": 19,
        "use_value1": 14650,
        "use_value2": 7860
    },
    {
        "id": 92,
        "rental_num": 2,
        "rental_rank": 19,
        "use_value1": 14650,
        "use_value2": 7860
    },
    {
        "id": 93,
        "rental_num": 3,
        "rental_rank": 19,
        "use_value1": 14650,
        "use_value2": 7860
    },
    {
        "id": 94,
        "rental_num": 4,
        "rental_rank": 19,
        "use_value1": 14650,
        "use_value2": 7860
    },
    {
        "id": 95,
        "rental_num": 5,
        "rental_rank": 19,
        "use_value1": 14650,
        "use_value2": 7860
    },
    {
        "id": 96,
        "rental_num": 1,
        "rental_rank": 20,
        "use_value1": 15240,
        "use_value2": 8130
    },
    {
        "id": 97,
        "rental_num": 2,
        "rental_rank": 20,
        "use_value1": 15240,
        "use_value2": 8130
    },
    {
        "id": 98,
        "rental_num": 3,
        "rental_rank": 20,
        "use_value1": 15240,
        "use_value2": 8130
    },
    {
        "id": 99,
        "rental_num": 4,
        "rental_rank": 20,
        "use_value1": 15240,
        "use_value2": 8130
    },
    {
        "id": 100,
        "rental_num": 5,
        "rental_rank": 20,
        "use_value1": 15240,
        "use_value2": 8130
    },
    {
        "id": 101,
        "rental_num": 1,
        "rental_rank": 21,
        "use_value1": 15820,
        "use_value2": 8380
    },
    {
        "id": 102,
        "rental_num": 2,
        "rental_rank": 21,
        "use_value1": 15820,
        "use_value2": 8380
    },
    {
        "id": 103,
        "rental_num": 3,
        "rental_rank": 21,
        "use_value1": 15820,
        "use_value2": 8380
    },
    {
        "id": 104,
        "rental_num": 4,
        "rental_rank": 21,
        "use_value1": 15820,
        "use_value2": 8380
    },
    {
        "id": 105,
        "rental_num": 5,
        "rental_rank": 21,
        "use_value1": 15820,
        "use_value2": 8380
    },
    {
        "id": 106,
        "rental_num": 1,
        "rental_rank": 22,
        "use_value1": 16400,
        "use_value2": 8640
    },
    {
        "id": 107,
        "rental_num": 2,
        "rental_rank": 22,
        "use_value1": 16400,
        "use_value2": 8640
    },
    {
        "id": 108,
        "rental_num": 3,
        "rental_rank": 22,
        "use_value1": 16400,
        "use_value2": 8640
    },
    {
        "id": 109,
        "rental_num": 4,
        "rental_rank": 22,
        "use_value1": 16400,
        "use_value2": 8640
    },
    {
        "id": 110,
        "rental_num": 5,
        "rental_rank": 22,
        "use_value1": 16400,
        "use_value2": 8640
    },
    {
        "id": 111,
        "rental_num": 1,
        "rental_rank": 23,
        "use_value1": 16970,
        "use_value2": 8880
    },
    {
        "id": 112,
        "rental_num": 2,
        "rental_rank": 23,
        "use_value1": 16970,
        "use_value2": 8880
    },
    {
        "id": 113,
        "rental_num": 3,
        "rental_rank": 23,
        "use_value1": 16970,
        "use_value2": 8880
    },
    {
        "id": 114,
        "rental_num": 4,
        "rental_rank": 23,
        "use_value1": 16970,
        "use_value2": 8880
    },
    {
        "id": 115,
        "rental_num": 5,
        "rental_rank": 23,
        "use_value1": 16970,
        "use_value2": 8880
    },
    {
        "id": 116,
        "rental_num": 1,
        "rental_rank": 24,
        "use_value1": 17540,
        "use_value2": 9120
    },
    {
        "id": 117,
        "rental_num": 2,
        "rental_rank": 24,
        "use_value1": 17540,
        "use_value2": 9120
    },
    {
        "id": 118,
        "rental_num": 3,
        "rental_rank": 24,
        "use_value1": 17540,
        "use_value2": 9120
    },
    {
        "id": 119,
        "rental_num": 4,
        "rental_rank": 24,
        "use_value1": 17540,
        "use_value2": 9120
    },
    {
        "id": 120,
        "rental_num": 5,
        "rental_rank": 24,
        "use_value1": 17540,
        "use_value2": 9120
    },
    {
        "id": 121,
        "rental_num": 1,
        "rental_rank": 25,
        "use_value1": 18100,
        "use_value2": 9350
    },
    {
        "id": 122,
        "rental_num": 2,
        "rental_rank": 25,
        "use_value1": 18100,
        "use_value2": 9350
    },
    {
        "id": 123,
        "rental_num": 3,
        "rental_rank": 25,
        "use_value1": 18100,
        "use_value2": 9350
    },
    {
        "id": 124,
        "rental_num": 4,
        "rental_rank": 25,
        "use_value1": 18100,
        "use_value2": 9350
    },
    {
        "id": 125,
        "rental_num": 5,
        "rental_rank": 25,
        "use_value1": 18100,
        "use_value2": 9350
    },
    {
        "id": 126,
        "rental_num": 1,
        "rental_rank": 26,
        "use_value1": 18660,
        "use_value2": 9580
    },
    {
        "id": 127,
        "rental_num": 2,
        "rental_rank": 26,
        "use_value1": 18660,
        "use_value2": 9580
    },
    {
        "id": 128,
        "rental_num": 3,
        "rental_rank": 26,
        "use_value1": 18660,
        "use_value2": 9580
    },
    {
        "id": 129,
        "rental_num": 4,
        "rental_rank": 26,
        "use_value1": 18660,
        "use_value2": 9580
    },
    {
        "id": 130,
        "rental_num": 5,
        "rental_rank": 26,
        "use_value1": 18660,
        "use_value2": 9580
    },
    {
        "id": 131,
        "rental_num": 1,
        "rental_rank": 27,
        "use_value1": 19210,
        "use_value2": 9800
    },
    {
        "id": 132,
        "rental_num": 2,
        "rental_rank": 27,
        "use_value1": 19210,
        "use_value2": 9800
    },
    {
        "id": 133,
        "rental_num": 3,
        "rental_rank": 27,
        "use_value1": 19210,
        "use_value2": 9800
    },
    {
        "id": 134,
        "rental_num": 4,
        "rental_rank": 27,
        "use_value1": 19210,
        "use_value2": 9800
    },
    {
        "id": 135,
        "rental_num": 5,
        "rental_rank": 27,
        "use_value1": 19210,
        "use_value2": 9800
    },
    {
        "id": 136,
        "rental_num": 1,
        "rental_rank": 28,
        "use_value1": 19760,
        "use_value2": 10010
    },
    {
        "id": 137,
        "rental_num": 2,
        "rental_rank": 28,
        "use_value1": 19760,
        "use_value2": 10010
    },
    {
        "id": 138,
        "rental_num": 3,
        "rental_rank": 28,
        "use_value1": 19760,
        "use_value2": 10010
    },
    {
        "id": 139,
        "rental_num": 4,
        "rental_rank": 28,
        "use_value1": 19760,
        "use_value2": 10010
    },
    {
        "id": 140,
        "rental_num": 5,
        "rental_rank": 28,
        "use_value1": 19760,
        "use_value2": 10010
    },
    {
        "id": 141,
        "rental_num": 1,
        "rental_rank": 29,
        "use_value1": 20310,
        "use_value2": 10220
    },
    {
        "id": 142,
        "rental_num": 2,
        "rental_rank": 29,
        "use_value1": 20310,
        "use_value2": 10220
    },
    {
        "id": 143,
        "rental_num": 3,
        "rental_rank": 29,
        "use_value1": 20310,
        "use_value2": 10220
    },
    {
        "id": 144,
        "rental_num": 4,
        "rental_rank": 29,
        "use_value1": 20310,
        "use_value2": 10220
    },
    {
        "id": 145,
        "rental_num": 5,
        "rental_rank": 29,
        "use_value1": 20310,
        "use_value2": 10220
    },
    {
        "id": 146,
        "rental_num": 1,
        "rental_rank": 30,
        "use_value1": 20850,
        "use_value2": 10430
    },
    {
        "id": 147,
        "rental_num": 2,
        "rental_rank": 30,
        "use_value1": 20850,
        "use_value2": 10430
    },
    {
        "id": 148,
        "rental_num": 3,
        "rental_rank": 30,
        "use_value1": 20850,
        "use_value2": 10430
    },
    {
        "id": 149,
        "rental_num": 4,
        "rental_rank": 30,
        "use_value1": 20850,
        "use_value2": 10430
    },
    {
        "id": 150,
        "rental_num": 5,
        "rental_rank": 30,
        "use_value1": 20850,
        "use_value2": 10430
    },
    {
        "id": 151,
        "rental_num": 1,
        "rental_rank": 31,
        "use_value1": 21390,
        "use_value2": 10620
    },
    {
        "id": 152,
        "rental_num": 2,
        "rental_rank": 31,
        "use_value1": 21390,
        "use_value2": 10620
    },
    {
        "id": 153,
        "rental_num": 3,
        "rental_rank": 31,
        "use_value1": 21390,
        "use_value2": 10620
    },
    {
        "id": 154,
        "rental_num": 4,
        "rental_rank": 31,
        "use_value1": 21390,
        "use_value2": 10620
    },
    {
        "id": 155,
        "rental_num": 5,
        "rental_rank": 31,
        "use_value1": 21390,
        "use_value2": 10620
    },
    {
        "id": 156,
        "rental_num": 1,
        "rental_rank": 32,
        "use_value1": 21920,
        "use_value2": 10810
    },
    {
        "id": 157,
        "rental_num": 2,
        "rental_rank": 32,
        "use_value1": 21920,
        "use_value2": 10810
    },
    {
        "id": 158,
        "rental_num": 3,
        "rental_rank": 32,
        "use_value1": 21920,
        "use_value2": 10810
    },
    {
        "id": 159,
        "rental_num": 4,
        "rental_rank": 32,
        "use_value1": 21920,
        "use_value2": 10810
    },
    {
        "id": 160,
        "rental_num": 5,
        "rental_rank": 32,
        "use_value1": 21920,
        "use_value2": 10810
    },
    {
        "id": 161,
        "rental_num": 1,
        "rental_rank": 33,
        "use_value1": 22450,
        "use_value2": 11000
    },
    {
        "id": 162,
        "rental_num": 2,
        "rental_rank": 33,
        "use_value1": 22450,
        "use_value2": 11000
    },
    {
        "id": 163,
        "rental_num": 3,
        "rental_rank": 33,
        "use_value1": 22450,
        "use_value2": 11000
    },
    {
        "id": 164,
        "rental_num": 4,
        "rental_rank": 33,
        "use_value1": 22450,
        "use_value2": 11000
    },
    {
        "id": 165,
        "rental_num": 5,
        "rental_rank": 33,
        "use_value1": 22450,
        "use_value2": 11000
    },
    {
        "id": 166,
        "rental_num": 1,
        "rental_rank": 34,
        "use_value1": 22980,
        "use_value2": 11180
    },
    {
        "id": 167,
        "rental_num": 2,
        "rental_rank": 34,
        "use_value1": 22980,
        "use_value2": 11180
    },
    {
        "id": 168,
        "rental_num": 3,
        "rental_rank": 34,
        "use_value1": 22980,
        "use_value2": 11180
    },
    {
        "id": 169,
        "rental_num": 4,
        "rental_rank": 34,
        "use_value1": 22980,
        "use_value2": 11180
    },
    {
        "id": 170,
        "rental_num": 5,
        "rental_rank": 34,
        "use_value1": 22980,
        "use_value2": 11180
    },
    {
        "id": 171,
        "rental_num": 1,
        "rental_rank": 35,
        "use_value1": 23510,
        "use_value2": 11360
    },
    {
        "id": 172,
        "rental_num": 2,
        "rental_rank": 35,
        "use_value1": 23510,
        "use_value2": 11360
    },
    {
        "id": 173,
        "rental_num": 3,
        "rental_rank": 35,
        "use_value1": 23510,
        "use_value2": 11360
    },
    {
        "id": 174,
        "rental_num": 4,
        "rental_rank": 35,
        "use_value1": 23510,
        "use_value2": 11360
    },
    {
        "id": 175,
        "rental_num": 5,
        "rental_rank": 35,
        "use_value1": 23510,
        "use_value2": 11360
    },
    {
        "id": 176,
        "rental_num": 1,
        "rental_rank": 36,
        "use_value1": 24030,
        "use_value2": 11530
    },
    {
        "id": 177,
        "rental_num": 2,
        "rental_rank": 36,
        "use_value1": 24030,
        "use_value2": 11530
    },
    {
        "id": 178,
        "rental_num": 3,
        "rental_rank": 36,
        "use_value1": 24030,
        "use_value2": 11530
    },
    {
        "id": 179,
        "rental_num": 4,
        "rental_rank": 36,
        "use_value1": 24030,
        "use_value2": 11530
    },
    {
        "id": 180,
        "rental_num": 5,
        "rental_rank": 36,
        "use_value1": 24030,
        "use_value2": 11530
    },
    {
        "id": 181,
        "rental_num": 1,
        "rental_rank": 37,
        "use_value1": 24550,
        "use_value2": 11700
    },
    {
        "id": 182,
        "rental_num": 2,
        "rental_rank": 37,
        "use_value1": 24550,
        "use_value2": 11700
    },
    {
        "id": 183,
        "rental_num": 3,
        "rental_rank": 37,
        "use_value1": 24550,
        "use_value2": 11700
    },
    {
        "id": 184,
        "rental_num": 4,
        "rental_rank": 37,
        "use_value1": 24550,
        "use_value2": 11700
    },
    {
        "id": 185,
        "rental_num": 5,
        "rental_rank": 37,
        "use_value1": 24550,
        "use_value2": 11700
    },
    {
        "id": 186,
        "rental_num": 1,
        "rental_rank": 38,
        "use_value1": 25070,
        "use_value2": 11870
    },
    {
        "id": 187,
        "rental_num": 2,
        "rental_rank": 38,
        "use_value1": 25070,
        "use_value2": 11870
    },
    {
        "id": 188,
        "rental_num": 3,
        "rental_rank": 38,
        "use_value1": 25070,
        "use_value2": 11870
    },
    {
        "id": 189,
        "rental_num": 4,
        "rental_rank": 38,
        "use_value1": 25070,
        "use_value2": 11870
    },
    {
        "id": 190,
        "rental_num": 5,
        "rental_rank": 38,
        "use_value1": 25070,
        "use_value2": 11870
    },
    {
        "id": 191,
        "rental_num": 1,
        "rental_rank": 39,
        "use_value1": 25580,
        "use_value2": 12020
    },
    {
        "id": 192,
        "rental_num": 2,
        "rental_rank": 39,
        "use_value1": 25580,
        "use_value2": 12020
    },
    {
        "id": 193,
        "rental_num": 3,
        "rental_rank": 39,
        "use_value1": 25580,
        "use_value2": 12020
    },
    {
        "id": 194,
        "rental_num": 4,
        "rental_rank": 39,
        "use_value1": 25580,
        "use_value2": 12020
    },
    {
        "id": 195,
        "rental_num": 5,
        "rental_rank": 39,
        "use_value1": 25580,
        "use_value2": 12020
    },
    {
        "id": 196,
        "rental_num": 1,
        "rental_rank": 40,
        "use_value1": 26090,
        "use_value2": 12180
    },
    {
        "id": 197,
        "rental_num": 2,
        "rental_rank": 40,
        "use_value1": 26090,
        "use_value2": 12180
    },
    {
        "id": 198,
        "rental_num": 3,
        "rental_rank": 40,
        "use_value1": 26090,
        "use_value2": 12180
    },
    {
        "id": 199,
        "rental_num": 4,
        "rental_rank": 40,
        "use_value1": 26090,
        "use_value2": 12180
    },
    {
        "id": 200,
        "rental_num": 5,
        "rental_rank": 40,
        "use_value1": 26090,
        "use_value2": 12180
    },
    {
        "id": 201,
        "rental_num": 1,
        "rental_rank": 41,
        "use_value1": 26600,
        "use_value2": 12320
    },
    {
        "id": 202,
        "rental_num": 2,
        "rental_rank": 41,
        "use_value1": 26600,
        "use_value2": 12320
    },
    {
        "id": 203,
        "rental_num": 3,
        "rental_rank": 41,
        "use_value1": 26600,
        "use_value2": 12320
    },
    {
        "id": 204,
        "rental_num": 4,
        "rental_rank": 41,
        "use_value1": 26600,
        "use_value2": 12320
    },
    {
        "id": 205,
        "rental_num": 5,
        "rental_rank": 41,
        "use_value1": 26600,
        "use_value2": 12320
    },
    {
        "id": 206,
        "rental_num": 1,
        "rental_rank": 42,
        "use_value1": 27110,
        "use_value2": 12470
    },
    {
        "id": 207,
        "rental_num": 2,
        "rental_rank": 42,
        "use_value1": 27110,
        "use_value2": 12470
    },
    {
        "id": 208,
        "rental_num": 3,
        "rental_rank": 42,
        "use_value1": 27110,
        "use_value2": 12470
    },
    {
        "id": 209,
        "rental_num": 4,
        "rental_rank": 42,
        "use_value1": 27110,
        "use_value2": 12470
    },
    {
        "id": 210,
        "rental_num": 5,
        "rental_rank": 42,
        "use_value1": 27110,
        "use_value2": 12470
    },
    {
        "id": 211,
        "rental_num": 1,
        "rental_rank": 43,
        "use_value1": 27610,
        "use_value2": 12610
    },
    {
        "id": 212,
        "rental_num": 2,
        "rental_rank": 43,
        "use_value1": 27610,
        "use_value2": 12610
    },
    {
        "id": 213,
        "rental_num": 3,
        "rental_rank": 43,
        "use_value1": 27610,
        "use_value2": 12610
    },
    {
        "id": 214,
        "rental_num": 4,
        "rental_rank": 43,
        "use_value1": 27610,
        "use_value2": 12610
    },
    {
        "id": 215,
        "rental_num": 5,
        "rental_rank": 43,
        "use_value1": 27610,
        "use_value2": 12610
    },
    {
        "id": 216,
        "rental_num": 1,
        "rental_rank": 44,
        "use_value1": 28110,
        "use_value2": 12740
    },
    {
        "id": 217,
        "rental_num": 2,
        "rental_rank": 44,
        "use_value1": 28110,
        "use_value2": 12740
    },
    {
        "id": 218,
        "rental_num": 3,
        "rental_rank": 44,
        "use_value1": 28110,
        "use_value2": 12740
    },
    {
        "id": 219,
        "rental_num": 4,
        "rental_rank": 44,
        "use_value1": 28110,
        "use_value2": 12740
    },
    {
        "id": 220,
        "rental_num": 5,
        "rental_rank": 44,
        "use_value1": 28110,
        "use_value2": 12740
    },
    {
        "id": 221,
        "rental_num": 1,
        "rental_rank": 45,
        "use_value1": 28610,
        "use_value2": 12870
    },
    {
        "id": 222,
        "rental_num": 2,
        "rental_rank": 45,
        "use_value1": 28610,
        "use_value2": 12870
    },
    {
        "id": 223,
        "rental_num": 3,
        "rental_rank": 45,
        "use_value1": 28610,
        "use_value2": 12870
    },
    {
        "id": 224,
        "rental_num": 4,
        "rental_rank": 45,
        "use_value1": 28610,
        "use_value2": 12870
    },
    {
        "id": 225,
        "rental_num": 5,
        "rental_rank": 45,
        "use_value1": 28610,
        "use_value2": 12870
    },
    {
        "id": 226,
        "rental_num": 1,
        "rental_rank": 46,
        "use_value1": 29110,
        "use_value2": 13000
    },
    {
        "id": 227,
        "rental_num": 2,
        "rental_rank": 46,
        "use_value1": 29110,
        "use_value2": 13000
    },
    {
        "id": 228,
        "rental_num": 3,
        "rental_rank": 46,
        "use_value1": 29110,
        "use_value2": 13000
    },
    {
        "id": 229,
        "rental_num": 4,
        "rental_rank": 46,
        "use_value1": 29110,
        "use_value2": 13000
    },
    {
        "id": 230,
        "rental_num": 5,
        "rental_rank": 46,
        "use_value1": 29110,
        "use_value2": 13000
    },
    {
        "id": 231,
        "rental_num": 1,
        "rental_rank": 47,
        "use_value1": 29610,
        "use_value2": 13130
    },
    {
        "id": 232,
        "rental_num": 2,
        "rental_rank": 47,
        "use_value1": 29610,
        "use_value2": 13130
    },
    {
        "id": 233,
        "rental_num": 3,
        "rental_rank": 47,
        "use_value1": 29610,
        "use_value2": 13130
    },
    {
        "id": 234,
        "rental_num": 4,
        "rental_rank": 47,
        "use_value1": 29610,
        "use_value2": 13130
    },
    {
        "id": 235,
        "rental_num": 5,
        "rental_rank": 47,
        "use_value1": 29610,
        "use_value2": 13130
    },
    {
        "id": 236,
        "rental_num": 1,
        "rental_rank": 48,
        "use_value1": 30100,
        "use_value2": 13240
    },
    {
        "id": 237,
        "rental_num": 2,
        "rental_rank": 48,
        "use_value1": 30100,
        "use_value2": 13240
    },
    {
        "id": 238,
        "rental_num": 3,
        "rental_rank": 48,
        "use_value1": 30100,
        "use_value2": 13240
    },
    {
        "id": 239,
        "rental_num": 4,
        "rental_rank": 48,
        "use_value1": 30100,
        "use_value2": 13240
    },
    {
        "id": 240,
        "rental_num": 5,
        "rental_rank": 48,
        "use_value1": 30100,
        "use_value2": 13240
    },
    {
        "id": 241,
        "rental_num": 1,
        "rental_rank": 49,
        "use_value1": 30590,
        "use_value2": 13360
    },
    {
        "id": 242,
        "rental_num": 2,
        "rental_rank": 49,
        "use_value1": 30590,
        "use_value2": 13360
    },
    {
        "id": 243,
        "rental_num": 3,
        "rental_rank": 49,
        "use_value1": 30590,
        "use_value2": 13360
    },
    {
        "id": 244,
        "rental_num": 4,
        "rental_rank": 49,
        "use_value1": 30590,
        "use_value2": 13360
    },
    {
        "id": 245,
        "rental_num": 5,
        "rental_rank": 49,
        "use_value1": 30590,
        "use_value2": 13360
    },
    {
        "id": 246,
        "rental_num": 1,
        "rental_rank": 50,
        "use_value1": 31080,
        "use_value2": 13470
    },
    {
        "id": 247,
        "rental_num": 2,
        "rental_rank": 50,
        "use_value1": 31080,
        "use_value2": 13470
    },
    {
        "id": 248,
        "rental_num": 3,
        "rental_rank": 50,
        "use_value1": 31080,
        "use_value2": 13470
    },
    {
        "id": 249,
        "rental_num": 4,
        "rental_rank": 50,
        "use_value1": 31080,
        "use_value2": 13470
    },
    {
        "id": 250,
        "rental_num": 5,
        "rental_rank": 50,
        "use_value1": 31080,
        "use_value2": 13470
    },
    {
        "id": 251,
        "rental_num": 1,
        "rental_rank": 51,
        "use_value1": 31570,
        "use_value2": 13580
    },
    {
        "id": 252,
        "rental_num": 2,
        "rental_rank": 51,
        "use_value1": 31570,
        "use_value2": 13580
    },
    {
        "id": 253,
        "rental_num": 3,
        "rental_rank": 51,
        "use_value1": 31570,
        "use_value2": 13580
    },
    {
        "id": 254,
        "rental_num": 4,
        "rental_rank": 51,
        "use_value1": 31570,
        "use_value2": 13580
    },
    {
        "id": 255,
        "rental_num": 5,
        "rental_rank": 51,
        "use_value1": 31570,
        "use_value2": 13580
    },
    {
        "id": 256,
        "rental_num": 1,
        "rental_rank": 52,
        "use_value1": 32060,
        "use_value2": 13680
    },
    {
        "id": 257,
        "rental_num": 2,
        "rental_rank": 52,
        "use_value1": 32060,
        "use_value2": 13680
    },
    {
        "id": 258,
        "rental_num": 3,
        "rental_rank": 52,
        "use_value1": 32060,
        "use_value2": 13680
    },
    {
        "id": 259,
        "rental_num": 4,
        "rental_rank": 52,
        "use_value1": 32060,
        "use_value2": 13680
    },
    {
        "id": 260,
        "rental_num": 5,
        "rental_rank": 52,
        "use_value1": 32060,
        "use_value2": 13680
    },
    {
        "id": 261,
        "rental_num": 1,
        "rental_rank": 53,
        "use_value1": 32540,
        "use_value2": 13780
    },
    {
        "id": 262,
        "rental_num": 2,
        "rental_rank": 53,
        "use_value1": 32540,
        "use_value2": 13780
    },
    {
        "id": 263,
        "rental_num": 3,
        "rental_rank": 53,
        "use_value1": 32540,
        "use_value2": 13780
    },
    {
        "id": 264,
        "rental_num": 4,
        "rental_rank": 53,
        "use_value1": 32540,
        "use_value2": 13780
    },
    {
        "id": 265,
        "rental_num": 5,
        "rental_rank": 53,
        "use_value1": 32540,
        "use_value2": 13780
    },
    {
        "id": 266,
        "rental_num": 1,
        "rental_rank": 54,
        "use_value1": 33020,
        "use_value2": 13870
    },
    {
        "id": 267,
        "rental_num": 2,
        "rental_rank": 54,
        "use_value1": 33020,
        "use_value2": 13870
    },
    {
        "id": 268,
        "rental_num": 3,
        "rental_rank": 54,
        "use_value1": 33020,
        "use_value2": 13870
    },
    {
        "id": 269,
        "rental_num": 4,
        "rental_rank": 54,
        "use_value1": 33020,
        "use_value2": 13870
    },
    {
        "id": 270,
        "rental_num": 5,
        "rental_rank": 54,
        "use_value1": 33020,
        "use_value2": 13870
    },
    {
        "id": 271,
        "rental_num": 1,
        "rental_rank": 55,
        "use_value1": 33500,
        "use_value2": 13960
    },
    {
        "id": 272,
        "rental_num": 2,
        "rental_rank": 55,
        "use_value1": 33500,
        "use_value2": 13960
    },
    {
        "id": 273,
        "rental_num": 3,
        "rental_rank": 55,
        "use_value1": 33500,
        "use_value2": 13960
    },
    {
        "id": 274,
        "rental_num": 4,
        "rental_rank": 55,
        "use_value1": 33500,
        "use_value2": 13960
    },
    {
        "id": 275,
        "rental_num": 5,
        "rental_rank": 55,
        "use_value1": 33500,
        "use_value2": 13960
    },
    {
        "id": 276,
        "rental_num": 1,
        "rental_rank": 56,
        "use_value1": 33980,
        "use_value2": 14050
    },
    {
        "id": 277,
        "rental_num": 2,
        "rental_rank": 56,
        "use_value1": 33980,
        "use_value2": 14050
    },
    {
        "id": 278,
        "rental_num": 3,
        "rental_rank": 56,
        "use_value1": 33980,
        "use_value2": 14050
    },
    {
        "id": 279,
        "rental_num": 4,
        "rental_rank": 56,
        "use_value1": 33980,
        "use_value2": 14050
    },
    {
        "id": 280,
        "rental_num": 5,
        "rental_rank": 56,
        "use_value1": 33980,
        "use_value2": 14050
    },
    {
        "id": 281,
        "rental_num": 1,
        "rental_rank": 57,
        "use_value1": 34460,
        "use_value2": 14130
    },
    {
        "id": 282,
        "rental_num": 2,
        "rental_rank": 57,
        "use_value1": 34460,
        "use_value2": 14130
    },
    {
        "id": 283,
        "rental_num": 3,
        "rental_rank": 57,
        "use_value1": 34460,
        "use_value2": 14130
    },
    {
        "id": 284,
        "rental_num": 4,
        "rental_rank": 57,
        "use_value1": 34460,
        "use_value2": 14130
    },
    {
        "id": 285,
        "rental_num": 5,
        "rental_rank": 57,
        "use_value1": 34460,
        "use_value2": 14130
    },
    {
        "id": 286,
        "rental_num": 1,
        "rental_rank": 58,
        "use_value1": 34940,
        "use_value2": 14210
    },
    {
        "id": 287,
        "rental_num": 2,
        "rental_rank": 58,
        "use_value1": 34940,
        "use_value2": 14210
    },
    {
        "id": 288,
        "rental_num": 3,
        "rental_rank": 58,
        "use_value1": 34940,
        "use_value2": 14210
    },
    {
        "id": 289,
        "rental_num": 4,
        "rental_rank": 58,
        "use_value1": 34940,
        "use_value2": 14210
    },
    {
        "id": 290,
        "rental_num": 5,
        "rental_rank": 58,
        "use_value1": 34940,
        "use_value2": 14210
    },
    {
        "id": 291,
        "rental_num": 1,
        "rental_rank": 59,
        "use_value1": 35410,
        "use_value2": 14280
    },
    {
        "id": 292,
        "rental_num": 2,
        "rental_rank": 59,
        "use_value1": 35410,
        "use_value2": 14280
    },
    {
        "id": 293,
        "rental_num": 3,
        "rental_rank": 59,
        "use_value1": 35410,
        "use_value2": 14280
    },
    {
        "id": 294,
        "rental_num": 4,
        "rental_rank": 59,
        "use_value1": 35410,
        "use_value2": 14280
    },
    {
        "id": 295,
        "rental_num": 5,
        "rental_rank": 59,
        "use_value1": 35410,
        "use_value2": 14280
    },
    {
        "id": 296,
        "rental_num": 1,
        "rental_rank": 60,
        "use_value1": 35880,
        "use_value2": 14350
    },
    {
        "id": 297,
        "rental_num": 2,
        "rental_rank": 60,
        "use_value1": 35880,
        "use_value2": 14350
    },
    {
        "id": 298,
        "rental_num": 3,
        "rental_rank": 60,
        "use_value1": 35880,
        "use_value2": 14350
    },
    {
        "id": 299,
        "rental_num": 4,
        "rental_rank": 60,
        "use_value1": 35880,
        "use_value2": 14350
    },
    {
        "id": 300,
        "rental_num": 5,
        "rental_rank": 60,
        "use_value1": 35880,
        "use_value2": 14350
    },
    {
        "id": 301,
        "rental_num": 1,
        "rental_rank": 61,
        "use_value1": 36350,
        "use_value2": 14420
    },
    {
        "id": 302,
        "rental_num": 2,
        "rental_rank": 61,
        "use_value1": 36350,
        "use_value2": 14420
    },
    {
        "id": 303,
        "rental_num": 3,
        "rental_rank": 61,
        "use_value1": 36350,
        "use_value2": 14420
    },
    {
        "id": 304,
        "rental_num": 4,
        "rental_rank": 61,
        "use_value1": 36350,
        "use_value2": 14420
    },
    {
        "id": 305,
        "rental_num": 5,
        "rental_rank": 61,
        "use_value1": 36350,
        "use_value2": 14420
    },
    {
        "id": 306,
        "rental_num": 1,
        "rental_rank": 62,
        "use_value1": 36820,
        "use_value2": 14480
    },
    {
        "id": 307,
        "rental_num": 2,
        "rental_rank": 62,
        "use_value1": 36820,
        "use_value2": 14480
    },
    {
        "id": 308,
        "rental_num": 3,
        "rental_rank": 62,
        "use_value1": 36820,
        "use_value2": 14480
    },
    {
        "id": 309,
        "rental_num": 4,
        "rental_rank": 62,
        "use_value1": 36820,
        "use_value2": 14480
    },
    {
        "id": 310,
        "rental_num": 5,
        "rental_rank": 62,
        "use_value1": 36820,
        "use_value2": 14480
    },
    {
        "id": 311,
        "rental_num": 1,
        "rental_rank": 63,
        "use_value1": 37290,
        "use_value2": 14540
    },
    {
        "id": 312,
        "rental_num": 2,
        "rental_rank": 63,
        "use_value1": 37290,
        "use_value2": 14540
    },
    {
        "id": 313,
        "rental_num": 3,
        "rental_rank": 63,
        "use_value1": 37290,
        "use_value2": 14540
    },
    {
        "id": 314,
        "rental_num": 4,
        "rental_rank": 63,
        "use_value1": 37290,
        "use_value2": 14540
    },
    {
        "id": 315,
        "rental_num": 5,
        "rental_rank": 63,
        "use_value1": 37290,
        "use_value2": 14540
    },
    {
        "id": 316,
        "rental_num": 1,
        "rental_rank": 64,
        "use_value1": 37760,
        "use_value2": 14600
    },
    {
        "id": 317,
        "rental_num": 2,
        "rental_rank": 64,
        "use_value1": 37760,
        "use_value2": 14600
    },
    {
        "id": 318,
        "rental_num": 3,
        "rental_rank": 64,
        "use_value1": 37760,
        "use_value2": 14600
    },
    {
        "id": 319,
        "rental_num": 4,
        "rental_rank": 64,
        "use_value1": 37760,
        "use_value2": 14600
    },
    {
        "id": 320,
        "rental_num": 5,
        "rental_rank": 64,
        "use_value1": 37760,
        "use_value2": 14600
    },
    {
        "id": 321,
        "rental_num": 1,
        "rental_rank": 65,
        "use_value1": 38220,
        "use_value2": 14650
    },
    {
        "id": 322,
        "rental_num": 2,
        "rental_rank": 65,
        "use_value1": 38220,
        "use_value2": 14650
    },
    {
        "id": 323,
        "rental_num": 3,
        "rental_rank": 65,
        "use_value1": 38220,
        "use_value2": 14650
    },
    {
        "id": 324,
        "rental_num": 4,
        "rental_rank": 65,
        "use_value1": 38220,
        "use_value2": 14650
    },
    {
        "id": 325,
        "rental_num": 5,
        "rental_rank": 65,
        "use_value1": 38220,
        "use_value2": 14650
    },
    {
        "id": 326,
        "rental_num": 1,
        "rental_rank": 66,
        "use_value1": 38680,
        "use_value2": 14700
    },
    {
        "id": 327,
        "rental_num": 2,
        "rental_rank": 66,
        "use_value1": 38680,
        "use_value2": 14700
    },
    {
        "id": 328,
        "rental_num": 3,
        "rental_rank": 66,
        "use_value1": 38680,
        "use_value2": 14700
    },
    {
        "id": 329,
        "rental_num": 4,
        "rental_rank": 66,
        "use_value1": 38680,
        "use_value2": 14700
    },
    {
        "id": 330,
        "rental_num": 5,
        "rental_rank": 66,
        "use_value1": 38680,
        "use_value2": 14700
    },
    {
        "id": 331,
        "rental_num": 1,
        "rental_rank": 67,
        "use_value1": 39140,
        "use_value2": 14740
    },
    {
        "id": 332,
        "rental_num": 2,
        "rental_rank": 67,
        "use_value1": 39140,
        "use_value2": 14740
    },
    {
        "id": 333,
        "rental_num": 3,
        "rental_rank": 67,
        "use_value1": 39140,
        "use_value2": 14740
    },
    {
        "id": 334,
        "rental_num": 4,
        "rental_rank": 67,
        "use_value1": 39140,
        "use_value2": 14740
    },
    {
        "id": 335,
        "rental_num": 5,
        "rental_rank": 67,
        "use_value1": 39140,
        "use_value2": 14740
    },
    {
        "id": 336,
        "rental_num": 1,
        "rental_rank": 68,
        "use_value1": 39600,
        "use_value2": 14780
    },
    {
        "id": 337,
        "rental_num": 2,
        "rental_rank": 68,
        "use_value1": 39600,
        "use_value2": 14780
    },
    {
        "id": 338,
        "rental_num": 3,
        "rental_rank": 68,
        "use_value1": 39600,
        "use_value2": 14780
    },
    {
        "id": 339,
        "rental_num": 4,
        "rental_rank": 68,
        "use_value1": 39600,
        "use_value2": 14780
    },
    {
        "id": 340,
        "rental_num": 5,
        "rental_rank": 68,
        "use_value1": 39600,
        "use_value2": 14780
    },
    {
        "id": 341,
        "rental_num": 1,
        "rental_rank": 69,
        "use_value1": 40060,
        "use_value2": 14820
    },
    {
        "id": 342,
        "rental_num": 2,
        "rental_rank": 69,
        "use_value1": 40060,
        "use_value2": 14820
    },
    {
        "id": 343,
        "rental_num": 3,
        "rental_rank": 69,
        "use_value1": 40060,
        "use_value2": 14820
    },
    {
        "id": 344,
        "rental_num": 4,
        "rental_rank": 69,
        "use_value1": 40060,
        "use_value2": 14820
    },
    {
        "id": 345,
        "rental_num": 5,
        "rental_rank": 69,
        "use_value1": 40060,
        "use_value2": 14820
    },
    {
        "id": 346,
        "rental_num": 1,
        "rental_rank": 70,
        "use_value1": 40520,
        "use_value2": 14860
    },
    {
        "id": 347,
        "rental_num": 2,
        "rental_rank": 70,
        "use_value1": 40520,
        "use_value2": 14860
    },
    {
        "id": 348,
        "rental_num": 3,
        "rental_rank": 70,
        "use_value1": 40520,
        "use_value2": 14860
    },
    {
        "id": 349,
        "rental_num": 4,
        "rental_rank": 70,
        "use_value1": 40520,
        "use_value2": 14860
    },
    {
        "id": 350,
        "rental_num": 5,
        "rental_rank": 70,
        "use_value1": 40520,
        "use_value2": 14860
    },
    {
        "id": 351,
        "rental_num": 1,
        "rental_rank": 71,
        "use_value1": 40980,
        "use_value2": 14890
    },
    {
        "id": 352,
        "rental_num": 2,
        "rental_rank": 71,
        "use_value1": 40980,
        "use_value2": 14890
    },
    {
        "id": 353,
        "rental_num": 3,
        "rental_rank": 71,
        "use_value1": 40980,
        "use_value2": 14890
    },
    {
        "id": 354,
        "rental_num": 4,
        "rental_rank": 71,
        "use_value1": 40980,
        "use_value2": 14890
    },
    {
        "id": 355,
        "rental_num": 5,
        "rental_rank": 71,
        "use_value1": 40980,
        "use_value2": 14890
    },
    {
        "id": 356,
        "rental_num": 1,
        "rental_rank": 72,
        "use_value1": 41440,
        "use_value2": 14920
    },
    {
        "id": 357,
        "rental_num": 2,
        "rental_rank": 72,
        "use_value1": 41440,
        "use_value2": 14920
    },
    {
        "id": 358,
        "rental_num": 3,
        "rental_rank": 72,
        "use_value1": 41440,
        "use_value2": 14920
    },
    {
        "id": 359,
        "rental_num": 4,
        "rental_rank": 72,
        "use_value1": 41440,
        "use_value2": 14920
    },
    {
        "id": 360,
        "rental_num": 5,
        "rental_rank": 72,
        "use_value1": 41440,
        "use_value2": 14920
    },
    {
        "id": 361,
        "rental_num": 1,
        "rental_rank": 73,
        "use_value1": 41890,
        "use_value2": 14940
    },
    {
        "id": 362,
        "rental_num": 2,
        "rental_rank": 73,
        "use_value1": 41890,
        "use_value2": 14940
    },
    {
        "id": 363,
        "rental_num": 3,
        "rental_rank": 73,
        "use_value1": 41890,
        "use_value2": 14940
    },
    {
        "id": 364,
        "rental_num": 4,
        "rental_rank": 73,
        "use_value1": 41890,
        "use_value2": 14940
    },
    {
        "id": 365,
        "rental_num": 5,
        "rental_rank": 73,
        "use_value1": 41890,
        "use_value2": 14940
    },
    {
        "id": 366,
        "rental_num": 1,
        "rental_rank": 74,
        "use_value1": 42340,
        "use_value2": 14960
    },
    {
        "id": 367,
        "rental_num": 2,
        "rental_rank": 74,
        "use_value1": 42340,
        "use_value2": 14960
    },
    {
        "id": 368,
        "rental_num": 3,
        "rental_rank": 74,
        "use_value1": 42340,
        "use_value2": 14960
    },
    {
        "id": 369,
        "rental_num": 4,
        "rental_rank": 74,
        "use_value1": 42340,
        "use_value2": 14960
    },
    {
        "id": 370,
        "rental_num": 5,
        "rental_rank": 74,
        "use_value1": 42340,
        "use_value2": 14960
    },
    {
        "id": 371,
        "rental_num": 1,
        "rental_rank": 75,
        "use_value1": 42790,
        "use_value2": 14980
    },
    {
        "id": 372,
        "rental_num": 2,
        "rental_rank": 75,
        "use_value1": 42790,
        "use_value2": 14980
    },
    {
        "id": 373,
        "rental_num": 3,
        "rental_rank": 75,
        "use_value1": 42790,
        "use_value2": 14980
    },
    {
        "id": 374,
        "rental_num": 4,
        "rental_rank": 75,
        "use_value1": 42790,
        "use_value2": 14980
    },
    {
        "id": 375,
        "rental_num": 5,
        "rental_rank": 75,
        "use_value1": 42790,
        "use_value2": 14980
    },
    {
        "id": 376,
        "rental_num": 1,
        "rental_rank": 76,
        "use_value1": 43240,
        "use_value2": 14990
    },
    {
        "id": 377,
        "rental_num": 2,
        "rental_rank": 76,
        "use_value1": 43240,
        "use_value2": 14990
    },
    {
        "id": 378,
        "rental_num": 3,
        "rental_rank": 76,
        "use_value1": 43240,
        "use_value2": 14990
    },
    {
        "id": 379,
        "rental_num": 4,
        "rental_rank": 76,
        "use_value1": 43240,
        "use_value2": 14990
    },
    {
        "id": 380,
        "rental_num": 5,
        "rental_rank": 76,
        "use_value1": 43240,
        "use_value2": 14990
    },
    {
        "id": 381,
        "rental_num": 1,
        "rental_rank": 77,
        "use_value1": 43690,
        "use_value2": 15000
    },
    {
        "id": 382,
        "rental_num": 2,
        "rental_rank": 77,
        "use_value1": 43690,
        "use_value2": 15000
    },
    {
        "id": 383,
        "rental_num": 3,
        "rental_rank": 77,
        "use_value1": 43690,
        "use_value2": 15000
    },
    {
        "id": 384,
        "rental_num": 4,
        "rental_rank": 77,
        "use_value1": 43690,
        "use_value2": 15000
    },
    {
        "id": 385,
        "rental_num": 5,
        "rental_rank": 77,
        "use_value1": 43690,
        "use_value2": 15000
    },
    {
        "id": 386,
        "rental_num": 1,
        "rental_rank": 78,
        "use_value1": 44140,
        "use_value2": 15010
    },
    {
        "id": 387,
        "rental_num": 2,
        "rental_rank": 78,
        "use_value1": 44140,
        "use_value2": 15010
    },
    {
        "id": 388,
        "rental_num": 3,
        "rental_rank": 78,
        "use_value1": 44140,
        "use_value2": 15010
    },
    {
        "id": 389,
        "rental_num": 4,
        "rental_rank": 78,
        "use_value1": 44140,
        "use_value2": 15010
    },
    {
        "id": 390,
        "rental_num": 5,
        "rental_rank": 78,
        "use_value1": 44140,
        "use_value2": 15010
    },
    {
        "id": 391,
        "rental_num": 1,
        "rental_rank": 79,
        "use_value1": 44590,
        "use_value2": 15030
    },
    {
        "id": 392,
        "rental_num": 2,
        "rental_rank": 79,
        "use_value1": 44590,
        "use_value2": 15030
    },
    {
        "id": 393,
        "rental_num": 3,
        "rental_rank": 79,
        "use_value1": 44590,
        "use_value2": 15030
    },
    {
        "id": 394,
        "rental_num": 4,
        "rental_rank": 79,
        "use_value1": 44590,
        "use_value2": 15030
    },
    {
        "id": 395,
        "rental_num": 5,
        "rental_rank": 79,
        "use_value1": 44590,
        "use_value2": 15030
    },
    {
        "id": 396,
        "rental_num": 1,
        "rental_rank": 80,
        "use_value1": 45040,
        "use_value2": 15050
    },
    {
        "id": 397,
        "rental_num": 2,
        "rental_rank": 80,
        "use_value1": 45040,
        "use_value2": 15050
    },
    {
        "id": 398,
        "rental_num": 3,
        "rental_rank": 80,
        "use_value1": 45040,
        "use_value2": 15050
    },
    {
        "id": 399,
        "rental_num": 4,
        "rental_rank": 80,
        "use_value1": 45040,
        "use_value2": 15050
    },
    {
        "id": 400,
        "rental_num": 5,
        "rental_rank": 80,
        "use_value1": 45040,
        "use_value2": 15050
    },
    {
        "id": 401,
        "rental_num": 1,
        "rental_rank": 81,
        "use_value1": 45480,
        "use_value2": 15070
    },
    {
        "id": 402,
        "rental_num": 2,
        "rental_rank": 81,
        "use_value1": 45480,
        "use_value2": 15070
    },
    {
        "id": 403,
        "rental_num": 3,
        "rental_rank": 81,
        "use_value1": 45480,
        "use_value2": 15070
    },
    {
        "id": 404,
        "rental_num": 4,
        "rental_rank": 81,
        "use_value1": 45480,
        "use_value2": 15070
    },
    {
        "id": 405,
        "rental_num": 5,
        "rental_rank": 81,
        "use_value1": 45480,
        "use_value2": 15070
    },
    {
        "id": 406,
        "rental_num": 1,
        "rental_rank": 82,
        "use_value1": 45920,
        "use_value2": 15090
    },
    {
        "id": 407,
        "rental_num": 2,
        "rental_rank": 82,
        "use_value1": 45920,
        "use_value2": 15090
    },
    {
        "id": 408,
        "rental_num": 3,
        "rental_rank": 82,
        "use_value1": 45920,
        "use_value2": 15090
    },
    {
        "id": 409,
        "rental_num": 4,
        "rental_rank": 82,
        "use_value1": 45920,
        "use_value2": 15090
    },
    {
        "id": 410,
        "rental_num": 5,
        "rental_rank": 82,
        "use_value1": 45920,
        "use_value2": 15090
    },
    {
        "id": 411,
        "rental_num": 1,
        "rental_rank": 83,
        "use_value1": 46360,
        "use_value2": 15110
    },
    {
        "id": 412,
        "rental_num": 2,
        "rental_rank": 83,
        "use_value1": 46360,
        "use_value2": 15110
    },
    {
        "id": 413,
        "rental_num": 3,
        "rental_rank": 83,
        "use_value1": 46360,
        "use_value2": 15110
    },
    {
        "id": 414,
        "rental_num": 4,
        "rental_rank": 83,
        "use_value1": 46360,
        "use_value2": 15110
    },
    {
        "id": 415,
        "rental_num": 5,
        "rental_rank": 83,
        "use_value1": 46360,
        "use_value2": 15110
    },
    {
        "id": 416,
        "rental_num": 1,
        "rental_rank": 84,
        "use_value1": 46800,
        "use_value2": 15130
    },
    {
        "id": 417,
        "rental_num": 2,
        "rental_rank": 84,
        "use_value1": 46800,
        "use_value2": 15130
    },
    {
        "id": 418,
        "rental_num": 3,
        "rental_rank": 84,
        "use_value1": 46800,
        "use_value2": 15130
    },
    {
        "id": 419,
        "rental_num": 4,
        "rental_rank": 84,
        "use_value1": 46800,
        "use_value2": 15130
    },
    {
        "id": 420,
        "rental_num": 5,
        "rental_rank": 84,
        "use_value1": 46800,
        "use_value2": 15130
    },
    {
        "id": 421,
        "rental_num": 1,
        "rental_rank": 85,
        "use_value1": 47240,
        "use_value2": 15150
    },
    {
        "id": 422,
        "rental_num": 2,
        "rental_rank": 85,
        "use_value1": 47240,
        "use_value2": 15150
    },
    {
        "id": 423,
        "rental_num": 3,
        "rental_rank": 85,
        "use_value1": 47240,
        "use_value2": 15150
    },
    {
        "id": 424,
        "rental_num": 4,
        "rental_rank": 85,
        "use_value1": 47240,
        "use_value2": 15150
    },
    {
        "id": 425,
        "rental_num": 5,
        "rental_rank": 85,
        "use_value1": 47240,
        "use_value2": 15150
    },
    {
        "id": 426,
        "rental_num": 1,
        "rental_rank": 86,
        "use_value1": 47680,
        "use_value2": 15170
    },
    {
        "id": 427,
        "rental_num": 2,
        "rental_rank": 86,
        "use_value1": 47680,
        "use_value2": 15170
    },
    {
        "id": 428,
        "rental_num": 3,
        "rental_rank": 86,
        "use_value1": 47680,
        "use_value2": 15170
    },
    {
        "id": 429,
        "rental_num": 4,
        "rental_rank": 86,
        "use_value1": 47680,
        "use_value2": 15170
    },
    {
        "id": 430,
        "rental_num": 5,
        "rental_rank": 86,
        "use_value1": 47680,
        "use_value2": 15170
    },
    {
        "id": 431,
        "rental_num": 1,
        "rental_rank": 87,
        "use_value1": 48120,
        "use_value2": 15190
    },
    {
        "id": 432,
        "rental_num": 2,
        "rental_rank": 87,
        "use_value1": 48120,
        "use_value2": 15190
    },
    {
        "id": 433,
        "rental_num": 3,
        "rental_rank": 87,
        "use_value1": 48120,
        "use_value2": 15190
    },
    {
        "id": 434,
        "rental_num": 4,
        "rental_rank": 87,
        "use_value1": 48120,
        "use_value2": 15190
    },
    {
        "id": 435,
        "rental_num": 5,
        "rental_rank": 87,
        "use_value1": 48120,
        "use_value2": 15190
    },
    {
        "id": 436,
        "rental_num": 1,
        "rental_rank": 88,
        "use_value1": 48560,
        "use_value2": 15210
    },
    {
        "id": 437,
        "rental_num": 2,
        "rental_rank": 88,
        "use_value1": 48560,
        "use_value2": 15210
    },
    {
        "id": 438,
        "rental_num": 3,
        "rental_rank": 88,
        "use_value1": 48560,
        "use_value2": 15210
    },
    {
        "id": 439,
        "rental_num": 4,
        "rental_rank": 88,
        "use_value1": 48560,
        "use_value2": 15210
    },
    {
        "id": 440,
        "rental_num": 5,
        "rental_rank": 88,
        "use_value1": 48560,
        "use_value2": 15210
    },
    {
        "id": 441,
        "rental_num": 1,
        "rental_rank": 89,
        "use_value1": 49000,
        "use_value2": 15230
    },
    {
        "id": 442,
        "rental_num": 2,
        "rental_rank": 89,
        "use_value1": 49000,
        "use_value2": 15230
    },
    {
        "id": 443,
        "rental_num": 3,
        "rental_rank": 89,
        "use_value1": 49000,
        "use_value2": 15230
    },
    {
        "id": 444,
        "rental_num": 4,
        "rental_rank": 89,
        "use_value1": 49000,
        "use_value2": 15230
    },
    {
        "id": 445,
        "rental_num": 5,
        "rental_rank": 89,
        "use_value1": 49000,
        "use_value2": 15230
    },
    {
        "id": 446,
        "rental_num": 1,
        "rental_rank": 90,
        "use_value1": 49440,
        "use_value2": 15250
    },
    {
        "id": 447,
        "rental_num": 2,
        "rental_rank": 90,
        "use_value1": 49440,
        "use_value2": 15250
    },
    {
        "id": 448,
        "rental_num": 3,
        "rental_rank": 90,
        "use_value1": 49440,
        "use_value2": 15250
    },
    {
        "id": 449,
        "rental_num": 4,
        "rental_rank": 90,
        "use_value1": 49440,
        "use_value2": 15250
    },
    {
        "id": 450,
        "rental_num": 5,
        "rental_rank": 90,
        "use_value1": 49440,
        "use_value2": 15250
    },
    {
        "id": 451,
        "rental_num": 1,
        "rental_rank": 91,
        "use_value1": 49870,
        "use_value2": 15270
    },
    {
        "id": 452,
        "rental_num": 2,
        "rental_rank": 91,
        "use_value1": 49870,
        "use_value2": 15270
    },
    {
        "id": 453,
        "rental_num": 3,
        "rental_rank": 91,
        "use_value1": 49870,
        "use_value2": 15270
    },
    {
        "id": 454,
        "rental_num": 4,
        "rental_rank": 91,
        "use_value1": 49870,
        "use_value2": 15270
    },
    {
        "id": 455,
        "rental_num": 5,
        "rental_rank": 91,
        "use_value1": 49870,
        "use_value2": 15270
    },
    {
        "id": 456,
        "rental_num": 1,
        "rental_rank": 92,
        "use_value1": 50300,
        "use_value2": 15290
    },
    {
        "id": 457,
        "rental_num": 2,
        "rental_rank": 92,
        "use_value1": 50300,
        "use_value2": 15290
    },
    {
        "id": 458,
        "rental_num": 3,
        "rental_rank": 92,
        "use_value1": 50300,
        "use_value2": 15290
    },
    {
        "id": 459,
        "rental_num": 4,
        "rental_rank": 92,
        "use_value1": 50300,
        "use_value2": 15290
    },
    {
        "id": 460,
        "rental_num": 5,
        "rental_rank": 92,
        "use_value1": 50300,
        "use_value2": 15290
    },
    {
        "id": 461,
        "rental_num": 1,
        "rental_rank": 93,
        "use_value1": 50730,
        "use_value2": 15310
    },
    {
        "id": 462,
        "rental_num": 2,
        "rental_rank": 93,
        "use_value1": 50730,
        "use_value2": 15310
    },
    {
        "id": 463,
        "rental_num": 3,
        "rental_rank": 93,
        "use_value1": 50730,
        "use_value2": 15310
    },
    {
        "id": 464,
        "rental_num": 4,
        "rental_rank": 93,
        "use_value1": 50730,
        "use_value2": 15310
    },
    {
        "id": 465,
        "rental_num": 5,
        "rental_rank": 93,
        "use_value1": 50730,
        "use_value2": 15310
    },
    {
        "id": 466,
        "rental_num": 1,
        "rental_rank": 94,
        "use_value1": 51160,
        "use_value2": 15330
    },
    {
        "id": 467,
        "rental_num": 2,
        "rental_rank": 94,
        "use_value1": 51160,
        "use_value2": 15330
    },
    {
        "id": 468,
        "rental_num": 3,
        "rental_rank": 94,
        "use_value1": 51160,
        "use_value2": 15330
    },
    {
        "id": 469,
        "rental_num": 4,
        "rental_rank": 94,
        "use_value1": 51160,
        "use_value2": 15330
    },
    {
        "id": 470,
        "rental_num": 5,
        "rental_rank": 94,
        "use_value1": 51160,
        "use_value2": 15330
    },
    {
        "id": 471,
        "rental_num": 1,
        "rental_rank": 95,
        "use_value1": 51590,
        "use_value2": 15350
    },
    {
        "id": 472,
        "rental_num": 2,
        "rental_rank": 95,
        "use_value1": 51590,
        "use_value2": 15350
    },
    {
        "id": 473,
        "rental_num": 3,
        "rental_rank": 95,
        "use_value1": 51590,
        "use_value2": 15350
    },
    {
        "id": 474,
        "rental_num": 4,
        "rental_rank": 95,
        "use_value1": 51590,
        "use_value2": 15350
    },
    {
        "id": 475,
        "rental_num": 5,
        "rental_rank": 95,
        "use_value1": 51590,
        "use_value2": 15350
    },
    {
        "id": 476,
        "rental_num": 1,
        "rental_rank": 96,
        "use_value1": 52020,
        "use_value2": 15370
    },
    {
        "id": 477,
        "rental_num": 2,
        "rental_rank": 96,
        "use_value1": 52020,
        "use_value2": 15370
    },
    {
        "id": 478,
        "rental_num": 3,
        "rental_rank": 96,
        "use_value1": 52020,
        "use_value2": 15370
    },
    {
        "id": 479,
        "rental_num": 4,
        "rental_rank": 96,
        "use_value1": 52020,
        "use_value2": 15370
    },
    {
        "id": 480,
        "rental_num": 5,
        "rental_rank": 96,
        "use_value1": 52020,
        "use_value2": 15370
    },
    {
        "id": 481,
        "rental_num": 1,
        "rental_rank": 97,
        "use_value1": 52450,
        "use_value2": 15390
    },
    {
        "id": 482,
        "rental_num": 2,
        "rental_rank": 97,
        "use_value1": 52450,
        "use_value2": 15390
    },
    {
        "id": 483,
        "rental_num": 3,
        "rental_rank": 97,
        "use_value1": 52450,
        "use_value2": 15390
    },
    {
        "id": 484,
        "rental_num": 4,
        "rental_rank": 97,
        "use_value1": 52450,
        "use_value2": 15390
    },
    {
        "id": 485,
        "rental_num": 5,
        "rental_rank": 97,
        "use_value1": 52450,
        "use_value2": 15390
    },
    {
        "id": 486,
        "rental_num": 1,
        "rental_rank": 98,
        "use_value1": 52880,
        "use_value2": 15410
    },
    {
        "id": 487,
        "rental_num": 2,
        "rental_rank": 98,
        "use_value1": 52880,
        "use_value2": 15410
    },
    {
        "id": 488,
        "rental_num": 3,
        "rental_rank": 98,
        "use_value1": 52880,
        "use_value2": 15410
    },
    {
        "id": 489,
        "rental_num": 4,
        "rental_rank": 98,
        "use_value1": 52880,
        "use_value2": 15410
    },
    {
        "id": 490,
        "rental_num": 5,
        "rental_rank": 98,
        "use_value1": 52880,
        "use_value2": 15410
    }
]