[
    {
        "relation_point": 2,
        "relation_type": 101
    },
    {
        "relation_point": 2,
        "relation_type": 102
    },
    {
        "relation_point": 2,
        "relation_type": 103
    },
    {
        "relation_point": 2,
        "relation_type": 104
    },
    {
        "relation_point": 2,
        "relation_type": 105
    },
    {
        "relation_point": 2,
        "relation_type": 106
    },
    {
        "relation_point": 2,
        "relation_type": 107
    },
    {
        "relation_point": 2,
        "relation_type": 201
    },
    {
        "relation_point": 2,
        "relation_type": 202
    },
    {
        "relation_point": 2,
        "relation_type": 203
    },
    {
        "relation_point": 2,
        "relation_type": 204
    },
    {
        "relation_point": 2,
        "relation_type": 301
    },
    {
        "relation_point": 2,
        "relation_type": 302
    },
    {
        "relation_point": 2,
        "relation_type": 303
    },
    {
        "relation_point": 2,
        "relation_type": 304
    },
    {
        "relation_point": 2,
        "relation_type": 305
    },
    {
        "relation_point": 2,
        "relation_type": 306
    },
    {
        "relation_point": 2,
        "relation_type": 307
    },
    {
        "relation_point": 2,
        "relation_type": 308
    },
    {
        "relation_point": 2,
        "relation_type": 309
    },
    {
        "relation_point": 2,
        "relation_type": 310
    },
    {
        "relation_point": 2,
        "relation_type": 311
    },
    {
        "relation_point": 2,
        "relation_type": 312
    },
    {
        "relation_point": 2,
        "relation_type": 313
    },
    {
        "relation_point": 2,
        "relation_type": 314
    },
    {
        "relation_point": 2,
        "relation_type": 315
    },
    {
        "relation_point": 2,
        "relation_type": 316
    },
    {
        "relation_point": 2,
        "relation_type": 317
    },
    {
        "relation_point": 2,
        "relation_type": 318
    },
    {
        "relation_point": 2,
        "relation_type": 319
    },
    {
        "relation_point": 2,
        "relation_type": 320
    },
    {
        "relation_point": 2,
        "relation_type": 321
    },
    {
        "relation_point": 2,
        "relation_type": 322
    },
    {
        "relation_point": 2,
        "relation_type": 323
    },
    {
        "relation_point": 2,
        "relation_type": 401
    },
    {
        "relation_point": 2,
        "relation_type": 402
    },
    {
        "relation_point": 2,
        "relation_type": 403
    },
    {
        "relation_point": 2,
        "relation_type": 404
    },
    {
        "relation_point": 2,
        "relation_type": 501
    },
    {
        "relation_point": 2,
        "relation_type": 502
    },
    {
        "relation_point": 2,
        "relation_type": 503
    },
    {
        "relation_point": 2,
        "relation_type": 504
    },
    {
        "relation_point": 2,
        "relation_type": 505
    },
    {
        "relation_point": 2,
        "relation_type": 506
    },
    {
        "relation_point": 2,
        "relation_type": 507
    },
    {
        "relation_point": 2,
        "relation_type": 508
    },
    {
        "relation_point": 2,
        "relation_type": 509
    },
    {
        "relation_point": 2,
        "relation_type": 510
    },
    {
        "relation_point": 1,
        "relation_type": 2001
    },
    {
        "relation_point": 1,
        "relation_type": 2002
    },
    {
        "relation_point": 1,
        "relation_type": 2003
    },
    {
        "relation_point": 1,
        "relation_type": 2101
    },
    {
        "relation_point": 1,
        "relation_type": 2102
    },
    {
        "relation_point": 1,
        "relation_type": 2103
    },
    {
        "relation_point": 1,
        "relation_type": 2104
    },
    {
        "relation_point": 1,
        "relation_type": 2105
    },
    {
        "relation_point": 1,
        "relation_type": 2106
    },
    {
        "relation_point": 1,
        "relation_type": 2107
    },
    {
        "relation_point": 1,
        "relation_type": 2201
    },
    {
        "relation_point": 1,
        "relation_type": 2301
    },
    {
        "relation_point": 1,
        "relation_type": 2302
    },
    {
        "relation_point": 1,
        "relation_type": 2303
    },
    {
        "relation_point": 1,
        "relation_type": 2401
    },
    {
        "relation_point": 1,
        "relation_type": 2402
    },
    {
        "relation_point": 1,
        "relation_type": 2403
    },
    {
        "relation_point": 1,
        "relation_type": 2404
    },
    {
        "relation_point": 1,
        "relation_type": 2405
    },
    {
        "relation_point": 1,
        "relation_type": 2406
    },
    {
        "relation_point": 1,
        "relation_type": 2407
    },
    {
        "relation_point": 1,
        "relation_type": 2408
    },
    {
        "relation_point": 1,
        "relation_type": 2409
    },
    {
        "relation_point": 1,
        "relation_type": 2501
    },
    {
        "relation_point": 1,
        "relation_type": 2502
    },
    {
        "relation_point": 1,
        "relation_type": 2503
    },
    {
        "relation_point": 1,
        "relation_type": 2504
    },
    {
        "relation_point": 1,
        "relation_type": 2505
    },
    {
        "relation_point": 1,
        "relation_type": 2506
    },
    {
        "relation_point": 1,
        "relation_type": 2507
    },
    {
        "relation_point": 1,
        "relation_type": 2508
    },
    {
        "relation_point": 1,
        "relation_type": 2509
    },
    {
        "relation_point": 1,
        "relation_type": 2510
    },
    {
        "relation_point": 1,
        "relation_type": 2511
    },
    {
        "relation_point": 1,
        "relation_type": 2512
    },
    {
        "relation_point": 1,
        "relation_type": 2513
    },
    {
        "relation_point": 1,
        "relation_type": 2514
    },
    {
        "relation_point": 1,
        "relation_type": 2515
    },
    {
        "relation_point": 1,
        "relation_type": 2516
    },
    {
        "relation_point": 1,
        "relation_type": 2517
    },
    {
        "relation_point": 1,
        "relation_type": 2518
    },
    {
        "relation_point": 1,
        "relation_type": 2519
    },
    {
        "relation_point": 1,
        "relation_type": 2520
    },
    {
        "relation_point": 1,
        "relation_type": 2521
    },
    {
        "relation_point": 1,
        "relation_type": 2522
    },
    {
        "relation_point": 1,
        "relation_type": 2523
    },
    {
        "relation_point": 1,
        "relation_type": 2524
    },
    {
        "relation_point": 1,
        "relation_type": 2525
    },
    {
        "relation_point": 1,
        "relation_type": 2526
    },
    {
        "relation_point": 1,
        "relation_type": 2527
    },
    {
        "relation_point": 1,
        "relation_type": 2528
    },
    {
        "relation_point": 1,
        "relation_type": 2529
    },
    {
        "relation_point": 1,
        "relation_type": 2530
    },
    {
        "relation_point": 1,
        "relation_type": 2531
    },
    {
        "relation_point": 1,
        "relation_type": 2601
    },
    {
        "relation_point": 1,
        "relation_type": 2602
    },
    {
        "relation_point": 1,
        "relation_type": 2603
    },
    {
        "relation_point": 1,
        "relation_type": 2604
    },
    {
        "relation_point": 1,
        "relation_type": 2701
    },
    {
        "relation_point": 1,
        "relation_type": 2702
    },
    {
        "relation_point": 1,
        "relation_type": 2703
    },
    {
        "relation_point": 1,
        "relation_type": 2704
    },
    {
        "relation_point": 1,
        "relation_type": 2705
    },
    {
        "relation_point": 1,
        "relation_type": 2706
    },
    {
        "relation_point": 1,
        "relation_type": 2801
    },
    {
        "relation_point": 1,
        "relation_type": 2802
    },
    {
        "relation_point": 1,
        "relation_type": 2803
    },
    {
        "relation_point": 1,
        "relation_type": 2804
    },
    {
        "relation_point": 1,
        "relation_type": 2805
    },
    {
        "relation_point": 1,
        "relation_type": 2806
    },
    {
        "relation_point": 1,
        "relation_type": 2807
    },
    {
        "relation_point": 1,
        "relation_type": 2808
    },
    {
        "relation_point": 1,
        "relation_type": 2809
    },
    {
        "relation_point": 1,
        "relation_type": 2810
    },
    {
        "relation_point": 1,
        "relation_type": 2811
    },
    {
        "relation_point": 1,
        "relation_type": 2812
    },
    {
        "relation_point": 1,
        "relation_type": 2813
    },
    {
        "relation_point": 1,
        "relation_type": 2814
    },
    {
        "relation_point": 1,
        "relation_type": 2815
    },
    {
        "relation_point": 1,
        "relation_type": 2816
    },
    {
        "relation_point": 1,
        "relation_type": 2817
    },
    {
        "relation_point": 7,
        "relation_type": 2901
    },
    {
        "relation_point": 7,
        "relation_type": 2902
    },
    {
        "relation_point": 7,
        "relation_type": 2903
    },
    {
        "relation_point": 7,
        "relation_type": 2904
    },
    {
        "relation_point": 7,
        "relation_type": 3001
    },
    {
        "relation_point": 7,
        "relation_type": 3002
    },
    {
        "relation_point": 7,
        "relation_type": 3003
    },
    {
        "relation_point": 7,
        "relation_type": 3004
    },
    {
        "relation_point": 7,
        "relation_type": 3101
    },
    {
        "relation_point": 7,
        "relation_type": 3102
    },
    {
        "relation_point": 1,
        "relation_type": 3201
    },
    {
        "relation_point": 1,
        "relation_type": 3202
    },
    {
        "relation_point": 1,
        "relation_type": 3203
    },
    {
        "relation_point": 1,
        "relation_type": 3204
    },
    {
        "relation_point": 1,
        "relation_type": 3205
    },
    {
        "relation_point": 1,
        "relation_type": 3206
    },
    {
        "relation_point": 1,
        "relation_type": 5001
    },
    {
        "relation_point": 1,
        "relation_type": 5002
    },
    {
        "relation_point": 1,
        "relation_type": 7000
    },
    {
        "relation_point": 1,
        "relation_type": 7001
    },
    {
        "relation_point": 1,
        "relation_type": 7002
    },
    {
        "relation_point": 1,
        "relation_type": 7003
    },
    {
        "relation_point": 1,
        "relation_type": 7004
    },
    {
        "relation_point": 1,
        "relation_type": 7005
    },
    {
        "relation_point": 1,
        "relation_type": 7006
    },
    {
        "relation_point": 1,
        "relation_type": 7007
    },
    {
        "relation_point": 1,
        "relation_type": 7008
    },
    {
        "relation_point": 1,
        "relation_type": 7009
    },
    {
        "relation_point": 1,
        "relation_type": 7010
    },
    {
        "relation_point": 1,
        "relation_type": 7011
    },
    {
        "relation_point": 1,
        "relation_type": 7012
    },
    {
        "relation_point": 1,
        "relation_type": 7013
    },
    {
        "relation_point": 1,
        "relation_type": 7014
    },
    {
        "relation_point": 1,
        "relation_type": 7015
    },
    {
        "relation_point": 1,
        "relation_type": 7016
    },
    {
        "relation_point": 1,
        "relation_type": 7017
    },
    {
        "relation_point": 1,
        "relation_type": 7018
    },
    {
        "relation_point": 1,
        "relation_type": 7019
    },
    {
        "relation_point": 1,
        "relation_type": 7020
    },
    {
        "relation_point": 1,
        "relation_type": 7021
    },
    {
        "relation_point": 1,
        "relation_type": 7022
    },
    {
        "relation_point": 1,
        "relation_type": 7023
    },
    {
        "relation_point": 1,
        "relation_type": 7024
    },
    {
        "relation_point": 1,
        "relation_type": 8001
    },
    {
        "relation_point": 1,
        "relation_type": 8002
    },
    {
        "relation_point": 1,
        "relation_type": 8003
    },
    {
        "relation_point": 1,
        "relation_type": 8004
    },
    {
        "relation_point": 1,
        "relation_type": 8005
    },
    {
        "relation_point": 1,
        "relation_type": 8006
    },
    {
        "relation_point": 1,
        "relation_type": 8007
    },
    {
        "relation_point": 1,
        "relation_type": 8008
    },
    {
        "relation_point": 1,
        "relation_type": 8009
    },
    {
        "relation_point": 1,
        "relation_type": 8010
    },
    {
        "relation_point": 1,
        "relation_type": 8011
    },
    {
        "relation_point": 1,
        "relation_type": 8012
    },
    {
        "relation_point": 1,
        "relation_type": 8013
    },
    {
        "relation_point": 1,
        "relation_type": 8014
    },
    {
        "relation_point": 1,
        "relation_type": 8015
    },
    {
        "relation_point": 1,
        "relation_type": 8016
    },
    {
        "relation_point": 1,
        "relation_type": 8017
    },
    {
        "relation_point": 1,
        "relation_type": 8018
    },
    {
        "relation_point": 1,
        "relation_type": 8019
    },
    {
        "relation_point": 1,
        "relation_type": 8020
    },
    {
        "relation_point": 1,
        "relation_type": 8021
    },
    {
        "relation_point": 1,
        "relation_type": 8022
    },
    {
        "relation_point": 1,
        "relation_type": 8023
    },
    {
        "relation_point": 1,
        "relation_type": 8024
    },
    {
        "relation_point": 1,
        "relation_type": 8025
    },
    {
        "relation_point": 1,
        "relation_type": 8026
    },
    {
        "relation_point": 1,
        "relation_type": 8027
    },
    {
        "relation_point": 1,
        "relation_type": 8028
    },
    {
        "relation_point": 1,
        "relation_type": 8029
    },
    {
        "relation_point": 1,
        "relation_type": 8030
    },
    {
        "relation_point": 1,
        "relation_type": 8031
    },
    {
        "relation_point": 1,
        "relation_type": 8032
    },
    {
        "relation_point": 1,
        "relation_type": 8033
    },
    {
        "relation_point": 1,
        "relation_type": 8034
    },
    {
        "relation_point": 1,
        "relation_type": 8035
    },
    {
        "relation_point": 1,
        "relation_type": 8036
    },
    {
        "relation_point": 1,
        "relation_type": 8037
    },
    {
        "relation_point": 1,
        "relation_type": 8038
    },
    {
        "relation_point": 1,
        "relation_type": 8039
    },
    {
        "relation_point": 1,
        "relation_type": 8040
    },
    {
        "relation_point": 1,
        "relation_type": 8041
    },
    {
        "relation_point": 1,
        "relation_type": 8042
    },
    {
        "relation_point": 1,
        "relation_type": 8043
    },
    {
        "relation_point": 1,
        "relation_type": 8044
    },
    {
        "relation_point": 1,
        "relation_type": 8045
    },
    {
        "relation_point": 1,
        "relation_type": 8046
    },
    {
        "relation_point": 1,
        "relation_type": 8047
    },
    {
        "relation_point": 1,
        "relation_type": 8048
    },
    {
        "relation_point": 1,
        "relation_type": 8049
    },
    {
        "relation_point": 1,
        "relation_type": 8050
    },
    {
        "relation_point": 1,
        "relation_type": 8051
    },
    {
        "relation_point": 1,
        "relation_type": 8052
    },
    {
        "relation_point": 1,
        "relation_type": 8053
    },
    {
        "relation_point": 1,
        "relation_type": 8054
    },
    {
        "relation_point": 1,
        "relation_type": 8055
    },
    {
        "relation_point": 1,
        "relation_type": 8056
    },
    {
        "relation_point": 1,
        "relation_type": 8057
    },
    {
        "relation_point": 1,
        "relation_type": 8058
    },
    {
        "relation_point": 1,
        "relation_type": 8059
    },
    {
        "relation_point": 1,
        "relation_type": 8060
    },
    {
        "relation_point": 1,
        "relation_type": 8061
    },
    {
        "relation_point": 1,
        "relation_type": 8062
    },
    {
        "relation_point": 1,
        "relation_type": 8063
    },
    {
        "relation_point": 1,
        "relation_type": 8064
    },
    {
        "relation_point": 1,
        "relation_type": 8065
    },
    {
        "relation_point": 1,
        "relation_type": 8066
    },
    {
        "relation_point": 1,
        "relation_type": 8067
    },
    {
        "relation_point": 1,
        "relation_type": 8068
    },
    {
        "relation_point": 1,
        "relation_type": 8069
    },
    {
        "relation_point": 1,
        "relation_type": 8070
    },
    {
        "relation_point": 1,
        "relation_type": 8071
    },
    {
        "relation_point": 1,
        "relation_type": 8072
    },
    {
        "relation_point": 1,
        "relation_type": 8073
    },
    {
        "relation_point": 1,
        "relation_type": 8074
    },
    {
        "relation_point": 1,
        "relation_type": 8075
    },
    {
        "relation_point": 1,
        "relation_type": 8076
    },
    {
        "relation_point": 1,
        "relation_type": 8077
    },
    {
        "relation_point": 1,
        "relation_type": 8078
    },
    {
        "relation_point": 1,
        "relation_type": 8079
    },
    {
        "relation_point": 1,
        "relation_type": 8080
    },
    {
        "relation_point": 1,
        "relation_type": 8081
    },
    {
        "relation_point": 1,
        "relation_type": 8082
    },
    {
        "relation_point": 1,
        "relation_type": 8083
    },
    {
        "relation_point": 1,
        "relation_type": 8084
    },
    {
        "relation_point": 1,
        "relation_type": 8085
    },
    {
        "relation_point": 1,
        "relation_type": 8086
    },
    {
        "relation_point": 1,
        "relation_type": 8087
    },
    {
        "relation_point": 1,
        "relation_type": 8088
    },
    {
        "relation_point": 1,
        "relation_type": 8089
    },
    {
        "relation_point": 1,
        "relation_type": 8090
    },
    {
        "relation_point": 1,
        "relation_type": 8091
    },
    {
        "relation_point": 1,
        "relation_type": 8092
    },
    {
        "relation_point": 1,
        "relation_type": 8093
    },
    {
        "relation_point": 1,
        "relation_type": 8094
    },
    {
        "relation_point": 1,
        "relation_type": 8095
    },
    {
        "relation_point": 1,
        "relation_type": 8096
    },
    {
        "relation_point": 1,
        "relation_type": 8097
    },
    {
        "relation_point": 1,
        "relation_type": 8098
    },
    {
        "relation_point": 1,
        "relation_type": 8099
    },
    {
        "relation_point": 1,
        "relation_type": 8100
    },
    {
        "relation_point": 1,
        "relation_type": 8101
    },
    {
        "relation_point": 1,
        "relation_type": 8102
    },
    {
        "relation_point": 1,
        "relation_type": 8103
    },
    {
        "relation_point": 1,
        "relation_type": 8104
    },
    {
        "relation_point": 1,
        "relation_type": 8105
    },
    {
        "relation_point": 1,
        "relation_type": 8106
    },
    {
        "relation_point": 1,
        "relation_type": 8107
    },
    {
        "relation_point": 1,
        "relation_type": 8108
    },
    {
        "relation_point": 1,
        "relation_type": 8109
    },
    {
        "relation_point": 1,
        "relation_type": 8110
    },
    {
        "relation_point": 1,
        "relation_type": 8111
    },
    {
        "relation_point": 1,
        "relation_type": 8112
    },
    {
        "relation_point": 1,
        "relation_type": 8113
    },
    {
        "relation_point": 1,
        "relation_type": 8114
    },
    {
        "relation_point": 1,
        "relation_type": 8115
    },
    {
        "relation_point": 1,
        "relation_type": 8116
    },
    {
        "relation_point": 1,
        "relation_type": 8117
    },
    {
        "relation_point": 1,
        "relation_type": 8118
    },
    {
        "relation_point": 1,
        "relation_type": 8119
    },
    {
        "relation_point": 1,
        "relation_type": 8120
    },
    {
        "relation_point": 1,
        "relation_type": 8121
    },
    {
        "relation_point": 1,
        "relation_type": 8122
    },
    {
        "relation_point": 1,
        "relation_type": 8123
    },
    {
        "relation_point": 1,
        "relation_type": 8124
    },
    {
        "relation_point": 1,
        "relation_type": 8125
    },
    {
        "relation_point": 1,
        "relation_type": 8126
    },
    {
        "relation_point": 1,
        "relation_type": 8127
    },
    {
        "relation_point": 1,
        "relation_type": 8128
    },
    {
        "relation_point": 1,
        "relation_type": 8129
    },
    {
        "relation_point": 1,
        "relation_type": 8130
    },
    {
        "relation_point": 1,
        "relation_type": 8131
    },
    {
        "relation_point": 1,
        "relation_type": 8132
    },
    {
        "relation_point": 1,
        "relation_type": 8133
    },
    {
        "relation_point": 1,
        "relation_type": 8134
    },
    {
        "relation_point": 1,
        "relation_type": 8135
    },
    {
        "relation_point": 1,
        "relation_type": 8136
    },
    {
        "relation_point": 1,
        "relation_type": 8137
    },
    {
        "relation_point": 1,
        "relation_type": 8138
    },
    {
        "relation_point": 1,
        "relation_type": 8139
    },
    {
        "relation_point": 1,
        "relation_type": 8140
    },
    {
        "relation_point": 1,
        "relation_type": 8141
    },
    {
        "relation_point": 1,
        "relation_type": 8142
    },
    {
        "relation_point": 1,
        "relation_type": 8143
    },
    {
        "relation_point": 1,
        "relation_type": 8144
    },
    {
        "relation_point": 1,
        "relation_type": 8145
    },
    {
        "relation_point": 1,
        "relation_type": 8146
    },
    {
        "relation_point": 1,
        "relation_type": 8147
    },
    {
        "relation_point": 1,
        "relation_type": 8148
    },
    {
        "relation_point": 1,
        "relation_type": 8149
    },
    {
        "relation_point": 1,
        "relation_type": 8150
    },
    {
        "relation_point": 1,
        "relation_type": 8151
    },
    {
        "relation_point": 1,
        "relation_type": 8152
    },
    {
        "relation_point": 1,
        "relation_type": 8153
    },
    {
        "relation_point": 1,
        "relation_type": 8154
    },
    {
        "relation_point": 1,
        "relation_type": 8155
    },
    {
        "relation_point": 1,
        "relation_type": 8156
    },
    {
        "relation_point": 1,
        "relation_type": 8157
    },
    {
        "relation_point": 1,
        "relation_type": 8158
    },
    {
        "relation_point": 1,
        "relation_type": 8159
    },
    {
        "relation_point": 1,
        "relation_type": 8160
    },
    {
        "relation_point": 1,
        "relation_type": 8161
    },
    {
        "relation_point": 1,
        "relation_type": 8162
    },
    {
        "relation_point": 1,
        "relation_type": 8163
    },
    {
        "relation_point": 1,
        "relation_type": 8164
    },
    {
        "relation_point": 1,
        "relation_type": 8165
    },
    {
        "relation_point": 1,
        "relation_type": 8166
    },
    {
        "relation_point": 1,
        "relation_type": 8167
    },
    {
        "relation_point": 1,
        "relation_type": 8168
    },
    {
        "relation_point": 1,
        "relation_type": 8169
    },
    {
        "relation_point": 1,
        "relation_type": 8170
    },
    {
        "relation_point": 1,
        "relation_type": 8171
    },
    {
        "relation_point": 1,
        "relation_type": 8172
    },
    {
        "relation_point": 1,
        "relation_type": 8173
    },
    {
        "relation_point": 1,
        "relation_type": 8174
    },
    {
        "relation_point": 1,
        "relation_type": 8175
    },
    {
        "relation_point": 1,
        "relation_type": 8176
    },
    {
        "relation_point": 1,
        "relation_type": 8177
    },
    {
        "relation_point": 1,
        "relation_type": 8178
    },
    {
        "relation_point": 1,
        "relation_type": 8179
    },
    {
        "relation_point": 1,
        "relation_type": 8180
    },
    {
        "relation_point": 1,
        "relation_type": 8181
    },
    {
        "relation_point": 1,
        "relation_type": 8182
    },
    {
        "relation_point": 1,
        "relation_type": 8183
    },
    {
        "relation_point": 1,
        "relation_type": 8184
    },
    {
        "relation_point": 1,
        "relation_type": 8185
    },
    {
        "relation_point": 1,
        "relation_type": 8186
    },
    {
        "relation_point": 1,
        "relation_type": 8187
    },
    {
        "relation_point": 1,
        "relation_type": 8188
    },
    {
        "relation_point": 1,
        "relation_type": 8189
    },
    {
        "relation_point": 1,
        "relation_type": 8190
    },
    {
        "relation_point": 1,
        "relation_type": 8191
    },
    {
        "relation_point": 1,
        "relation_type": 8192
    },
    {
        "relation_point": 1,
        "relation_type": 8193
    },
    {
        "relation_point": 1,
        "relation_type": 8194
    },
    {
        "relation_point": 1,
        "relation_type": 8195
    },
    {
        "relation_point": 1,
        "relation_type": 8196
    },
    {
        "relation_point": 1,
        "relation_type": 8197
    },
    {
        "relation_point": 1,
        "relation_type": 8198
    },
    {
        "relation_point": 1,
        "relation_type": 8199
    },
    {
        "relation_point": 1,
        "relation_type": 8200
    },
    {
        "relation_point": 1,
        "relation_type": 8201
    },
    {
        "relation_point": 1,
        "relation_type": 8202
    },
    {
        "relation_point": 1,
        "relation_type": 8203
    },
    {
        "relation_point": 1,
        "relation_type": 8204
    },
    {
        "relation_point": 1,
        "relation_type": 8205
    },
    {
        "relation_point": 1,
        "relation_type": 8206
    },
    {
        "relation_point": 1,
        "relation_type": 8207
    },
    {
        "relation_point": 1,
        "relation_type": 8208
    },
    {
        "relation_point": 1,
        "relation_type": 8209
    },
    {
        "relation_point": 1,
        "relation_type": 8210
    },
    {
        "relation_point": 1,
        "relation_type": 8211
    },
    {
        "relation_point": 1,
        "relation_type": 8212
    },
    {
        "relation_point": 1,
        "relation_type": 8213
    },
    {
        "relation_point": 1,
        "relation_type": 8214
    },
    {
        "relation_point": 1,
        "relation_type": 8215
    },
    {
        "relation_point": 1,
        "relation_type": 8216
    },
    {
        "relation_point": 1,
        "relation_type": 8217
    },
    {
        "relation_point": 1,
        "relation_type": 8218
    },
    {
        "relation_point": 1,
        "relation_type": 8219
    },
    {
        "relation_point": 1,
        "relation_type": 8220
    },
    {
        "relation_point": 1,
        "relation_type": 8221
    },
    {
        "relation_point": 1,
        "relation_type": 8222
    },
    {
        "relation_point": 1,
        "relation_type": 8223
    },
    {
        "relation_point": 1,
        "relation_type": 8224
    },
    {
        "relation_point": 1,
        "relation_type": 8225
    },
    {
        "relation_point": 1,
        "relation_type": 8226
    },
    {
        "relation_point": 1,
        "relation_type": 8227
    },
    {
        "relation_point": 1,
        "relation_type": 8228
    },
    {
        "relation_point": 1,
        "relation_type": 8229
    },
    {
        "relation_point": 1,
        "relation_type": 8230
    },
    {
        "relation_point": 1,
        "relation_type": 8231
    },
    {
        "relation_point": 1,
        "relation_type": 8232
    },
    {
        "relation_point": 1,
        "relation_type": 8233
    },
    {
        "relation_point": 1,
        "relation_type": 8234
    },
    {
        "relation_point": 1,
        "relation_type": 8235
    },
    {
        "relation_point": 1,
        "relation_type": 8236
    },
    {
        "relation_point": 1,
        "relation_type": 8237
    },
    {
        "relation_point": 1,
        "relation_type": 8238
    },
    {
        "relation_point": 1,
        "relation_type": 8239
    },
    {
        "relation_point": 1,
        "relation_type": 8240
    },
    {
        "relation_point": 1,
        "relation_type": 8241
    },
    {
        "relation_point": 1,
        "relation_type": 8242
    },
    {
        "relation_point": 1,
        "relation_type": 8243
    },
    {
        "relation_point": 1,
        "relation_type": 8244
    },
    {
        "relation_point": 1,
        "relation_type": 8245
    },
    {
        "relation_point": 1,
        "relation_type": 8246
    },
    {
        "relation_point": 1,
        "relation_type": 8247
    },
    {
        "relation_point": 1,
        "relation_type": 8248
    },
    {
        "relation_point": 1,
        "relation_type": 8249
    },
    {
        "relation_point": 1,
        "relation_type": 8250
    },
    {
        "relation_point": 1,
        "relation_type": 8251
    },
    {
        "relation_point": 1,
        "relation_type": 8252
    },
    {
        "relation_point": 1,
        "relation_type": 8253
    },
    {
        "relation_point": 1,
        "relation_type": 8254
    },
    {
        "relation_point": 1,
        "relation_type": 8255
    },
    {
        "relation_point": 1,
        "relation_type": 8256
    },
    {
        "relation_point": 1,
        "relation_type": 8257
    },
    {
        "relation_point": 1,
        "relation_type": 8258
    },
    {
        "relation_point": 1,
        "relation_type": 8259
    },
    {
        "relation_point": 1,
        "relation_type": 8260
    },
    {
        "relation_point": 1,
        "relation_type": 8261
    },
    {
        "relation_point": 1,
        "relation_type": 8262
    },
    {
        "relation_point": 1,
        "relation_type": 8263
    },
    {
        "relation_point": 1,
        "relation_type": 8264
    },
    {
        "relation_point": 1,
        "relation_type": 8265
    },
    {
        "relation_point": 1,
        "relation_type": 8266
    },
    {
        "relation_point": 1,
        "relation_type": 8267
    },
    {
        "relation_point": 1,
        "relation_type": 8268
    },
    {
        "relation_point": 1,
        "relation_type": 8269
    },
    {
        "relation_point": 1,
        "relation_type": 8270
    },
    {
        "relation_point": 1,
        "relation_type": 8271
    },
    {
        "relation_point": 1,
        "relation_type": 8272
    },
    {
        "relation_point": 1,
        "relation_type": 8273
    },
    {
        "relation_point": 1,
        "relation_type": 8274
    },
    {
        "relation_point": 1,
        "relation_type": 8275
    },
    {
        "relation_point": 1,
        "relation_type": 8276
    },
    {
        "relation_point": 1,
        "relation_type": 8277
    },
    {
        "relation_point": 1,
        "relation_type": 8278
    },
    {
        "relation_point": 1,
        "relation_type": 8279
    },
    {
        "relation_point": 1,
        "relation_type": 8280
    },
    {
        "relation_point": 1,
        "relation_type": 8281
    },
    {
        "relation_point": 1,
        "relation_type": 8282
    },
    {
        "relation_point": 1,
        "relation_type": 8283
    },
    {
        "relation_point": 1,
        "relation_type": 8284
    },
    {
        "relation_point": 1,
        "relation_type": 8285
    },
    {
        "relation_point": 1,
        "relation_type": 8286
    },
    {
        "relation_point": 1,
        "relation_type": 8287
    },
    {
        "relation_point": 1,
        "relation_type": 8288
    },
    {
        "relation_point": 1,
        "relation_type": 8289
    },
    {
        "relation_point": 1,
        "relation_type": 8290
    },
    {
        "relation_point": 1,
        "relation_type": 8291
    },
    {
        "relation_point": 1,
        "relation_type": 8292
    },
    {
        "relation_point": 1,
        "relation_type": 8293
    },
    {
        "relation_point": 1,
        "relation_type": 8294
    },
    {
        "relation_point": 1,
        "relation_type": 8295
    },
    {
        "relation_point": 1,
        "relation_type": 8296
    },
    {
        "relation_point": 1,
        "relation_type": 8297
    },
    {
        "relation_point": 1,
        "relation_type": 8298
    },
    {
        "relation_point": 1,
        "relation_type": 8299
    },
    {
        "relation_point": 1,
        "relation_type": 8300
    },
    {
        "relation_point": 1,
        "relation_type": 8301
    },
    {
        "relation_point": 1,
        "relation_type": 8302
    },
    {
        "relation_point": 1,
        "relation_type": 8303
    },
    {
        "relation_point": 1,
        "relation_type": 8304
    },
    {
        "relation_point": 1,
        "relation_type": 8305
    },
    {
        "relation_point": 1,
        "relation_type": 8306
    },
    {
        "relation_point": 1,
        "relation_type": 8307
    },
    {
        "relation_point": 1,
        "relation_type": 8308
    },
    {
        "relation_point": 1,
        "relation_type": 8309
    },
    {
        "relation_point": 1,
        "relation_type": 8310
    },
    {
        "relation_point": 1,
        "relation_type": 8311
    },
    {
        "relation_point": 1,
        "relation_type": 8312
    },
    {
        "relation_point": 1,
        "relation_type": 8313
    },
    {
        "relation_point": 1,
        "relation_type": 8314
    },
    {
        "relation_point": 1,
        "relation_type": 8315
    },
    {
        "relation_point": 1,
        "relation_type": 8316
    },
    {
        "relation_point": 1,
        "relation_type": 8317
    },
    {
        "relation_point": 1,
        "relation_type": 8318
    },
    {
        "relation_point": 1,
        "relation_type": 8319
    },
    {
        "relation_point": 1,
        "relation_type": 8320
    },
    {
        "relation_point": 1,
        "relation_type": 8321
    },
    {
        "relation_point": 1,
        "relation_type": 8322
    },
    {
        "relation_point": 1,
        "relation_type": 8323
    },
    {
        "relation_point": 1,
        "relation_type": 8324
    },
    {
        "relation_point": 1,
        "relation_type": 8325
    },
    {
        "relation_point": 1,
        "relation_type": 8326
    },
    {
        "relation_point": 1,
        "relation_type": 8327
    },
    {
        "relation_point": 1,
        "relation_type": 8328
    },
    {
        "relation_point": 1,
        "relation_type": 8329
    },
    {
        "relation_point": 1,
        "relation_type": 8330
    },
    {
        "relation_point": 1,
        "relation_type": 8331
    },
    {
        "relation_point": 1,
        "relation_type": 8332
    },
    {
        "relation_point": 1,
        "relation_type": 8333
    },
    {
        "relation_point": 1,
        "relation_type": 8334
    },
    {
        "relation_point": 1,
        "relation_type": 8335
    },
    {
        "relation_point": 1,
        "relation_type": 8336
    },
    {
        "relation_point": 1,
        "relation_type": 8337
    },
    {
        "relation_point": 1,
        "relation_type": 8338
    },
    {
        "relation_point": 1,
        "relation_type": 8339
    },
    {
        "relation_point": 1,
        "relation_type": 8340
    },
    {
        "relation_point": 1,
        "relation_type": 8341
    },
    {
        "relation_point": 1,
        "relation_type": 8342
    },
    {
        "relation_point": 1,
        "relation_type": 8343
    },
    {
        "relation_point": 1,
        "relation_type": 8344
    },
    {
        "relation_point": 1,
        "relation_type": 8345
    },
    {
        "relation_point": 1,
        "relation_type": 8346
    },
    {
        "relation_point": 1,
        "relation_type": 8347
    },
    {
        "relation_point": 1,
        "relation_type": 8348
    },
    {
        "relation_point": 1,
        "relation_type": 8349
    },
    {
        "relation_point": 1,
        "relation_type": 8350
    },
    {
        "relation_point": 1,
        "relation_type": 8351
    },
    {
        "relation_point": 1,
        "relation_type": 8352
    },
    {
        "relation_point": 1,
        "relation_type": 8353
    },
    {
        "relation_point": 1,
        "relation_type": 8354
    },
    {
        "relation_point": 1,
        "relation_type": 8355
    },
    {
        "relation_point": 1,
        "relation_type": 8356
    },
    {
        "relation_point": 1,
        "relation_type": 8357
    },
    {
        "relation_point": 1,
        "relation_type": 8358
    },
    {
        "relation_point": 1,
        "relation_type": 8359
    },
    {
        "relation_point": 1,
        "relation_type": 8360
    },
    {
        "relation_point": 1,
        "relation_type": 8361
    },
    {
        "relation_point": 1,
        "relation_type": 8362
    },
    {
        "relation_point": 1,
        "relation_type": 8363
    },
    {
        "relation_point": 1,
        "relation_type": 8364
    },
    {
        "relation_point": 1,
        "relation_type": 8365
    },
    {
        "relation_point": 1,
        "relation_type": 8366
    },
    {
        "relation_point": 1,
        "relation_type": 8367
    },
    {
        "relation_point": 1,
        "relation_type": 8368
    },
    {
        "relation_point": 1,
        "relation_type": 8369
    },
    {
        "relation_point": 1,
        "relation_type": 8370
    },
    {
        "relation_point": 1,
        "relation_type": 8371
    },
    {
        "relation_point": 1,
        "relation_type": 8372
    },
    {
        "relation_point": 1,
        "relation_type": 8373
    },
    {
        "relation_point": 1,
        "relation_type": 8374
    },
    {
        "relation_point": 1,
        "relation_type": 8375
    },
    {
        "relation_point": 1,
        "relation_type": 8376
    },
    {
        "relation_point": 1,
        "relation_type": 8377
    },
    {
        "relation_point": 1,
        "relation_type": 8378
    },
    {
        "relation_point": 1,
        "relation_type": 8379
    },
    {
        "relation_point": 1,
        "relation_type": 8380
    },
    {
        "relation_point": 1,
        "relation_type": 8381
    },
    {
        "relation_point": 1,
        "relation_type": 8382
    },
    {
        "relation_point": 1,
        "relation_type": 8383
    },
    {
        "relation_point": 1,
        "relation_type": 8384
    },
    {
        "relation_point": 1,
        "relation_type": 8385
    },
    {
        "relation_point": 1,
        "relation_type": 8386
    },
    {
        "relation_point": 1,
        "relation_type": 8387
    },
    {
        "relation_point": 1,
        "relation_type": 8388
    },
    {
        "relation_point": 1,
        "relation_type": 8389
    },
    {
        "relation_point": 1,
        "relation_type": 8390
    },
    {
        "relation_point": 1,
        "relation_type": 8391
    },
    {
        "relation_point": 1,
        "relation_type": 8392
    },
    {
        "relation_point": 1,
        "relation_type": 8393
    },
    {
        "relation_point": 1,
        "relation_type": 8394
    },
    {
        "relation_point": 1,
        "relation_type": 8395
    },
    {
        "relation_point": 1,
        "relation_type": 8396
    },
    {
        "relation_point": 1,
        "relation_type": 8397
    },
    {
        "relation_point": 1,
        "relation_type": 8398
    },
    {
        "relation_point": 1,
        "relation_type": 8399
    },
    {
        "relation_point": 1,
        "relation_type": 8400
    },
    {
        "relation_point": 1,
        "relation_type": 8401
    },
    {
        "relation_point": 1,
        "relation_type": 8402
    },
    {
        "relation_point": 1,
        "relation_type": 8403
    },
    {
        "relation_point": 1,
        "relation_type": 8404
    },
    {
        "relation_point": 1,
        "relation_type": 8405
    },
    {
        "relation_point": 1,
        "relation_type": 8406
    },
    {
        "relation_point": 1,
        "relation_type": 8407
    },
    {
        "relation_point": 1,
        "relation_type": 8408
    },
    {
        "relation_point": 1,
        "relation_type": 8409
    },
    {
        "relation_point": 1,
        "relation_type": 8410
    },
    {
        "relation_point": 1,
        "relation_type": 8411
    },
    {
        "relation_point": 1,
        "relation_type": 8412
    },
    {
        "relation_point": 1,
        "relation_type": 8413
    },
    {
        "relation_point": 1,
        "relation_type": 8414
    },
    {
        "relation_point": 1,
        "relation_type": 8415
    },
    {
        "relation_point": 1,
        "relation_type": 8416
    },
    {
        "relation_point": 1,
        "relation_type": 8417
    },
    {
        "relation_point": 1,
        "relation_type": 8418
    },
    {
        "relation_point": 1,
        "relation_type": 8419
    },
    {
        "relation_point": 1,
        "relation_type": 8420
    },
    {
        "relation_point": 1,
        "relation_type": 8421
    },
    {
        "relation_point": 1,
        "relation_type": 8422
    },
    {
        "relation_point": 1,
        "relation_type": 8423
    },
    {
        "relation_point": 1,
        "relation_type": 8424
    },
    {
        "relation_point": 1,
        "relation_type": 8425
    },
    {
        "relation_point": 1,
        "relation_type": 8426
    }
]