[
    {
        "id": 1001,
        "level": 1,
        "rarity": 1,
        "total_exp": 0
    },
    {
        "id": 1002,
        "level": 2,
        "rarity": 1,
        "total_exp": 5
    },
    {
        "id": 1003,
        "level": 3,
        "rarity": 1,
        "total_exp": 15
    },
    {
        "id": 1004,
        "level": 4,
        "rarity": 1,
        "total_exp": 30
    },
    {
        "id": 1005,
        "level": 5,
        "rarity": 1,
        "total_exp": 50
    },
    {
        "id": 1006,
        "level": 6,
        "rarity": 1,
        "total_exp": 80
    },
    {
        "id": 1007,
        "level": 7,
        "rarity": 1,
        "total_exp": 120
    },
    {
        "id": 1008,
        "level": 8,
        "rarity": 1,
        "total_exp": 170
    },
    {
        "id": 1009,
        "level": 9,
        "rarity": 1,
        "total_exp": 230
    },
    {
        "id": 1010,
        "level": 10,
        "rarity": 1,
        "total_exp": 310
    },
    {
        "id": 1011,
        "level": 11,
        "rarity": 1,
        "total_exp": 410
    },
    {
        "id": 1012,
        "level": 12,
        "rarity": 1,
        "total_exp": 530
    },
    {
        "id": 1013,
        "level": 13,
        "rarity": 1,
        "total_exp": 680
    },
    {
        "id": 1014,
        "level": 14,
        "rarity": 1,
        "total_exp": 860
    },
    {
        "id": 1015,
        "level": 15,
        "rarity": 1,
        "total_exp": 1080
    },
    {
        "id": 1016,
        "level": 16,
        "rarity": 1,
        "total_exp": 1340
    },
    {
        "id": 1017,
        "level": 17,
        "rarity": 1,
        "total_exp": 1650
    },
    {
        "id": 1018,
        "level": 18,
        "rarity": 1,
        "total_exp": 2010
    },
    {
        "id": 1019,
        "level": 19,
        "rarity": 1,
        "total_exp": 2430
    },
    {
        "id": 1020,
        "level": 20,
        "rarity": 1,
        "total_exp": 2910
    },
    {
        "id": 1021,
        "level": 21,
        "rarity": 1,
        "total_exp": 3460
    },
    {
        "id": 1022,
        "level": 22,
        "rarity": 1,
        "total_exp": 4090
    },
    {
        "id": 1023,
        "level": 23,
        "rarity": 1,
        "total_exp": 4810
    },
    {
        "id": 1024,
        "level": 24,
        "rarity": 1,
        "total_exp": 5630
    },
    {
        "id": 1025,
        "level": 25,
        "rarity": 1,
        "total_exp": 6560
    },
    {
        "id": 1026,
        "level": 26,
        "rarity": 1,
        "total_exp": 7610
    },
    {
        "id": 1027,
        "level": 27,
        "rarity": 1,
        "total_exp": 8790
    },
    {
        "id": 1028,
        "level": 28,
        "rarity": 1,
        "total_exp": 10110
    },
    {
        "id": 1029,
        "level": 29,
        "rarity": 1,
        "total_exp": 11580
    },
    {
        "id": 1030,
        "level": 30,
        "rarity": 1,
        "total_exp": 13210
    },
    {
        "id": 1031,
        "level": 31,
        "rarity": 1,
        "total_exp": 15010
    },
    {
        "id": 1032,
        "level": 32,
        "rarity": 1,
        "total_exp": 16990
    },
    {
        "id": 1033,
        "level": 33,
        "rarity": 1,
        "total_exp": 19160
    },
    {
        "id": 1034,
        "level": 34,
        "rarity": 1,
        "total_exp": 21530
    },
    {
        "id": 1035,
        "level": 35,
        "rarity": 1,
        "total_exp": 24110
    },
    {
        "id": 1036,
        "level": 36,
        "rarity": 1,
        "total_exp": 26910
    },
    {
        "id": 1037,
        "level": 37,
        "rarity": 1,
        "total_exp": 29940
    },
    {
        "id": 1038,
        "level": 38,
        "rarity": 1,
        "total_exp": 33210
    },
    {
        "id": 1039,
        "level": 39,
        "rarity": 1,
        "total_exp": 36730
    },
    {
        "id": 1040,
        "level": 40,
        "rarity": 1,
        "total_exp": 40510
    },
    {
        "id": 2001,
        "level": 1,
        "rarity": 2,
        "total_exp": 0
    },
    {
        "id": 2002,
        "level": 2,
        "rarity": 2,
        "total_exp": 10
    },
    {
        "id": 2003,
        "level": 3,
        "rarity": 2,
        "total_exp": 30
    },
    {
        "id": 2004,
        "level": 4,
        "rarity": 2,
        "total_exp": 60
    },
    {
        "id": 2005,
        "level": 5,
        "rarity": 2,
        "total_exp": 110
    },
    {
        "id": 2006,
        "level": 6,
        "rarity": 2,
        "total_exp": 180
    },
    {
        "id": 2007,
        "level": 7,
        "rarity": 2,
        "total_exp": 270
    },
    {
        "id": 2008,
        "level": 8,
        "rarity": 2,
        "total_exp": 390
    },
    {
        "id": 2009,
        "level": 9,
        "rarity": 2,
        "total_exp": 540
    },
    {
        "id": 2010,
        "level": 10,
        "rarity": 2,
        "total_exp": 720
    },
    {
        "id": 2011,
        "level": 11,
        "rarity": 2,
        "total_exp": 940
    },
    {
        "id": 2012,
        "level": 12,
        "rarity": 2,
        "total_exp": 1200
    },
    {
        "id": 2013,
        "level": 13,
        "rarity": 2,
        "total_exp": 1510
    },
    {
        "id": 2014,
        "level": 14,
        "rarity": 2,
        "total_exp": 1870
    },
    {
        "id": 2015,
        "level": 15,
        "rarity": 2,
        "total_exp": 2290
    },
    {
        "id": 2016,
        "level": 16,
        "rarity": 2,
        "total_exp": 2770
    },
    {
        "id": 2017,
        "level": 17,
        "rarity": 2,
        "total_exp": 3320
    },
    {
        "id": 2018,
        "level": 18,
        "rarity": 2,
        "total_exp": 3940
    },
    {
        "id": 2019,
        "level": 19,
        "rarity": 2,
        "total_exp": 4640
    },
    {
        "id": 2020,
        "level": 20,
        "rarity": 2,
        "total_exp": 5420
    },
    {
        "id": 2021,
        "level": 21,
        "rarity": 2,
        "total_exp": 6290
    },
    {
        "id": 2022,
        "level": 22,
        "rarity": 2,
        "total_exp": 7250
    },
    {
        "id": 2023,
        "level": 23,
        "rarity": 2,
        "total_exp": 8310
    },
    {
        "id": 2024,
        "level": 24,
        "rarity": 2,
        "total_exp": 9470
    },
    {
        "id": 2025,
        "level": 25,
        "rarity": 2,
        "total_exp": 10740
    },
    {
        "id": 2026,
        "level": 26,
        "rarity": 2,
        "total_exp": 12130
    },
    {
        "id": 2027,
        "level": 27,
        "rarity": 2,
        "total_exp": 13650
    },
    {
        "id": 2028,
        "level": 28,
        "rarity": 2,
        "total_exp": 15310
    },
    {
        "id": 2029,
        "level": 29,
        "rarity": 2,
        "total_exp": 17120
    },
    {
        "id": 2030,
        "level": 30,
        "rarity": 2,
        "total_exp": 19090
    },
    {
        "id": 2031,
        "level": 31,
        "rarity": 2,
        "total_exp": 21230
    },
    {
        "id": 2032,
        "level": 32,
        "rarity": 2,
        "total_exp": 23550
    },
    {
        "id": 2033,
        "level": 33,
        "rarity": 2,
        "total_exp": 26060
    },
    {
        "id": 2034,
        "level": 34,
        "rarity": 2,
        "total_exp": 28770
    },
    {
        "id": 2035,
        "level": 35,
        "rarity": 2,
        "total_exp": 31690
    },
    {
        "id": 2036,
        "level": 36,
        "rarity": 2,
        "total_exp": 34830
    },
    {
        "id": 2037,
        "level": 37,
        "rarity": 2,
        "total_exp": 38200
    },
    {
        "id": 2038,
        "level": 38,
        "rarity": 2,
        "total_exp": 41810
    },
    {
        "id": 2039,
        "level": 39,
        "rarity": 2,
        "total_exp": 45670
    },
    {
        "id": 2040,
        "level": 40,
        "rarity": 2,
        "total_exp": 49790
    },
    {
        "id": 2041,
        "level": 41,
        "rarity": 2,
        "total_exp": 54190
    },
    {
        "id": 2042,
        "level": 42,
        "rarity": 2,
        "total_exp": 58890
    },
    {
        "id": 2043,
        "level": 43,
        "rarity": 2,
        "total_exp": 63910
    },
    {
        "id": 2044,
        "level": 44,
        "rarity": 2,
        "total_exp": 69270
    },
    {
        "id": 2045,
        "level": 45,
        "rarity": 2,
        "total_exp": 74990
    },
    {
        "id": 3001,
        "level": 1,
        "rarity": 3,
        "total_exp": 0
    },
    {
        "id": 3002,
        "level": 2,
        "rarity": 3,
        "total_exp": 15
    },
    {
        "id": 3003,
        "level": 3,
        "rarity": 3,
        "total_exp": 45
    },
    {
        "id": 3004,
        "level": 4,
        "rarity": 3,
        "total_exp": 95
    },
    {
        "id": 3005,
        "level": 5,
        "rarity": 3,
        "total_exp": 165
    },
    {
        "id": 3006,
        "level": 6,
        "rarity": 3,
        "total_exp": 265
    },
    {
        "id": 3007,
        "level": 7,
        "rarity": 3,
        "total_exp": 395
    },
    {
        "id": 3008,
        "level": 8,
        "rarity": 3,
        "total_exp": 565
    },
    {
        "id": 3009,
        "level": 9,
        "rarity": 3,
        "total_exp": 775
    },
    {
        "id": 3010,
        "level": 10,
        "rarity": 3,
        "total_exp": 1035
    },
    {
        "id": 3011,
        "level": 11,
        "rarity": 3,
        "total_exp": 1345
    },
    {
        "id": 3012,
        "level": 12,
        "rarity": 3,
        "total_exp": 1715
    },
    {
        "id": 3013,
        "level": 13,
        "rarity": 3,
        "total_exp": 2145
    },
    {
        "id": 3014,
        "level": 14,
        "rarity": 3,
        "total_exp": 2645
    },
    {
        "id": 3015,
        "level": 15,
        "rarity": 3,
        "total_exp": 3215
    },
    {
        "id": 3016,
        "level": 16,
        "rarity": 3,
        "total_exp": 3865
    },
    {
        "id": 3017,
        "level": 17,
        "rarity": 3,
        "total_exp": 4595
    },
    {
        "id": 3018,
        "level": 18,
        "rarity": 3,
        "total_exp": 5415
    },
    {
        "id": 3019,
        "level": 19,
        "rarity": 3,
        "total_exp": 6325
    },
    {
        "id": 3020,
        "level": 20,
        "rarity": 3,
        "total_exp": 7335
    },
    {
        "id": 3021,
        "level": 21,
        "rarity": 3,
        "total_exp": 8445
    },
    {
        "id": 3022,
        "level": 22,
        "rarity": 3,
        "total_exp": 9665
    },
    {
        "id": 3023,
        "level": 23,
        "rarity": 3,
        "total_exp": 10995
    },
    {
        "id": 3024,
        "level": 24,
        "rarity": 3,
        "total_exp": 12445
    },
    {
        "id": 3025,
        "level": 25,
        "rarity": 3,
        "total_exp": 14015
    },
    {
        "id": 3026,
        "level": 26,
        "rarity": 3,
        "total_exp": 15715
    },
    {
        "id": 3027,
        "level": 27,
        "rarity": 3,
        "total_exp": 17545
    },
    {
        "id": 3028,
        "level": 28,
        "rarity": 3,
        "total_exp": 19515
    },
    {
        "id": 3029,
        "level": 29,
        "rarity": 3,
        "total_exp": 21625
    },
    {
        "id": 3030,
        "level": 30,
        "rarity": 3,
        "total_exp": 23885
    },
    {
        "id": 3031,
        "level": 31,
        "rarity": 3,
        "total_exp": 26305
    },
    {
        "id": 3032,
        "level": 32,
        "rarity": 3,
        "total_exp": 28895
    },
    {
        "id": 3033,
        "level": 33,
        "rarity": 3,
        "total_exp": 31665
    },
    {
        "id": 3034,
        "level": 34,
        "rarity": 3,
        "total_exp": 34625
    },
    {
        "id": 3035,
        "level": 35,
        "rarity": 3,
        "total_exp": 37785
    },
    {
        "id": 3036,
        "level": 36,
        "rarity": 3,
        "total_exp": 41155
    },
    {
        "id": 3037,
        "level": 37,
        "rarity": 3,
        "total_exp": 44745
    },
    {
        "id": 3038,
        "level": 38,
        "rarity": 3,
        "total_exp": 48565
    },
    {
        "id": 3039,
        "level": 39,
        "rarity": 3,
        "total_exp": 52625
    },
    {
        "id": 3040,
        "level": 40,
        "rarity": 3,
        "total_exp": 56935
    },
    {
        "id": 3041,
        "level": 41,
        "rarity": 3,
        "total_exp": 61515
    },
    {
        "id": 3042,
        "level": 42,
        "rarity": 3,
        "total_exp": 66385
    },
    {
        "id": 3043,
        "level": 43,
        "rarity": 3,
        "total_exp": 71565
    },
    {
        "id": 3044,
        "level": 44,
        "rarity": 3,
        "total_exp": 77075
    },
    {
        "id": 3045,
        "level": 45,
        "rarity": 3,
        "total_exp": 82935
    },
    {
        "id": 3046,
        "level": 46,
        "rarity": 3,
        "total_exp": 89165
    },
    {
        "id": 3047,
        "level": 47,
        "rarity": 3,
        "total_exp": 95785
    },
    {
        "id": 3048,
        "level": 48,
        "rarity": 3,
        "total_exp": 102815
    },
    {
        "id": 3049,
        "level": 49,
        "rarity": 3,
        "total_exp": 110275
    },
    {
        "id": 3050,
        "level": 50,
        "rarity": 3,
        "total_exp": 118185
    }
]