[
    {
        "id": 20001,
        "lv": 25,
        "type_0": 30,
        "type_1": 13,
        "value_0": 1,
        "value_1": 20
    },
    {
        "id": 20002,
        "lv": 25,
        "type_0": 2,
        "type_1": 14,
        "value_0": 15,
        "value_1": 15
    },
    {
        "id": 20003,
        "lv": 25,
        "type_0": 1,
        "type_1": 15,
        "value_0": 10,
        "value_1": 5
    },
    {
        "id": 20004,
        "lv": 25,
        "type_0": 2,
        "type_1": 15,
        "value_0": 15,
        "value_1": 5
    },
    {
        "id": 20005,
        "lv": 25,
        "type_0": 1,
        "type_1": 11,
        "value_0": 10,
        "value_1": 20
    },
    {
        "id": 20006,
        "lv": 25,
        "type_0": 8,
        "type_1": 18,
        "value_0": 5,
        "value_1": 20
    },
    {
        "id": 20007,
        "lv": 25,
        "type_0": 1,
        "type_1": 19,
        "value_0": 10,
        "value_1": 20
    },
    {
        "id": 20008,
        "lv": 25,
        "type_0": 8,
        "type_1": 19,
        "value_0": 5,
        "value_1": 20
    },
    {
        "id": 20009,
        "lv": 25,
        "type_0": 1,
        "type_1": 18,
        "value_0": 10,
        "value_1": 20
    },
    {
        "id": 20010,
        "lv": 25,
        "type_0": 2,
        "type_1": 15,
        "value_0": 15,
        "value_1": 5
    },
    {
        "id": 20011,
        "lv": 25,
        "type_0": 6,
        "type_1": 12,
        "value_0": 1,
        "value_1": 20
    },
    {
        "id": 20012,
        "lv": 25,
        "type_0": 30,
        "type_1": 18,
        "value_0": 1,
        "value_1": 20
    },
    {
        "id": 20013,
        "lv": 25,
        "type_0": 2,
        "type_1": 15,
        "value_0": 15,
        "value_1": 5
    },
    {
        "id": 20014,
        "lv": 25,
        "type_0": 2,
        "type_1": 19,
        "value_0": 15,
        "value_1": 20
    },
    {
        "id": 20015,
        "lv": 25,
        "type_0": 2,
        "type_1": 13,
        "value_0": 15,
        "value_1": 20
    },
    {
        "id": 20016,
        "lv": 25,
        "type_0": 1,
        "type_1": 14,
        "value_0": 10,
        "value_1": 15
    },
    {
        "id": 20017,
        "lv": 25,
        "type_0": 8,
        "type_1": 18,
        "value_0": 5,
        "value_1": 20
    },
    {
        "id": 20018,
        "lv": 25,
        "type_0": 8,
        "type_1": 13,
        "value_0": 5,
        "value_1": 20
    },
    {
        "id": 20019,
        "lv": 25,
        "type_0": 2,
        "type_1": 12,
        "value_0": 15,
        "value_1": 20
    },
    {
        "id": 20020,
        "lv": 25,
        "type_0": 3,
        "type_1": 9,
        "value_0": 1,
        "value_1": 20
    },
    {
        "id": 20021,
        "lv": 25,
        "type_0": 27,
        "type_1": 28,
        "value_0": 10,
        "value_1": 5
    },
    {
        "id": 20023,
        "lv": 25,
        "type_0": 8,
        "type_1": 18,
        "value_0": 5,
        "value_1": 20
    },
    {
        "id": 20024,
        "lv": 25,
        "type_0": 2,
        "type_1": 19,
        "value_0": 15,
        "value_1": 20
    },
    {
        "id": 20025,
        "lv": 25,
        "type_0": 7,
        "type_1": 19,
        "value_0": 1,
        "value_1": 20
    },
    {
        "id": 20026,
        "lv": 35,
        "type_0": 8,
        "type_1": 13,
        "value_0": 5,
        "value_1": 20
    },
    {
        "id": 20027,
        "lv": 25,
        "type_0": 2,
        "type_1": 15,
        "value_0": 15,
        "value_1": 5
    },
    {
        "id": 20028,
        "lv": 25,
        "type_0": 1,
        "type_1": 10,
        "value_0": 10,
        "value_1": 20
    },
    {
        "id": 20029,
        "lv": 25,
        "type_0": 1,
        "type_1": 14,
        "value_0": 10,
        "value_1": 15
    },
    {
        "id": 20031,
        "lv": 25,
        "type_0": 1,
        "type_1": 14,
        "value_0": 10,
        "value_1": 15
    },
    {
        "id": 20034,
        "lv": 25,
        "type_0": 2,
        "type_1": 18,
        "value_0": 15,
        "value_1": 20
    },
    {
        "id": 20035,
        "lv": 25,
        "type_0": 2,
        "type_1": 15,
        "value_0": 15,
        "value_1": 5
    },
    {
        "id": 30001,
        "lv": 30,
        "type_0": 6,
        "type_1": 12,
        "value_0": 1,
        "value_1": 20
    },
    {
        "id": 30002,
        "lv": 30,
        "type_0": 2,
        "type_1": 18,
        "value_0": 15,
        "value_1": 20
    },
    {
        "id": 30003,
        "lv": 30,
        "type_0": 1,
        "type_1": 9,
        "value_0": 10,
        "value_1": 20
    },
    {
        "id": 30004,
        "lv": 30,
        "type_0": 8,
        "type_1": 14,
        "value_0": 5,
        "value_1": 15
    },
    {
        "id": 30005,
        "lv": 30,
        "type_0": 1,
        "type_1": 19,
        "value_0": 10,
        "value_1": 20
    },
    {
        "id": 30006,
        "lv": 30,
        "type_0": 2,
        "type_1": 14,
        "value_0": 15,
        "value_1": 15
    },
    {
        "id": 30007,
        "lv": 30,
        "type_0": 1,
        "type_1": 19,
        "value_0": 10,
        "value_1": 20
    },
    {
        "id": 30008,
        "lv": 30,
        "type_0": 2,
        "type_1": 19,
        "value_0": 15,
        "value_1": 20
    },
    {
        "id": 30009,
        "lv": 30,
        "type_0": 8,
        "type_1": 10,
        "value_0": 5,
        "value_1": 20
    },
    {
        "id": 30010,
        "lv": 30,
        "type_0": 1,
        "type_1": 14,
        "value_0": 10,
        "value_1": 15
    },
    {
        "id": 30011,
        "lv": 30,
        "type_0": 8,
        "type_1": 12,
        "value_0": 5,
        "value_1": 20
    },
    {
        "id": 30012,
        "lv": 30,
        "type_0": 1,
        "type_1": 18,
        "value_0": 10,
        "value_1": 20
    },
    {
        "id": 30013,
        "lv": 30,
        "type_0": 2,
        "type_1": 14,
        "value_0": 15,
        "value_1": 15
    },
    {
        "id": 30014,
        "lv": 30,
        "type_0": 3,
        "type_1": 9,
        "value_0": 1,
        "value_1": 20
    },
    {
        "id": 30015,
        "lv": 30,
        "type_0": 1,
        "type_1": 14,
        "value_0": 10,
        "value_1": 15
    },
    {
        "id": 30016,
        "lv": 30,
        "type_0": 1,
        "type_1": 19,
        "value_0": 10,
        "value_1": 20
    },
    {
        "id": 30017,
        "lv": 30,
        "type_0": 5,
        "type_1": 11,
        "value_0": 1,
        "value_1": 20
    },
    {
        "id": 30018,
        "lv": 30,
        "type_0": 2,
        "type_1": 14,
        "value_0": 15,
        "value_1": 15
    },
    {
        "id": 30019,
        "lv": 40,
        "type_0": 1,
        "type_1": 15,
        "value_0": 10,
        "value_1": 5
    },
    {
        "id": 30020,
        "lv": 30,
        "type_0": 8,
        "type_1": 19,
        "value_0": 5,
        "value_1": 20
    },
    {
        "id": 30021,
        "lv": 30,
        "type_0": 27,
        "type_1": 28,
        "value_0": 10,
        "value_1": 5
    },
    {
        "id": 30022,
        "lv": 40,
        "type_0": 4,
        "type_1": 10,
        "value_0": 1,
        "value_1": 20
    },
    {
        "id": 30023,
        "lv": 40,
        "type_0": 1,
        "type_1": 18,
        "value_0": 10,
        "value_1": 20
    },
    {
        "id": 30024,
        "lv": 30,
        "type_0": 5,
        "type_1": 11,
        "value_0": 1,
        "value_1": 20
    },
    {
        "id": 30025,
        "lv": 40,
        "type_0": 8,
        "type_1": 15,
        "value_0": 5,
        "value_1": 5
    },
    {
        "id": 30026,
        "lv": 30,
        "type_0": 2,
        "type_1": 15,
        "value_0": 15,
        "value_1": 5
    },
    {
        "id": 30027,
        "lv": 30,
        "type_0": 8,
        "type_1": 12,
        "value_0": 5,
        "value_1": 20
    },
    {
        "id": 30028,
        "lv": 30,
        "type_0": 8,
        "type_1": 19,
        "value_0": 5,
        "value_1": 20
    },
    {
        "id": 30029,
        "lv": 30,
        "type_0": 2,
        "type_1": 14,
        "value_0": 15,
        "value_1": 15
    },
    {
        "id": 30030,
        "lv": 40,
        "type_0": 1,
        "type_1": 12,
        "value_0": 10,
        "value_1": 20
    },
    {
        "id": 30031,
        "lv": 30,
        "type_0": 8,
        "type_1": 15,
        "value_0": 5,
        "value_1": 5
    },
    {
        "id": 30032,
        "lv": 30,
        "type_0": 8,
        "type_1": 19,
        "value_0": 5,
        "value_1": 20
    },
    {
        "id": 30033,
        "lv": 40,
        "type_0": 1,
        "type_1": 14,
        "value_0": 10,
        "value_1": 15
    },
    {
        "id": 30034,
        "lv": 30,
        "type_0": 4,
        "type_1": 8,
        "value_0": 1,
        "value_1": 5
    },
    {
        "id": 30036,
        "lv": 30,
        "type_0": 27,
        "type_1": 28,
        "value_0": 10,
        "value_1": 5
    },
    {
        "id": 30038,
        "lv": 30,
        "type_0": 8,
        "type_1": 15,
        "value_0": 5,
        "value_1": 5
    },
    {
        "id": 30039,
        "lv": 30,
        "type_0": 3,
        "type_1": 9,
        "value_0": 1,
        "value_1": 20
    },
    {
        "id": 30040,
        "lv": 30,
        "type_0": 2,
        "type_1": 19,
        "value_0": 15,
        "value_1": 20
    },
    {
        "id": 30041,
        "lv": 40,
        "type_0": 8,
        "type_1": 15,
        "value_0": 5,
        "value_1": 5
    },
    {
        "id": 30042,
        "lv": 30,
        "type_0": 5,
        "type_1": 11,
        "value_0": 1,
        "value_1": 20
    },
    {
        "id": 30044,
        "lv": 40,
        "type_0": 3,
        "type_1": 9,
        "value_0": 1,
        "value_1": 20
    },
    {
        "id": 30045,
        "lv": 30,
        "type_0": 1,
        "type_1": 3,
        "value_0": 10,
        "value_1": 1
    },
    {
        "id": 30046,
        "lv": 30,
        "type_0": 2,
        "type_1": 4,
        "value_0": 15,
        "value_1": 1
    },
    {
        "id": 30047,
        "lv": 40,
        "type_0": 8,
        "type_1": 11,
        "value_0": 5,
        "value_1": 20
    },
    {
        "id": 30048,
        "lv": 30,
        "type_0": 5,
        "type_1": 30,
        "value_0": 1,
        "value_1": 1
    },
    {
        "id": 30054,
        "lv": 30,
        "type_0": 7,
        "type_1": 15,
        "value_0": 1,
        "value_1": 5
    },
    {
        "id": 30055,
        "lv": 30,
        "type_0": 3,
        "type_1": 13,
        "value_0": 1,
        "value_1": 20
    },
    {
        "id": 30056,
        "lv": 30,
        "type_0": 1,
        "type_1": 19,
        "value_0": 10,
        "value_1": 20
    },
    {
        "id": 30057,
        "lv": 40,
        "type_0": 5,
        "type_1": 18,
        "value_0": 1,
        "value_1": 20
    },
    {
        "id": 30058,
        "lv": 30,
        "type_0": 5,
        "type_1": 11,
        "value_0": 1,
        "value_1": 20
    },
    {
        "id": 30059,
        "lv": 30,
        "type_0": 4,
        "type_1": 18,
        "value_0": 1,
        "value_1": 20
    },
    {
        "id": 30060,
        "lv": 30,
        "type_0": 6,
        "type_1": 15,
        "value_0": 1,
        "value_1": 5
    },
    {
        "id": 30061,
        "lv": 30,
        "type_0": 7,
        "type_1": 14,
        "value_0": 1,
        "value_1": 15
    },
    {
        "id": 30062,
        "lv": 40,
        "type_0": 8,
        "type_1": 10,
        "value_0": 5,
        "value_1": 20
    }
]