[
    {
        "class_down_range": 0,
        "class_up_range": 100,
        "id": 1,
        "team_class": 1,
        "team_stadium_id": 1,
        "unit_max_num": 1
    },
    {
        "class_down_range": 0,
        "class_up_range": 90,
        "id": 2,
        "team_class": 2,
        "team_stadium_id": 1,
        "unit_max_num": 2
    },
    {
        "class_down_range": 0,
        "class_up_range": 80,
        "id": 3,
        "team_class": 3,
        "team_stadium_id": 1,
        "unit_max_num": 3
    },
    {
        "class_down_range": 15,
        "class_up_range": 60,
        "id": 4,
        "team_class": 4,
        "team_stadium_id": 1,
        "unit_max_num": 3
    },
    {
        "class_down_range": 30,
        "class_up_range": 30,
        "id": 5,
        "team_class": 5,
        "team_stadium_id": 1,
        "unit_max_num": 3
    },
    {
        "class_down_range": 60,
        "class_up_range": 0,
        "id": 6,
        "team_class": 6,
        "team_stadium_id": 1,
        "unit_max_num": 3
    }
]