[
    {
        "class_reward_type": 3,
        "id": 1,
        "item_category_1": 103,
        "item_category_2": 0,
        "item_category_3": 0,
        "item_category_4": 0,
        "item_category_5": 0,
        "item_id_1": 98,
        "item_id_2": 0,
        "item_id_3": 0,
        "item_id_4": 0,
        "item_id_5": 0,
        "item_num_1": 500,
        "item_num_2": 0,
        "item_num_3": 0,
        "item_num_4": 0,
        "item_num_5": 0,
        "team_class": 1,
        "team_stadium_id": 1
    },
    {
        "class_reward_type": 1,
        "id": 2,
        "item_category_1": 90,
        "item_category_2": 103,
        "item_category_3": 0,
        "item_category_4": 0,
        "item_category_5": 0,
        "item_id_1": 43,
        "item_id_2": 98,
        "item_id_3": 0,
        "item_id_4": 0,
        "item_id_5": 0,
        "item_num_1": 300,
        "item_num_2": 1000,
        "item_num_3": 0,
        "item_num_4": 0,
        "item_num_5": 0,
        "team_class": 2,
        "team_stadium_id": 1
    },
    {
        "class_reward_type": 3,
        "id": 3,
        "item_category_1": 90,
        "item_category_2": 103,
        "item_category_3": 0,
        "item_category_4": 0,
        "item_category_5": 0,
        "item_id_1": 43,
        "item_id_2": 98,
        "item_id_3": 0,
        "item_id_4": 0,
        "item_id_5": 0,
        "item_num_1": 25,
        "item_num_2": 1000,
        "item_num_3": 0,
        "item_num_4": 0,
        "item_num_5": 0,
        "team_class": 2,
        "team_stadium_id": 1
    },
    {
        "class_reward_type": 1,
        "id": 4,
        "item_category_1": 90,
        "item_category_2": 103,
        "item_category_3": 0,
        "item_category_4": 0,
        "item_category_5": 0,
        "item_id_1": 43,
        "item_id_2": 98,
        "item_id_3": 0,
        "item_id_4": 0,
        "item_id_5": 0,
        "item_num_1": 500,
        "item_num_2": 2000,
        "item_num_3": 0,
        "item_num_4": 0,
        "item_num_5": 0,
        "team_class": 3,
        "team_stadium_id": 1
    },
    {
        "class_reward_type": 3,
        "id": 5,
        "item_category_1": 90,
        "item_category_2": 103,
        "item_category_3": 0,
        "item_category_4": 0,
        "item_category_5": 0,
        "item_id_1": 43,
        "item_id_2": 98,
        "item_id_3": 0,
        "item_id_4": 0,
        "item_id_5": 0,
        "item_num_1": 50,
        "item_num_2": 2000,
        "item_num_3": 0,
        "item_num_4": 0,
        "item_num_5": 0,
        "team_class": 3,
        "team_stadium_id": 1
    },
    {
        "class_reward_type": 4,
        "id": 6,
        "item_category_1": 90,
        "item_category_2": 103,
        "item_category_3": 0,
        "item_category_4": 0,
        "item_category_5": 0,
        "item_id_1": 43,
        "item_id_2": 98,
        "item_id_3": 0,
        "item_id_4": 0,
        "item_id_5": 0,
        "item_num_1": 50,
        "item_num_2": 2000,
        "item_num_3": 0,
        "item_num_4": 0,
        "item_num_5": 0,
        "team_class": 3,
        "team_stadium_id": 1
    },
    {
        "class_reward_type": 1,
        "id": 7,
        "item_category_1": 90,
        "item_category_2": 103,
        "item_category_3": 0,
        "item_category_4": 0,
        "item_category_5": 0,
        "item_id_1": 43,
        "item_id_2": 98,
        "item_id_3": 0,
        "item_id_4": 0,
        "item_id_5": 0,
        "item_num_1": 700,
        "item_num_2": 3000,
        "item_num_3": 0,
        "item_num_4": 0,
        "item_num_5": 0,
        "team_class": 4,
        "team_stadium_id": 1
    },
    {
        "class_reward_type": 2,
        "id": 8,
        "item_category_1": 90,
        "item_category_2": 103,
        "item_category_3": 0,
        "item_category_4": 0,
        "item_category_5": 0,
        "item_id_1": 43,
        "item_id_2": 98,
        "item_id_3": 0,
        "item_id_4": 0,
        "item_id_5": 0,
        "item_num_1": 100,
        "item_num_2": 3000,
        "item_num_3": 0,
        "item_num_4": 0,
        "item_num_5": 0,
        "team_class": 4,
        "team_stadium_id": 1
    },
    {
        "class_reward_type": 3,
        "id": 9,
        "item_category_1": 90,
        "item_category_2": 103,
        "item_category_3": 0,
        "item_category_4": 0,
        "item_category_5": 0,
        "item_id_1": 43,
        "item_id_2": 98,
        "item_id_3": 0,
        "item_id_4": 0,
        "item_id_5": 0,
        "item_num_1": 100,
        "item_num_2": 3000,
        "item_num_3": 0,
        "item_num_4": 0,
        "item_num_5": 0,
        "team_class": 4,
        "team_stadium_id": 1
    },
    {
        "class_reward_type": 4,
        "id": 10,
        "item_category_1": 90,
        "item_category_2": 103,
        "item_category_3": 0,
        "item_category_4": 0,
        "item_category_5": 0,
        "item_id_1": 43,
        "item_id_2": 98,
        "item_id_3": 0,
        "item_id_4": 0,
        "item_id_5": 0,
        "item_num_1": 100,
        "item_num_2": 3000,
        "item_num_3": 0,
        "item_num_4": 0,
        "item_num_5": 0,
        "team_class": 4,
        "team_stadium_id": 1
    },
    {
        "class_reward_type": 1,
        "id": 11,
        "item_category_1": 90,
        "item_category_2": 103,
        "item_category_3": 0,
        "item_category_4": 0,
        "item_category_5": 0,
        "item_id_1": 43,
        "item_id_2": 98,
        "item_id_3": 0,
        "item_id_4": 0,
        "item_id_5": 0,
        "item_num_1": 1000,
        "item_num_2": 4000,
        "item_num_3": 0,
        "item_num_4": 0,
        "item_num_5": 0,
        "team_class": 5,
        "team_stadium_id": 1
    },
    {
        "class_reward_type": 2,
        "id": 12,
        "item_category_1": 90,
        "item_category_2": 103,
        "item_category_3": 0,
        "item_category_4": 0,
        "item_category_5": 0,
        "item_id_1": 43,
        "item_id_2": 98,
        "item_id_3": 0,
        "item_id_4": 0,
        "item_id_5": 0,
        "item_num_1": 150,
        "item_num_2": 4000,
        "item_num_3": 0,
        "item_num_4": 0,
        "item_num_5": 0,
        "team_class": 5,
        "team_stadium_id": 1
    },
    {
        "class_reward_type": 3,
        "id": 13,
        "item_category_1": 90,
        "item_category_2": 103,
        "item_category_3": 0,
        "item_category_4": 0,
        "item_category_5": 0,
        "item_id_1": 43,
        "item_id_2": 98,
        "item_id_3": 0,
        "item_id_4": 0,
        "item_id_5": 0,
        "item_num_1": 150,
        "item_num_2": 4000,
        "item_num_3": 0,
        "item_num_4": 0,
        "item_num_5": 0,
        "team_class": 5,
        "team_stadium_id": 1
    },
    {
        "class_reward_type": 4,
        "id": 14,
        "item_category_1": 90,
        "item_category_2": 103,
        "item_category_3": 0,
        "item_category_4": 0,
        "item_category_5": 0,
        "item_id_1": 43,
        "item_id_2": 98,
        "item_id_3": 0,
        "item_id_4": 0,
        "item_id_5": 0,
        "item_num_1": 150,
        "item_num_2": 4000,
        "item_num_3": 0,
        "item_num_4": 0,
        "item_num_5": 0,
        "team_class": 5,
        "team_stadium_id": 1
    },
    {
        "class_reward_type": 1,
        "id": 15,
        "item_category_1": 90,
        "item_category_2": 103,
        "item_category_3": 0,
        "item_category_4": 0,
        "item_category_5": 0,
        "item_id_1": 43,
        "item_id_2": 98,
        "item_id_3": 0,
        "item_id_4": 0,
        "item_id_5": 0,
        "item_num_1": 1500,
        "item_num_2": 5000,
        "item_num_3": 0,
        "item_num_4": 0,
        "item_num_5": 0,
        "team_class": 6,
        "team_stadium_id": 1
    },
    {
        "class_reward_type": 2,
        "id": 16,
        "item_category_1": 90,
        "item_category_2": 103,
        "item_category_3": 0,
        "item_category_4": 0,
        "item_category_5": 0,
        "item_id_1": 43,
        "item_id_2": 98,
        "item_id_3": 0,
        "item_id_4": 0,
        "item_id_5": 0,
        "item_num_1": 200,
        "item_num_2": 5000,
        "item_num_3": 0,
        "item_num_4": 0,
        "item_num_5": 0,
        "team_class": 6,
        "team_stadium_id": 1
    },
    {
        "class_reward_type": 3,
        "id": 17,
        "item_category_1": 90,
        "item_category_2": 103,
        "item_category_3": 0,
        "item_category_4": 0,
        "item_category_5": 0,
        "item_id_1": 43,
        "item_id_2": 98,
        "item_id_3": 0,
        "item_id_4": 0,
        "item_id_5": 0,
        "item_num_1": 250,
        "item_num_2": 5000,
        "item_num_3": 0,
        "item_num_4": 0,
        "item_num_5": 0,
        "team_class": 6,
        "team_stadium_id": 1
    }
]