[
    {
        "cue_name": "snd_bgm_CS007_team",
        "cuesheet_name": "snd_bgm_CS007",
        "id": 1,
        "priority": 100,
        "scene_type": 1
    },
    {
        "cue_name": "snd_bgm_CS008_team",
        "cuesheet_name": "snd_bgm_CS008",
        "id": 2,
        "priority": 100,
        "scene_type": 1
    },
    {
        "cue_name": "snd_bgm_CS009_team",
        "cuesheet_name": "snd_bgm_CS009",
        "id": 3,
        "priority": 100,
        "scene_type": 1
    },
    {
        "cue_name": "snd_bgm_CS010_team",
        "cuesheet_name": "snd_bgm_CS010",
        "id": 4,
        "priority": 100,
        "scene_type": 1
    },
    {
        "cue_name": "snd_bgm_CS011_team",
        "cuesheet_name": "snd_bgm_CS011",
        "id": 5,
        "priority": 100,
        "scene_type": 1
    },
    {
        "cue_name": "snd_bgm_GM037_result",
        "cuesheet_name": "snd_bgm_GM037",
        "id": 6,
        "priority": 100,
        "scene_type": 2
    },
    {
        "cue_name": "snd_bgm_GM061_result",
        "cuesheet_name": "snd_bgm_GM061",
        "id": 7,
        "priority": 100,
        "scene_type": 3
    },
    {
        "cue_name": "snd_bgm_GM036_result",
        "cuesheet_name": "snd_bgm_GM036",
        "id": 8,
        "priority": 100,
        "scene_type": 4
    },
    {
        "cue_name": "snd_bgm_GM037_loop",
        "cuesheet_name": "snd_bgm_GM037",
        "id": 9,
        "priority": 100,
        "scene_type": 5
    },
    {
        "cue_name": "snd_bgm_GM061_loop",
        "cuesheet_name": "snd_bgm_GM061",
        "id": 10,
        "priority": 100,
        "scene_type": 6
    },
    {
        "cue_name": "snd_bgm_GM036_loop",
        "cuesheet_name": "snd_bgm_GM036",
        "id": 11,
        "priority": 100,
        "scene_type": 7
    }
]