[
    {
        "calc_end_date": 2,
        "calc_end_time": "04:59:59",
        "calc_start_date": 2,
        "calc_start_time": "00:05:00",
        "end_date": "2050/1/1 0:00:00",
        "id": 1,
        "interval_end_date": 2,
        "interval_end_time": "00:04:59",
        "interval_start_date": 2,
        "interval_start_time": "00:00:00",
        "race_end_date": 1,
        "race_end_time": "23:59:59",
        "race_start_date": 2,
        "race_start_time": "05:00:00",
        "start_date": "2017/1/1 0:00:00"
    }
]