[
    {
        "condition_type": 1,
        "condition_value_1": 1,
        "condition_value_2": 0,
        "id": 1,
        "priority": 1,
        "score_rate": 1000
    },
    {
        "condition_type": 3,
        "condition_value_1": 0,
        "condition_value_2": 0,
        "id": 2,
        "priority": 2,
        "score_rate": 200000
    },
    {
        "condition_type": 4,
        "condition_value_1": 2,
        "condition_value_2": 0,
        "id": 4,
        "priority": 4,
        "score_rate": 200
    },
    {
        "condition_type": 4,
        "condition_value_1": 3,
        "condition_value_2": 0,
        "id": 5,
        "priority": 4,
        "score_rate": 300
    },
    {
        "condition_type": 4,
        "condition_value_1": 4,
        "condition_value_2": 0,
        "id": 6,
        "priority": 4,
        "score_rate": 400
    },
    {
        "condition_type": 4,
        "condition_value_1": 5,
        "condition_value_2": 0,
        "id": 7,
        "priority": 4,
        "score_rate": 500
    },
    {
        "condition_type": 5,
        "condition_value_1": 0,
        "condition_value_2": 0,
        "id": 8,
        "priority": 3,
        "score_rate": 0
    }
]