[
    {
        "condition_type": 1,
        "condition_value_1": 20,
        "condition_value_2": 0,
        "id": 1,
        "priority": 1,
        "race_score_name_id": 0,
        "score": 3000,
        "sort_order": 13
    },
    {
        "condition_type": 1,
        "condition_value_1": 19,
        "condition_value_2": 0,
        "id": 2,
        "priority": 1,
        "race_score_name_id": 0,
        "score": 2600,
        "sort_order": 13
    },
    {
        "condition_type": 1,
        "condition_value_1": 18,
        "condition_value_2": 0,
        "id": 3,
        "priority": 1,
        "race_score_name_id": 0,
        "score": 2500,
        "sort_order": 13
    },
    {
        "condition_type": 1,
        "condition_value_1": 17,
        "condition_value_2": 0,
        "id": 4,
        "priority": 1,
        "race_score_name_id": 0,
        "score": 2400,
        "sort_order": 13
    },
    {
        "condition_type": 1,
        "condition_value_1": 16,
        "condition_value_2": 0,
        "id": 5,
        "priority": 1,
        "race_score_name_id": 0,
        "score": 2300,
        "sort_order": 13
    },
    {
        "condition_type": 1,
        "condition_value_1": 15,
        "condition_value_2": 0,
        "id": 6,
        "priority": 1,
        "race_score_name_id": 0,
        "score": 2200,
        "sort_order": 13
    },
    {
        "condition_type": 1,
        "condition_value_1": 14,
        "condition_value_2": 0,
        "id": 7,
        "priority": 1,
        "race_score_name_id": 0,
        "score": 2100,
        "sort_order": 13
    },
    {
        "condition_type": 1,
        "condition_value_1": 13,
        "condition_value_2": 0,
        "id": 8,
        "priority": 1,
        "race_score_name_id": 0,
        "score": 2000,
        "sort_order": 13
    },
    {
        "condition_type": 1,
        "condition_value_1": 12,
        "condition_value_2": 0,
        "id": 9,
        "priority": 1,
        "race_score_name_id": 0,
        "score": 1900,
        "sort_order": 13
    },
    {
        "condition_type": 1,
        "condition_value_1": 11,
        "condition_value_2": 0,
        "id": 10,
        "priority": 1,
        "race_score_name_id": 0,
        "score": 1800,
        "sort_order": 13
    },
    {
        "condition_type": 1,
        "condition_value_1": 10,
        "condition_value_2": 0,
        "id": 11,
        "priority": 1,
        "race_score_name_id": 0,
        "score": 1700,
        "sort_order": 13
    },
    {
        "condition_type": 1,
        "condition_value_1": 9,
        "condition_value_2": 0,
        "id": 12,
        "priority": 1,
        "race_score_name_id": 0,
        "score": 1600,
        "sort_order": 13
    },
    {
        "condition_type": 1,
        "condition_value_1": 8,
        "condition_value_2": 0,
        "id": 13,
        "priority": 1,
        "race_score_name_id": 0,
        "score": 1500,
        "sort_order": 13
    },
    {
        "condition_type": 1,
        "condition_value_1": 7,
        "condition_value_2": 0,
        "id": 14,
        "priority": 1,
        "race_score_name_id": 0,
        "score": 1400,
        "sort_order": 13
    },
    {
        "condition_type": 1,
        "condition_value_1": 6,
        "condition_value_2": 0,
        "id": 15,
        "priority": 1,
        "race_score_name_id": 0,
        "score": 1300,
        "sort_order": 13
    },
    {
        "condition_type": 1,
        "condition_value_1": 5,
        "condition_value_2": 0,
        "id": 16,
        "priority": 1,
        "race_score_name_id": 0,
        "score": 1200,
        "sort_order": 13
    },
    {
        "condition_type": 1,
        "condition_value_1": 4,
        "condition_value_2": 0,
        "id": 17,
        "priority": 1,
        "race_score_name_id": 0,
        "score": 1100,
        "sort_order": 13
    },
    {
        "condition_type": 1,
        "condition_value_1": 3,
        "condition_value_2": 0,
        "id": 18,
        "priority": 1,
        "race_score_name_id": 0,
        "score": 1000,
        "sort_order": 13
    },
    {
        "condition_type": 1,
        "condition_value_1": 0,
        "condition_value_2": 0,
        "id": 19,
        "priority": 1,
        "race_score_name_id": 0,
        "score": 5000,
        "sort_order": 13
    },
    {
        "condition_type": 1,
        "condition_value_1": 1,
        "condition_value_2": 0,
        "id": 20,
        "priority": 1,
        "race_score_name_id": 0,
        "score": 3000,
        "sort_order": 13
    },
    {
        "condition_type": 1,
        "condition_value_1": 2,
        "condition_value_2": 0,
        "id": 21,
        "priority": 1,
        "race_score_name_id": 0,
        "score": 2000,
        "sort_order": 13
    },
    {
        "condition_type": 2,
        "condition_value_1": 3,
        "condition_value_2": 8,
        "id": 22,
        "priority": 1,
        "race_score_name_id": 0,
        "score": 4000,
        "sort_order": 14
    },
    {
        "condition_type": 5,
        "condition_value_1": 0,
        "condition_value_2": 0,
        "id": 23,
        "priority": 1,
        "race_score_name_id": 0,
        "score": -500,
        "sort_order": 22
    },
    {
        "condition_type": 6,
        "condition_value_1": 0,
        "condition_value_2": 0,
        "id": 24,
        "priority": 1,
        "race_score_name_id": 0,
        "score": -100,
        "sort_order": 23
    },
    {
        "condition_type": 7,
        "condition_value_1": 1,
        "condition_value_2": 0,
        "id": 25,
        "priority": 1,
        "race_score_name_id": 1,
        "score": 1000,
        "sort_order": 16
    },
    {
        "condition_type": 8,
        "condition_value_1": 3,
        "condition_value_2": 10,
        "id": 26,
        "priority": 1,
        "race_score_name_id": 2,
        "score": 2500,
        "sort_order": 17
    },
    {
        "condition_type": 8,
        "condition_value_1": 3,
        "condition_value_2": 9,
        "id": 27,
        "priority": 1,
        "race_score_name_id": 2,
        "score": 2400,
        "sort_order": 17
    },
    {
        "condition_type": 8,
        "condition_value_1": 3,
        "condition_value_2": 8,
        "id": 28,
        "priority": 1,
        "race_score_name_id": 2,
        "score": 2300,
        "sort_order": 17
    },
    {
        "condition_type": 8,
        "condition_value_1": 3,
        "condition_value_2": 7,
        "id": 29,
        "priority": 1,
        "race_score_name_id": 2,
        "score": 2200,
        "sort_order": 17
    },
    {
        "condition_type": 8,
        "condition_value_1": 3,
        "condition_value_2": 6,
        "id": 30,
        "priority": 1,
        "race_score_name_id": 2,
        "score": 2100,
        "sort_order": 17
    },
    {
        "condition_type": 8,
        "condition_value_1": 3,
        "condition_value_2": 5,
        "id": 31,
        "priority": 1,
        "race_score_name_id": 2,
        "score": 2000,
        "sort_order": 17
    },
    {
        "condition_type": 8,
        "condition_value_1": 3,
        "condition_value_2": 4,
        "id": 32,
        "priority": 1,
        "race_score_name_id": 2,
        "score": 1900,
        "sort_order": 17
    },
    {
        "condition_type": 8,
        "condition_value_1": 3,
        "condition_value_2": 3,
        "id": 33,
        "priority": 1,
        "race_score_name_id": 2,
        "score": 1800,
        "sort_order": 17
    },
    {
        "condition_type": 8,
        "condition_value_1": 3,
        "condition_value_2": 2,
        "id": 34,
        "priority": 1,
        "race_score_name_id": 2,
        "score": 1700,
        "sort_order": 17
    },
    {
        "condition_type": 8,
        "condition_value_1": 3,
        "condition_value_2": 1,
        "id": 35,
        "priority": 1,
        "race_score_name_id": 2,
        "score": 1500,
        "sort_order": 17
    },
    {
        "condition_type": 8,
        "condition_value_1": 4,
        "condition_value_2": 10,
        "id": 36,
        "priority": 1,
        "race_score_name_id": 2,
        "score": 3000,
        "sort_order": 17
    },
    {
        "condition_type": 8,
        "condition_value_1": 4,
        "condition_value_2": 9,
        "id": 37,
        "priority": 1,
        "race_score_name_id": 2,
        "score": 2900,
        "sort_order": 17
    },
    {
        "condition_type": 8,
        "condition_value_1": 4,
        "condition_value_2": 8,
        "id": 38,
        "priority": 1,
        "race_score_name_id": 2,
        "score": 2800,
        "sort_order": 17
    },
    {
        "condition_type": 8,
        "condition_value_1": 4,
        "condition_value_2": 7,
        "id": 39,
        "priority": 1,
        "race_score_name_id": 2,
        "score": 2700,
        "sort_order": 17
    },
    {
        "condition_type": 8,
        "condition_value_1": 4,
        "condition_value_2": 6,
        "id": 40,
        "priority": 1,
        "race_score_name_id": 2,
        "score": 2600,
        "sort_order": 17
    },
    {
        "condition_type": 8,
        "condition_value_1": 4,
        "condition_value_2": 5,
        "id": 41,
        "priority": 1,
        "race_score_name_id": 2,
        "score": 2500,
        "sort_order": 17
    },
    {
        "condition_type": 8,
        "condition_value_1": 4,
        "condition_value_2": 4,
        "id": 42,
        "priority": 1,
        "race_score_name_id": 2,
        "score": 2400,
        "sort_order": 17
    },
    {
        "condition_type": 8,
        "condition_value_1": 4,
        "condition_value_2": 3,
        "id": 43,
        "priority": 1,
        "race_score_name_id": 2,
        "score": 2300,
        "sort_order": 17
    },
    {
        "condition_type": 8,
        "condition_value_1": 4,
        "condition_value_2": 2,
        "id": 44,
        "priority": 1,
        "race_score_name_id": 2,
        "score": 2200,
        "sort_order": 17
    },
    {
        "condition_type": 8,
        "condition_value_1": 4,
        "condition_value_2": 1,
        "id": 45,
        "priority": 1,
        "race_score_name_id": 2,
        "score": 2000,
        "sort_order": 17
    },
    {
        "condition_type": 8,
        "condition_value_1": 5,
        "condition_value_2": 10,
        "id": 46,
        "priority": 1,
        "race_score_name_id": 2,
        "score": 3000,
        "sort_order": 17
    },
    {
        "condition_type": 8,
        "condition_value_1": 5,
        "condition_value_2": 9,
        "id": 47,
        "priority": 1,
        "race_score_name_id": 2,
        "score": 2900,
        "sort_order": 17
    },
    {
        "condition_type": 8,
        "condition_value_1": 5,
        "condition_value_2": 8,
        "id": 48,
        "priority": 1,
        "race_score_name_id": 2,
        "score": 2800,
        "sort_order": 17
    },
    {
        "condition_type": 8,
        "condition_value_1": 5,
        "condition_value_2": 7,
        "id": 49,
        "priority": 1,
        "race_score_name_id": 2,
        "score": 2700,
        "sort_order": 17
    },
    {
        "condition_type": 8,
        "condition_value_1": 5,
        "condition_value_2": 6,
        "id": 50,
        "priority": 1,
        "race_score_name_id": 2,
        "score": 2600,
        "sort_order": 17
    },
    {
        "condition_type": 8,
        "condition_value_1": 5,
        "condition_value_2": 5,
        "id": 51,
        "priority": 1,
        "race_score_name_id": 2,
        "score": 2500,
        "sort_order": 17
    },
    {
        "condition_type": 8,
        "condition_value_1": 5,
        "condition_value_2": 4,
        "id": 52,
        "priority": 1,
        "race_score_name_id": 2,
        "score": 2400,
        "sort_order": 17
    },
    {
        "condition_type": 8,
        "condition_value_1": 5,
        "condition_value_2": 3,
        "id": 53,
        "priority": 1,
        "race_score_name_id": 2,
        "score": 2300,
        "sort_order": 17
    },
    {
        "condition_type": 8,
        "condition_value_1": 5,
        "condition_value_2": 2,
        "id": 54,
        "priority": 1,
        "race_score_name_id": 2,
        "score": 2200,
        "sort_order": 17
    },
    {
        "condition_type": 8,
        "condition_value_1": 5,
        "condition_value_2": 1,
        "id": 55,
        "priority": 1,
        "race_score_name_id": 2,
        "score": 2000,
        "sort_order": 17
    },
    {
        "condition_type": 8,
        "condition_value_1": 2,
        "condition_value_2": 0,
        "id": 56,
        "priority": 1,
        "race_score_name_id": 2,
        "score": 1200,
        "sort_order": 18
    },
    {
        "condition_type": 8,
        "condition_value_1": 1,
        "condition_value_2": 0,
        "id": 57,
        "priority": 1,
        "race_score_name_id": 2,
        "score": 500,
        "sort_order": 19
    },
    {
        "condition_type": 9,
        "condition_value_1": 1,
        "condition_value_2": 0,
        "id": 58,
        "priority": 1,
        "race_score_name_id": 3,
        "score": 1000,
        "sort_order": 20
    },
    {
        "condition_type": 9,
        "condition_value_1": 2,
        "condition_value_2": 0,
        "id": 59,
        "priority": 1,
        "race_score_name_id": 3,
        "score": 1000,
        "sort_order": 21
    },
    {
        "condition_type": 3,
        "condition_value_1": 1,
        "condition_value_2": 0,
        "id": 60,
        "priority": 1,
        "race_score_name_id": 0,
        "score": 10000,
        "sort_order": 1
    },
    {
        "condition_type": 3,
        "condition_value_1": 2,
        "condition_value_2": 0,
        "id": 61,
        "priority": 1,
        "race_score_name_id": 0,
        "score": 8000,
        "sort_order": 2
    },
    {
        "condition_type": 3,
        "condition_value_1": 3,
        "condition_value_2": 0,
        "id": 62,
        "priority": 1,
        "race_score_name_id": 0,
        "score": 7000,
        "sort_order": 3
    },
    {
        "condition_type": 3,
        "condition_value_1": 4,
        "condition_value_2": 0,
        "id": 63,
        "priority": 1,
        "race_score_name_id": 0,
        "score": 6000,
        "sort_order": 4
    },
    {
        "condition_type": 3,
        "condition_value_1": 5,
        "condition_value_2": 0,
        "id": 64,
        "priority": 1,
        "race_score_name_id": 0,
        "score": 5000,
        "sort_order": 5
    },
    {
        "condition_type": 3,
        "condition_value_1": 6,
        "condition_value_2": 0,
        "id": 65,
        "priority": 1,
        "race_score_name_id": 0,
        "score": 4000,
        "sort_order": 6
    },
    {
        "condition_type": 3,
        "condition_value_1": 7,
        "condition_value_2": 0,
        "id": 66,
        "priority": 1,
        "race_score_name_id": 0,
        "score": 4000,
        "sort_order": 7
    },
    {
        "condition_type": 3,
        "condition_value_1": 8,
        "condition_value_2": 0,
        "id": 67,
        "priority": 1,
        "race_score_name_id": 0,
        "score": 3000,
        "sort_order": 8
    },
    {
        "condition_type": 3,
        "condition_value_1": 9,
        "condition_value_2": 0,
        "id": 68,
        "priority": 1,
        "race_score_name_id": 0,
        "score": 3000,
        "sort_order": 9
    },
    {
        "condition_type": 3,
        "condition_value_1": 10,
        "condition_value_2": 0,
        "id": 69,
        "priority": 1,
        "race_score_name_id": 0,
        "score": 2000,
        "sort_order": 10
    },
    {
        "condition_type": 3,
        "condition_value_1": 11,
        "condition_value_2": 0,
        "id": 70,
        "priority": 1,
        "race_score_name_id": 0,
        "score": 2000,
        "sort_order": 11
    },
    {
        "condition_type": 3,
        "condition_value_1": 12,
        "condition_value_2": 0,
        "id": 71,
        "priority": 1,
        "race_score_name_id": 0,
        "score": 2000,
        "sort_order": 12
    },
    {
        "condition_type": 4,
        "condition_value_1": 20,
        "condition_value_2": 99999999,
        "id": 72,
        "priority": 1,
        "race_score_name_id": 0,
        "score": 2000,
        "sort_order": 15
    },
    {
        "condition_type": 4,
        "condition_value_1": 19,
        "condition_value_2": 20,
        "id": 73,
        "priority": 1,
        "race_score_name_id": 0,
        "score": 1900,
        "sort_order": 15
    },
    {
        "condition_type": 4,
        "condition_value_1": 18,
        "condition_value_2": 19,
        "id": 74,
        "priority": 1,
        "race_score_name_id": 0,
        "score": 1800,
        "sort_order": 15
    },
    {
        "condition_type": 4,
        "condition_value_1": 17,
        "condition_value_2": 18,
        "id": 75,
        "priority": 1,
        "race_score_name_id": 0,
        "score": 1700,
        "sort_order": 15
    },
    {
        "condition_type": 4,
        "condition_value_1": 16,
        "condition_value_2": 17,
        "id": 76,
        "priority": 1,
        "race_score_name_id": 0,
        "score": 1600,
        "sort_order": 15
    },
    {
        "condition_type": 4,
        "condition_value_1": 15,
        "condition_value_2": 16,
        "id": 77,
        "priority": 1,
        "race_score_name_id": 0,
        "score": 1500,
        "sort_order": 15
    },
    {
        "condition_type": 4,
        "condition_value_1": 14,
        "condition_value_2": 15,
        "id": 78,
        "priority": 1,
        "race_score_name_id": 0,
        "score": 1400,
        "sort_order": 15
    },
    {
        "condition_type": 4,
        "condition_value_1": 13,
        "condition_value_2": 14,
        "id": 79,
        "priority": 1,
        "race_score_name_id": 0,
        "score": 1300,
        "sort_order": 15
    },
    {
        "condition_type": 4,
        "condition_value_1": 12,
        "condition_value_2": 13,
        "id": 80,
        "priority": 1,
        "race_score_name_id": 0,
        "score": 1200,
        "sort_order": 15
    },
    {
        "condition_type": 4,
        "condition_value_1": 11,
        "condition_value_2": 12,
        "id": 81,
        "priority": 1,
        "race_score_name_id": 0,
        "score": 1100,
        "sort_order": 15
    },
    {
        "condition_type": 4,
        "condition_value_1": 10,
        "condition_value_2": 11,
        "id": 82,
        "priority": 1,
        "race_score_name_id": 0,
        "score": 1000,
        "sort_order": 15
    },
    {
        "condition_type": 4,
        "condition_value_1": 9,
        "condition_value_2": 10,
        "id": 83,
        "priority": 1,
        "race_score_name_id": 0,
        "score": 900,
        "sort_order": 15
    },
    {
        "condition_type": 4,
        "condition_value_1": 8,
        "condition_value_2": 9,
        "id": 84,
        "priority": 1,
        "race_score_name_id": 0,
        "score": 800,
        "sort_order": 15
    },
    {
        "condition_type": 4,
        "condition_value_1": 7,
        "condition_value_2": 8,
        "id": 85,
        "priority": 1,
        "race_score_name_id": 0,
        "score": 700,
        "sort_order": 15
    },
    {
        "condition_type": 4,
        "condition_value_1": 6,
        "condition_value_2": 7,
        "id": 86,
        "priority": 1,
        "race_score_name_id": 0,
        "score": 600,
        "sort_order": 15
    },
    {
        "condition_type": 4,
        "condition_value_1": 5,
        "condition_value_2": 6,
        "id": 87,
        "priority": 1,
        "race_score_name_id": 0,
        "score": 500,
        "sort_order": 15
    },
    {
        "condition_type": 4,
        "condition_value_1": 4,
        "condition_value_2": 5,
        "id": 88,
        "priority": 1,
        "race_score_name_id": 0,
        "score": 400,
        "sort_order": 15
    },
    {
        "condition_type": 4,
        "condition_value_1": 3,
        "condition_value_2": 4,
        "id": 89,
        "priority": 1,
        "race_score_name_id": 0,
        "score": 300,
        "sort_order": 15
    },
    {
        "condition_type": 4,
        "condition_value_1": 2,
        "condition_value_2": 3,
        "id": 90,
        "priority": 1,
        "race_score_name_id": 0,
        "score": 200,
        "sort_order": 15
    },
    {
        "condition_type": 4,
        "condition_value_1": 1,
        "condition_value_2": 2,
        "id": 91,
        "priority": 1,
        "race_score_name_id": 0,
        "score": 100,
        "sort_order": 15
    },
    {
        "condition_type": 10,
        "condition_value_1": 1,
        "condition_value_2": 1,
        "id": 93,
        "priority": 2,
        "race_score_name_id": 0,
        "score": 10000,
        "sort_order": 1000
    },
    {
        "condition_type": 11,
        "condition_value_1": 3,
        "condition_value_2": 3,
        "id": 94,
        "priority": 1,
        "race_score_name_id": 102,
        "score": 5000,
        "sort_order": 100
    },
    {
        "condition_type": 11,
        "condition_value_1": 3,
        "condition_value_2": 5,
        "id": 95,
        "priority": 2,
        "race_score_name_id": 100,
        "score": 4000,
        "sort_order": 100
    },
    {
        "condition_type": 11,
        "condition_value_1": 2,
        "condition_value_2": 2,
        "id": 96,
        "priority": 3,
        "race_score_name_id": 101,
        "score": 3000,
        "sort_order": 100
    }
]