[
    {
        "id": 1,
        "index": 1,
        "start_date": "2017-01-01 00:00:00",
        "type": 1,
        "value": 1001
    },
    {
        "id": 2,
        "index": 1,
        "start_date": "2017-01-01 00:00:00",
        "type": 1,
        "value": 1002
    },
    {
        "id": 3,
        "index": 1,
        "start_date": "2017-01-01 00:00:00",
        "type": 1,
        "value": 1003
    },
    {
        "id": 4,
        "index": 1,
        "start_date": "2017-01-01 00:00:00",
        "type": 1,
        "value": 1004
    },
    {
        "id": 5,
        "index": 1,
        "start_date": "2017-01-01 00:00:00",
        "type": 1,
        "value": 1005
    },
    {
        "id": 6,
        "index": 1,
        "start_date": "2017-01-01 00:00:00",
        "type": 1,
        "value": 1006
    },
    {
        "id": 7,
        "index": 1,
        "start_date": "2017-01-01 00:00:00",
        "type": 1,
        "value": 1007
    },
    {
        "id": 8,
        "index": 1,
        "start_date": "2017-01-01 00:00:00",
        "type": 1,
        "value": 1008
    },
    {
        "id": 9,
        "index": 1,
        "start_date": "2017-01-01 00:00:00",
        "type": 1,
        "value": 1009
    },
    {
        "id": 10,
        "index": 1,
        "start_date": "2017-01-01 00:00:00",
        "type": 1,
        "value": 1010
    },
    {
        "id": 11,
        "index": 1,
        "start_date": "2017-01-01 00:00:00",
        "type": 1,
        "value": 1011
    },
    {
        "id": 12,
        "index": 1,
        "start_date": "2017-01-01 00:00:00",
        "type": 1,
        "value": 1012
    },
    {
        "id": 13,
        "index": 1,
        "start_date": "2017-01-01 00:00:00",
        "type": 1,
        "value": 1013
    },
    {
        "id": 14,
        "index": 1,
        "start_date": "2017-01-01 00:00:00",
        "type": 1,
        "value": 1014
    },
    {
        "id": 15,
        "index": 1,
        "start_date": "2017-01-01 00:00:00",
        "type": 1,
        "value": 1015
    },
    {
        "id": 16,
        "index": 1,
        "start_date": "2022-12-11 12:00:00",
        "type": 1,
        "value": 1016
    },
    {
        "id": 17,
        "index": 1,
        "start_date": "2017-01-01 00:00:00",
        "type": 1,
        "value": 1017
    },
    {
        "id": 18,
        "index": 1,
        "start_date": "2017-01-01 00:00:00",
        "type": 1,
        "value": 1018
    },
    {
        "id": 19,
        "index": 1,
        "start_date": "2017-01-01 00:00:00",
        "type": 1,
        "value": 1019
    },
    {
        "id": 20,
        "index": 1,
        "start_date": "2017-01-01 00:00:00",
        "type": 1,
        "value": 1020
    },
    {
        "id": 21,
        "index": 1,
        "start_date": "2017-01-01 00:00:00",
        "type": 1,
        "value": 1021
    },
    {
        "id": 22,
        "index": 1,
        "start_date": "2017-01-01 00:00:00",
        "type": 1,
        "value": 1022
    },
    {
        "id": 23,
        "index": 1,
        "start_date": "2017-01-01 00:00:00",
        "type": 1,
        "value": 1023
    },
    {
        "id": 24,
        "index": 1,
        "start_date": "2017-01-01 00:00:00",
        "type": 1,
        "value": 1024
    },
    {
        "id": 25,
        "index": 1,
        "start_date": "2017-01-01 00:00:00",
        "type": 1,
        "value": 1025
    },
    {
        "id": 26,
        "index": 1,
        "start_date": "2017-01-01 00:00:00",
        "type": 1,
        "value": 1026
    },
    {
        "id": 27,
        "index": 1,
        "start_date": "2017-01-01 00:00:00",
        "type": 1,
        "value": 1027
    },
    {
        "id": 28,
        "index": 1,
        "start_date": "2022-12-11 12:00:00",
        "type": 1,
        "value": 1028
    },
    {
        "id": 29,
        "index": 1,
        "start_date": "2017-01-01 00:00:00",
        "type": 1,
        "value": 1029
    },
    {
        "id": 30,
        "index": 1,
        "start_date": "2017-01-01 00:00:00",
        "type": 1,
        "value": 1030
    },
    {
        "id": 31,
        "index": 1,
        "start_date": "2017-01-01 00:00:00",
        "type": 1,
        "value": 1031
    },
    {
        "id": 32,
        "index": 1,
        "start_date": "2017-01-01 00:00:00",
        "type": 1,
        "value": 1032
    },
    {
        "id": 33,
        "index": 1,
        "start_date": "2022-12-11 12:00:00",
        "type": 1,
        "value": 1033
    },
    {
        "id": 34,
        "index": 1,
        "start_date": "2022-12-11 12:00:00",
        "type": 1,
        "value": 1034
    },
    {
        "id": 35,
        "index": 1,
        "start_date": "2017-01-01 00:00:00",
        "type": 1,
        "value": 1035
    },
    {
        "id": 36,
        "index": 1,
        "start_date": "2017-01-01 00:00:00",
        "type": 1,
        "value": 1036
    },
    {
        "id": 37,
        "index": 1,
        "start_date": "2017-01-01 00:00:00",
        "type": 1,
        "value": 1037
    },
    {
        "id": 38,
        "index": 1,
        "start_date": "2022-12-11 12:00:00",
        "type": 1,
        "value": 1038
    },
    {
        "id": 39,
        "index": 1,
        "start_date": "2022-12-11 12:00:00",
        "type": 1,
        "value": 1039
    },
    {
        "id": 40,
        "index": 1,
        "start_date": "2017-01-01 00:00:00",
        "type": 1,
        "value": 1040
    },
    {
        "id": 41,
        "index": 1,
        "start_date": "2017-01-01 00:00:00",
        "type": 1,
        "value": 1041
    },
    {
        "id": 42,
        "index": 1,
        "start_date": "2022-12-11 12:00:00",
        "type": 1,
        "value": 1042
    },
    {
        "id": 43,
        "index": 1,
        "start_date": "2022-12-11 12:00:00",
        "type": 1,
        "value": 1043
    },
    {
        "id": 44,
        "index": 1,
        "start_date": "2022-12-11 12:00:00",
        "type": 1,
        "value": 1044
    },
    {
        "id": 45,
        "index": 1,
        "start_date": "2017-01-01 00:00:00",
        "type": 1,
        "value": 1045
    },
    {
        "id": 46,
        "index": 1,
        "start_date": "2017-01-01 00:00:00",
        "type": 1,
        "value": 1046
    },
    {
        "id": 47,
        "index": 1,
        "start_date": "2022-12-11 12:00:00",
        "type": 1,
        "value": 1047
    },
    {
        "id": 48,
        "index": 1,
        "start_date": "2022-12-11 12:00:00",
        "type": 1,
        "value": 1048
    },
    {
        "id": 49,
        "index": 1,
        "start_date": "2022-12-11 12:00:00",
        "type": 1,
        "value": 1049
    },
    {
        "id": 50,
        "index": 1,
        "start_date": "2017-01-01 00:00:00",
        "type": 1,
        "value": 1050
    },
    {
        "id": 51,
        "index": 1,
        "start_date": "2017-01-01 00:00:00",
        "type": 1,
        "value": 1051
    },
    {
        "id": 52,
        "index": 1,
        "start_date": "2017-01-01 00:00:00",
        "type": 1,
        "value": 1052
    },
    {
        "id": 53,
        "index": 1,
        "start_date": "2022-12-11 12:00:00",
        "type": 1,
        "value": 1053
    },
    {
        "id": 54,
        "index": 1,
        "start_date": "2017-01-01 00:00:00",
        "type": 1,
        "value": 1054
    },
    {
        "id": 55,
        "index": 1,
        "start_date": "2017-01-01 00:00:00",
        "type": 1,
        "value": 1055
    },
    {
        "id": 56,
        "index": 1,
        "start_date": "2017-01-01 00:00:00",
        "type": 1,
        "value": 1056
    },
    {
        "id": 57,
        "index": 1,
        "start_date": "2022-12-11 12:00:00",
        "type": 1,
        "value": 1057
    },
    {
        "id": 58,
        "index": 1,
        "start_date": "2017-01-01 00:00:00",
        "type": 1,
        "value": 1058
    },
    {
        "id": 59,
        "index": 1,
        "start_date": "2017-01-01 00:00:00",
        "type": 1,
        "value": 1059
    },
    {
        "id": 60,
        "index": 1,
        "start_date": "2017-01-01 00:00:00",
        "type": 1,
        "value": 1060
    },
    {
        "id": 61,
        "index": 1,
        "start_date": "2017-01-01 00:00:00",
        "type": 1,
        "value": 1061
    },
    {
        "id": 62,
        "index": 1,
        "start_date": "2022-12-11 12:00:00",
        "type": 1,
        "value": 1062
    },
    {
        "id": 63,
        "index": 1,
        "start_date": "2022-12-11 12:00:00",
        "type": 1,
        "value": 1063
    },
    {
        "id": 64,
        "index": 1,
        "start_date": "2022-12-11 12:00:00",
        "type": 1,
        "value": 1064
    },
    {
        "id": 65,
        "index": 1,
        "start_date": "2022-12-11 12:00:00",
        "type": 1,
        "value": 1065
    },
    {
        "id": 66,
        "index": 1,
        "start_date": "2022-12-11 12:00:00",
        "type": 1,
        "value": 1066
    },
    {
        "id": 67,
        "index": 1,
        "start_date": "2022-12-11 12:00:00",
        "type": 1,
        "value": 1067
    },
    {
        "id": 68,
        "index": 1,
        "start_date": "2022-12-11 12:00:00",
        "type": 1,
        "value": 1068
    },
    {
        "id": 69,
        "index": 1,
        "start_date": "2022-12-11 12:00:00",
        "type": 1,
        "value": 1069
    },
    {
        "id": 71,
        "index": 1,
        "start_date": "2022-12-11 12:00:00",
        "type": 1,
        "value": 1071
    },
    {
        "id": 72,
        "index": 1,
        "start_date": "2022-12-11 12:00:00",
        "type": 1,
        "value": 1072
    },
    {
        "id": 8001,
        "index": 0,
        "start_date": "2017-01-01 00:00:00",
        "type": 3,
        "value": 9001
    },
    {
        "id": 8002,
        "index": 0,
        "start_date": "2017-01-01 00:00:00",
        "type": 3,
        "value": 9001
    },
    {
        "id": 8003,
        "index": 0,
        "start_date": "2017-01-01 00:00:00",
        "type": 3,
        "value": 9001
    },
    {
        "id": 8004,
        "index": 0,
        "start_date": "2017-01-01 00:00:00",
        "type": 3,
        "value": 9001
    },
    {
        "id": 8005,
        "index": 0,
        "start_date": "2017-01-01 00:00:00",
        "type": 3,
        "value": 9001
    },
    {
        "id": 8006,
        "index": 0,
        "start_date": "2017-01-01 00:00:00",
        "type": 3,
        "value": 9001
    },
    {
        "id": 8007,
        "index": 0,
        "start_date": "2017-01-01 00:00:00",
        "type": 3,
        "value": 9001
    },
    {
        "id": 8008,
        "index": 0,
        "start_date": "2017-01-01 00:00:00",
        "type": 3,
        "value": 9001
    },
    {
        "id": 8009,
        "index": 0,
        "start_date": "2017-01-01 00:00:00",
        "type": 3,
        "value": 9001
    },
    {
        "id": 8010,
        "index": 0,
        "start_date": "2017-01-01 00:00:00",
        "type": 3,
        "value": 9001
    },
    {
        "id": 8011,
        "index": 0,
        "start_date": "2017-01-01 00:00:00",
        "type": 3,
        "value": 9001
    },
    {
        "id": 8012,
        "index": 0,
        "start_date": "2017-01-01 00:00:00",
        "type": 3,
        "value": 9001
    },
    {
        "id": 8013,
        "index": 0,
        "start_date": "2017-01-01 00:00:00",
        "type": 3,
        "value": 9001
    },
    {
        "id": 8014,
        "index": 0,
        "start_date": "2017-01-01 00:00:00",
        "type": 3,
        "value": 9001
    },
    {
        "id": 8015,
        "index": 0,
        "start_date": "2017-01-01 00:00:00",
        "type": 3,
        "value": 9001
    },
    {
        "id": 8016,
        "index": 0,
        "start_date": "2017-01-01 00:00:00",
        "type": 3,
        "value": 9001
    },
    {
        "id": 8017,
        "index": 0,
        "start_date": "2017-01-01 00:00:00",
        "type": 3,
        "value": 9001
    },
    {
        "id": 8018,
        "index": 0,
        "start_date": "2017-01-01 00:00:00",
        "type": 3,
        "value": 9001
    },
    {
        "id": 8019,
        "index": 0,
        "start_date": "2017-01-01 00:00:00",
        "type": 3,
        "value": 9001
    },
    {
        "id": 8020,
        "index": 0,
        "start_date": "2017-01-01 00:00:00",
        "type": 3,
        "value": 9001
    },
    {
        "id": 8021,
        "index": 0,
        "start_date": "2017-01-01 00:00:00",
        "type": 3,
        "value": 9001
    },
    {
        "id": 8022,
        "index": 0,
        "start_date": "2017-01-01 00:00:00",
        "type": 3,
        "value": 9001
    },
    {
        "id": 8023,
        "index": 0,
        "start_date": "2017-01-01 00:00:00",
        "type": 3,
        "value": 9001
    },
    {
        "id": 8024,
        "index": 0,
        "start_date": "2017-01-01 00:00:00",
        "type": 3,
        "value": 9001
    },
    {
        "id": 8025,
        "index": 0,
        "start_date": "2017-01-01 00:00:00",
        "type": 3,
        "value": 9001
    },
    {
        "id": 8026,
        "index": 0,
        "start_date": "2017-01-01 00:00:00",
        "type": 3,
        "value": 9001
    },
    {
        "id": 8027,
        "index": 0,
        "start_date": "2017-01-01 00:00:00",
        "type": 3,
        "value": 9001
    },
    {
        "id": 8028,
        "index": 0,
        "start_date": "2017-01-01 00:00:00",
        "type": 3,
        "value": 9001
    },
    {
        "id": 8029,
        "index": 0,
        "start_date": "2017-01-01 00:00:00",
        "type": 3,
        "value": 9001
    },
    {
        "id": 8030,
        "index": 0,
        "start_date": "2017-01-01 00:00:00",
        "type": 3,
        "value": 9001
    },
    {
        "id": 8031,
        "index": 0,
        "start_date": "2017-01-01 00:00:00",
        "type": 3,
        "value": 9001
    },
    {
        "id": 8032,
        "index": 0,
        "start_date": "2017-01-01 00:00:00",
        "type": 3,
        "value": 9001
    },
    {
        "id": 8033,
        "index": 0,
        "start_date": "2017-01-01 00:00:00",
        "type": 3,
        "value": 9001
    },
    {
        "id": 8034,
        "index": 0,
        "start_date": "2017-01-01 00:00:00",
        "type": 3,
        "value": 9001
    },
    {
        "id": 8035,
        "index": 0,
        "start_date": "2017-01-01 00:00:00",
        "type": 3,
        "value": 9001
    },
    {
        "id": 8036,
        "index": 0,
        "start_date": "2017-01-01 00:00:00",
        "type": 3,
        "value": 9001
    },
    {
        "id": 8037,
        "index": 0,
        "start_date": "2017-01-01 00:00:00",
        "type": 3,
        "value": 9001
    },
    {
        "id": 8038,
        "index": 0,
        "start_date": "2017-01-01 00:00:00",
        "type": 3,
        "value": 9001
    },
    {
        "id": 8039,
        "index": 0,
        "start_date": "2017-01-01 00:00:00",
        "type": 3,
        "value": 9001
    },
    {
        "id": 8040,
        "index": 0,
        "start_date": "2017-01-01 00:00:00",
        "type": 3,
        "value": 9001
    },
    {
        "id": 8041,
        "index": 0,
        "start_date": "2017-01-01 00:00:00",
        "type": 3,
        "value": 9001
    },
    {
        "id": 8042,
        "index": 0,
        "start_date": "2017-01-01 00:00:00",
        "type": 3,
        "value": 9001
    },
    {
        "id": 8043,
        "index": 0,
        "start_date": "2017-01-01 00:00:00",
        "type": 3,
        "value": 9001
    },
    {
        "id": 8044,
        "index": 0,
        "start_date": "2017-01-01 00:00:00",
        "type": 3,
        "value": 9001
    },
    {
        "id": 8045,
        "index": 0,
        "start_date": "2017-01-01 00:00:00",
        "type": 3,
        "value": 9001
    },
    {
        "id": 8046,
        "index": 0,
        "start_date": "2017-01-01 00:00:00",
        "type": 3,
        "value": 9001
    },
    {
        "id": 8047,
        "index": 0,
        "start_date": "2017-01-01 00:00:00",
        "type": 3,
        "value": 9001
    },
    {
        "id": 8048,
        "index": 0,
        "start_date": "2017-01-01 00:00:00",
        "type": 3,
        "value": 9001
    },
    {
        "id": 8049,
        "index": 0,
        "start_date": "2017-01-01 00:00:00",
        "type": 3,
        "value": 9001
    },
    {
        "id": 8050,
        "index": 0,
        "start_date": "2017-01-01 00:00:00",
        "type": 3,
        "value": 9001
    },
    {
        "id": 8051,
        "index": 0,
        "start_date": "2017-01-01 00:00:00",
        "type": 3,
        "value": 9001
    },
    {
        "id": 8052,
        "index": 0,
        "start_date": "2017-01-01 00:00:00",
        "type": 3,
        "value": 9001
    },
    {
        "id": 8053,
        "index": 0,
        "start_date": "2017-01-01 00:00:00",
        "type": 3,
        "value": 9001
    },
    {
        "id": 8054,
        "index": 0,
        "start_date": "2017-01-01 00:00:00",
        "type": 3,
        "value": 9001
    },
    {
        "id": 8055,
        "index": 0,
        "start_date": "2017-01-01 00:00:00",
        "type": 3,
        "value": 9001
    },
    {
        "id": 8056,
        "index": 0,
        "start_date": "2017-01-01 00:00:00",
        "type": 3,
        "value": 9001
    },
    {
        "id": 8057,
        "index": 0,
        "start_date": "2017-01-01 00:00:00",
        "type": 3,
        "value": 9001
    },
    {
        "id": 8058,
        "index": 0,
        "start_date": "2017-01-01 00:00:00",
        "type": 3,
        "value": 9001
    },
    {
        "id": 8059,
        "index": 0,
        "start_date": "2017-01-01 00:00:00",
        "type": 3,
        "value": 9001
    },
    {
        "id": 8060,
        "index": 0,
        "start_date": "2017-01-01 00:00:00",
        "type": 3,
        "value": 9001
    },
    {
        "id": 8061,
        "index": 0,
        "start_date": "2017-01-01 00:00:00",
        "type": 3,
        "value": 9001
    },
    {
        "id": 8062,
        "index": 0,
        "start_date": "2017-01-01 00:00:00",
        "type": 3,
        "value": 9001
    },
    {
        "id": 8063,
        "index": 0,
        "start_date": "2017-01-01 00:00:00",
        "type": 3,
        "value": 9001
    },
    {
        "id": 8064,
        "index": 0,
        "start_date": "2017-01-01 00:00:00",
        "type": 3,
        "value": 9001
    },
    {
        "id": 8065,
        "index": 0,
        "start_date": "2017-01-01 00:00:00",
        "type": 3,
        "value": 9001
    },
    {
        "id": 8066,
        "index": 0,
        "start_date": "2017-01-01 00:00:00",
        "type": 3,
        "value": 9001
    },
    {
        "id": 8067,
        "index": 0,
        "start_date": "2017-01-01 00:00:00",
        "type": 3,
        "value": 9001
    },
    {
        "id": 8068,
        "index": 0,
        "start_date": "2017-01-01 00:00:00",
        "type": 3,
        "value": 9001
    },
    {
        "id": 8069,
        "index": 0,
        "start_date": "2017-01-01 00:00:00",
        "type": 3,
        "value": 9001
    },
    {
        "id": 8070,
        "index": 0,
        "start_date": "2017-01-01 00:00:00",
        "type": 3,
        "value": 9001
    },
    {
        "id": 8071,
        "index": 0,
        "start_date": "2017-01-01 00:00:00",
        "type": 3,
        "value": 9001
    },
    {
        "id": 8072,
        "index": 0,
        "start_date": "2017-01-01 00:00:00",
        "type": 3,
        "value": 9001
    },
    {
        "id": 8073,
        "index": 0,
        "start_date": "2017-01-01 00:00:00",
        "type": 3,
        "value": 9001
    },
    {
        "id": 8074,
        "index": 0,
        "start_date": "2017-01-01 00:00:00",
        "type": 3,
        "value": 9001
    },
    {
        "id": 8075,
        "index": 0,
        "start_date": "2017-01-01 00:00:00",
        "type": 3,
        "value": 9001
    },
    {
        "id": 8076,
        "index": 0,
        "start_date": "2017-01-01 00:00:00",
        "type": 3,
        "value": 9001
    },
    {
        "id": 8077,
        "index": 0,
        "start_date": "2017-01-01 00:00:00",
        "type": 3,
        "value": 9001
    },
    {
        "id": 8078,
        "index": 0,
        "start_date": "2017-01-01 00:00:00",
        "type": 3,
        "value": 9001
    },
    {
        "id": 8079,
        "index": 0,
        "start_date": "2017-01-01 00:00:00",
        "type": 3,
        "value": 9001
    },
    {
        "id": 8080,
        "index": 0,
        "start_date": "2017-01-01 00:00:00",
        "type": 3,
        "value": 9001
    },
    {
        "id": 8081,
        "index": 0,
        "start_date": "2017-01-01 00:00:00",
        "type": 3,
        "value": 9001
    },
    {
        "id": 8082,
        "index": 0,
        "start_date": "2017-01-01 00:00:00",
        "type": 3,
        "value": 9001
    },
    {
        "id": 8083,
        "index": 0,
        "start_date": "2017-01-01 00:00:00",
        "type": 3,
        "value": 9001
    },
    {
        "id": 8084,
        "index": 0,
        "start_date": "2017-01-01 00:00:00",
        "type": 3,
        "value": 9001
    },
    {
        "id": 8085,
        "index": 0,
        "start_date": "2017-01-01 00:00:00",
        "type": 3,
        "value": 9001
    },
    {
        "id": 8086,
        "index": 0,
        "start_date": "2017-01-01 00:00:00",
        "type": 3,
        "value": 9001
    },
    {
        "id": 8087,
        "index": 0,
        "start_date": "2017-01-01 00:00:00",
        "type": 3,
        "value": 9001
    },
    {
        "id": 9000,
        "index": 0,
        "start_date": "2017-01-01 00:00:00",
        "type": 2,
        "value": 1001
    },
    {
        "id": 9001,
        "index": 0,
        "start_date": "2017-01-01 00:00:00",
        "type": 2,
        "value": 1002
    },
    {
        "id": 9002,
        "index": 0,
        "start_date": "2017-01-01 00:00:00",
        "type": 2,
        "value": 1003
    },
    {
        "id": 9003,
        "index": 0,
        "start_date": "2017-01-01 00:00:00",
        "type": 2,
        "value": 1004
    },
    {
        "id": 9004,
        "index": 0,
        "start_date": "2017-01-01 00:00:00",
        "type": 2,
        "value": 1005
    },
    {
        "id": 9005,
        "index": 0,
        "start_date": "2017-01-01 00:00:00",
        "type": 2,
        "value": 1006
    },
    {
        "id": 9006,
        "index": 0,
        "start_date": "2017-01-01 00:00:00",
        "type": 2,
        "value": 1007
    },
    {
        "id": 9007,
        "index": 0,
        "start_date": "2017-01-01 00:00:00",
        "type": 2,
        "value": 1008
    },
    {
        "id": 9008,
        "index": 0,
        "start_date": "2017-01-01 00:00:00",
        "type": 2,
        "value": 1009
    },
    {
        "id": 9009,
        "index": 0,
        "start_date": "2017-01-01 00:00:00",
        "type": 2,
        "value": 1010
    },
    {
        "id": 9010,
        "index": 0,
        "start_date": "2017-01-01 00:00:00",
        "type": 2,
        "value": 1011
    },
    {
        "id": 9011,
        "index": 0,
        "start_date": "2017-01-01 00:00:00",
        "type": 2,
        "value": 1012
    },
    {
        "id": 9012,
        "index": 0,
        "start_date": "2017-01-01 00:00:00",
        "type": 2,
        "value": 1013
    },
    {
        "id": 9013,
        "index": 0,
        "start_date": "2017-01-01 00:00:00",
        "type": 2,
        "value": 1014
    },
    {
        "id": 9014,
        "index": 0,
        "start_date": "2017-01-01 00:00:00",
        "type": 2,
        "value": 1015
    },
    {
        "id": 9015,
        "index": 0,
        "start_date": "2017-01-01 00:00:00",
        "type": 2,
        "value": 1017
    },
    {
        "id": 9016,
        "index": 0,
        "start_date": "2017-01-01 00:00:00",
        "type": 2,
        "value": 1018
    },
    {
        "id": 9017,
        "index": 0,
        "start_date": "2017-01-01 00:00:00",
        "type": 2,
        "value": 1020
    },
    {
        "id": 9018,
        "index": 0,
        "start_date": "2017-01-01 00:00:00",
        "type": 2,
        "value": 1024
    },
    {
        "id": 9019,
        "index": 0,
        "start_date": "2017-01-01 00:00:00",
        "type": 2,
        "value": 1027
    },
    {
        "id": 9020,
        "index": 0,
        "start_date": "2017-01-01 00:00:00",
        "type": 2,
        "value": 1030
    },
    {
        "id": 9021,
        "index": 0,
        "start_date": "2017-01-01 00:00:00",
        "type": 2,
        "value": 1032
    },
    {
        "id": 9022,
        "index": 0,
        "start_date": "2017-01-01 00:00:00",
        "type": 2,
        "value": 1035
    },
    {
        "id": 9023,
        "index": 0,
        "start_date": "2017-01-01 00:00:00",
        "type": 2,
        "value": 1040
    },
    {
        "id": 9024,
        "index": 0,
        "start_date": "2017-01-01 00:00:00",
        "type": 2,
        "value": 1041
    },
    {
        "id": 9025,
        "index": 0,
        "start_date": "2017-01-01 00:00:00",
        "type": 2,
        "value": 1045
    },
    {
        "id": 9026,
        "index": 0,
        "start_date": "2017-01-01 00:00:00",
        "type": 2,
        "value": 1052
    },
    {
        "id": 9027,
        "index": 0,
        "start_date": "2017-01-01 00:00:00",
        "type": 2,
        "value": 1056
    },
    {
        "id": 9028,
        "index": 0,
        "start_date": "2017-01-01 00:00:00",
        "type": 2,
        "value": 1060
    },
    {
        "id": 9029,
        "index": 0,
        "start_date": "2017-01-01 00:00:00",
        "type": 2,
        "value": 1061
    },
    {
        "id": 9030,
        "index": 0,
        "start_date": "2017-01-01 00:00:00",
        "type": 2,
        "value": 1019
    },
    {
        "id": 9031,
        "index": 0,
        "start_date": "2017-01-01 00:00:00",
        "type": 2,
        "value": 1021
    },
    {
        "id": 9032,
        "index": 0,
        "start_date": "2017-01-01 00:00:00",
        "type": 2,
        "value": 1022
    },
    {
        "id": 9033,
        "index": 0,
        "start_date": "2017-01-01 00:00:00",
        "type": 2,
        "value": 1023
    },
    {
        "id": 9034,
        "index": 0,
        "start_date": "2017-01-01 00:00:00",
        "type": 2,
        "value": 1025
    },
    {
        "id": 9035,
        "index": 0,
        "start_date": "2017-01-01 00:00:00",
        "type": 2,
        "value": 1026
    },
    {
        "id": 9036,
        "index": 0,
        "start_date": "2017-01-01 00:00:00",
        "type": 2,
        "value": 1029
    },
    {
        "id": 9037,
        "index": 0,
        "start_date": "2017-01-01 00:00:00",
        "type": 2,
        "value": 1031
    },
    {
        "id": 9038,
        "index": 0,
        "start_date": "2017-01-01 00:00:00",
        "type": 2,
        "value": 1036
    },
    {
        "id": 9039,
        "index": 0,
        "start_date": "2017-01-01 00:00:00",
        "type": 2,
        "value": 1037
    },
    {
        "id": 9040,
        "index": 0,
        "start_date": "2017-01-01 00:00:00",
        "type": 2,
        "value": 1046
    },
    {
        "id": 9041,
        "index": 0,
        "start_date": "2017-01-01 00:00:00",
        "type": 2,
        "value": 1050
    },
    {
        "id": 9042,
        "index": 0,
        "start_date": "2017-01-01 00:00:00",
        "type": 2,
        "value": 1051
    },
    {
        "id": 9043,
        "index": 0,
        "start_date": "2017-01-01 00:00:00",
        "type": 2,
        "value": 1054
    },
    {
        "id": 9044,
        "index": 0,
        "start_date": "2017-01-01 00:00:00",
        "type": 2,
        "value": 1055
    },
    {
        "id": 9045,
        "index": 0,
        "start_date": "2017-01-01 00:00:00",
        "type": 2,
        "value": 1058
    },
    {
        "id": 9046,
        "index": 0,
        "start_date": "2017-01-01 00:00:00",
        "type": 2,
        "value": 1059
    },
    {
        "id": 9047,
        "index": 0,
        "start_date": "2022-12-11 12:00:00",
        "type": 2,
        "value": 1016
    },
    {
        "id": 9048,
        "index": 0,
        "start_date": "2022-12-11 12:00:00",
        "type": 2,
        "value": 1028
    },
    {
        "id": 9049,
        "index": 0,
        "start_date": "2022-12-11 12:00:00",
        "type": 2,
        "value": 1033
    },
    {
        "id": 9050,
        "index": 0,
        "start_date": "2022-12-11 12:00:00",
        "type": 2,
        "value": 1034
    },
    {
        "id": 9051,
        "index": 0,
        "start_date": "2022-12-11 12:00:00",
        "type": 2,
        "value": 1038
    },
    {
        "id": 9052,
        "index": 0,
        "start_date": "2022-12-11 12:00:00",
        "type": 2,
        "value": 1039
    },
    {
        "id": 9053,
        "index": 0,
        "start_date": "2022-12-11 12:00:00",
        "type": 2,
        "value": 1042
    },
    {
        "id": 9054,
        "index": 0,
        "start_date": "2022-12-11 12:00:00",
        "type": 2,
        "value": 1043
    },
    {
        "id": 9055,
        "index": 0,
        "start_date": "2022-12-11 12:00:00",
        "type": 2,
        "value": 1044
    },
    {
        "id": 9056,
        "index": 0,
        "start_date": "2022-12-11 12:00:00",
        "type": 2,
        "value": 1047
    },
    {
        "id": 9057,
        "index": 0,
        "start_date": "2022-12-11 12:00:00",
        "type": 2,
        "value": 1048
    },
    {
        "id": 9058,
        "index": 0,
        "start_date": "2022-12-11 12:00:00",
        "type": 2,
        "value": 1049
    },
    {
        "id": 9059,
        "index": 0,
        "start_date": "2022-12-11 12:00:00",
        "type": 2,
        "value": 1053
    },
    {
        "id": 9060,
        "index": 0,
        "start_date": "2022-12-11 12:00:00",
        "type": 2,
        "value": 1057
    },
    {
        "id": 9061,
        "index": 0,
        "start_date": "2022-12-11 12:00:00",
        "type": 2,
        "value": 1062
    },
    {
        "id": 9062,
        "index": 0,
        "start_date": "2022-12-11 12:00:00",
        "type": 2,
        "value": 1063
    },
    {
        "id": 9063,
        "index": 0,
        "start_date": "2022-12-11 12:00:00",
        "type": 2,
        "value": 1064
    },
    {
        "id": 9064,
        "index": 0,
        "start_date": "2022-12-11 12:00:00",
        "type": 2,
        "value": 1065
    },
    {
        "id": 9065,
        "index": 0,
        "start_date": "2022-12-11 12:00:00",
        "type": 2,
        "value": 1066
    },
    {
        "id": 9066,
        "index": 0,
        "start_date": "2022-12-11 12:00:00",
        "type": 2,
        "value": 1067
    },
    {
        "id": 9067,
        "index": 0,
        "start_date": "2022-12-11 12:00:00",
        "type": 2,
        "value": 1068
    },
    {
        "id": 9068,
        "index": 0,
        "start_date": "2022-12-11 12:00:00",
        "type": 2,
        "value": 1069
    },
    {
        "id": 9070,
        "index": 0,
        "start_date": "2022-12-11 12:00:00",
        "type": 2,
        "value": 1071
    },
    {
        "id": 9071,
        "index": 0,
        "start_date": "2022-12-11 12:00:00",
        "type": 2,
        "value": 1072
    }
]