[
    {
        "id": 1,
        "trade_item_category": 30,
        "trade_item_id": 110,
        "trade_item_num": 10,
        "trained_chara_rank": 1
    },
    {
        "id": 2,
        "trade_item_category": 30,
        "trade_item_id": 110,
        "trade_item_num": 20,
        "trained_chara_rank": 2
    },
    {
        "id": 3,
        "trade_item_category": 30,
        "trade_item_id": 110,
        "trade_item_num": 30,
        "trained_chara_rank": 3
    },
    {
        "id": 4,
        "trade_item_category": 30,
        "trade_item_id": 110,
        "trade_item_num": 40,
        "trained_chara_rank": 4
    },
    {
        "id": 5,
        "trade_item_category": 30,
        "trade_item_id": 110,
        "trade_item_num": 60,
        "trained_chara_rank": 5
    },
    {
        "id": 6,
        "trade_item_category": 30,
        "trade_item_id": 110,
        "trade_item_num": 80,
        "trained_chara_rank": 6
    },
    {
        "id": 7,
        "trade_item_category": 30,
        "trade_item_id": 110,
        "trade_item_num": 100,
        "trained_chara_rank": 7
    },
    {
        "id": 8,
        "trade_item_category": 30,
        "trade_item_id": 110,
        "trade_item_num": 120,
        "trained_chara_rank": 8
    },
    {
        "id": 9,
        "trade_item_category": 30,
        "trade_item_id": 110,
        "trade_item_num": 140,
        "trained_chara_rank": 9
    },
    {
        "id": 10,
        "trade_item_category": 30,
        "trade_item_id": 110,
        "trade_item_num": 170,
        "trained_chara_rank": 10
    },
    {
        "id": 11,
        "trade_item_category": 30,
        "trade_item_id": 110,
        "trade_item_num": 200,
        "trained_chara_rank": 11
    },
    {
        "id": 12,
        "trade_item_category": 30,
        "trade_item_id": 110,
        "trade_item_num": 230,
        "trained_chara_rank": 12
    },
    {
        "id": 13,
        "trade_item_category": 30,
        "trade_item_id": 110,
        "trade_item_num": 260,
        "trained_chara_rank": 13
    },
    {
        "id": 14,
        "trade_item_category": 30,
        "trade_item_id": 110,
        "trade_item_num": 300,
        "trained_chara_rank": 14
    },
    {
        "id": 15,
        "trade_item_category": 30,
        "trade_item_id": 110,
        "trade_item_num": 340,
        "trained_chara_rank": 15
    },
    {
        "id": 16,
        "trade_item_category": 30,
        "trade_item_id": 110,
        "trade_item_num": 380,
        "trained_chara_rank": 16
    },
    {
        "id": 17,
        "trade_item_category": 30,
        "trade_item_id": 110,
        "trade_item_num": 420,
        "trained_chara_rank": 17
    },
    {
        "id": 18,
        "trade_item_category": 30,
        "trade_item_id": 110,
        "trade_item_num": 460,
        "trained_chara_rank": 18
    },
    {
        "id": 19,
        "trade_item_category": 30,
        "trade_item_id": 110,
        "trade_item_num": 500,
        "trained_chara_rank": 19
    },
    {
        "id": 20,
        "trade_item_category": 30,
        "trade_item_id": 110,
        "trade_item_num": 510,
        "trained_chara_rank": 20
    },
    {
        "id": 21,
        "trade_item_category": 30,
        "trade_item_id": 110,
        "trade_item_num": 520,
        "trained_chara_rank": 21
    },
    {
        "id": 22,
        "trade_item_category": 30,
        "trade_item_id": 110,
        "trade_item_num": 530,
        "trained_chara_rank": 22
    },
    {
        "id": 23,
        "trade_item_category": 30,
        "trade_item_id": 110,
        "trade_item_num": 540,
        "trained_chara_rank": 23
    },
    {
        "id": 24,
        "trade_item_category": 30,
        "trade_item_id": 110,
        "trade_item_num": 550,
        "trained_chara_rank": 24
    },
    {
        "id": 25,
        "trade_item_category": 30,
        "trade_item_id": 110,
        "trade_item_num": 560,
        "trained_chara_rank": 25
    },
    {
        "id": 26,
        "trade_item_category": 30,
        "trade_item_id": 110,
        "trade_item_num": 570,
        "trained_chara_rank": 26
    },
    {
        "id": 27,
        "trade_item_category": 30,
        "trade_item_id": 110,
        "trade_item_num": 580,
        "trained_chara_rank": 27
    },
    {
        "id": 28,
        "trade_item_category": 30,
        "trade_item_id": 110,
        "trade_item_num": 590,
        "trained_chara_rank": 28
    },
    {
        "id": 29,
        "trade_item_category": 30,
        "trade_item_id": 110,
        "trade_item_num": 600,
        "trained_chara_rank": 29
    },
    {
        "id": 30,
        "trade_item_category": 30,
        "trade_item_id": 110,
        "trade_item_num": 610,
        "trained_chara_rank": 30
    },
    {
        "id": 31,
        "trade_item_category": 30,
        "trade_item_id": 110,
        "trade_item_num": 620,
        "trained_chara_rank": 31
    },
    {
        "id": 32,
        "trade_item_category": 30,
        "trade_item_id": 110,
        "trade_item_num": 630,
        "trained_chara_rank": 32
    },
    {
        "id": 33,
        "trade_item_category": 30,
        "trade_item_id": 110,
        "trade_item_num": 640,
        "trained_chara_rank": 33
    },
    {
        "id": 34,
        "trade_item_category": 30,
        "trade_item_id": 110,
        "trade_item_num": 650,
        "trained_chara_rank": 34
    },
    {
        "id": 35,
        "trade_item_category": 30,
        "trade_item_id": 110,
        "trade_item_num": 660,
        "trained_chara_rank": 35
    },
    {
        "id": 36,
        "trade_item_category": 30,
        "trade_item_id": 110,
        "trade_item_num": 670,
        "trained_chara_rank": 36
    },
    {
        "id": 37,
        "trade_item_category": 30,
        "trade_item_id": 110,
        "trade_item_num": 680,
        "trained_chara_rank": 37
    },
    {
        "id": 38,
        "trade_item_category": 30,
        "trade_item_id": 110,
        "trade_item_num": 690,
        "trained_chara_rank": 38
    },
    {
        "id": 39,
        "trade_item_category": 30,
        "trade_item_id": 110,
        "trade_item_num": 700,
        "trained_chara_rank": 39
    },
    {
        "id": 40,
        "trade_item_category": 30,
        "trade_item_id": 110,
        "trade_item_num": 710,
        "trained_chara_rank": 40
    },
    {
        "id": 41,
        "trade_item_category": 30,
        "trade_item_id": 110,
        "trade_item_num": 720,
        "trained_chara_rank": 41
    },
    {
        "id": 42,
        "trade_item_category": 30,
        "trade_item_id": 110,
        "trade_item_num": 730,
        "trained_chara_rank": 42
    },
    {
        "id": 43,
        "trade_item_category": 30,
        "trade_item_id": 110,
        "trade_item_num": 740,
        "trained_chara_rank": 43
    },
    {
        "id": 44,
        "trade_item_category": 30,
        "trade_item_id": 110,
        "trade_item_num": 750,
        "trained_chara_rank": 44
    },
    {
        "id": 45,
        "trade_item_category": 30,
        "trade_item_id": 110,
        "trade_item_num": 760,
        "trained_chara_rank": 45
    },
    {
        "id": 46,
        "trade_item_category": 30,
        "trade_item_id": 110,
        "trade_item_num": 770,
        "trained_chara_rank": 46
    },
    {
        "id": 47,
        "trade_item_category": 30,
        "trade_item_id": 110,
        "trade_item_num": 780,
        "trained_chara_rank": 47
    },
    {
        "id": 48,
        "trade_item_category": 30,
        "trade_item_id": 110,
        "trade_item_num": 790,
        "trained_chara_rank": 48
    },
    {
        "id": 49,
        "trade_item_category": 30,
        "trade_item_id": 110,
        "trade_item_num": 800,
        "trained_chara_rank": 49
    },
    {
        "id": 50,
        "trade_item_category": 30,
        "trade_item_id": 110,
        "trade_item_num": 810,
        "trained_chara_rank": 50
    },
    {
        "id": 51,
        "trade_item_category": 30,
        "trade_item_id": 110,
        "trade_item_num": 820,
        "trained_chara_rank": 51
    },
    {
        "id": 52,
        "trade_item_category": 30,
        "trade_item_id": 110,
        "trade_item_num": 830,
        "trained_chara_rank": 52
    },
    {
        "id": 53,
        "trade_item_category": 30,
        "trade_item_id": 110,
        "trade_item_num": 840,
        "trained_chara_rank": 53
    },
    {
        "id": 54,
        "trade_item_category": 30,
        "trade_item_id": 110,
        "trade_item_num": 850,
        "trained_chara_rank": 54
    },
    {
        "id": 55,
        "trade_item_category": 30,
        "trade_item_id": 110,
        "trade_item_num": 860,
        "trained_chara_rank": 55
    },
    {
        "id": 56,
        "trade_item_category": 30,
        "trade_item_id": 110,
        "trade_item_num": 870,
        "trained_chara_rank": 56
    },
    {
        "id": 57,
        "trade_item_category": 30,
        "trade_item_id": 110,
        "trade_item_num": 880,
        "trained_chara_rank": 57
    },
    {
        "id": 58,
        "trade_item_category": 30,
        "trade_item_id": 110,
        "trade_item_num": 890,
        "trained_chara_rank": 58
    },
    {
        "id": 59,
        "trade_item_category": 30,
        "trade_item_id": 110,
        "trade_item_num": 900,
        "trained_chara_rank": 59
    },
    {
        "id": 60,
        "trade_item_category": 30,
        "trade_item_id": 110,
        "trade_item_num": 910,
        "trained_chara_rank": 60
    },
    {
        "id": 61,
        "trade_item_category": 30,
        "trade_item_id": 110,
        "trade_item_num": 920,
        "trained_chara_rank": 61
    },
    {
        "id": 62,
        "trade_item_category": 30,
        "trade_item_id": 110,
        "trade_item_num": 930,
        "trained_chara_rank": 62
    },
    {
        "id": 63,
        "trade_item_category": 30,
        "trade_item_id": 110,
        "trade_item_num": 940,
        "trained_chara_rank": 63
    },
    {
        "id": 64,
        "trade_item_category": 30,
        "trade_item_id": 110,
        "trade_item_num": 950,
        "trained_chara_rank": 64
    },
    {
        "id": 65,
        "trade_item_category": 30,
        "trade_item_id": 110,
        "trade_item_num": 960,
        "trained_chara_rank": 65
    },
    {
        "id": 66,
        "trade_item_category": 30,
        "trade_item_id": 110,
        "trade_item_num": 970,
        "trained_chara_rank": 66
    },
    {
        "id": 67,
        "trade_item_category": 30,
        "trade_item_id": 110,
        "trade_item_num": 980,
        "trained_chara_rank": 67
    },
    {
        "id": 68,
        "trade_item_category": 30,
        "trade_item_id": 110,
        "trade_item_num": 990,
        "trained_chara_rank": 68
    },
    {
        "id": 69,
        "trade_item_category": 30,
        "trade_item_id": 110,
        "trade_item_num": 1000,
        "trained_chara_rank": 69
    },
    {
        "id": 70,
        "trade_item_category": 30,
        "trade_item_id": 110,
        "trade_item_num": 1010,
        "trained_chara_rank": 70
    },
    {
        "id": 71,
        "trade_item_category": 30,
        "trade_item_id": 110,
        "trade_item_num": 1020,
        "trained_chara_rank": 71
    },
    {
        "id": 72,
        "trade_item_category": 30,
        "trade_item_id": 110,
        "trade_item_num": 1030,
        "trained_chara_rank": 72
    },
    {
        "id": 73,
        "trade_item_category": 30,
        "trade_item_id": 110,
        "trade_item_num": 1040,
        "trained_chara_rank": 73
    },
    {
        "id": 74,
        "trade_item_category": 30,
        "trade_item_id": 110,
        "trade_item_num": 1050,
        "trained_chara_rank": 74
    },
    {
        "id": 75,
        "trade_item_category": 30,
        "trade_item_id": 110,
        "trade_item_num": 1060,
        "trained_chara_rank": 75
    },
    {
        "id": 76,
        "trade_item_category": 30,
        "trade_item_id": 110,
        "trade_item_num": 1070,
        "trained_chara_rank": 76
    },
    {
        "id": 77,
        "trade_item_category": 30,
        "trade_item_id": 110,
        "trade_item_num": 1080,
        "trained_chara_rank": 77
    },
    {
        "id": 78,
        "trade_item_category": 30,
        "trade_item_id": 110,
        "trade_item_num": 1090,
        "trained_chara_rank": 78
    },
    {
        "id": 79,
        "trade_item_category": 30,
        "trade_item_id": 110,
        "trade_item_num": 1100,
        "trained_chara_rank": 79
    },
    {
        "id": 80,
        "trade_item_category": 30,
        "trade_item_id": 110,
        "trade_item_num": 1110,
        "trained_chara_rank": 80
    },
    {
        "id": 81,
        "trade_item_category": 30,
        "trade_item_id": 110,
        "trade_item_num": 1120,
        "trained_chara_rank": 81
    },
    {
        "id": 82,
        "trade_item_category": 30,
        "trade_item_id": 110,
        "trade_item_num": 1130,
        "trained_chara_rank": 82
    },
    {
        "id": 83,
        "trade_item_category": 30,
        "trade_item_id": 110,
        "trade_item_num": 1140,
        "trained_chara_rank": 83
    },
    {
        "id": 84,
        "trade_item_category": 30,
        "trade_item_id": 110,
        "trade_item_num": 1150,
        "trained_chara_rank": 84
    },
    {
        "id": 85,
        "trade_item_category": 30,
        "trade_item_id": 110,
        "trade_item_num": 1160,
        "trained_chara_rank": 85
    },
    {
        "id": 86,
        "trade_item_category": 30,
        "trade_item_id": 110,
        "trade_item_num": 1170,
        "trained_chara_rank": 86
    },
    {
        "id": 87,
        "trade_item_category": 30,
        "trade_item_id": 110,
        "trade_item_num": 1180,
        "trained_chara_rank": 87
    },
    {
        "id": 88,
        "trade_item_category": 30,
        "trade_item_id": 110,
        "trade_item_num": 1190,
        "trained_chara_rank": 88
    },
    {
        "id": 89,
        "trade_item_category": 30,
        "trade_item_id": 110,
        "trade_item_num": 1200,
        "trained_chara_rank": 89
    },
    {
        "id": 90,
        "trade_item_category": 30,
        "trade_item_id": 110,
        "trade_item_num": 1210,
        "trained_chara_rank": 90
    },
    {
        "id": 91,
        "trade_item_category": 30,
        "trade_item_id": 110,
        "trade_item_num": 1220,
        "trained_chara_rank": 91
    },
    {
        "id": 92,
        "trade_item_category": 30,
        "trade_item_id": 110,
        "trade_item_num": 1230,
        "trained_chara_rank": 92
    },
    {
        "id": 93,
        "trade_item_category": 30,
        "trade_item_id": 110,
        "trade_item_num": 1240,
        "trained_chara_rank": 93
    },
    {
        "id": 94,
        "trade_item_category": 30,
        "trade_item_id": 110,
        "trade_item_num": 1250,
        "trained_chara_rank": 94
    },
    {
        "id": 95,
        "trade_item_category": 30,
        "trade_item_id": 110,
        "trade_item_num": 1260,
        "trained_chara_rank": 95
    },
    {
        "id": 96,
        "trade_item_category": 30,
        "trade_item_id": 110,
        "trade_item_num": 1270,
        "trained_chara_rank": 96
    },
    {
        "id": 97,
        "trade_item_category": 30,
        "trade_item_id": 110,
        "trade_item_num": 1280,
        "trained_chara_rank": 97
    },
    {
        "id": 98,
        "trade_item_category": 30,
        "trade_item_id": 110,
        "trade_item_num": 1290,
        "trained_chara_rank": 98
    }
]