[
    {
        "condition1_type": 320,
        "condition1_value1": 6,
        "condition1_value2": 0,
        "condition2_type": 900,
        "condition2_value1": 128,
        "condition2_value2": 0,
        "condition3_type": 0,
        "condition3_value1": 0,
        "condition3_value2": 0,
        "condition4_type": 0,
        "condition4_value1": 0,
        "condition4_value2": 0,
        "condition5_type": 0,
        "condition5_value1": 0,
        "condition5_value2": 0,
        "cool_time": 0,
        "difficulty": 3,
        "end_date": 1667444399,
        "limited_type": 1,
        "start_date": 1667271600,
        "trainer_type": 133,
        "transfer_detail_id": 1001,
        "transfer_event_id": 1
    },
    {
        "condition1_type": 330,
        "condition1_value1": 6,
        "condition1_value2": 0,
        "condition2_type": 900,
        "condition2_value1": 128,
        "condition2_value2": 0,
        "condition3_type": 0,
        "condition3_value1": 0,
        "condition3_value2": 0,
        "condition4_type": 0,
        "condition4_value1": 0,
        "condition4_value2": 0,
        "condition5_type": 0,
        "condition5_value1": 0,
        "condition5_value2": 0,
        "cool_time": 0,
        "difficulty": 3,
        "end_date": 1667617199,
        "limited_type": 1,
        "start_date": 1667444400,
        "trainer_type": 123,
        "transfer_detail_id": 1002,
        "transfer_event_id": 1
    },
    {
        "condition1_type": 310,
        "condition1_value1": 6,
        "condition1_value2": 0,
        "condition2_type": 900,
        "condition2_value1": 128,
        "condition2_value2": 0,
        "condition3_type": 0,
        "condition3_value1": 0,
        "condition3_value2": 0,
        "condition4_type": 0,
        "condition4_value1": 0,
        "condition4_value2": 0,
        "condition5_type": 0,
        "condition5_value1": 0,
        "condition5_value2": 0,
        "cool_time": 0,
        "difficulty": 3,
        "end_date": 1667789999,
        "limited_type": 1,
        "start_date": 1667617200,
        "trainer_type": 213,
        "transfer_detail_id": 1003,
        "transfer_event_id": 1
    },
    {
        "condition1_type": 300,
        "condition1_value1": 6,
        "condition1_value2": 0,
        "condition2_type": 900,
        "condition2_value1": 128,
        "condition2_value2": 0,
        "condition3_type": 0,
        "condition3_value1": 0,
        "condition3_value2": 0,
        "condition4_type": 0,
        "condition4_value1": 0,
        "condition4_value2": 0,
        "condition5_type": 0,
        "condition5_value1": 0,
        "condition5_value2": 0,
        "cool_time": 0,
        "difficulty": 3,
        "end_date": 1667962799,
        "limited_type": 1,
        "start_date": 1667790000,
        "trainer_type": 113,
        "transfer_detail_id": 1004,
        "transfer_event_id": 1
    },
    {
        "condition1_type": 100,
        "condition1_value1": 300,
        "condition1_value2": 0,
        "condition2_type": 0,
        "condition2_value1": 0,
        "condition2_value2": 0,
        "condition3_type": 0,
        "condition3_value1": 0,
        "condition3_value2": 0,
        "condition4_type": 0,
        "condition4_value1": 0,
        "condition4_value2": 0,
        "condition5_type": 0,
        "condition5_value1": 0,
        "condition5_value2": 0,
        "cool_time": 0,
        "difficulty": 2,
        "end_date": 1667444399,
        "limited_type": 3,
        "start_date": 1667271600,
        "trainer_type": 102,
        "transfer_detail_id": 1005,
        "transfer_event_id": 1
    },
    {
        "condition1_type": 110,
        "condition1_value1": 300,
        "condition1_value2": 0,
        "condition2_type": 0,
        "condition2_value1": 0,
        "condition2_value2": 0,
        "condition3_type": 0,
        "condition3_value1": 0,
        "condition3_value2": 0,
        "condition4_type": 0,
        "condition4_value1": 0,
        "condition4_value2": 0,
        "condition5_type": 0,
        "condition5_value1": 0,
        "condition5_value2": 0,
        "cool_time": 0,
        "difficulty": 2,
        "end_date": 1667617199,
        "limited_type": 3,
        "start_date": 1667444400,
        "trainer_type": 202,
        "transfer_detail_id": 1006,
        "transfer_event_id": 1
    },
    {
        "condition1_type": 120,
        "condition1_value1": 300,
        "condition1_value2": 0,
        "condition2_type": 0,
        "condition2_value1": 0,
        "condition2_value2": 0,
        "condition3_type": 0,
        "condition3_value1": 0,
        "condition3_value2": 0,
        "condition4_type": 0,
        "condition4_value1": 0,
        "condition4_value2": 0,
        "condition5_type": 0,
        "condition5_value1": 0,
        "condition5_value2": 0,
        "cool_time": 0,
        "difficulty": 2,
        "end_date": 1667789999,
        "limited_type": 3,
        "start_date": 1667617200,
        "trainer_type": 102,
        "transfer_detail_id": 1007,
        "transfer_event_id": 1
    },
    {
        "condition1_type": 140,
        "condition1_value1": 300,
        "condition1_value2": 0,
        "condition2_type": 0,
        "condition2_value1": 0,
        "condition2_value2": 0,
        "condition3_type": 0,
        "condition3_value1": 0,
        "condition3_value2": 0,
        "condition4_type": 0,
        "condition4_value1": 0,
        "condition4_value2": 0,
        "condition5_type": 0,
        "condition5_value1": 0,
        "condition5_value2": 0,
        "cool_time": 0,
        "difficulty": 2,
        "end_date": 1667962799,
        "limited_type": 3,
        "start_date": 1667790000,
        "trainer_type": 202,
        "transfer_detail_id": 1008,
        "transfer_event_id": 1
    },
    {
        "condition1_type": 100,
        "condition1_value1": 200,
        "condition1_value2": 0,
        "condition2_type": 0,
        "condition2_value1": 0,
        "condition2_value2": 0,
        "condition3_type": 0,
        "condition3_value1": 0,
        "condition3_value2": 0,
        "condition4_type": 0,
        "condition4_value1": 0,
        "condition4_value2": 0,
        "condition5_type": 0,
        "condition5_value1": 0,
        "condition5_value2": 0,
        "cool_time": 0,
        "difficulty": 1,
        "end_date": 1667444399,
        "limited_type": 5,
        "start_date": 1667271600,
        "trainer_type": 201,
        "transfer_detail_id": 1009,
        "transfer_event_id": 1
    },
    {
        "condition1_type": 110,
        "condition1_value1": 200,
        "condition1_value2": 0,
        "condition2_type": 0,
        "condition2_value1": 0,
        "condition2_value2": 0,
        "condition3_type": 0,
        "condition3_value1": 0,
        "condition3_value2": 0,
        "condition4_type": 0,
        "condition4_value1": 0,
        "condition4_value2": 0,
        "condition5_type": 0,
        "condition5_value1": 0,
        "condition5_value2": 0,
        "cool_time": 0,
        "difficulty": 1,
        "end_date": 1667617199,
        "limited_type": 5,
        "start_date": 1667444400,
        "trainer_type": 101,
        "transfer_detail_id": 1010,
        "transfer_event_id": 1
    },
    {
        "condition1_type": 120,
        "condition1_value1": 200,
        "condition1_value2": 0,
        "condition2_type": 0,
        "condition2_value1": 0,
        "condition2_value2": 0,
        "condition3_type": 0,
        "condition3_value1": 0,
        "condition3_value2": 0,
        "condition4_type": 0,
        "condition4_value1": 0,
        "condition4_value2": 0,
        "condition5_type": 0,
        "condition5_value1": 0,
        "condition5_value2": 0,
        "cool_time": 0,
        "difficulty": 1,
        "end_date": 1667789999,
        "limited_type": 5,
        "start_date": 1667617200,
        "trainer_type": 201,
        "transfer_detail_id": 1011,
        "transfer_event_id": 1
    },
    {
        "condition1_type": 140,
        "condition1_value1": 200,
        "condition1_value2": 0,
        "condition2_type": 0,
        "condition2_value1": 0,
        "condition2_value2": 0,
        "condition3_type": 0,
        "condition3_value1": 0,
        "condition3_value2": 0,
        "condition4_type": 0,
        "condition4_value1": 0,
        "condition4_value2": 0,
        "condition5_type": 0,
        "condition5_value1": 0,
        "condition5_value2": 0,
        "cool_time": 0,
        "difficulty": 1,
        "end_date": 1667962799,
        "limited_type": 5,
        "start_date": 1667790000,
        "trainer_type": 101,
        "transfer_detail_id": 1012,
        "transfer_event_id": 1
    },
    {
        "condition1_type": 420,
        "condition1_value1": 6,
        "condition1_value2": 0,
        "condition2_type": 900,
        "condition2_value1": 128,
        "condition2_value2": 0,
        "condition3_type": 0,
        "condition3_value1": 0,
        "condition3_value2": 0,
        "condition4_type": 0,
        "condition4_value1": 0,
        "condition4_value2": 0,
        "condition5_type": 0,
        "condition5_value1": 0,
        "condition5_value2": 0,
        "cool_time": 0,
        "difficulty": 3,
        "end_date": 1669777199,
        "limited_type": 1,
        "start_date": 1669604400,
        "trainer_type": 113,
        "transfer_detail_id": 2001,
        "transfer_event_id": 2
    },
    {
        "condition1_type": 410,
        "condition1_value1": 6,
        "condition1_value2": 0,
        "condition2_type": 900,
        "condition2_value1": 128,
        "condition2_value2": 0,
        "condition3_type": 0,
        "condition3_value1": 0,
        "condition3_value2": 0,
        "condition4_type": 0,
        "condition4_value1": 0,
        "condition4_value2": 0,
        "condition5_type": 0,
        "condition5_value1": 0,
        "condition5_value2": 0,
        "cool_time": 0,
        "difficulty": 3,
        "end_date": 1669949999,
        "limited_type": 1,
        "start_date": 1669777200,
        "trainer_type": 123,
        "transfer_detail_id": 2002,
        "transfer_event_id": 2
    },
    {
        "condition1_type": 130,
        "condition1_value1": 300,
        "condition1_value2": 0,
        "condition2_type": 0,
        "condition2_value1": 0,
        "condition2_value2": 0,
        "condition3_type": 0,
        "condition3_value1": 0,
        "condition3_value2": 0,
        "condition4_type": 0,
        "condition4_value1": 0,
        "condition4_value2": 0,
        "condition5_type": 0,
        "condition5_value1": 0,
        "condition5_value2": 0,
        "cool_time": 0,
        "difficulty": 2,
        "end_date": 1669777199,
        "limited_type": 3,
        "start_date": 1669604400,
        "trainer_type": 102,
        "transfer_detail_id": 2003,
        "transfer_event_id": 2
    },
    {
        "condition1_type": 120,
        "condition1_value1": 300,
        "condition1_value2": 0,
        "condition2_type": 0,
        "condition2_value1": 0,
        "condition2_value2": 0,
        "condition3_type": 0,
        "condition3_value1": 0,
        "condition3_value2": 0,
        "condition4_type": 0,
        "condition4_value1": 0,
        "condition4_value2": 0,
        "condition5_type": 0,
        "condition5_value1": 0,
        "condition5_value2": 0,
        "cool_time": 0,
        "difficulty": 2,
        "end_date": 1669949999,
        "limited_type": 3,
        "start_date": 1669777200,
        "trainer_type": 202,
        "transfer_detail_id": 2004,
        "transfer_event_id": 2
    },
    {
        "condition1_type": 110,
        "condition1_value1": 200,
        "condition1_value2": 0,
        "condition2_type": 0,
        "condition2_value1": 0,
        "condition2_value2": 0,
        "condition3_type": 0,
        "condition3_value1": 0,
        "condition3_value2": 0,
        "condition4_type": 0,
        "condition4_value1": 0,
        "condition4_value2": 0,
        "condition5_type": 0,
        "condition5_value1": 0,
        "condition5_value2": 0,
        "cool_time": 0,
        "difficulty": 1,
        "end_date": 1669777199,
        "limited_type": 5,
        "start_date": 1669604400,
        "trainer_type": 201,
        "transfer_detail_id": 2005,
        "transfer_event_id": 2
    },
    {
        "condition1_type": 140,
        "condition1_value1": 200,
        "condition1_value2": 0,
        "condition2_type": 0,
        "condition2_value1": 0,
        "condition2_value2": 0,
        "condition3_type": 0,
        "condition3_value1": 0,
        "condition3_value2": 0,
        "condition4_type": 0,
        "condition4_value1": 0,
        "condition4_value2": 0,
        "condition5_type": 0,
        "condition5_value1": 0,
        "condition5_value2": 0,
        "cool_time": 0,
        "difficulty": 1,
        "end_date": 1669949999,
        "limited_type": 5,
        "start_date": 1669777200,
        "trainer_type": 101,
        "transfer_detail_id": 2006,
        "transfer_event_id": 2
    }
]