[
    {
        "item_category": 102,
        "item_id": 0,
        "item_num": 5,
        "odds": 1000000,
        "reward_rank": 1,
        "transfer_detail_id": 1001,
        "transfer_reward_id": 10010101
    },
    {
        "item_category": 30,
        "item_id": 110,
        "item_num": 1000,
        "odds": 1000000,
        "reward_rank": 1,
        "transfer_detail_id": 1001,
        "transfer_reward_id": 10010102
    },
    {
        "item_category": 91,
        "item_id": 59,
        "item_num": 5000,
        "odds": 1000000,
        "reward_rank": 1,
        "transfer_detail_id": 1001,
        "transfer_reward_id": 10010103
    },
    {
        "item_category": 102,
        "item_id": 0,
        "item_num": 5,
        "odds": 1000000,
        "reward_rank": 1,
        "transfer_detail_id": 1002,
        "transfer_reward_id": 10020101
    },
    {
        "item_category": 30,
        "item_id": 110,
        "item_num": 1000,
        "odds": 1000000,
        "reward_rank": 1,
        "transfer_detail_id": 1002,
        "transfer_reward_id": 10020102
    },
    {
        "item_category": 91,
        "item_id": 59,
        "item_num": 5000,
        "odds": 1000000,
        "reward_rank": 1,
        "transfer_detail_id": 1002,
        "transfer_reward_id": 10020103
    },
    {
        "item_category": 102,
        "item_id": 0,
        "item_num": 5,
        "odds": 1000000,
        "reward_rank": 1,
        "transfer_detail_id": 1003,
        "transfer_reward_id": 10030101
    },
    {
        "item_category": 30,
        "item_id": 110,
        "item_num": 1000,
        "odds": 1000000,
        "reward_rank": 1,
        "transfer_detail_id": 1003,
        "transfer_reward_id": 10030102
    },
    {
        "item_category": 91,
        "item_id": 59,
        "item_num": 5000,
        "odds": 1000000,
        "reward_rank": 1,
        "transfer_detail_id": 1003,
        "transfer_reward_id": 10030103
    },
    {
        "item_category": 102,
        "item_id": 0,
        "item_num": 5,
        "odds": 1000000,
        "reward_rank": 1,
        "transfer_detail_id": 1004,
        "transfer_reward_id": 10040101
    },
    {
        "item_category": 30,
        "item_id": 110,
        "item_num": 1000,
        "odds": 1000000,
        "reward_rank": 1,
        "transfer_detail_id": 1004,
        "transfer_reward_id": 10040102
    },
    {
        "item_category": 91,
        "item_id": 59,
        "item_num": 5000,
        "odds": 1000000,
        "reward_rank": 1,
        "transfer_detail_id": 1004,
        "transfer_reward_id": 10040103
    },
    {
        "item_category": 30,
        "item_id": 110,
        "item_num": 500,
        "odds": 1000000,
        "reward_rank": 1,
        "transfer_detail_id": 1005,
        "transfer_reward_id": 10050101
    },
    {
        "item_category": 91,
        "item_id": 59,
        "item_num": 3000,
        "odds": 1000000,
        "reward_rank": 1,
        "transfer_detail_id": 1005,
        "transfer_reward_id": 10050102
    },
    {
        "item_category": 30,
        "item_id": 110,
        "item_num": 500,
        "odds": 1000000,
        "reward_rank": 1,
        "transfer_detail_id": 1006,
        "transfer_reward_id": 10060101
    },
    {
        "item_category": 91,
        "item_id": 59,
        "item_num": 3000,
        "odds": 1000000,
        "reward_rank": 1,
        "transfer_detail_id": 1006,
        "transfer_reward_id": 10060102
    },
    {
        "item_category": 30,
        "item_id": 110,
        "item_num": 500,
        "odds": 1000000,
        "reward_rank": 1,
        "transfer_detail_id": 1007,
        "transfer_reward_id": 10070101
    },
    {
        "item_category": 91,
        "item_id": 59,
        "item_num": 3000,
        "odds": 1000000,
        "reward_rank": 1,
        "transfer_detail_id": 1007,
        "transfer_reward_id": 10070102
    },
    {
        "item_category": 30,
        "item_id": 110,
        "item_num": 500,
        "odds": 1000000,
        "reward_rank": 1,
        "transfer_detail_id": 1008,
        "transfer_reward_id": 10080101
    },
    {
        "item_category": 91,
        "item_id": 59,
        "item_num": 3000,
        "odds": 1000000,
        "reward_rank": 1,
        "transfer_detail_id": 1008,
        "transfer_reward_id": 10080102
    },
    {
        "item_category": 30,
        "item_id": 110,
        "item_num": 300,
        "odds": 1000000,
        "reward_rank": 1,
        "transfer_detail_id": 1009,
        "transfer_reward_id": 10090101
    },
    {
        "item_category": 91,
        "item_id": 59,
        "item_num": 1500,
        "odds": 1000000,
        "reward_rank": 1,
        "transfer_detail_id": 1009,
        "transfer_reward_id": 10090102
    },
    {
        "item_category": 30,
        "item_id": 110,
        "item_num": 300,
        "odds": 1000000,
        "reward_rank": 1,
        "transfer_detail_id": 1010,
        "transfer_reward_id": 10100101
    },
    {
        "item_category": 91,
        "item_id": 59,
        "item_num": 1500,
        "odds": 1000000,
        "reward_rank": 1,
        "transfer_detail_id": 1010,
        "transfer_reward_id": 10100102
    },
    {
        "item_category": 30,
        "item_id": 110,
        "item_num": 300,
        "odds": 1000000,
        "reward_rank": 1,
        "transfer_detail_id": 1011,
        "transfer_reward_id": 10110101
    },
    {
        "item_category": 91,
        "item_id": 59,
        "item_num": 1500,
        "odds": 1000000,
        "reward_rank": 1,
        "transfer_detail_id": 1011,
        "transfer_reward_id": 10110102
    },
    {
        "item_category": 30,
        "item_id": 110,
        "item_num": 300,
        "odds": 1000000,
        "reward_rank": 1,
        "transfer_detail_id": 1012,
        "transfer_reward_id": 10120101
    },
    {
        "item_category": 91,
        "item_id": 59,
        "item_num": 1500,
        "odds": 1000000,
        "reward_rank": 1,
        "transfer_detail_id": 1012,
        "transfer_reward_id": 10120102
    },
    {
        "item_category": 102,
        "item_id": 0,
        "item_num": 5,
        "odds": 1000000,
        "reward_rank": 1,
        "transfer_detail_id": 2001,
        "transfer_reward_id": 20010101
    },
    {
        "item_category": 30,
        "item_id": 110,
        "item_num": 1000,
        "odds": 1000000,
        "reward_rank": 1,
        "transfer_detail_id": 2001,
        "transfer_reward_id": 20010102
    },
    {
        "item_category": 91,
        "item_id": 59,
        "item_num": 5000,
        "odds": 1000000,
        "reward_rank": 1,
        "transfer_detail_id": 2001,
        "transfer_reward_id": 20010103
    },
    {
        "item_category": 102,
        "item_id": 0,
        "item_num": 5,
        "odds": 1000000,
        "reward_rank": 1,
        "transfer_detail_id": 2002,
        "transfer_reward_id": 20020101
    },
    {
        "item_category": 30,
        "item_id": 110,
        "item_num": 1000,
        "odds": 1000000,
        "reward_rank": 1,
        "transfer_detail_id": 2002,
        "transfer_reward_id": 20020102
    },
    {
        "item_category": 91,
        "item_id": 59,
        "item_num": 5000,
        "odds": 1000000,
        "reward_rank": 1,
        "transfer_detail_id": 2002,
        "transfer_reward_id": 20020103
    },
    {
        "item_category": 30,
        "item_id": 110,
        "item_num": 500,
        "odds": 1000000,
        "reward_rank": 1,
        "transfer_detail_id": 2003,
        "transfer_reward_id": 20030101
    },
    {
        "item_category": 91,
        "item_id": 59,
        "item_num": 3000,
        "odds": 1000000,
        "reward_rank": 1,
        "transfer_detail_id": 2003,
        "transfer_reward_id": 20030102
    },
    {
        "item_category": 30,
        "item_id": 110,
        "item_num": 500,
        "odds": 1000000,
        "reward_rank": 1,
        "transfer_detail_id": 2004,
        "transfer_reward_id": 20040101
    },
    {
        "item_category": 91,
        "item_id": 59,
        "item_num": 3000,
        "odds": 1000000,
        "reward_rank": 1,
        "transfer_detail_id": 2004,
        "transfer_reward_id": 20040102
    },
    {
        "item_category": 30,
        "item_id": 110,
        "item_num": 300,
        "odds": 1000000,
        "reward_rank": 1,
        "transfer_detail_id": 2005,
        "transfer_reward_id": 20050101
    },
    {
        "item_category": 91,
        "item_id": 59,
        "item_num": 1500,
        "odds": 1000000,
        "reward_rank": 1,
        "transfer_detail_id": 2005,
        "transfer_reward_id": 20050102
    },
    {
        "item_category": 30,
        "item_id": 110,
        "item_num": 300,
        "odds": 1000000,
        "reward_rank": 1,
        "transfer_detail_id": 2006,
        "transfer_reward_id": 20060101
    },
    {
        "item_category": 91,
        "item_id": 59,
        "item_num": 1500,
        "odds": 1000000,
        "reward_rank": 1,
        "transfer_detail_id": 2006,
        "transfer_reward_id": 20060102
    }
]