[
    {
        "group_id": 10001,
        "id": 1,
        "image_index": 1,
        "page_index": 1
    },
    {
        "group_id": 10002,
        "id": 2,
        "image_index": 1,
        "page_index": 1
    },
    {
        "group_id": 10002,
        "id": 3,
        "image_index": 2,
        "page_index": 2
    },
    {
        "group_id": 10003,
        "id": 4,
        "image_index": 1,
        "page_index": 1
    },
    {
        "group_id": 10004,
        "id": 5,
        "image_index": 1,
        "page_index": 1
    },
    {
        "group_id": 10004,
        "id": 6,
        "image_index": 2,
        "page_index": 2
    },
    {
        "group_id": 10004,
        "id": 7,
        "image_index": 3,
        "page_index": 3
    },
    {
        "group_id": 20001,
        "id": 8,
        "image_index": 1,
        "page_index": 1
    },
    {
        "group_id": 20002,
        "id": 9,
        "image_index": 1,
        "page_index": 1
    },
    {
        "group_id": 20003,
        "id": 10,
        "image_index": 1,
        "page_index": 1
    },
    {
        "group_id": 20004,
        "id": 11,
        "image_index": 1,
        "page_index": 1
    },
    {
        "group_id": 20005,
        "id": 12,
        "image_index": 1,
        "page_index": 1
    },
    {
        "group_id": 20006,
        "id": 13,
        "image_index": 1,
        "page_index": 1
    },
    {
        "group_id": 20007,
        "id": 14,
        "image_index": 1,
        "page_index": 1
    },
    {
        "group_id": 30001,
        "id": 15,
        "image_index": 1,
        "page_index": 1
    },
    {
        "group_id": 30002,
        "id": 16,
        "image_index": 1,
        "page_index": 1
    },
    {
        "group_id": 40001,
        "id": 17,
        "image_index": 1,
        "page_index": 1
    },
    {
        "group_id": 40001,
        "id": 18,
        "image_index": 2,
        "page_index": 2
    },
    {
        "group_id": 40001,
        "id": 19,
        "image_index": 3,
        "page_index": 3
    },
    {
        "group_id": 40002,
        "id": 20,
        "image_index": 1,
        "page_index": 1
    },
    {
        "group_id": 40002,
        "id": 21,
        "image_index": 2,
        "page_index": 2
    },
    {
        "group_id": 40002,
        "id": 22,
        "image_index": 3,
        "page_index": 3
    },
    {
        "group_id": 40003,
        "id": 23,
        "image_index": 1,
        "page_index": 1
    },
    {
        "group_id": 40004,
        "id": 24,
        "image_index": 1,
        "page_index": 1
    },
    {
        "group_id": 50002,
        "id": 30,
        "image_index": 1,
        "page_index": 1
    },
    {
        "group_id": 50002,
        "id": 31,
        "image_index": 2,
        "page_index": 2
    },
    {
        "group_id": 50003,
        "id": 32,
        "image_index": 1,
        "page_index": 1
    },
    {
        "group_id": 50004,
        "id": 33,
        "image_index": 1,
        "page_index": 1
    },
    {
        "group_id": 50004,
        "id": 34,
        "image_index": 2,
        "page_index": 2
    },
    {
        "group_id": 50005,
        "id": 35,
        "image_index": 1,
        "page_index": 1
    },
    {
        "group_id": 50006,
        "id": 36,
        "image_index": 1,
        "page_index": 1
    },
    {
        "group_id": 50007,
        "id": 37,
        "image_index": 1,
        "page_index": 1
    },
    {
        "group_id": 50008,
        "id": 38,
        "image_index": 1,
        "page_index": 1
    },
    {
        "group_id": 50009,
        "id": 39,
        "image_index": 1,
        "page_index": 1
    },
    {
        "group_id": 40006,
        "id": 40,
        "image_index": 1,
        "page_index": 1
    },
    {
        "group_id": 40007,
        "id": 41,
        "image_index": 1,
        "page_index": 1
    },
    {
        "group_id": 10005,
        "id": 42,
        "image_index": 1,
        "page_index": 1
    },
    {
        "group_id": 10005,
        "id": 43,
        "image_index": 2,
        "page_index": 2
    },
    {
        "group_id": 10005,
        "id": 44,
        "image_index": 3,
        "page_index": 3
    },
    {
        "group_id": 10005,
        "id": 45,
        "image_index": 4,
        "page_index": 4
    },
    {
        "group_id": 10005,
        "id": 46,
        "image_index": 5,
        "page_index": 5
    },
    {
        "group_id": 10006,
        "id": 47,
        "image_index": 1,
        "page_index": 1
    },
    {
        "group_id": 10006,
        "id": 48,
        "image_index": 2,
        "page_index": 2
    },
    {
        "group_id": 10006,
        "id": 49,
        "image_index": 3,
        "page_index": 3
    },
    {
        "group_id": 10006,
        "id": 50,
        "image_index": 4,
        "page_index": 4
    },
    {
        "group_id": 10006,
        "id": 51,
        "image_index": 5,
        "page_index": 5
    },
    {
        "group_id": 10007,
        "id": 52,
        "image_index": 1,
        "page_index": 1
    },
    {
        "group_id": 10007,
        "id": 53,
        "image_index": 2,
        "page_index": 2
    },
    {
        "group_id": 10007,
        "id": 54,
        "image_index": 3,
        "page_index": 3
    },
    {
        "group_id": 10007,
        "id": 55,
        "image_index": 4,
        "page_index": 4
    },
    {
        "group_id": 10008,
        "id": 56,
        "image_index": 1,
        "page_index": 1
    },
    {
        "group_id": 10008,
        "id": 57,
        "image_index": 2,
        "page_index": 2
    },
    {
        "group_id": 10008,
        "id": 58,
        "image_index": 3,
        "page_index": 3
    },
    {
        "group_id": 40001,
        "id": 59,
        "image_index": 4,
        "page_index": 4
    },
    {
        "group_id": 30003,
        "id": 60,
        "image_index": 1,
        "page_index": 1
    },
    {
        "group_id": 60001,
        "id": 61,
        "image_index": 1,
        "page_index": 1
    },
    {
        "group_id": 60001,
        "id": 62,
        "image_index": 2,
        "page_index": 2
    },
    {
        "group_id": 60001,
        "id": 63,
        "image_index": 3,
        "page_index": 3
    },
    {
        "group_id": 60001,
        "id": 64,
        "image_index": 4,
        "page_index": 4
    },
    {
        "group_id": 60001,
        "id": 65,
        "image_index": 5,
        "page_index": 5
    },
    {
        "group_id": 60001,
        "id": 66,
        "image_index": 6,
        "page_index": 6
    },
    {
        "group_id": 60002,
        "id": 67,
        "image_index": 1,
        "page_index": 1
    },
    {
        "group_id": 60002,
        "id": 68,
        "image_index": 2,
        "page_index": 2
    },
    {
        "group_id": 60002,
        "id": 69,
        "image_index": 3,
        "page_index": 3
    },
    {
        "group_id": 10205,
        "id": 70,
        "image_index": 1,
        "page_index": 1
    },
    {
        "group_id": 10209,
        "id": 71,
        "image_index": 1,
        "page_index": 1
    },
    {
        "group_id": 20008,
        "id": 72,
        "image_index": 1,
        "page_index": 1
    },
    {
        "group_id": 40008,
        "id": 73,
        "image_index": 1,
        "page_index": 1
    },
    {
        "group_id": 40008,
        "id": 74,
        "image_index": 2,
        "page_index": 2
    },
    {
        "group_id": 70001,
        "id": 75,
        "image_index": 1,
        "page_index": 1
    },
    {
        "group_id": 70001,
        "id": 76,
        "image_index": 2,
        "page_index": 2
    },
    {
        "group_id": 40008,
        "id": 77,
        "image_index": 3,
        "page_index": 3
    },
    {
        "group_id": 70001,
        "id": 78,
        "image_index": 3,
        "page_index": 3
    },
    {
        "group_id": 80001,
        "id": 80,
        "image_index": 1,
        "page_index": 1
    },
    {
        "group_id": 80001,
        "id": 81,
        "image_index": 2,
        "page_index": 2
    },
    {
        "group_id": 80001,
        "id": 82,
        "image_index": 3,
        "page_index": 3
    },
    {
        "group_id": 10205,
        "id": 83,
        "image_index": 2,
        "page_index": 2
    },
    {
        "group_id": 10205,
        "id": 84,
        "image_index": 3,
        "page_index": 3
    },
    {
        "group_id": 10205,
        "id": 86,
        "image_index": 4,
        "page_index": 4
    },
    {
        "group_id": 50010,
        "id": 87,
        "image_index": 1,
        "page_index": 1
    },
    {
        "group_id": 10205,
        "id": 88,
        "image_index": 5,
        "page_index": 5
    },
    {
        "group_id": 10205,
        "id": 89,
        "image_index": 6,
        "page_index": 6
    }
]